threshold,space_id,source_similarity_cluster_id,source_similarity_cluster_size,source_similarity_cluster_weight,source_shingles,similarity_eligible,source_similarity_basis
0.85,10805j/aitutor,unique:10805j/aitutor,1,1.0,469,True,token_jaccard_single_linkage
0.85,13yashjadhav11/study_assistant,unique:13yashjadhav11/study_assistant,1,1.0,172,True,token_jaccard_single_linkage
0.85,24-cka-ML/quiz-generator,unique:24-cka-ML/quiz-generator,1,1.0,1882,True,token_jaccard_single_linkage
0.85,3atar/Study-assistant,unique:3atar/Study-assistant,1,1.0,1570,True,token_jaccard_single_linkage
0.85,77skaul/edu-tutor-chatbot,unique:77skaul/edu-tutor-chatbot,1,1.0,158,True,token_jaccard_single_linkage
0.85,aakashdevdat/Quiz_generator_1,unique:aakashdevdat/Quiz_generator_1,1,1.0,132,True,token_jaccard_single_linkage
0.85,Aasher/Flexx_Your_Homework_Assistant,unique:Aasher/Flexx_Your_Homework_Assistant,1,1.0,3273,True,token_jaccard_single_linkage
0.85,aazankhanYousafzai/Ai_Study_Assistant,unique:aazankhanYousafzai/Ai_Study_Assistant,1,1.0,449,True,token_jaccard_single_linkage
0.85,abai-cn/linux-teaching-assistant,unique:abai-cn/linux-teaching-assistant,1,1.0,2352,True,token_jaccard_single_linkage
0.85,Abdalaziz2026/Syria-ai-tutor,unique:Abdalaziz2026/Syria-ai-tutor,1,1.0,360,True,token_jaccard_single_linkage
0.85,Abde1ra7man/Quiz_Generator,unique:Abde1ra7man/Quiz_Generator,1,1.0,570,True,token_jaccard_single_linkage
0.85,Abdelrahman04/egyptian-educational-chatbot-demo,unique:Abdelrahman04/egyptian-educational-chatbot-demo,1,1.0,272,True,token_jaccard_single_linkage
0.85,abdullahkhankakar/quiz-generator,unique:abdullahkhankakar/quiz-generator,1,1.0,941,True,token_jaccard_single_linkage
0.85,abhey-patel/quiz-generator-space,unique:abhey-patel/quiz-generator-space,1,1.0,220,True,token_jaccard_single_linkage
0.85,Abhinaychatla/language_voice_tutor,unique:Abhinaychatla/language_voice_tutor,1,1.0,1367,True,token_jaccard_single_linkage
0.85,AbhiReddy1/AI_datascince_Tutor,unique:AbhiReddy1/AI_datascince_Tutor,1,1.0,186,True,token_jaccard_single_linkage
0.85,ABRB0917/StudyAssistant,971149a86e22058a55098a6d58d07e3ca374ff74946d5a172fa328dbf1dbbaee,27,0.037037037037037035,172,True,token_jaccard_single_linkage
0.85,akshay0149/TeachingAssistant,971149a86e22058a55098a6d58d07e3ca374ff74946d5a172fa328dbf1dbbaee,27,0.037037037037037035,172,True,token_jaccard_single_linkage
0.85,Anil3920/StudyAssistant,971149a86e22058a55098a6d58d07e3ca374ff74946d5a172fa328dbf1dbbaee,27,0.037037037037037035,172,True,token_jaccard_single_linkage
0.85,Anilkumar12/StudyAssistant,971149a86e22058a55098a6d58d07e3ca374ff74946d5a172fa328dbf1dbbaee,27,0.037037037037037035,169,True,token_jaccard_single_linkage
0.85,Apoorvahu/my-study-assistant,971149a86e22058a55098a6d58d07e3ca374ff74946d5a172fa328dbf1dbbaee,27,0.037037037037037035,172,True,token_jaccard_single_linkage
0.85,BadaPoojitha/StudyAssistant,971149a86e22058a55098a6d58d07e3ca374ff74946d5a172fa328dbf1dbbaee,27,0.037037037037037035,176,True,token_jaccard_single_linkage
0.85,cipher2150/Study-Assistant,971149a86e22058a55098a6d58d07e3ca374ff74946d5a172fa328dbf1dbbaee,27,0.037037037037037035,172,True,token_jaccard_single_linkage
0.85,DakshSadotra/my-study-assistant,971149a86e22058a55098a6d58d07e3ca374ff74946d5a172fa328dbf1dbbaee,27,0.037037037037037035,176,True,token_jaccard_single_linkage
0.85,dinu143/Study-Assistant,971149a86e22058a55098a6d58d07e3ca374ff74946d5a172fa328dbf1dbbaee,27,0.037037037037037035,172,True,token_jaccard_single_linkage
0.85,gopichand55k/StudyAssistant,971149a86e22058a55098a6d58d07e3ca374ff74946d5a172fa328dbf1dbbaee,27,0.037037037037037035,172,True,token_jaccard_single_linkage
0.85,harika-donthula/my-study-assistant,971149a86e22058a55098a6d58d07e3ca374ff74946d5a172fa328dbf1dbbaee,27,0.037037037037037035,172,True,token_jaccard_single_linkage
0.85,jakeeeeeeee/my-study-assistant,971149a86e22058a55098a6d58d07e3ca374ff74946d5a172fa328dbf1dbbaee,27,0.037037037037037035,172,True,token_jaccard_single_linkage
0.85,kundan857/StudyAssistant,971149a86e22058a55098a6d58d07e3ca374ff74946d5a172fa328dbf1dbbaee,27,0.037037037037037035,172,True,token_jaccard_single_linkage
0.85,Megana10/ai_study_assistant,971149a86e22058a55098a6d58d07e3ca374ff74946d5a172fa328dbf1dbbaee,27,0.037037037037037035,172,True,token_jaccard_single_linkage
0.85,mithilesh22/StudyAssistant,971149a86e22058a55098a6d58d07e3ca374ff74946d5a172fa328dbf1dbbaee,27,0.037037037037037035,176,True,token_jaccard_single_linkage
0.85,Nitinane/StudyAssistant,971149a86e22058a55098a6d58d07e3ca374ff74946d5a172fa328dbf1dbbaee,27,0.037037037037037035,172,True,token_jaccard_single_linkage
0.85,Premsp2005/StudyAssistant,971149a86e22058a55098a6d58d07e3ca374ff74946d5a172fa328dbf1dbbaee,27,0.037037037037037035,176,True,token_jaccard_single_linkage
0.85,rexiy/study_assistant,971149a86e22058a55098a6d58d07e3ca374ff74946d5a172fa328dbf1dbbaee,27,0.037037037037037035,172,True,token_jaccard_single_linkage
0.85,Rushi420/StudyAssistant,971149a86e22058a55098a6d58d07e3ca374ff74946d5a172fa328dbf1dbbaee,27,0.037037037037037035,169,True,token_jaccard_single_linkage
0.85,SaiRithwik2004/StudyAssistant,971149a86e22058a55098a6d58d07e3ca374ff74946d5a172fa328dbf1dbbaee,27,0.037037037037037035,172,True,token_jaccard_single_linkage
0.85,Samyakj69/Study_Assistant,971149a86e22058a55098a6d58d07e3ca374ff74946d5a172fa328dbf1dbbaee,27,0.037037037037037035,179,True,token_jaccard_single_linkage
0.85,sangareddijaswanth/study_assistant,971149a86e22058a55098a6d58d07e3ca374ff74946d5a172fa328dbf1dbbaee,27,0.037037037037037035,178,True,token_jaccard_single_linkage
0.85,saru21/study_assistant,971149a86e22058a55098a6d58d07e3ca374ff74946d5a172fa328dbf1dbbaee,27,0.037037037037037035,172,True,token_jaccard_single_linkage
0.85,sreenivasulaReddy/StudyAssistant,971149a86e22058a55098a6d58d07e3ca374ff74946d5a172fa328dbf1dbbaee,27,0.037037037037037035,173,True,token_jaccard_single_linkage
0.85,Srushtii-13/Study_Assistant,971149a86e22058a55098a6d58d07e3ca374ff74946d5a172fa328dbf1dbbaee,27,0.037037037037037035,172,True,token_jaccard_single_linkage
0.85,Trinesh16/StudyAssistant,971149a86e22058a55098a6d58d07e3ca374ff74946d5a172fa328dbf1dbbaee,27,0.037037037037037035,172,True,token_jaccard_single_linkage
0.85,VarunGoud314/Study_assistant,971149a86e22058a55098a6d58d07e3ca374ff74946d5a172fa328dbf1dbbaee,27,0.037037037037037035,172,True,token_jaccard_single_linkage
0.85,abubakaraabi786/programming-tutor-chatbot,unique:abubakaraabi786/programming-tutor-chatbot,1,1.0,677,True,token_jaccard_single_linkage
0.85,Achyutar/Engross-Educational-AI,f77991b67d4bdec813544b7ec3c0e4e79cb78c3086a476cce326df98617d6028,10,0.1,205,True,token_jaccard_single_linkage
0.85,alusinebarrie/ai-teaching-assistant,f77991b67d4bdec813544b7ec3c0e4e79cb78c3086a476cce326df98617d6028,10,0.1,205,True,token_jaccard_single_linkage
0.85,appcreator199/studyassistant,f77991b67d4bdec813544b7ec3c0e4e79cb78c3086a476cce326df98617d6028,10,0.1,205,True,token_jaccard_single_linkage
0.85,forWard666/AL_TEACHING_ASSISTANT,f77991b67d4bdec813544b7ec3c0e4e79cb78c3086a476cce326df98617d6028,10,0.1,205,True,token_jaccard_single_linkage
0.85,harshu07/ai_tutor,f77991b67d4bdec813544b7ec3c0e4e79cb78c3086a476cce326df98617d6028,10,0.1,205,True,token_jaccard_single_linkage
0.85,hasithmutha/quiz-generator-ai,f77991b67d4bdec813544b7ec3c0e4e79cb78c3086a476cce326df98617d6028,10,0.1,205,True,token_jaccard_single_linkage
0.85,montue/Teaching_Assistant,f77991b67d4bdec813544b7ec3c0e4e79cb78c3086a476cce326df98617d6028,10,0.1,205,True,token_jaccard_single_linkage
0.85,samekbotfactorycz/aitutor,f77991b67d4bdec813544b7ec3c0e4e79cb78c3086a476cce326df98617d6028,10,0.1,212,True,token_jaccard_single_linkage
0.85,uc-msai631-2025-spring/group2_study_assistant,f77991b67d4bdec813544b7ec3c0e4e79cb78c3086a476cce326df98617d6028,10,0.1,205,True,token_jaccard_single_linkage
0.85,wangzy217/Teaching_Assistant,f77991b67d4bdec813544b7ec3c0e4e79cb78c3086a476cce326df98617d6028,10,0.1,205,True,token_jaccard_single_linkage
0.85,adil1598/edubot-ai-latex-learning-companion,unique:adil1598/edubot-ai-latex-learning-companion,1,1.0,1817,True,token_jaccard_single_linkage
0.85,Aditya1546/ai-study-assistant,unique:Aditya1546/ai-study-assistant,1,1.0,729,True,token_jaccard_single_linkage
0.85,AdityaKokate/StudyAssistant,unique:AdityaKokate/StudyAssistant,1,1.0,179,True,token_jaccard_single_linkage
0.85,adriiita/TeachingAssistant,unique:adriiita/TeachingAssistant,1,1.0,901,True,token_jaccard_single_linkage
0.85,Agents-MCP-Hackathon/AI-Quiz-Generator,a1976c6896837ba2691a189fe8570f7bae7093205789d06f24f1706feeeca1b1,2,0.5,356,True,token_jaccard_single_linkage
0.85,viraja1/AI-Quiz-Generator,a1976c6896837ba2691a189fe8570f7bae7093205789d06f24f1706feeeca1b1,2,0.5,356,True,token_jaccard_single_linkage
0.85,Agents-MCP-Hackathon/AI-Tutor-and-Syllabus-Planner,unique:Agents-MCP-Hackathon/AI-Tutor-and-Syllabus-Planner,1,1.0,4313,True,token_jaccard_single_linkage
0.85,Agents-MCP-Hackathon/AI_tutor,unique:Agents-MCP-Hackathon/AI_tutor,1,1.0,4912,True,token_jaccard_single_linkage
0.85,ajmalllllllll/loksewaai-pal-your-study-buddy-assistant,unique:ajmalllllllll/loksewaai-pal-your-study-buddy-assistant,1,1.0,3164,True,token_jaccard_single_linkage
0.85,Akash035/my_study_assistant,unique:Akash035/my_study_assistant,1,1.0,173,True,token_jaccard_single_linkage
0.85,akhileshjethi/Study-assistant-ai,unique:akhileshjethi/Study-assistant-ai,1,1.0,194,True,token_jaccard_single_linkage
0.85,Aleesha29/socratic_tutor,unique:Aleesha29/socratic_tutor,1,1.0,1547,True,token_jaccard_single_linkage
0.85,alusinebarrie/your-ai-teaching-assistant,unique:alusinebarrie/your-ai-teaching-assistant,1,1.0,116,True,token_jaccard_single_linkage
0.85,amalrajmp/StudyAssistant,unique:amalrajmp/StudyAssistant,1,1.0,188,True,token_jaccard_single_linkage
0.85,aman7935/Quiz_generator,4fdce22e6628ea43361cfb11301e2f0f8921a8915b75de8e87cf1cd7627cd877,10,0.1,245,True,token_jaccard_single_linkage
0.85,educationAI/education-ai-study-assistant,4fdce22e6628ea43361cfb11301e2f0f8921a8915b75de8e87cf1cd7627cd877,10,0.1,245,True,token_jaccard_single_linkage
0.85,ekerin/german-tutor-chatbot,4fdce22e6628ea43361cfb11301e2f0f8921a8915b75de8e87cf1cd7627cd877,10,0.1,245,True,token_jaccard_single_linkage
0.85,Mehak0711/AI_TUTOR,4fdce22e6628ea43361cfb11301e2f0f8921a8915b75de8e87cf1cd7627cd877,10,0.1,241,True,token_jaccard_single_linkage
0.85,naveensngc/AI-Tutor,4fdce22e6628ea43361cfb11301e2f0f8921a8915b75de8e87cf1cd7627cd877,10,0.1,241,True,token_jaccard_single_linkage
0.85,ramashandoubeh/Education-chatbot,4fdce22e6628ea43361cfb11301e2f0f8921a8915b75de8e87cf1cd7627cd877,10,0.1,245,True,token_jaccard_single_linkage
0.85,roshandakhore2003/nuron-teaching-assistant,4fdce22e6628ea43361cfb11301e2f0f8921a8915b75de8e87cf1cd7627cd877,10,0.1,241,True,token_jaccard_single_linkage
0.85,Saravana-Saro14/Educational-chatbot,4fdce22e6628ea43361cfb11301e2f0f8921a8915b75de8e87cf1cd7627cd877,10,0.1,245,True,token_jaccard_single_linkage
0.85,Sree1216/AI_tutor,4fdce22e6628ea43361cfb11301e2f0f8921a8915b75de8e87cf1cd7627cd877,10,0.1,241,True,token_jaccard_single_linkage
0.85,tejuu23/ai-tutor,4fdce22e6628ea43361cfb11301e2f0f8921a8915b75de8e87cf1cd7627cd877,10,0.1,241,True,token_jaccard_single_linkage
0.85,AneelaFatima/AI_Friendly_Study_Tutor,unique:AneelaFatima/AI_Friendly_Study_Tutor,1,1.0,1319,True,token_jaccard_single_linkage
0.85,anir-1995/AI_Quiz_Generator,unique:anir-1995/AI_Quiz_Generator,1,1.0,1640,True,token_jaccard_single_linkage
0.85,AnishaG0201/maths_quiz_generator,unique:AnishaG0201/maths_quiz_generator,1,1.0,415,True,token_jaccard_single_linkage
0.85,ankittumu/Ace-Study-Assistant,unique:ankittumu/Ace-Study-Assistant,1,1.0,1002,True,token_jaccard_single_linkage
0.85,Anmol2006/AI_Study_Assistant,unique:Anmol2006/AI_Study_Assistant,1,1.0,179,True,token_jaccard_single_linkage
0.85,antedotee/teachingAssistant,unique:antedotee/teachingAssistant,1,1.0,1448,True,token_jaccard_single_linkage
0.85,Anupam251272/Education-Chatbot-Anupam,1238f8c2b8b96354fda0515255060d8f27766afca70c73dec2be62b3a0d9c8fd,2,0.5,545,True,token_jaccard_single_linkage
0.85,pratikshahp/Education-Chatbot-Guardrail,1238f8c2b8b96354fda0515255060d8f27766afca70c73dec2be62b3a0d9c8fd,2,0.5,545,True,token_jaccard_single_linkage
0.85,Archimagos/ai_tutor,unique:Archimagos/ai_tutor,1,1.0,129,True,token_jaccard_single_linkage
0.85,Archimagos/ai_tutor_3.2,unique:Archimagos/ai_tutor_3.2,1,1.0,387,True,token_jaccard_single_linkage
0.85,arjunjuneja/socratic-tutor,unique:arjunjuneja/socratic-tutor,1,1.0,2925,True,token_jaccard_single_linkage
0.85,arjunnnnn0720/StudyAssistant,unique:arjunnnnn0720/StudyAssistant,1,1.0,180,True,token_jaccard_single_linkage
0.85,arkiitkgp/AITutor,unique:arkiitkgp/AITutor,1,1.0,291,True,token_jaccard_single_linkage
0.85,Arko3910/Study_Assistant,unique:Arko3910/Study_Assistant,1,1.0,737,True,token_jaccard_single_linkage
0.85,Armour-12/Quiz-generator-t5base,unique:Armour-12/Quiz-generator-t5base,1,1.0,196,True,token_jaccard_single_linkage
0.85,Armour-12/Quiz_Generator,d8869e670584e20eca1864c588346c561c5182b11ea921e5d3393a1b2a3c6ef8,2,0.5,534,True,token_jaccard_single_linkage
0.85,mohammednouman/CB-Quiz-Generator,d8869e670584e20eca1864c588346c561c5182b11ea921e5d3393a1b2a3c6ef8,2,0.5,534,True,token_jaccard_single_linkage
0.85,ARNABMAJI1234/interactive-study-assistant-demo,unique:ARNABMAJI1234/interactive-study-assistant-demo,1,1.0,198,True,token_jaccard_single_linkage
0.85,arsalan16/Quiz-Generator-App,unique:arsalan16/Quiz-Generator-App,1,1.0,351,True,token_jaccard_single_linkage
0.85,Artykun/Ai-Quiz-Generator,unique:Artykun/Ai-Quiz-Generator,1,1.0,1204,True,token_jaccard_single_linkage
0.85,arumugam-rockstar/Myfirst-AITutor,unique:arumugam-rockstar/Myfirst-AITutor,1,1.0,201,True,token_jaccard_single_linkage
0.85,asad9641/AI-Study-Assistant-Ragbase,unique:asad9641/AI-Study-Assistant-Ragbase,1,1.0,1564,True,token_jaccard_single_linkage
0.85,Ashwand5/AI_Educational_Assistant,unique:Ashwand5/AI_Educational_Assistant,1,1.0,1335,True,token_jaccard_single_linkage
0.85,Asif1karim/Study_Assistant,unique:Asif1karim/Study_Assistant,1,1.0,2821,True,token_jaccard_single_linkage
0.85,aviatrix/Ai_Powered_Study_Assistant,unique:aviatrix/Ai_Powered_Study_Assistant,1,1.0,190,True,token_jaccard_single_linkage
0.85,Axiosingular/ai-tutor,unique:Axiosingular/ai-tutor,1,1.0,297,True,token_jaccard_single_linkage
0.85,ay3shaa/ai-study-assistant,unique:ay3shaa/ai-study-assistant,1,1.0,956,True,token_jaccard_single_linkage
0.85,AyeshaMasood/quiz-generator,unique:AyeshaMasood/quiz-generator,1,1.0,718,True,token_jaccard_single_linkage
0.85,ayudellastuti/rag-quiz-generator,unique:ayudellastuti/rag-quiz-generator,1,1.0,4295,True,token_jaccard_single_linkage
0.85,ayushsainime/socratic_maths_tutor.ai,unique:ayushsainime/socratic_maths_tutor.ai,1,1.0,861,True,token_jaccard_single_linkage
0.85,Bahauddin01/language-tutor-ai,unique:Bahauddin01/language-tutor-ai,1,1.0,432,True,token_jaccard_single_linkage
0.85,Belliar666/english-tutor-chatbot,unique:Belliar666/english-tutor-chatbot,1,1.0,617,True,token_jaccard_single_linkage
0.85,Bhargavi-31/Ai_tutor,b91fdcd463cc27c181da9d583e3f57fee67f978cff6649d34e52f2a91acab892,19,0.05263157894736842,152,True,token_jaccard_single_linkage
0.85,chandanareddy1234/AITutor,b91fdcd463cc27c181da9d583e3f57fee67f978cff6649d34e52f2a91acab892,19,0.05263157894736842,164,True,token_jaccard_single_linkage
0.85,Charan-27-10/AI_TUTOR,b91fdcd463cc27c181da9d583e3f57fee67f978cff6649d34e52f2a91acab892,19,0.05263157894736842,156,True,token_jaccard_single_linkage
0.85,Harika06/AI_TUTOR,b91fdcd463cc27c181da9d583e3f57fee67f978cff6649d34e52f2a91acab892,19,0.05263157894736842,156,True,token_jaccard_single_linkage
0.85,Karishma-19/AI-Tutor,b91fdcd463cc27c181da9d583e3f57fee67f978cff6649d34e52f2a91acab892,19,0.05263157894736842,152,True,token_jaccard_single_linkage
0.85,mashetti-17varshitha/AI_tutor,b91fdcd463cc27c181da9d583e3f57fee67f978cff6649d34e52f2a91acab892,19,0.05263157894736842,152,True,token_jaccard_single_linkage
0.85,mounikathatikonda/AI_TUTOR,b91fdcd463cc27c181da9d583e3f57fee67f978cff6649d34e52f2a91acab892,19,0.05263157894736842,157,True,token_jaccard_single_linkage
0.85,NIKHITHA913/aitutor,b91fdcd463cc27c181da9d583e3f57fee67f978cff6649d34e52f2a91acab892,19,0.05263157894736842,156,True,token_jaccard_single_linkage
0.85,nruhh/Ai_tutor,b91fdcd463cc27c181da9d583e3f57fee67f978cff6649d34e52f2a91acab892,19,0.05263157894736842,156,True,token_jaccard_single_linkage
0.85,poojithathalla/AI_TUTOR,b91fdcd463cc27c181da9d583e3f57fee67f978cff6649d34e52f2a91acab892,19,0.05263157894736842,156,True,token_jaccard_single_linkage
0.85,provokingdiaries/AI_TUTOR,b91fdcd463cc27c181da9d583e3f57fee67f978cff6649d34e52f2a91acab892,19,0.05263157894736842,156,True,token_jaccard_single_linkage
0.85,samakanishkareddy/AI_TUTOR,b91fdcd463cc27c181da9d583e3f57fee67f978cff6649d34e52f2a91acab892,19,0.05263157894736842,156,True,token_jaccard_single_linkage
0.85,SambaReshma/AI_TUTOR,b91fdcd463cc27c181da9d583e3f57fee67f978cff6649d34e52f2a91acab892,19,0.05263157894736842,156,True,token_jaccard_single_linkage
0.85,sanakousar/AI_TUTOR,b91fdcd463cc27c181da9d583e3f57fee67f978cff6649d34e52f2a91acab892,19,0.05263157894736842,156,True,token_jaccard_single_linkage
0.85,sandariyogitha/AI_TUTOR,b91fdcd463cc27c181da9d583e3f57fee67f978cff6649d34e52f2a91acab892,19,0.05263157894736842,156,True,token_jaccard_single_linkage
0.85,santhoshi-123/AITUTOR,b91fdcd463cc27c181da9d583e3f57fee67f978cff6649d34e52f2a91acab892,19,0.05263157894736842,164,True,token_jaccard_single_linkage
0.85,Sirichandanasamala/AI_TUTOR,b91fdcd463cc27c181da9d583e3f57fee67f978cff6649d34e52f2a91acab892,19,0.05263157894736842,164,True,token_jaccard_single_linkage
0.85,Sri921980/Ai_Tutor,b91fdcd463cc27c181da9d583e3f57fee67f978cff6649d34e52f2a91acab892,19,0.05263157894736842,157,True,token_jaccard_single_linkage
0.85,sudeepthitellapally/AITutor,b91fdcd463cc27c181da9d583e3f57fee67f978cff6649d34e52f2a91acab892,19,0.05263157894736842,164,True,token_jaccard_single_linkage
0.85,bhaskarreddy2006/my-study-assistant,unique:bhaskarreddy2006/my-study-assistant,1,1.0,182,True,token_jaccard_single_linkage
0.85,Bhuvana908/StudyAssistant,unique:Bhuvana908/StudyAssistant,1,1.0,179,True,token_jaccard_single_linkage
0.85,bielik-chatbot-devteam/english_tutor_bielik_ai,unique:bielik-chatbot-devteam/english_tutor_bielik_ai,1,1.0,1860,True,token_jaccard_single_linkage
0.85,bimboawo2026/AI-Tutor,unique:bimboawo2026/AI-Tutor,1,1.0,156,True,token_jaccard_single_linkage
0.85,bobo0000/PDF-Quiz-Generator,unique:bobo0000/PDF-Quiz-Generator,1,1.0,2715,True,token_jaccard_single_linkage
0.85,Boyston/reachy_mini_language_tutor,e71c55be1775e3e30c953dab266de56fe59553c11e7021dfc5c36551ae088564,2,0.5,8169,True,token_jaccard_single_linkage
0.85,mattdotvaughn/reachy_mini_language_tutor,e71c55be1775e3e30c953dab266de56fe59553c11e7021dfc5c36551ae088564,2,0.5,8169,True,token_jaccard_single_linkage
0.85,brcew/ai-engineering-tutor,unique:brcew/ai-engineering-tutor,1,1.0,3652,True,token_jaccard_single_linkage
0.85,BRH-Burhanudin/kimia-ai-tutor,unique:BRH-Burhanudin/kimia-ai-tutor,1,1.0,4352,True,token_jaccard_single_linkage
0.85,Brisha124/AI_TUTOR,unique:Brisha124/AI_TUTOR,1,1.0,146,True,token_jaccard_single_linkage
0.85,build-small-hackathon/tutordesk-ai,unique:build-small-hackathon/tutordesk-ai,1,1.0,1443,True,token_jaccard_single_linkage
0.85,BUNNY95R/AI_study_assistant,unique:BUNNY95R/AI_study_assistant,1,1.0,207,True,token_jaccard_single_linkage
0.85,ChandiniSiri/AI_TUTOR,unique:ChandiniSiri/AI_TUTOR,1,1.0,160,True,token_jaccard_single_linkage
0.85,chandrakireeti/StudyAssistant,fc1e5d9fcd6b049fb5daa1ec7532cbf1913b39b3fd64a98ad00b36870051ce4c,3,0.3333333333333333,175,True,token_jaccard_single_linkage
0.85,pranaymachi/StudyAssistant,fc1e5d9fcd6b049fb5daa1ec7532cbf1913b39b3fd64a98ad00b36870051ce4c,3,0.3333333333333333,175,True,token_jaccard_single_linkage
0.85,Rajeev0102/StudyAssistant,fc1e5d9fcd6b049fb5daa1ec7532cbf1913b39b3fd64a98ad00b36870051ce4c,3,0.3333333333333333,175,True,token_jaccard_single_linkage
0.85,chapeljj/PISA-Teaching-Assistant-Chatbot,unique:chapeljj/PISA-Teaching-Assistant-Chatbot,1,1.0,3308,True,token_jaccard_single_linkage
0.85,cheriftassii/my-ai-tutor,unique:cheriftassii/my-ai-tutor,1,1.0,284,True,token_jaccard_single_linkage
0.85,Chidvilash3/socratic-tutor,unique:Chidvilash3/socratic-tutor,1,1.0,282,True,token_jaccard_single_linkage
0.85,chsubhasis/AI_Tutor,unique:chsubhasis/AI_Tutor,1,1.0,300,True,token_jaccard_single_linkage
0.85,clugg25/cluggos-ai-quiz-generator,unique:clugg25/cluggos-ai-quiz-generator,1,1.0,545,True,token_jaccard_single_linkage
0.85,CodeDiva42/study-assistant,e5c9120d28c1f374201ae06e67e93c69a75a6538e85106da0c2ccb5aa0a487da,2,0.5,1257,True,token_jaccard_single_linkage
0.85,RayaRam11/Study-assistant,e5c9120d28c1f374201ae06e67e93c69a75a6538e85106da0c2ccb5aa0a487da,2,0.5,1257,True,token_jaccard_single_linkage
0.85,codewithchaitanya15/StudyAssistant,unique:codewithchaitanya15/StudyAssistant,1,1.0,179,True,token_jaccard_single_linkage
0.85,cosmoEagle/DSA-Teaching-Assistant,unique:cosmoEagle/DSA-Teaching-Assistant,1,1.0,2279,True,token_jaccard_single_linkage
0.85,crystallizedcrust/quiz-generator,unique:crystallizedcrust/quiz-generator,1,1.0,585,True,token_jaccard_single_linkage
0.85,CT-AITUTOR/AITUTOR,unique:CT-AITUTOR/AITUTOR,1,1.0,451,True,token_jaccard_single_linkage
0.85,curalearning/lesson_plan_generator,unique:curalearning/lesson_plan_generator,1,1.0,1411,True,token_jaccard_single_linkage
0.85,Cyfer-ap/AI-Coding-Tutor,unique:Cyfer-ap/AI-Coding-Tutor,1,1.0,1025,True,token_jaccard_single_linkage
0.85,danielspba/Chatbot-Tutor-IA,unique:danielspba/Chatbot-Tutor-IA,1,1.0,407,True,token_jaccard_single_linkage
0.85,danielspba/Chatbot_prof_tutor,unique:danielspba/Chatbot_prof_tutor,1,1.0,272,True,token_jaccard_single_linkage
0.85,Danny2311/Quiz-Generator,unique:Danny2311/Quiz-Generator,1,1.0,379,True,token_jaccard_single_linkage
0.85,danrdoran/ai_tutor_flan_base,unique:danrdoran/ai_tutor_flan_base,1,1.0,133,True,token_jaccard_single_linkage
0.85,danrdoran/ai_tutor_flan_t5_large,unique:danrdoran/ai_tutor_flan_t5_large,1,1.0,165,True,token_jaccard_single_linkage
0.85,danrdoran/ai_tutor_gpt_neox,unique:danrdoran/ai_tutor_gpt_neox,1,1.0,91,True,token_jaccard_single_linkage
0.85,danrdoran/ai_tutor_llama,unique:danrdoran/ai_tutor_llama,1,1.0,101,True,token_jaccard_single_linkage
0.85,danrdoran/ai_tutor_v2,unique:danrdoran/ai_tutor_v2,1,1.0,125,True,token_jaccard_single_linkage
0.85,DataRebels/chatbot_language_tutor,unique:DataRebels/chatbot_language_tutor,1,1.0,772,True,token_jaccard_single_linkage
0.85,DataWizard9742/LessonPlanGenerator,unique:DataWizard9742/LessonPlanGenerator,1,1.0,286,True,token_jaccard_single_linkage
0.85,david280010195/Teaching_Assistant_AI,a6244030eb0731a8bcb108c69d25bdef7238412278d133a120f761ef4f128116,2,0.5,1310,True,token_jaccard_single_linkage
0.85,Rishabh12j/Teaching_Assistant_AI,a6244030eb0731a8bcb108c69d25bdef7238412278d133a120f761ef4f128116,2,0.5,1306,True,token_jaccard_single_linkage
0.85,deepang1902/quiz-generator-api,unique:deepang1902/quiz-generator-api,1,1.0,266,True,token_jaccard_single_linkage
0.85,DeepLearningAI/quiz-generator-v3,unique:DeepLearningAI/quiz-generator-v3,1,1.0,2144,True,token_jaccard_single_linkage
0.85,deepthi8518/StudyAssistantApp,unique:deepthi8518/StudyAssistantApp,1,1.0,200,True,token_jaccard_single_linkage
0.85,deneve07/pharma-quiz-generator,unique:deneve07/pharma-quiz-generator,1,1.0,4694,True,token_jaccard_single_linkage
0.85,dhanushshenoyh/study_assistant,unique:dhanushshenoyh/study_assistant,1,1.0,203,True,token_jaccard_single_linkage
0.85,DheerajKausik/RAG_BASED_AI_TEACHING_ASSISTANT,unique:DheerajKausik/RAG_BASED_AI_TEACHING_ASSISTANT,1,1.0,579,True,token_jaccard_single_linkage
0.85,dhivakar/my-study-assistant,unique:dhivakar/my-study-assistant,1,1.0,56,True,token_jaccard_single_linkage
0.85,Diid12rt/AITUTOR,unique:Diid12rt/AITUTOR,1,1.0,668,True,token_jaccard_single_linkage
0.85,dikshita0503/pdf-to-quiz-generator,unique:dikshita0503/pdf-to-quiz-generator,1,1.0,1166,True,token_jaccard_single_linkage
0.85,dineshstark7/StudyAssistant,unique:dineshstark7/StudyAssistant,1,1.0,397,True,token_jaccard_single_linkage
0.85,DipakBundheliya/flask_ai_tutor,unique:DipakBundheliya/flask_ai_tutor,1,1.0,587,True,token_jaccard_single_linkage
0.85,djaber15/ai_tutor,unique:djaber15/ai_tutor,1,1.0,3432,True,token_jaccard_single_linkage
0.85,DoctorHolly/BIO_Tutor_Chatbot,unique:DoctorHolly/BIO_Tutor_Chatbot,1,1.0,315,True,token_jaccard_single_linkage
0.85,doudoug1/educational-chatbot,unique:doudoug1/educational-chatbot,1,1.0,578,True,token_jaccard_single_linkage
0.85,DroolingPanda/teachingAssistant,unique:DroolingPanda/teachingAssistant,1,1.0,942,True,token_jaccard_single_linkage
0.85,echarif/education_chatbot,unique:echarif/education_chatbot,1,1.0,1855,True,token_jaccard_single_linkage
0.85,Ehtisham-84/Study-Assistant,unique:Ehtisham-84/Study-Assistant,1,1.0,1071,True,token_jaccard_single_linkage
0.85,ekantabanik/Tutor_Ai,unique:ekantabanik/Tutor_Ai,1,1.0,1442,True,token_jaccard_single_linkage
0.85,ekerin/german-tutor-chatbot-v2,unique:ekerin/german-tutor-chatbot-v2,1,1.0,853,True,token_jaccard_single_linkage
0.85,elsi29/Quiz-Generator-NLP,unique:elsi29/Quiz-Generator-NLP,1,1.0,1093,True,token_jaccard_single_linkage
0.85,elsi29/Quiz-Generator-TextPy,unique:elsi29/Quiz-Generator-TextPy,1,1.0,1314,True,token_jaccard_single_linkage
0.85,emanramadan/Tutor_Chatbot,f0335b245dcc2d11836efa5780a63c5ea853c26031c68353f6dfc598f778d893,2,0.5,391,True,token_jaccard_single_linkage
0.85,emanramadan/Tutor_Chatbot_,f0335b245dcc2d11836efa5780a63c5ea853c26031c68353f6dfc598f778d893,2,0.5,396,True,token_jaccard_single_linkage
0.85,emashahzad/StudyAssistant,b0efeaab801fcf2ab387fa274a027ddda41e3f6ad3581f66f4209f09d32652bc,2,0.5,949,True,token_jaccard_single_linkage
0.85,nishayaseen001/StudyAssistant,b0efeaab801fcf2ab387fa274a027ddda41e3f6ad3581f66f4209f09d32652bc,2,0.5,949,True,token_jaccard_single_linkage
0.85,engrsalman/Educational-AI-Chatbot,unique:engrsalman/Educational-AI-Chatbot,1,1.0,301,True,token_jaccard_single_linkage
0.85,eoinmcg/ai_tutor,198a465e173c0cc7f6a539762d86efacedc7ed10f1bffa498ae1b1a4953bfd40,2,0.5,589,True,token_jaccard_single_linkage
0.85,marty331/AI_Tutor,198a465e173c0cc7f6a539762d86efacedc7ed10f1bffa498ae1b1a4953bfd40,2,0.5,585,True,token_jaccard_single_linkage
0.85,fabeha-raheel/ai_study_assistant,unique:fabeha-raheel/ai_study_assistant,1,1.0,890,True,token_jaccard_single_linkage
0.85,fahadsiddiqui337/AI-education-chatbot,unique:fahadsiddiqui337/AI-education-chatbot,1,1.0,137,True,token_jaccard_single_linkage
0.85,Faiz3399/Ai-tutor-assistant,unique:Faiz3399/Ai-tutor-assistant,1,1.0,364,True,token_jaccard_single_linkage
0.85,Fatma033/Educational-Chatbot,unique:Fatma033/Educational-Chatbot,1,1.0,538,True,token_jaccard_single_linkage
0.85,fatymah12/AI_Quiz_Generator,unique:fatymah12/AI_Quiz_Generator,1,1.0,465,True,token_jaccard_single_linkage
0.85,Felrose/trisem-lesson-plan-generator,e63b29abec6c74a39b549184dd77e89325233c626d12241fc323a3ef9b7fdec4,2,0.5,1331,True,token_jaccard_single_linkage
0.85,Felrose/trisem-lesson-plan-generator-ENGLISH-LINK2,e63b29abec6c74a39b549184dd77e89325233c626d12241fc323a3ef9b7fdec4,2,0.5,1331,True,token_jaccard_single_linkage
0.85,firobeid/AI_Tutor,unique:firobeid/AI_Tutor,1,1.0,0,False,insufficient_source_shingles
0.85,fizailyas783/smart-study-assistant,unique:fizailyas783/smart-study-assistant,1,1.0,812,True,token_jaccard_single_linkage
0.85,flexfitfury9/ai-educational-platform,unique:flexfitfury9/ai-educational-platform,1,1.0,5006,True,token_jaccard_single_linkage
0.85,flexfitfury9/Ai_educational_platform,unique:flexfitfury9/Ai_educational_platform,1,1.0,1672,True,token_jaccard_single_linkage
0.85,gaurav9821/AI-language-Tutor,unique:gaurav9821/AI-language-Tutor,1,1.0,95,True,token_jaccard_single_linkage
0.85,geekaijosh/Agent_AI_Tutor,unique:geekaijosh/Agent_AI_Tutor,1,1.0,781,True,token_jaccard_single_linkage
0.85,Gimgaru/finalproject_aitutor,unique:Gimgaru/finalproject_aitutor,1,1.0,1393,True,token_jaccard_single_linkage
0.85,gneya/educational_chatbot,unique:gneya/educational_chatbot,1,1.0,688,True,token_jaccard_single_linkage
0.85,gobikrishna87/TechBytz-AI-Tutor,unique:gobikrishna87/TechBytz-AI-Tutor,1,1.0,151,True,token_jaccard_single_linkage
0.85,GoIpKrIsHnA/studyAssistantAI,unique:GoIpKrIsHnA/studyAssistantAI,1,1.0,169,True,token_jaccard_single_linkage
0.85,google/rad_learning_companion,unique:google/rad_learning_companion,1,1.0,2968,True,token_jaccard_single_linkage
0.85,gouravbathla/Language_Tutor,unique:gouravbathla/Language_Tutor,1,1.0,1605,True,token_jaccard_single_linkage
0.85,gr3g0r-i/quiz-generator,unique:gr3g0r-i/quiz-generator,1,1.0,153,True,token_jaccard_single_linkage
0.85,guddolla/ai.tutor,42e721b2773dfbb79a9d23b8be61569787e53eff16bce9d7f486497b8f5d1a91,4,0.25,485,True,token_jaccard_single_linkage
0.85,guddolla/AI_TUTOR,42e721b2773dfbb79a9d23b8be61569787e53eff16bce9d7f486497b8f5d1a91,4,0.25,485,True,token_jaccard_single_linkage
0.85,Jangasathwika/ai.tutor,42e721b2773dfbb79a9d23b8be61569787e53eff16bce9d7f486497b8f5d1a91,4,0.25,485,True,token_jaccard_single_linkage
0.85,phanisrigandla/AI_Tutor,42e721b2773dfbb79a9d23b8be61569787e53eff16bce9d7f486497b8f5d1a91,4,0.25,485,True,token_jaccard_single_linkage
0.85,Gungz/quiz-generator-baidu-ernie,unique:Gungz/quiz-generator-baidu-ernie,1,1.0,1078,True,token_jaccard_single_linkage
0.85,habiba-elshrkawy/quiz-generator,unique:habiba-elshrkawy/quiz-generator,1,1.0,2903,True,token_jaccard_single_linkage
0.85,hackmisty123/hack-misty-ai-tutor,unique:hackmisty123/hack-misty-ai-tutor,1,1.0,10463,True,token_jaccard_single_linkage
0.85,Hafeezaqsa01/Quiz_generator,unique:Hafeezaqsa01/Quiz_generator,1,1.0,0,False,insufficient_source_shingles
0.85,Hafsah-Fatima/Programming_Tutor_Chatbot,unique:Hafsah-Fatima/Programming_Tutor_Chatbot,1,1.0,164,True,token_jaccard_single_linkage
0.85,Hafsah-Fatima/Programming_Tutor_Chatbot_0.2,unique:Hafsah-Fatima/Programming_Tutor_Chatbot_0.2,1,1.0,166,True,token_jaccard_single_linkage
0.85,haiderijaz/mock-quiz-generator,unique:haiderijaz/mock-quiz-generator,1,1.0,820,True,token_jaccard_single_linkage
0.85,Hardik2704/Teaching_Assistant,unique:Hardik2704/Teaching_Assistant,1,1.0,413,True,token_jaccard_single_linkage
0.85,Hareesh221/30-day-course-generator,unique:Hareesh221/30-day-course-generator,1,1.0,192,True,token_jaccard_single_linkage
0.85,harikagajjala/AI_TUTOR,unique:harikagajjala/AI_TUTOR,1,1.0,141,True,token_jaccard_single_linkage
0.85,Hariprasaadh/QuizGenerator,unique:Hariprasaadh/QuizGenerator,1,1.0,605,True,token_jaccard_single_linkage
0.85,HarryPotter1o1/Study_Assistant,unique:HarryPotter1o1/Study_Assistant,1,1.0,761,True,token_jaccard_single_linkage
0.85,harsha17v/StudyAssistant,243bc88de522c9909545d56e197fad33cdf5b33f9d58440fbd811590c461aeb4,4,0.25,315,True,token_jaccard_single_linkage
0.85,lekhankolla/StudyAssistant,243bc88de522c9909545d56e197fad33cdf5b33f9d58440fbd811590c461aeb4,4,0.25,315,True,token_jaccard_single_linkage
0.85,SaiAbhiYaswanth/study_assistant,243bc88de522c9909545d56e197fad33cdf5b33f9d58440fbd811590c461aeb4,4,0.25,315,True,token_jaccard_single_linkage
0.85,theSriram/StudyAssistant,243bc88de522c9909545d56e197fad33cdf5b33f9d58440fbd811590c461aeb4,4,0.25,315,True,token_jaccard_single_linkage
0.85,Harsha855/StudyAssistant,unique:Harsha855/StudyAssistant,1,1.0,161,True,token_jaccard_single_linkage
0.85,harshj0506/teachingAssistant,unique:harshj0506/teachingAssistant,1,1.0,730,True,token_jaccard_single_linkage
0.85,HemanthRaj/Socratic-AI-Tutor-Model,unique:HemanthRaj/Socratic-AI-Tutor-Model,1,1.0,301,True,token_jaccard_single_linkage
0.85,HemanthRaj/socratic-tutor-embedder,unique:HemanthRaj/socratic-tutor-embedder,1,1.0,155,True,token_jaccard_single_linkage
0.85,HumeraAI/lesson-plan-generator,c2bd87f3627b14d18d1082a07a14b2173585292a291758f1d210f96e551d02f3,2,0.5,319,True,token_jaccard_single_linkage
0.85,Junaidblr/lesson-plan-generator,c2bd87f3627b14d18d1082a07a14b2173585292a291758f1d210f96e551d02f3,2,0.5,319,True,token_jaccard_single_linkage
0.85,HumeraAI/quiz-generator-from-PDF,unique:HumeraAI/quiz-generator-from-PDF,1,1.0,574,True,token_jaccard_single_linkage
0.85,hussainzaidi/AI-Teaching-Assistant,unique:hussainzaidi/AI-Teaching-Assistant,1,1.0,1044,True,token_jaccard_single_linkage
0.85,husseinhug321/Study-Buddy-AI-Learning-Assistant,unique:husseinhug321/Study-Buddy-AI-Learning-Assistant,1,1.0,681,True,token_jaccard_single_linkage
0.85,hyder-ali/ai_tutor,unique:hyder-ali/ai_tutor,1,1.0,218,True,token_jaccard_single_linkage
0.85,iamyash222/studyAssistant,unique:iamyash222/studyAssistant,1,1.0,163,True,token_jaccard_single_linkage
0.85,ifaundezf/estudiapp-quiz-generator,unique:ifaundezf/estudiapp-quiz-generator,1,1.0,211,True,token_jaccard_single_linkage
0.85,iju123/Quiz_Generator,unique:iju123/Quiz_Generator,1,1.0,170,True,token_jaccard_single_linkage
0.85,ilangs/AI_Math_Tutor,unique:ilangs/AI_Math_Tutor,1,1.0,3381,True,token_jaccard_single_linkage
0.85,ilsa15/educational_chatbot,unique:ilsa15/educational_chatbot,1,1.0,228,True,token_jaccard_single_linkage
0.85,Imsachinsingh00/education_chatbot,unique:Imsachinsingh00/education_chatbot,1,1.0,275,True,token_jaccard_single_linkage
0.85,ishanmm0410/rag-quiz-generator,unique:ishanmm0410/rag-quiz-generator,1,1.0,3694,True,token_jaccard_single_linkage
0.85,isreyas/Study_Assistant,unique:isreyas/Study_Assistant,1,1.0,210,True,token_jaccard_single_linkage
0.85,itsh4r01/AI-Quiz-Generator,unique:itsh4r01/AI-Quiz-Generator,1,1.0,91,True,token_jaccard_single_linkage
0.85,Jainish210705/Quiz_Generator,unique:Jainish210705/Quiz_Generator,1,1.0,1397,True,token_jaccard_single_linkage
0.85,Janakimeena/RAG-Base-Educational-Chatbot,unique:Janakimeena/RAG-Base-Educational-Chatbot,1,1.0,3602,True,token_jaccard_single_linkage
0.85,Jangasathwika/aitutor,unique:Jangasathwika/aitutor,1,1.0,429,True,token_jaccard_single_linkage
0.85,Jayadityasahu/my-study-assistant,unique:Jayadityasahu/my-study-assistant,1,1.0,233,True,token_jaccard_single_linkage
0.85,jayeshjachak/Study_Assistant,unique:jayeshjachak/Study_Assistant,1,1.0,284,True,token_jaccard_single_linkage
0.85,jdbolter/language-tutor,unique:jdbolter/language-tutor,1,1.0,262,True,token_jaccard_single_linkage
0.85,jee-ai-tutor/jee-ai-tutor-app,unique:jee-ai-tutor/jee-ai-tutor-app,1,1.0,99,True,token_jaccard_single_linkage
0.85,jenny-yuu/english-teaching-assistant,unique:jenny-yuu/english-teaching-assistant,1,1.0,1028,True,token_jaccard_single_linkage
0.85,jeyabala2905/12th-biology-ai-tutor,unique:jeyabala2905/12th-biology-ai-tutor,1,1.0,295,True,token_jaccard_single_linkage
0.85,jimmyyzz/Quiz_Generator,unique:jimmyyzz/Quiz_Generator,1,1.0,1049,True,token_jaccard_single_linkage
0.85,jlazoflores/Language_Tutor,unique:jlazoflores/Language_Tutor,1,1.0,1870,True,token_jaccard_single_linkage
0.85,john-supplychain/cpim-ai-tutor,unique:john-supplychain/cpim-ai-tutor,1,1.0,1387,True,token_jaccard_single_linkage
0.85,jonowrenn/cs-study-assistant,unique:jonowrenn/cs-study-assistant,1,1.0,446,True,token_jaccard_single_linkage
0.85,Josebert/JR_Quiz_Generator,unique:Josebert/JR_Quiz_Generator,1,1.0,357,True,token_jaccard_single_linkage
0.85,JPPD/Tutor-fisica-abp-chatbot,unique:JPPD/Tutor-fisica-abp-chatbot,1,1.0,345,True,token_jaccard_single_linkage
0.85,jsilbersky/AI-language-tutor,unique:jsilbersky/AI-language-tutor,1,1.0,178,True,token_jaccard_single_linkage
0.85,JulsdL/AI-Notebook-Tutor,unique:JulsdL/AI-Notebook-Tutor,1,1.0,1732,True,token_jaccard_single_linkage
0.85,jyoti210303/quiz-question-generator,unique:jyoti210303/quiz-question-generator,1,1.0,67,True,token_jaccard_single_linkage
0.85,KaifKohari/ai-math-tutor,unique:KaifKohari/ai-math-tutor,1,1.0,583,True,token_jaccard_single_linkage
0.85,kalai1915/AI-Tutor-Image-Gen,unique:kalai1915/AI-Tutor-Image-Gen,1,1.0,111,True,token_jaccard_single_linkage
0.85,kanagaraj/StudyAssistant,unique:kanagaraj/StudyAssistant,1,1.0,216,True,token_jaccard_single_linkage
0.85,Kanharamgurjar/Study_assistant_model,unique:Kanharamgurjar/Study_assistant_model,1,1.0,459,True,token_jaccard_single_linkage
0.85,karibubybsf/ai_tutor,unique:karibubybsf/ai_tutor,1,1.0,354,True,token_jaccard_single_linkage
0.85,karibubybsf/ai_tutor_v2,unique:karibubybsf/ai_tutor_v2,1,1.0,979,True,token_jaccard_single_linkage
0.85,karibubybsf/ai_tutor_v3,unique:karibubybsf/ai_tutor_v3,1,1.0,966,True,token_jaccard_single_linkage
0.85,KashishM/study_assistant,unique:KashishM/study_assistant,1,1.0,2617,True,token_jaccard_single_linkage
0.85,KashTheDev123/Accounting-Tutor-AI,unique:KashTheDev123/Accounting-Tutor-AI,1,1.0,108,True,token_jaccard_single_linkage
0.85,kastan/ai-teaching-assistant,f47c9564c22e818af4211ae132404bc9fdeb9d488c184649da0a4d712864c258,2,0.5,2552,True,token_jaccard_single_linkage
0.85,kastan/ai-teaching-assistant-beta,f47c9564c22e818af4211ae132404bc9fdeb9d488c184649da0a4d712864c258,2,0.5,2544,True,token_jaccard_single_linkage
0.85,Kaveri2109/rag-teaching-assistant,unique:Kaveri2109/rag-teaching-assistant,1,1.0,906,True,token_jaccard_single_linkage
0.85,Kavya-Thakar/ai-teaching-assistant-v2,unique:Kavya-Thakar/ai-teaching-assistant-v2,1,1.0,4059,True,token_jaccard_single_linkage
0.85,kavyasri0821/AI_Converstational_Data_Science_Tutor,unique:kavyasri0821/AI_Converstational_Data_Science_Tutor,1,1.0,336,True,token_jaccard_single_linkage
0.85,ke955/smm2-course-generator,unique:ke955/smm2-course-generator,1,1.0,3142,True,token_jaccard_single_linkage
0.85,Keerthana96/bridge_course_generator,unique:Keerthana96/bridge_course_generator,1,1.0,187,True,token_jaccard_single_linkage
0.85,khankashif/education_assistant_chatbot,unique:khankashif/education_assistant_chatbot,1,1.0,173,True,token_jaccard_single_linkage
0.85,Khanmx99/Pak-Angels-AI-Tutor,unique:Khanmx99/Pak-Angels-AI-Tutor,1,1.0,1919,True,token_jaccard_single_linkage
0.85,KhansaAQureshi/AI_Tutor,unique:KhansaAQureshi/AI_Tutor,1,1.0,184,True,token_jaccard_single_linkage
0.85,kinely/Study-Assistant,unique:kinely/Study-Assistant,1,1.0,680,True,token_jaccard_single_linkage
0.85,king011/AI-quiz-generator,unique:king011/AI-quiz-generator,1,1.0,737,True,token_jaccard_single_linkage
0.85,kodamkarthik281/AI_Conversational_Tutor,unique:kodamkarthik281/AI_Conversational_Tutor,1,1.0,440,True,token_jaccard_single_linkage
0.85,kollalekhan/StudyAssistant,unique:kollalekhan/StudyAssistant,1,1.0,401,True,token_jaccard_single_linkage
0.85,kousarshaik/AI_TUTOR,c5e6834b8b16014936bf67ca662926106a539d0fb585f34f7f97b82f6c322246,2,0.5,156,True,token_jaccard_single_linkage
0.85,SanaBegum23/AI_tutor,c5e6834b8b16014936bf67ca662926106a539d0fb585f34f7f97b82f6c322246,2,0.5,161,True,token_jaccard_single_linkage
0.85,kr1shnasharma/academic-tutor-ai,unique:kr1shnasharma/academic-tutor-ai,1,1.0,7029,True,token_jaccard_single_linkage
0.85,kr1shnasharma/swp1-academic-ai-tutor,unique:kr1shnasharma/swp1-academic-ai-tutor,1,1.0,561,True,token_jaccard_single_linkage
0.85,krishala/TutorChatbot,unique:krishala/TutorChatbot,1,1.0,798,True,token_jaccard_single_linkage
0.85,Krishna-108/study-assistant,unique:Krishna-108/study-assistant,1,1.0,248,True,token_jaccard_single_linkage
0.85,krishnachaithanya26/StudyAssistant,unique:krishnachaithanya26/StudyAssistant,1,1.0,173,True,token_jaccard_single_linkage
0.85,Krishnajha18/StudyAssistant,unique:Krishnajha18/StudyAssistant,1,1.0,405,True,token_jaccard_single_linkage
0.85,KSaiManikanta/Ai_Data-Science_Tutor,unique:KSaiManikanta/Ai_Data-Science_Tutor,1,1.0,178,True,token_jaccard_single_linkage
0.85,KunalGupta1212/Quiz-generator,unique:KunalGupta1212/Quiz-generator,1,1.0,957,True,token_jaccard_single_linkage
0.85,kunalhugface/Football_Tutor_Chatbot,unique:kunalhugface/Football_Tutor_Chatbot,1,1.0,1982,True,token_jaccard_single_linkage
0.85,Lesterchia1/FPOC2_AI-Tutor_Chatbot,unique:Lesterchia1/FPOC2_AI-Tutor_Chatbot,1,1.0,2220,True,token_jaccard_single_linkage
0.85,Lipely/FYP-lesson-plan-generator,unique:Lipely/FYP-lesson-plan-generator,1,1.0,4165,True,token_jaccard_single_linkage
0.85,louiecerv/problem_solving_ai_tutor,unique:louiecerv/problem_solving_ai_tutor,1,1.0,582,True,token_jaccard_single_linkage
0.85,LoveJesus/biblical-language-tutor-chirho,unique:LoveJesus/biblical-language-tutor-chirho,1,1.0,1057,True,token_jaccard_single_linkage
0.85,LSATAdaptiveTutor/chatbot_tutor,unique:LSATAdaptiveTutor/chatbot_tutor,1,1.0,1539,True,token_jaccard_single_linkage
0.85,lynnnnrz/ai-teaching-assistant,a2359c7ad08e2533633d7efe61017373ff8178d9e9671c21fd1913051e9f2d74,2,0.5,6078,True,token_jaccard_single_linkage
0.85,roxqtang/ai-teaching-assistant,a2359c7ad08e2533633d7efe61017373ff8178d9e9671c21fd1913051e9f2d74,2,0.5,6078,True,token_jaccard_single_linkage
0.85,lynnnnrz/ai_teaching_assistant,unique:lynnnnrz/ai_teaching_assistant,1,1.0,4680,True,token_jaccard_single_linkage
0.85,Madni2025/MDCAT-AI-TUTOR,unique:Madni2025/MDCAT-AI-TUTOR,1,1.0,193,True,token_jaccard_single_linkage
0.85,Madni2025/MDCAT_AI_TUTOR,unique:Madni2025/MDCAT_AI_TUTOR,1,1.0,235,True,token_jaccard_single_linkage
0.85,maheshj90/StudyAssistant,unique:maheshj90/StudyAssistant,1,1.0,171,True,token_jaccard_single_linkage
0.85,ManarMagdy6/Professional-Quiz-Generator,unique:ManarMagdy6/Professional-Quiz-Generator,1,1.0,435,True,token_jaccard_single_linkage
0.85,Mani-krishna/StudyAssistant,unique:Mani-krishna/StudyAssistant,1,1.0,317,True,token_jaccard_single_linkage
0.85,Manikanta2793/my-study-assistant,unique:Manikanta2793/my-study-assistant,1,1.0,0,False,insufficient_source_shingles
0.85,Maram-almasary/AI_Study_Assistant,unique:Maram-almasary/AI_Study_Assistant,1,1.0,937,True,token_jaccard_single_linkage
0.85,maria355/Ai_teaching_assistant,unique:maria355/Ai_teaching_assistant,1,1.0,1462,True,token_jaccard_single_linkage
0.85,maria355/Quiz-Generator,unique:maria355/Quiz-Generator,1,1.0,479,True,token_jaccard_single_linkage
0.85,Masterlew/math-tutor-chatbot,unique:Masterlew/math-tutor-chatbot,1,1.0,1836,True,token_jaccard_single_linkage
0.85,mayankjen/AI-Powered_Teaching-Assistant,unique:mayankjen/AI-Powered_Teaching-Assistant,1,1.0,681,True,token_jaccard_single_linkage
0.85,MeetThakkar/quiz-generator,unique:MeetThakkar/quiz-generator,1,1.0,170,True,token_jaccard_single_linkage
0.85,mehakkhan/Kaggle_Study_Assistant,unique:mehakkhan/Kaggle_Study_Assistant,1,1.0,461,True,token_jaccard_single_linkage
0.85,Mehrann123/AI-tutor,unique:Mehrann123/AI-tutor,1,1.0,147,True,token_jaccard_single_linkage
0.85,Mehrann123/MMB-Quiz-Generator,unique:Mehrann123/MMB-Quiz-Generator,1,1.0,1933,True,token_jaccard_single_linkage
0.85,mehwishafsa/education_chatbot,unique:mehwishafsa/education_chatbot,1,1.0,165,True,token_jaccard_single_linkage
0.85,mercLH44/new-ai-tutor,unique:mercLH44/new-ai-tutor,1,1.0,1094,True,token_jaccard_single_linkage
0.85,midlajvalappil/AI-Powered-YouTube-Transcript-Tutor,unique:midlajvalappil/AI-Powered-YouTube-Transcript-Tutor,1,1.0,1675,True,token_jaccard_single_linkage
0.85,mkT83303/spanish-tutor-chatbot,unique:mkT83303/spanish-tutor-chatbot,1,1.0,107,True,token_jaccard_single_linkage
0.85,MMustafa313/RAG_Study_Assistant,unique:MMustafa313/RAG_Study_Assistant,1,1.0,431,True,token_jaccard_single_linkage
0.85,mogbuehi/LO_AI_Tutor,unique:mogbuehi/LO_AI_Tutor,1,1.0,401,True,token_jaccard_single_linkage
0.85,mogbuehi/YT_Language_Tutor,493cb0686f965abaaa1323372b9a9c8fc0bcd21df1c6d6eb23d77f30e5265fd8,2,0.5,1254,True,token_jaccard_single_linkage
0.85,mogbuehi/YT_Language_Tutor_2,493cb0686f965abaaa1323372b9a9c8fc0bcd21df1c6d6eb23d77f30e5265fd8,2,0.5,1254,True,token_jaccard_single_linkage
0.85,MohammadYaseen/personalized-study-assistant-chatbot,unique:MohammadYaseen/personalized-study-assistant-chatbot,1,1.0,335,True,token_jaccard_single_linkage
0.85,Mohd-Dilshan/ai-quiz-generator,unique:Mohd-Dilshan/ai-quiz-generator,1,1.0,434,True,token_jaccard_single_linkage
0.85,Mohit99Chand/EducationalAIChatbot,unique:Mohit99Chand/EducationalAIChatbot,1,1.0,574,True,token_jaccard_single_linkage
0.85,Mohitha/Conversational_AI_Data_Science_Tutor,unique:Mohitha/Conversational_AI_Data_Science_Tutor,1,1.0,263,True,token_jaccard_single_linkage
0.85,Moon33/linda-quiz-generator,unique:Moon33/linda-quiz-generator,1,1.0,2333,True,token_jaccard_single_linkage
0.85,MOrgan27/AI-study-assistant,unique:MOrgan27/AI-study-assistant,1,1.0,126,True,token_jaccard_single_linkage
0.85,motsimaslam/Afri-AI-Tutor,unique:motsimaslam/Afri-AI-Tutor,1,1.0,1307,True,token_jaccard_single_linkage
0.85,Mpavan45/Ai_Data-Science_Tutor,unique:Mpavan45/Ai_Data-Science_Tutor,1,1.0,520,True,token_jaccard_single_linkage
0.85,mrhamxa/Gradio-based-RAG-study-assistant,unique:mrhamxa/Gradio-based-RAG-study-assistant,1,1.0,614,True,token_jaccard_single_linkage
0.85,MrSimple01/QuizGenerator,unique:MrSimple01/QuizGenerator,1,1.0,1211,True,token_jaccard_single_linkage
0.85,muhammadHassan123/quiz-generator-ai,unique:muhammadHassan123/quiz-generator-ai,1,1.0,591,True,token_jaccard_single_linkage
0.85,Mujahid1122/AI-Based-Quiz-Generator,unique:Mujahid1122/AI-Based-Quiz-Generator,1,1.0,542,True,token_jaccard_single_linkage
0.85,mukeshpatel1006/Study_Assistant,unique:mukeshpatel1006/Study_Assistant,1,1.0,191,True,token_jaccard_single_linkage
0.85,Murtaza249/Text_to_Quiz_Generator,unique:Murtaza249/Text_to_Quiz_Generator,1,1.0,497,True,token_jaccard_single_linkage
0.85,N-Mothish/personalized-study-assistant,unique:N-Mothish/personalized-study-assistant,1,1.0,497,True,token_jaccard_single_linkage
0.85,nakshatravuppula25/AI_TUTOR,unique:nakshatravuppula25/AI_TUTOR,1,1.0,526,True,token_jaccard_single_linkage
0.85,nandigamavamshi/StudyAssistant,unique:nandigamavamshi/StudyAssistant,1,1.0,160,True,token_jaccard_single_linkage
0.85,nandini1810/AI_TUTOR,4866d6306f8133657e3026a2eea16c6c58edc7718897d32f2d37798f705db80c,3,0.3333333333333333,166,True,token_jaccard_single_linkage
0.85,SrihithaReddy123/AI_TUTOR,4866d6306f8133657e3026a2eea16c6c58edc7718897d32f2d37798f705db80c,3,0.3333333333333333,166,True,token_jaccard_single_linkage
0.85,Varshareddy1106/AI_TUTOR,4866d6306f8133657e3026a2eea16c6c58edc7718897d32f2d37798f705db80c,3,0.3333333333333333,166,True,token_jaccard_single_linkage
0.85,NavenTheRaven/Quiz_Generator,fd570250be1ece656a0614d4528fc2316dcb9639f8cc1b423ab85b95f3cd5fc4,3,0.3333333333333333,322,True,token_jaccard_single_linkage
0.85,rgos20000/Quiz_Generator,fd570250be1ece656a0614d4528fc2316dcb9639f8cc1b423ab85b95f3cd5fc4,3,0.3333333333333333,322,True,token_jaccard_single_linkage
0.85,s1313/Quiz_Generator,fd570250be1ece656a0614d4528fc2316dcb9639f8cc1b423ab85b95f3cd5fc4,3,0.3333333333333333,322,True,token_jaccard_single_linkage
0.85,nersyan/quiz-generator,unique:nersyan/quiz-generator,1,1.0,80,True,token_jaccard_single_linkage
0.85,nhu445/ai-english-tutor,unique:nhu445/ai-english-tutor,1,1.0,1093,True,token_jaccard_single_linkage
0.85,Nijanth/teaching-assistant-backend,unique:Nijanth/teaching-assistant-backend,1,1.0,679,True,token_jaccard_single_linkage
0.85,Nishanthan02/quiz-generator,unique:Nishanthan02/quiz-generator,1,1.0,2256,True,token_jaccard_single_linkage
0.85,nohitha05/AI-TUTOR,unique:nohitha05/AI-TUTOR,1,1.0,147,True,token_jaccard_single_linkage
0.85,npinar/quiz-generator,unique:npinar/quiz-generator,1,1.0,439,True,token_jaccard_single_linkage
0.85,nublelouch/study-assistant,unique:nublelouch/study-assistant,1,1.0,386,True,token_jaccard_single_linkage
0.85,Nullpointer-KK/ai-tutor-chatbot_KK,unique:Nullpointer-KK/ai-tutor-chatbot_KK,1,1.0,4249,True,token_jaccard_single_linkage
0.85,oluinioluwa814/Ai-tutor,unique:oluinioluwa814/Ai-tutor,1,1.0,494,True,token_jaccard_single_linkage
0.85,omprasadmahapatra/Ai_Math_Tutor,unique:omprasadmahapatra/Ai_Math_Tutor,1,1.0,144,True,token_jaccard_single_linkage
0.85,One2SkipAfew/tutormina-ai,unique:One2SkipAfew/tutormina-ai,1,1.0,3320,True,token_jaccard_single_linkage
0.85,patilyash22/Python-tutor-chatbot,unique:patilyash22/Python-tutor-chatbot,1,1.0,155,True,token_jaccard_single_linkage
0.85,pattato1/language-tutor,unique:pattato1/language-tutor,1,1.0,1394,True,token_jaccard_single_linkage
0.85,pattato1/languagetutor,unique:pattato1/languagetutor,1,1.0,995,True,token_jaccard_single_linkage
0.85,Pavan-Kumar23/quiz-generator,unique:Pavan-Kumar23/quiz-generator,1,1.0,17254,True,token_jaccard_single_linkage
0.85,philipobiorah/socratic-tutor,unique:philipobiorah/socratic-tutor,1,1.0,671,True,token_jaccard_single_linkage
0.85,Phoenix3274/AI-Quiz-Generator,unique:Phoenix3274/AI-Quiz-Generator,1,1.0,176,True,token_jaccard_single_linkage
0.85,Pooja1218/ai-quiz-generator,unique:Pooja1218/ai-quiz-generator,1,1.0,498,True,token_jaccard_single_linkage
0.85,pradeepodela/AI-tech-tutor,unique:pradeepodela/AI-tech-tutor,1,1.0,433,True,token_jaccard_single_linkage
0.85,Prak2005/AI-Powered-Personal-Study-Assistant,unique:Prak2005/AI-Powered-Personal-Study-Assistant,1,1.0,857,True,token_jaccard_single_linkage
0.85,praneeth300/AI-Quiz-Generator,unique:praneeth300/AI-Quiz-Generator,1,1.0,763,True,token_jaccard_single_linkage
0.85,Pranshuu/educational-chatbot,unique:Pranshuu/educational-chatbot,1,1.0,0,False,insufficient_source_shingles
0.85,prasanth22118131/StudyAssistant,unique:prasanth22118131/StudyAssistant,1,1.0,171,True,token_jaccard_single_linkage
0.85,Pratap1928/AI_Teaching_Assistant,unique:Pratap1928/AI_Teaching_Assistant,1,1.0,548,True,token_jaccard_single_linkage
0.85,pseudolab/AI_Tutor_BERT,unique:pseudolab/AI_Tutor_BERT,1,1.0,243,True,token_jaccard_single_linkage
0.85,pydeoxy/quiz_generator,unique:pydeoxy/quiz_generator,1,1.0,185,True,token_jaccard_single_linkage
0.85,qhaData/quiz-generator-pipeline,unique:qhaData/quiz-generator-pipeline,1,1.0,1036,True,token_jaccard_single_linkage
0.85,RabiaAbsar/genai-tutor-chatbot,unique:RabiaAbsar/genai-tutor-chatbot,1,1.0,193,True,token_jaccard_single_linkage
0.85,rachapich/PISA-Teaching-Assistant-ChatBot-Guru,unique:rachapich/PISA-Teaching-Assistant-ChatBot-Guru,1,1.0,1652,True,token_jaccard_single_linkage
0.85,Rahul2298/QuizGenerator,unique:Rahul2298/QuizGenerator,1,1.0,517,True,token_jaccard_single_linkage
0.85,RAHYDV/teaching-assistant,unique:RAHYDV/teaching-assistant,1,1.0,2439,True,token_jaccard_single_linkage
0.85,Raja02424/education-chatbot,unique:Raja02424/education-chatbot,1,1.0,75,True,token_jaccard_single_linkage
0.85,Rajesh20/AI_Tutor,unique:Rajesh20/AI_Tutor,1,1.0,71,True,token_jaccard_single_linkage
0.85,RAJKUMAR2504/AI-Study-Assistant,unique:RAJKUMAR2504/AI-Study-Assistant,1,1.0,614,True,token_jaccard_single_linkage
0.85,Ram05saran/ai-language-tutor,unique:Ram05saran/ai-language-tutor,1,1.0,120,True,token_jaccard_single_linkage
0.85,Ramya8637/quiz-generator,unique:Ramya8637/quiz-generator,1,1.0,167,True,token_jaccard_single_linkage
0.85,RamyaKammari/jee_ai_tutor,unique:RamyaKammari/jee_ai_tutor,1,1.0,1543,True,token_jaccard_single_linkage
0.85,Rashpinder/RAG-based-Agentic-AI-tutor,unique:Rashpinder/RAG-based-Agentic-AI-tutor,1,1.0,4471,True,token_jaccard_single_linkage
0.85,Rayi-ss/AI-Powered-Study-Assistant,unique:Rayi-ss/AI-Powered-Study-Assistant,1,1.0,2218,True,token_jaccard_single_linkage
0.85,Razzaqi3143/Engineering_Quiz_Generator,unique:Razzaqi3143/Engineering_Quiz_Generator,1,1.0,440,True,token_jaccard_single_linkage
0.85,rcventura108000/Sophia-Ai-english-tutor,unique:rcventura108000/Sophia-Ai-english-tutor,1,1.0,895,True,token_jaccard_single_linkage
0.85,ridgebradley888/Smart-AI-Tutor-APP,98d5d1d82d32a98b8308cce5607fd6a8b410b67af8e5d0f3e7a6b4144ebb662f,2,0.5,1246,True,token_jaccard_single_linkage
0.85,shukdevdatta123/Smart-AI-Tutor-APP,98d5d1d82d32a98b8308cce5607fd6a8b410b67af8e5d0f3e7a6b4144ebb662f,2,0.5,1246,True,token_jaccard_single_linkage
0.85,Rishabh12j/AI_Powered_Teaching_Assistant,unique:Rishabh12j/AI_Powered_Teaching_Assistant,1,1.0,714,True,token_jaccard_single_linkage
0.85,Riya00/quiz_generator,unique:Riya00/quiz_generator,1,1.0,316,True,token_jaccard_single_linkage
0.85,rk803/Data_Science_Tutor_Ai,unique:rk803/Data_Science_Tutor_Ai,1,1.0,545,True,token_jaccard_single_linkage
0.85,Rohit8827/StudyAssistant,unique:Rohit8827/StudyAssistant,1,1.0,179,True,token_jaccard_single_linkage
0.85,Rosh-2/physics_tutor_chatbot,unique:Rosh-2/physics_tutor_chatbot,1,1.0,171,True,token_jaccard_single_linkage
0.85,rugvedaa/Ai-tutorApp,unique:rugvedaa/Ai-tutorApp,1,1.0,2078,True,token_jaccard_single_linkage
0.85,Rupesx007/quiz_generator,unique:Rupesx007/quiz_generator,1,1.0,945,True,token_jaccard_single_linkage
0.85,SaanviWatrana/saanvi-ai-study-tutor,unique:SaanviWatrana/saanvi-ai-study-tutor,1,1.0,553,True,token_jaccard_single_linkage
0.85,sabahat-shakeel/study-assistant,unique:sabahat-shakeel/study-assistant,1,1.0,146,True,token_jaccard_single_linkage
0.85,sabrineoueslati/quiz-generator,unique:sabrineoueslati/quiz-generator,1,1.0,313,True,token_jaccard_single_linkage
0.85,sachi2004/ai-study-assistant,unique:sachi2004/ai-study-assistant,1,1.0,176,True,token_jaccard_single_linkage
0.85,Sadem-12/AI_Study_Assistant,unique:Sadem-12/AI_Study_Assistant,1,1.0,359,True,token_jaccard_single_linkage
0.85,SahilGupta4/Study_Assistant,unique:SahilGupta4/Study_Assistant,1,1.0,184,True,token_jaccard_single_linkage
0.85,saicharantej/aitutor,unique:saicharantej/aitutor,1,1.0,327,True,token_jaccard_single_linkage
0.85,saikumar27/AI_Powered_Data_Science_Tutor,unique:saikumar27/AI_Powered_Data_Science_Tutor,1,1.0,370,True,token_jaccard_single_linkage
0.85,saimahashmi/ai-study-assistant,unique:saimahashmi/ai-study-assistant,1,1.0,233,True,token_jaccard_single_linkage
0.85,sairaarif89/AITutor,unique:sairaarif89/AITutor,1,1.0,279,True,token_jaccard_single_linkage
0.85,Sajid1974/Socratic_QA_GenAI_Tutor,unique:Sajid1974/Socratic_QA_GenAI_Tutor,1,1.0,2085,True,token_jaccard_single_linkage
0.85,salsh093/SEG_StudyAssistant,unique:salsh093/SEG_StudyAssistant,1,1.0,2746,True,token_jaccard_single_linkage
0.85,samadjunejo/ai_study_assistant,unique:samadjunejo/ai_study_assistant,1,1.0,2755,True,token_jaccard_single_linkage
0.85,Samanfatima563474/tutor-ai,unique:Samanfatima563474/tutor-ai,1,1.0,1647,True,token_jaccard_single_linkage
0.85,sameekghosh/ai-python-teaching-assistant,unique:sameekghosh/ai-python-teaching-assistant,1,1.0,114,True,token_jaccard_single_linkage
0.85,sanchezpaez/speech_to_text_to_speech_language_tutor,unique:sanchezpaez/speech_to_text_to_speech_language_tutor,1,1.0,301,True,token_jaccard_single_linkage
0.85,sanjana033/my-study-assistant,unique:sanjana033/my-study-assistant,1,1.0,155,True,token_jaccard_single_linkage
0.85,Sanjay-Ai/AI-Powered-Socratic-Teaching-Assistant,unique:Sanjay-Ai/AI-Powered-Socratic-Teaching-Assistant,1,1.0,234,True,token_jaccard_single_linkage
0.85,Sanjay0102/StudyAssistant,unique:Sanjay0102/StudyAssistant,1,1.0,173,True,token_jaccard_single_linkage
0.85,sanketh2334/biology_ai_tutor,unique:sanketh2334/biology_ai_tutor,1,1.0,431,True,token_jaccard_single_linkage
0.85,santosh7/AI_converstion_Data_Science_Tutor,unique:santosh7/AI_converstion_Data_Science_Tutor,1,1.0,520,True,token_jaccard_single_linkage
0.85,Santoshtambe/ai-study-assistant,unique:Santoshtambe/ai-study-assistant,1,1.0,185,True,token_jaccard_single_linkage
0.85,Santoshtambe/study_Assistant,unique:Santoshtambe/study_Assistant,1,1.0,184,True,token_jaccard_single_linkage
0.85,saraHamza/Engli-Tutor-Chatbot,unique:saraHamza/Engli-Tutor-Chatbot,1,1.0,800,True,token_jaccard_single_linkage
0.85,satvik452007/Study_assistant,unique:satvik452007/Study_assistant,1,1.0,183,True,token_jaccard_single_linkage
0.85,Sayan21/Video-Tutor-AI,unique:Sayan21/Video-Tutor-AI,1,1.0,3032,True,token_jaccard_single_linkage
0.85,SBDeploy/Study_Assistant,unique:SBDeploy/Study_Assistant,1,1.0,160,True,token_jaccard_single_linkage
0.85,Selenophile786/physics-ai-tutor,unique:Selenophile786/physics-ai-tutor,1,1.0,1852,True,token_jaccard_single_linkage
0.85,SerotoninRonin/Quiz-Generator,unique:SerotoninRonin/Quiz-Generator,1,1.0,909,True,token_jaccard_single_linkage
0.85,sewusida/statistics_study_assistant,unique:sewusida/statistics_study_assistant,1,1.0,1177,True,token_jaccard_single_linkage
0.85,SH1VAM-2027/studyAssistant,unique:SH1VAM-2027/studyAssistant,1,1.0,250,True,token_jaccard_single_linkage
0.85,Shahbazakbar/AI-Tutor,unique:Shahbazakbar/AI-Tutor,1,1.0,415,True,token_jaccard_single_linkage
0.85,Shahbazakbar/RAG-AI-Tutor,unique:Shahbazakbar/RAG-AI-Tutor,1,1.0,411,True,token_jaccard_single_linkage
0.85,shaheerawan3/AI-Teaching-Assistant,unique:shaheerawan3/AI-Teaching-Assistant,1,1.0,943,True,token_jaccard_single_linkage
0.85,shahzaib41202/AI_ML_Tutor,unique:shahzaib41202/AI_ML_Tutor,1,1.0,451,True,token_jaccard_single_linkage
0.85,shankar-dev24/StudyAssistant,unique:shankar-dev24/StudyAssistant,1,1.0,313,True,token_jaccard_single_linkage
0.85,shawarnaditya121/ai-teaching-assistant,unique:shawarnaditya121/ai-teaching-assistant,1,1.0,1075,True,token_jaccard_single_linkage
0.85,shb59na/ai-study-tutor,unique:shb59na/ai-study-tutor,1,1.0,354,True,token_jaccard_single_linkage
0.85,sheraz00/ai-teaching-assistant,unique:sheraz00/ai-teaching-assistant,1,1.0,1111,True,token_jaccard_single_linkage
0.85,shikhahaljmili/ai-quiz-generator,unique:shikhahaljmili/ai-quiz-generator,1,1.0,431,True,token_jaccard_single_linkage
0.85,shirosh/ai-tutor,unique:shirosh/ai-tutor,1,1.0,312,True,token_jaccard_single_linkage
0.85,Shivam10lm/ai-teaching-assistant,unique:Shivam10lm/ai-teaching-assistant,1,1.0,580,True,token_jaccard_single_linkage
0.85,shivasai02/StudyAssistant,unique:shivasai02/StudyAssistant,1,1.0,170,True,token_jaccard_single_linkage
0.85,Shivateja23/DS_AI_TUTOR,unique:Shivateja23/DS_AI_TUTOR,1,1.0,392,True,token_jaccard_single_linkage
0.85,Shlok1005/Voice_chatbot_tutor,unique:Shlok1005/Voice_chatbot_tutor,1,1.0,425,True,token_jaccard_single_linkage
0.85,shroukelnagdy/quiz-generator,unique:shroukelnagdy/quiz-generator,1,1.0,1419,True,token_jaccard_single_linkage
0.85,shukdevdatta123/Language-Learning-Companion,unique:shukdevdatta123/Language-Learning-Companion,1,1.0,971,True,token_jaccard_single_linkage
0.85,shuklavartika/AI_Study_Assistant,unique:shuklavartika/AI_Study_Assistant,1,1.0,419,True,token_jaccard_single_linkage
0.85,Siddhisapkal/AI_Tutor,unique:Siddhisapkal/AI_Tutor,1,1.0,539,True,token_jaccard_single_linkage
0.85,Sindu31/IntelliGent-AI-Tutor-System,unique:Sindu31/IntelliGent-AI-Tutor-System,1,1.0,495,True,token_jaccard_single_linkage
0.85,siphiwesibisi/quiz-and-study-guide-generator,unique:siphiwesibisi/quiz-and-study-guide-generator,1,1.0,0,False,insufficient_source_shingles
0.85,siphiwesibisi/quiz-generator,unique:siphiwesibisi/quiz-generator,1,1.0,115,True,token_jaccard_single_linkage
0.85,SirigajjeDurga/AI-Personal-Tutor,unique:SirigajjeDurga/AI-Personal-Tutor,1,1.0,622,True,token_jaccard_single_linkage
0.85,siriItis/pdf-study-assistant,unique:siriItis/pdf-study-assistant,1,1.0,1601,True,token_jaccard_single_linkage
0.85,sk-12/EDUBUDDY-AI-TUTOR,unique:sk-12/EDUBUDDY-AI-TUTOR,1,1.0,919,True,token_jaccard_single_linkage
0.85,Solkyash/Ai-study-assistant,unique:Solkyash/Ai-study-assistant,1,1.0,198,True,token_jaccard_single_linkage
0.85,sravani30/AI_QUIZ_GENERATOR,unique:sravani30/AI_QUIZ_GENERATOR,1,1.0,758,True,token_jaccard_single_linkage
0.85,sreejamanthena/StudyAssistant,unique:sreejamanthena/StudyAssistant,1,1.0,338,True,token_jaccard_single_linkage
0.85,srinivas25046/ai-study-assistant,unique:srinivas25046/ai-study-assistant,1,1.0,284,True,token_jaccard_single_linkage
0.85,starkbyte45896/Quiz_Generator,unique:starkbyte45896/Quiz_Generator,1,1.0,592,True,token_jaccard_single_linkage
0.85,sudipta26889/Quiz-Generator,unique:sudipta26889/Quiz-Generator,1,1.0,2530,True,token_jaccard_single_linkage
0.85,Sujithraam/StudyAssistant,unique:Sujithraam/StudyAssistant,1,1.0,313,True,token_jaccard_single_linkage
0.85,SujithRaam07/StudyAssistant,unique:SujithRaam07/StudyAssistant,1,1.0,399,True,token_jaccard_single_linkage
0.85,sultan-hassan/adaptive_language_tutor,unique:sultan-hassan/adaptive_language_tutor,1,1.0,381,True,token_jaccard_single_linkage
0.85,tariqm603/study-assistant,unique:tariqm603/study-assistant,1,1.0,384,True,token_jaccard_single_linkage
0.85,tarunkanugu/study_Assistant,unique:tarunkanugu/study_Assistant,1,1.0,1093,True,token_jaccard_single_linkage
0.85,tayy786/Ai_Tutor_App,unique:tayy786/Ai_Tutor_App,1,1.0,625,True,token_jaccard_single_linkage
0.85,TeerthPurohit/RAG-TradingWithML-Teaching-Assistant,unique:TeerthPurohit/RAG-TradingWithML-Teaching-Assistant,1,1.0,188,True,token_jaccard_single_linkage
0.85,tfitzge134/gemini-learning-companion,unique:tfitzge134/gemini-learning-companion,1,1.0,279,True,token_jaccard_single_linkage
0.85,thabassum9/ai_tutor,unique:thabassum9/ai_tutor,1,1.0,104,True,token_jaccard_single_linkage
0.85,Thepatelsuraj12/Rag-based-AI-Teaching-Assistant,unique:Thepatelsuraj12/Rag-based-AI-Teaching-Assistant,1,1.0,1811,True,token_jaccard_single_linkage
0.85,thilak1/RAG-BASED-AI-TEACHING-ASSISTANT,unique:thilak1/RAG-BASED-AI-TEACHING-ASSISTANT,1,1.0,918,True,token_jaccard_single_linkage
0.85,Tomjedo/Education_Chatbot,unique:Tomjedo/Education_Chatbot,1,1.0,306,True,token_jaccard_single_linkage
0.85,Tonic/open-gpt-Lesson-Plan-Generator,unique:Tonic/open-gpt-Lesson-Plan-Generator,1,1.0,206,True,token_jaccard_single_linkage
0.85,tools4ds/ai_tutor,unique:tools4ds/ai_tutor,1,1.0,0,False,insufficient_source_shingles
0.85,towardsai-tutors/ai-tutor-chatbot,unique:towardsai-tutors/ai-tutor-chatbot,1,1.0,393,True,token_jaccard_single_linkage
0.85,Trivikrama/Physics_Lesson_Plan_Generator,unique:Trivikrama/Physics_Lesson_Plan_Generator,1,1.0,1043,True,token_jaccard_single_linkage
0.85,Troy88/Quiz-Generator,unique:Troy88/Quiz-Generator,1,1.0,809,True,token_jaccard_single_linkage
0.85,Turbiling/Backward-Design-Lesson-Plan-Generator,unique:Turbiling/Backward-Design-Lesson-Plan-Generator,1,1.0,453,True,token_jaccard_single_linkage
0.85,Turbiling/GB_Education_Chatbot,unique:Turbiling/GB_Education_Chatbot,1,1.0,139,True,token_jaccard_single_linkage
0.85,Turbiling/Lesson_Plan_Generator,unique:Turbiling/Lesson_Plan_Generator,1,1.0,498,True,token_jaccard_single_linkage
0.85,Turbiling/Sharqi_Education_Chatbot,unique:Turbiling/Sharqi_Education_Chatbot,1,1.0,669,True,token_jaccard_single_linkage
0.85,Tutor-Ai-100/AI_Tutor_Chatbot,unique:Tutor-Ai-100/AI_Tutor_Chatbot,1,1.0,135,True,token_jaccard_single_linkage
0.85,tyapab/ai-study-assistant,unique:tyapab/ai-study-assistant,1,1.0,333,True,token_jaccard_single_linkage
0.85,Udayveer1990/Language_tutor,unique:Udayveer1990/Language_tutor,1,1.0,163,True,token_jaccard_single_linkage
0.85,Ukhanyo/quiz-generator-ai,unique:Ukhanyo/quiz-generator-ai,1,1.0,114,True,token_jaccard_single_linkage
0.85,UlliInduSree/AI_Tutor_Chatbot,unique:UlliInduSree/AI_Tutor_Chatbot,1,1.0,109,True,token_jaccard_single_linkage
0.85,UmarIqbal000/quiz-generator-ai,unique:UmarIqbal000/quiz-generator-ai,1,1.0,915,True,token_jaccard_single_linkage
0.85,umerforsure/AI-Study-Assistant,unique:umerforsure/AI-Study-Assistant,1,1.0,1065,True,token_jaccard_single_linkage
0.85,Us-er-na-me/QuizGenerator,unique:Us-er-na-me/QuizGenerator,1,1.0,65,True,token_jaccard_single_linkage
0.85,Vaibhava24/my-study-assistant,unique:Vaibhava24/my-study-assistant,1,1.0,240,True,token_jaccard_single_linkage
0.85,Vaishnav-00299/my-study-assistant,unique:Vaishnav-00299/my-study-assistant,1,1.0,183,True,token_jaccard_single_linkage
0.85,VinayKarthik800/ai-tutor,unique:VinayKarthik800/ai-tutor,1,1.0,325,True,token_jaccard_single_linkage
0.85,vinitwaghmare/ai-study-assistant,unique:vinitwaghmare/ai-study-assistant,1,1.0,1119,True,token_jaccard_single_linkage
0.85,vinitwaghmare/bilingual-ai-study-assistant,unique:vinitwaghmare/bilingual-ai-study-assistant,1,1.0,775,True,token_jaccard_single_linkage
0.85,vipin1143/eva-teaching-assistant,unique:vipin1143/eva-teaching-assistant,1,1.0,2573,True,token_jaccard_single_linkage
0.85,vishalraaj1/AI-STUDY_ASSISTANT,unique:vishalraaj1/AI-STUDY_ASSISTANT,1,1.0,175,True,token_jaccard_single_linkage
0.85,VishnuSai05/Study_Assistant,unique:VishnuSai05/Study_Assistant,1,1.0,181,True,token_jaccard_single_linkage
0.85,vivicake666/math-tutor-chatbot,unique:vivicake666/math-tutor-chatbot,1,1.0,2114,True,token_jaccard_single_linkage
0.85,VSrilekha/AI-Tutor,unique:VSrilekha/AI-Tutor,1,1.0,144,True,token_jaccard_single_linkage
0.85,wajahatkhan/AI_tutor,unique:wajahatkhan/AI_tutor,1,1.0,99,True,token_jaccard_single_linkage
0.85,wimida/socratic-tutor-bot,unique:wimida/socratic-tutor-bot,1,1.0,82,True,token_jaccard_single_linkage
0.85,windsoldier/ai-teaching-assistant,unique:windsoldier/ai-teaching-assistant,1,1.0,835,True,token_jaccard_single_linkage
0.85,wupeiwen2001/reachy-mini-language-tutor,unique:wupeiwen2001/reachy-mini-language-tutor,1,1.0,5768,True,token_jaccard_single_linkage
0.85,yadavnirmal002/CBSE10-AI-Tutor,unique:yadavnirmal002/CBSE10-AI-Tutor,1,1.0,119,True,token_jaccard_single_linkage
0.85,Yasir-Bhatti/Education_tutor_chatbot,unique:Yasir-Bhatti/Education_tutor_chatbot,1,1.0,494,True,token_jaccard_single_linkage
0.85,YasirAnsari/AI_tutor,unique:YasirAnsari/AI_tutor,1,1.0,382,True,token_jaccard_single_linkage
0.85,Yasirkhalil12/ai-quiz-generator,unique:Yasirkhalil12/ai-quiz-generator,1,1.0,519,True,token_jaccard_single_linkage
0.85,Yenuli-Bimanya-404/ai-study-assistant-multilang,unique:Yenuli-Bimanya-404/ai-study-assistant-multilang,1,1.0,482,True,token_jaccard_single_linkage
0.85,yiyiyi999/ai-tutor-classroom,unique:yiyiyi999/ai-tutor-classroom,1,1.0,8510,True,token_jaccard_single_linkage
0.85,YKDep/StudyAssistant,unique:YKDep/StudyAssistant,1,1.0,172,True,token_jaccard_single_linkage
0.85,Younis123/Education_Assistant_chatbot,unique:Younis123/Education_Assistant_chatbot,1,1.0,162,True,token_jaccard_single_linkage
0.85,yuvabe-ai/AI-Tutor,unique:yuvabe-ai/AI-Tutor,1,1.0,698,True,token_jaccard_single_linkage
0.85,Yuvasriiii/personalized_study_assistant,unique:Yuvasriiii/personalized_study_assistant,1,1.0,173,True,token_jaccard_single_linkage
0.85,zaini1234/pdf-quiz-generator,unique:zaini1234/pdf-quiz-generator,1,1.0,523,True,token_jaccard_single_linkage
0.85,zara65724/AI-Vocabulary-Tutor,unique:zara65724/AI-Vocabulary-Tutor,1,1.0,824,True,token_jaccard_single_linkage
0.85,zizo66/AI-Language-Tutor,unique:zizo66/AI-Language-Tutor,1,1.0,446,True,token_jaccard_single_linkage
0.9,10805j/aitutor,unique:10805j/aitutor,1,1.0,469,True,token_jaccard_single_linkage
0.9,13yashjadhav11/study_assistant,unique:13yashjadhav11/study_assistant,1,1.0,172,True,token_jaccard_single_linkage
0.9,24-cka-ML/quiz-generator,unique:24-cka-ML/quiz-generator,1,1.0,1882,True,token_jaccard_single_linkage
0.9,3atar/Study-assistant,unique:3atar/Study-assistant,1,1.0,1570,True,token_jaccard_single_linkage
0.9,77skaul/edu-tutor-chatbot,unique:77skaul/edu-tutor-chatbot,1,1.0,158,True,token_jaccard_single_linkage
0.9,aakashdevdat/Quiz_generator_1,unique:aakashdevdat/Quiz_generator_1,1,1.0,132,True,token_jaccard_single_linkage
0.9,Aasher/Flexx_Your_Homework_Assistant,unique:Aasher/Flexx_Your_Homework_Assistant,1,1.0,3273,True,token_jaccard_single_linkage
0.9,aazankhanYousafzai/Ai_Study_Assistant,unique:aazankhanYousafzai/Ai_Study_Assistant,1,1.0,449,True,token_jaccard_single_linkage
0.9,abai-cn/linux-teaching-assistant,unique:abai-cn/linux-teaching-assistant,1,1.0,2352,True,token_jaccard_single_linkage
0.9,Abdalaziz2026/Syria-ai-tutor,unique:Abdalaziz2026/Syria-ai-tutor,1,1.0,360,True,token_jaccard_single_linkage
0.9,Abde1ra7man/Quiz_Generator,unique:Abde1ra7man/Quiz_Generator,1,1.0,570,True,token_jaccard_single_linkage
0.9,Abdelrahman04/egyptian-educational-chatbot-demo,unique:Abdelrahman04/egyptian-educational-chatbot-demo,1,1.0,272,True,token_jaccard_single_linkage
0.9,abdullahkhankakar/quiz-generator,unique:abdullahkhankakar/quiz-generator,1,1.0,941,True,token_jaccard_single_linkage
0.9,abhey-patel/quiz-generator-space,unique:abhey-patel/quiz-generator-space,1,1.0,220,True,token_jaccard_single_linkage
0.9,Abhinaychatla/language_voice_tutor,unique:Abhinaychatla/language_voice_tutor,1,1.0,1367,True,token_jaccard_single_linkage
0.9,AbhiReddy1/AI_datascince_Tutor,unique:AbhiReddy1/AI_datascince_Tutor,1,1.0,186,True,token_jaccard_single_linkage
0.9,ABRB0917/StudyAssistant,3fbed073bc730142470dca66d8ababcf01ea2b8fa0c12967a8e187823bbf160a,24,0.041666666666666664,172,True,token_jaccard_single_linkage
0.9,akshay0149/TeachingAssistant,3fbed073bc730142470dca66d8ababcf01ea2b8fa0c12967a8e187823bbf160a,24,0.041666666666666664,172,True,token_jaccard_single_linkage
0.9,Anil3920/StudyAssistant,3fbed073bc730142470dca66d8ababcf01ea2b8fa0c12967a8e187823bbf160a,24,0.041666666666666664,172,True,token_jaccard_single_linkage
0.9,Anilkumar12/StudyAssistant,3fbed073bc730142470dca66d8ababcf01ea2b8fa0c12967a8e187823bbf160a,24,0.041666666666666664,169,True,token_jaccard_single_linkage
0.9,Apoorvahu/my-study-assistant,3fbed073bc730142470dca66d8ababcf01ea2b8fa0c12967a8e187823bbf160a,24,0.041666666666666664,172,True,token_jaccard_single_linkage
0.9,cipher2150/Study-Assistant,3fbed073bc730142470dca66d8ababcf01ea2b8fa0c12967a8e187823bbf160a,24,0.041666666666666664,172,True,token_jaccard_single_linkage
0.9,DakshSadotra/my-study-assistant,3fbed073bc730142470dca66d8ababcf01ea2b8fa0c12967a8e187823bbf160a,24,0.041666666666666664,176,True,token_jaccard_single_linkage
0.9,dinu143/Study-Assistant,3fbed073bc730142470dca66d8ababcf01ea2b8fa0c12967a8e187823bbf160a,24,0.041666666666666664,172,True,token_jaccard_single_linkage
0.9,gopichand55k/StudyAssistant,3fbed073bc730142470dca66d8ababcf01ea2b8fa0c12967a8e187823bbf160a,24,0.041666666666666664,172,True,token_jaccard_single_linkage
0.9,harika-donthula/my-study-assistant,3fbed073bc730142470dca66d8ababcf01ea2b8fa0c12967a8e187823bbf160a,24,0.041666666666666664,172,True,token_jaccard_single_linkage
0.9,jakeeeeeeee/my-study-assistant,3fbed073bc730142470dca66d8ababcf01ea2b8fa0c12967a8e187823bbf160a,24,0.041666666666666664,172,True,token_jaccard_single_linkage
0.9,kundan857/StudyAssistant,3fbed073bc730142470dca66d8ababcf01ea2b8fa0c12967a8e187823bbf160a,24,0.041666666666666664,172,True,token_jaccard_single_linkage
0.9,Megana10/ai_study_assistant,3fbed073bc730142470dca66d8ababcf01ea2b8fa0c12967a8e187823bbf160a,24,0.041666666666666664,172,True,token_jaccard_single_linkage
0.9,Nitinane/StudyAssistant,3fbed073bc730142470dca66d8ababcf01ea2b8fa0c12967a8e187823bbf160a,24,0.041666666666666664,172,True,token_jaccard_single_linkage
0.9,Premsp2005/StudyAssistant,3fbed073bc730142470dca66d8ababcf01ea2b8fa0c12967a8e187823bbf160a,24,0.041666666666666664,176,True,token_jaccard_single_linkage
0.9,rexiy/study_assistant,3fbed073bc730142470dca66d8ababcf01ea2b8fa0c12967a8e187823bbf160a,24,0.041666666666666664,172,True,token_jaccard_single_linkage
0.9,Rushi420/StudyAssistant,3fbed073bc730142470dca66d8ababcf01ea2b8fa0c12967a8e187823bbf160a,24,0.041666666666666664,169,True,token_jaccard_single_linkage
0.9,SaiRithwik2004/StudyAssistant,3fbed073bc730142470dca66d8ababcf01ea2b8fa0c12967a8e187823bbf160a,24,0.041666666666666664,172,True,token_jaccard_single_linkage
0.9,sangareddijaswanth/study_assistant,3fbed073bc730142470dca66d8ababcf01ea2b8fa0c12967a8e187823bbf160a,24,0.041666666666666664,178,True,token_jaccard_single_linkage
0.9,saru21/study_assistant,3fbed073bc730142470dca66d8ababcf01ea2b8fa0c12967a8e187823bbf160a,24,0.041666666666666664,172,True,token_jaccard_single_linkage
0.9,sreenivasulaReddy/StudyAssistant,3fbed073bc730142470dca66d8ababcf01ea2b8fa0c12967a8e187823bbf160a,24,0.041666666666666664,173,True,token_jaccard_single_linkage
0.9,Srushtii-13/Study_Assistant,3fbed073bc730142470dca66d8ababcf01ea2b8fa0c12967a8e187823bbf160a,24,0.041666666666666664,172,True,token_jaccard_single_linkage
0.9,Trinesh16/StudyAssistant,3fbed073bc730142470dca66d8ababcf01ea2b8fa0c12967a8e187823bbf160a,24,0.041666666666666664,172,True,token_jaccard_single_linkage
0.9,VarunGoud314/Study_assistant,3fbed073bc730142470dca66d8ababcf01ea2b8fa0c12967a8e187823bbf160a,24,0.041666666666666664,172,True,token_jaccard_single_linkage
0.9,abubakaraabi786/programming-tutor-chatbot,unique:abubakaraabi786/programming-tutor-chatbot,1,1.0,677,True,token_jaccard_single_linkage
0.9,Achyutar/Engross-Educational-AI,9c197289f42e33e75362c04dcae20ad5fa2270eed513a502ae99a01965a60917,9,0.1111111111111111,205,True,token_jaccard_single_linkage
0.9,alusinebarrie/ai-teaching-assistant,9c197289f42e33e75362c04dcae20ad5fa2270eed513a502ae99a01965a60917,9,0.1111111111111111,205,True,token_jaccard_single_linkage
0.9,appcreator199/studyassistant,9c197289f42e33e75362c04dcae20ad5fa2270eed513a502ae99a01965a60917,9,0.1111111111111111,205,True,token_jaccard_single_linkage
0.9,forWard666/AL_TEACHING_ASSISTANT,9c197289f42e33e75362c04dcae20ad5fa2270eed513a502ae99a01965a60917,9,0.1111111111111111,205,True,token_jaccard_single_linkage
0.9,harshu07/ai_tutor,9c197289f42e33e75362c04dcae20ad5fa2270eed513a502ae99a01965a60917,9,0.1111111111111111,205,True,token_jaccard_single_linkage
0.9,hasithmutha/quiz-generator-ai,9c197289f42e33e75362c04dcae20ad5fa2270eed513a502ae99a01965a60917,9,0.1111111111111111,205,True,token_jaccard_single_linkage
0.9,montue/Teaching_Assistant,9c197289f42e33e75362c04dcae20ad5fa2270eed513a502ae99a01965a60917,9,0.1111111111111111,205,True,token_jaccard_single_linkage
0.9,uc-msai631-2025-spring/group2_study_assistant,9c197289f42e33e75362c04dcae20ad5fa2270eed513a502ae99a01965a60917,9,0.1111111111111111,205,True,token_jaccard_single_linkage
0.9,wangzy217/Teaching_Assistant,9c197289f42e33e75362c04dcae20ad5fa2270eed513a502ae99a01965a60917,9,0.1111111111111111,205,True,token_jaccard_single_linkage
0.9,adil1598/edubot-ai-latex-learning-companion,unique:adil1598/edubot-ai-latex-learning-companion,1,1.0,1817,True,token_jaccard_single_linkage
0.9,Aditya1546/ai-study-assistant,unique:Aditya1546/ai-study-assistant,1,1.0,729,True,token_jaccard_single_linkage
0.9,AdityaKokate/StudyAssistant,unique:AdityaKokate/StudyAssistant,1,1.0,179,True,token_jaccard_single_linkage
0.9,adriiita/TeachingAssistant,unique:adriiita/TeachingAssistant,1,1.0,901,True,token_jaccard_single_linkage
0.9,Agents-MCP-Hackathon/AI-Quiz-Generator,a1976c6896837ba2691a189fe8570f7bae7093205789d06f24f1706feeeca1b1,2,0.5,356,True,token_jaccard_single_linkage
0.9,viraja1/AI-Quiz-Generator,a1976c6896837ba2691a189fe8570f7bae7093205789d06f24f1706feeeca1b1,2,0.5,356,True,token_jaccard_single_linkage
0.9,Agents-MCP-Hackathon/AI-Tutor-and-Syllabus-Planner,unique:Agents-MCP-Hackathon/AI-Tutor-and-Syllabus-Planner,1,1.0,4313,True,token_jaccard_single_linkage
0.9,Agents-MCP-Hackathon/AI_tutor,unique:Agents-MCP-Hackathon/AI_tutor,1,1.0,4912,True,token_jaccard_single_linkage
0.9,ajmalllllllll/loksewaai-pal-your-study-buddy-assistant,unique:ajmalllllllll/loksewaai-pal-your-study-buddy-assistant,1,1.0,3164,True,token_jaccard_single_linkage
0.9,Akash035/my_study_assistant,unique:Akash035/my_study_assistant,1,1.0,173,True,token_jaccard_single_linkage
0.9,akhileshjethi/Study-assistant-ai,unique:akhileshjethi/Study-assistant-ai,1,1.0,194,True,token_jaccard_single_linkage
0.9,Aleesha29/socratic_tutor,unique:Aleesha29/socratic_tutor,1,1.0,1547,True,token_jaccard_single_linkage
0.9,alusinebarrie/your-ai-teaching-assistant,unique:alusinebarrie/your-ai-teaching-assistant,1,1.0,116,True,token_jaccard_single_linkage
0.9,amalrajmp/StudyAssistant,unique:amalrajmp/StudyAssistant,1,1.0,188,True,token_jaccard_single_linkage
0.9,aman7935/Quiz_generator,4fdce22e6628ea43361cfb11301e2f0f8921a8915b75de8e87cf1cd7627cd877,10,0.1,245,True,token_jaccard_single_linkage
0.9,educationAI/education-ai-study-assistant,4fdce22e6628ea43361cfb11301e2f0f8921a8915b75de8e87cf1cd7627cd877,10,0.1,245,True,token_jaccard_single_linkage
0.9,ekerin/german-tutor-chatbot,4fdce22e6628ea43361cfb11301e2f0f8921a8915b75de8e87cf1cd7627cd877,10,0.1,245,True,token_jaccard_single_linkage
0.9,Mehak0711/AI_TUTOR,4fdce22e6628ea43361cfb11301e2f0f8921a8915b75de8e87cf1cd7627cd877,10,0.1,241,True,token_jaccard_single_linkage
0.9,naveensngc/AI-Tutor,4fdce22e6628ea43361cfb11301e2f0f8921a8915b75de8e87cf1cd7627cd877,10,0.1,241,True,token_jaccard_single_linkage
0.9,ramashandoubeh/Education-chatbot,4fdce22e6628ea43361cfb11301e2f0f8921a8915b75de8e87cf1cd7627cd877,10,0.1,245,True,token_jaccard_single_linkage
0.9,roshandakhore2003/nuron-teaching-assistant,4fdce22e6628ea43361cfb11301e2f0f8921a8915b75de8e87cf1cd7627cd877,10,0.1,241,True,token_jaccard_single_linkage
0.9,Saravana-Saro14/Educational-chatbot,4fdce22e6628ea43361cfb11301e2f0f8921a8915b75de8e87cf1cd7627cd877,10,0.1,245,True,token_jaccard_single_linkage
0.9,Sree1216/AI_tutor,4fdce22e6628ea43361cfb11301e2f0f8921a8915b75de8e87cf1cd7627cd877,10,0.1,241,True,token_jaccard_single_linkage
0.9,tejuu23/ai-tutor,4fdce22e6628ea43361cfb11301e2f0f8921a8915b75de8e87cf1cd7627cd877,10,0.1,241,True,token_jaccard_single_linkage
0.9,AneelaFatima/AI_Friendly_Study_Tutor,unique:AneelaFatima/AI_Friendly_Study_Tutor,1,1.0,1319,True,token_jaccard_single_linkage
0.9,anir-1995/AI_Quiz_Generator,unique:anir-1995/AI_Quiz_Generator,1,1.0,1640,True,token_jaccard_single_linkage
0.9,AnishaG0201/maths_quiz_generator,unique:AnishaG0201/maths_quiz_generator,1,1.0,415,True,token_jaccard_single_linkage
0.9,ankittumu/Ace-Study-Assistant,unique:ankittumu/Ace-Study-Assistant,1,1.0,1002,True,token_jaccard_single_linkage
0.9,Anmol2006/AI_Study_Assistant,unique:Anmol2006/AI_Study_Assistant,1,1.0,179,True,token_jaccard_single_linkage
0.9,antedotee/teachingAssistant,unique:antedotee/teachingAssistant,1,1.0,1448,True,token_jaccard_single_linkage
0.9,Anupam251272/Education-Chatbot-Anupam,1238f8c2b8b96354fda0515255060d8f27766afca70c73dec2be62b3a0d9c8fd,2,0.5,545,True,token_jaccard_single_linkage
0.9,pratikshahp/Education-Chatbot-Guardrail,1238f8c2b8b96354fda0515255060d8f27766afca70c73dec2be62b3a0d9c8fd,2,0.5,545,True,token_jaccard_single_linkage
0.9,Archimagos/ai_tutor,unique:Archimagos/ai_tutor,1,1.0,129,True,token_jaccard_single_linkage
0.9,Archimagos/ai_tutor_3.2,unique:Archimagos/ai_tutor_3.2,1,1.0,387,True,token_jaccard_single_linkage
0.9,arjunjuneja/socratic-tutor,unique:arjunjuneja/socratic-tutor,1,1.0,2925,True,token_jaccard_single_linkage
0.9,arjunnnnn0720/StudyAssistant,unique:arjunnnnn0720/StudyAssistant,1,1.0,180,True,token_jaccard_single_linkage
0.9,arkiitkgp/AITutor,unique:arkiitkgp/AITutor,1,1.0,291,True,token_jaccard_single_linkage
0.9,Arko3910/Study_Assistant,unique:Arko3910/Study_Assistant,1,1.0,737,True,token_jaccard_single_linkage
0.9,Armour-12/Quiz-generator-t5base,unique:Armour-12/Quiz-generator-t5base,1,1.0,196,True,token_jaccard_single_linkage
0.9,Armour-12/Quiz_Generator,d8869e670584e20eca1864c588346c561c5182b11ea921e5d3393a1b2a3c6ef8,2,0.5,534,True,token_jaccard_single_linkage
0.9,mohammednouman/CB-Quiz-Generator,d8869e670584e20eca1864c588346c561c5182b11ea921e5d3393a1b2a3c6ef8,2,0.5,534,True,token_jaccard_single_linkage
0.9,ARNABMAJI1234/interactive-study-assistant-demo,unique:ARNABMAJI1234/interactive-study-assistant-demo,1,1.0,198,True,token_jaccard_single_linkage
0.9,arsalan16/Quiz-Generator-App,unique:arsalan16/Quiz-Generator-App,1,1.0,351,True,token_jaccard_single_linkage
0.9,Artykun/Ai-Quiz-Generator,unique:Artykun/Ai-Quiz-Generator,1,1.0,1204,True,token_jaccard_single_linkage
0.9,arumugam-rockstar/Myfirst-AITutor,unique:arumugam-rockstar/Myfirst-AITutor,1,1.0,201,True,token_jaccard_single_linkage
0.9,asad9641/AI-Study-Assistant-Ragbase,unique:asad9641/AI-Study-Assistant-Ragbase,1,1.0,1564,True,token_jaccard_single_linkage
0.9,Ashwand5/AI_Educational_Assistant,unique:Ashwand5/AI_Educational_Assistant,1,1.0,1335,True,token_jaccard_single_linkage
0.9,Asif1karim/Study_Assistant,unique:Asif1karim/Study_Assistant,1,1.0,2821,True,token_jaccard_single_linkage
0.9,aviatrix/Ai_Powered_Study_Assistant,unique:aviatrix/Ai_Powered_Study_Assistant,1,1.0,190,True,token_jaccard_single_linkage
0.9,Axiosingular/ai-tutor,unique:Axiosingular/ai-tutor,1,1.0,297,True,token_jaccard_single_linkage
0.9,ay3shaa/ai-study-assistant,unique:ay3shaa/ai-study-assistant,1,1.0,956,True,token_jaccard_single_linkage
0.9,AyeshaMasood/quiz-generator,unique:AyeshaMasood/quiz-generator,1,1.0,718,True,token_jaccard_single_linkage
0.9,ayudellastuti/rag-quiz-generator,unique:ayudellastuti/rag-quiz-generator,1,1.0,4295,True,token_jaccard_single_linkage
0.9,ayushsainime/socratic_maths_tutor.ai,unique:ayushsainime/socratic_maths_tutor.ai,1,1.0,861,True,token_jaccard_single_linkage
0.9,BadaPoojitha/StudyAssistant,unique:BadaPoojitha/StudyAssistant,1,1.0,176,True,token_jaccard_single_linkage
0.9,Bahauddin01/language-tutor-ai,unique:Bahauddin01/language-tutor-ai,1,1.0,432,True,token_jaccard_single_linkage
0.9,Belliar666/english-tutor-chatbot,unique:Belliar666/english-tutor-chatbot,1,1.0,617,True,token_jaccard_single_linkage
0.9,Bhargavi-31/Ai_tutor,7e79e22eb68ab4d2ff10b5bc46eaf5e64473a2749b499dce8d182efedb47ca37,3,0.3333333333333333,152,True,token_jaccard_single_linkage
0.9,Karishma-19/AI-Tutor,7e79e22eb68ab4d2ff10b5bc46eaf5e64473a2749b499dce8d182efedb47ca37,3,0.3333333333333333,152,True,token_jaccard_single_linkage
0.9,mashetti-17varshitha/AI_tutor,7e79e22eb68ab4d2ff10b5bc46eaf5e64473a2749b499dce8d182efedb47ca37,3,0.3333333333333333,152,True,token_jaccard_single_linkage
0.9,bhaskarreddy2006/my-study-assistant,unique:bhaskarreddy2006/my-study-assistant,1,1.0,182,True,token_jaccard_single_linkage
0.9,Bhuvana908/StudyAssistant,unique:Bhuvana908/StudyAssistant,1,1.0,179,True,token_jaccard_single_linkage
0.9,bielik-chatbot-devteam/english_tutor_bielik_ai,unique:bielik-chatbot-devteam/english_tutor_bielik_ai,1,1.0,1860,True,token_jaccard_single_linkage
0.9,bimboawo2026/AI-Tutor,unique:bimboawo2026/AI-Tutor,1,1.0,156,True,token_jaccard_single_linkage
0.9,bobo0000/PDF-Quiz-Generator,unique:bobo0000/PDF-Quiz-Generator,1,1.0,2715,True,token_jaccard_single_linkage
0.9,Boyston/reachy_mini_language_tutor,e71c55be1775e3e30c953dab266de56fe59553c11e7021dfc5c36551ae088564,2,0.5,8169,True,token_jaccard_single_linkage
0.9,mattdotvaughn/reachy_mini_language_tutor,e71c55be1775e3e30c953dab266de56fe59553c11e7021dfc5c36551ae088564,2,0.5,8169,True,token_jaccard_single_linkage
0.9,brcew/ai-engineering-tutor,unique:brcew/ai-engineering-tutor,1,1.0,3652,True,token_jaccard_single_linkage
0.9,BRH-Burhanudin/kimia-ai-tutor,unique:BRH-Burhanudin/kimia-ai-tutor,1,1.0,4352,True,token_jaccard_single_linkage
0.9,Brisha124/AI_TUTOR,unique:Brisha124/AI_TUTOR,1,1.0,146,True,token_jaccard_single_linkage
0.9,build-small-hackathon/tutordesk-ai,unique:build-small-hackathon/tutordesk-ai,1,1.0,1443,True,token_jaccard_single_linkage
0.9,BUNNY95R/AI_study_assistant,unique:BUNNY95R/AI_study_assistant,1,1.0,207,True,token_jaccard_single_linkage
0.9,chandanareddy1234/AITutor,548aeb58a4e0a1451b71a81e64269fdc8a6b98c159d5e4e8b0d887594555702a,6,0.16666666666666666,164,True,token_jaccard_single_linkage
0.9,mounikathatikonda/AI_TUTOR,548aeb58a4e0a1451b71a81e64269fdc8a6b98c159d5e4e8b0d887594555702a,6,0.16666666666666666,157,True,token_jaccard_single_linkage
0.9,santhoshi-123/AITUTOR,548aeb58a4e0a1451b71a81e64269fdc8a6b98c159d5e4e8b0d887594555702a,6,0.16666666666666666,164,True,token_jaccard_single_linkage
0.9,Sirichandanasamala/AI_TUTOR,548aeb58a4e0a1451b71a81e64269fdc8a6b98c159d5e4e8b0d887594555702a,6,0.16666666666666666,164,True,token_jaccard_single_linkage
0.9,Sri921980/Ai_Tutor,548aeb58a4e0a1451b71a81e64269fdc8a6b98c159d5e4e8b0d887594555702a,6,0.16666666666666666,157,True,token_jaccard_single_linkage
0.9,sudeepthitellapally/AITutor,548aeb58a4e0a1451b71a81e64269fdc8a6b98c159d5e4e8b0d887594555702a,6,0.16666666666666666,164,True,token_jaccard_single_linkage
0.9,ChandiniSiri/AI_TUTOR,unique:ChandiniSiri/AI_TUTOR,1,1.0,160,True,token_jaccard_single_linkage
0.9,chandrakireeti/StudyAssistant,fc1e5d9fcd6b049fb5daa1ec7532cbf1913b39b3fd64a98ad00b36870051ce4c,3,0.3333333333333333,175,True,token_jaccard_single_linkage
0.9,pranaymachi/StudyAssistant,fc1e5d9fcd6b049fb5daa1ec7532cbf1913b39b3fd64a98ad00b36870051ce4c,3,0.3333333333333333,175,True,token_jaccard_single_linkage
0.9,Rajeev0102/StudyAssistant,fc1e5d9fcd6b049fb5daa1ec7532cbf1913b39b3fd64a98ad00b36870051ce4c,3,0.3333333333333333,175,True,token_jaccard_single_linkage
0.9,chapeljj/PISA-Teaching-Assistant-Chatbot,unique:chapeljj/PISA-Teaching-Assistant-Chatbot,1,1.0,3308,True,token_jaccard_single_linkage
0.9,Charan-27-10/AI_TUTOR,88bf284794248c53b705355c26d1677cbde0ce0cfda7e5f179a344c86d77eada,10,0.1,156,True,token_jaccard_single_linkage
0.9,Harika06/AI_TUTOR,88bf284794248c53b705355c26d1677cbde0ce0cfda7e5f179a344c86d77eada,10,0.1,156,True,token_jaccard_single_linkage
0.9,NIKHITHA913/aitutor,88bf284794248c53b705355c26d1677cbde0ce0cfda7e5f179a344c86d77eada,10,0.1,156,True,token_jaccard_single_linkage
0.9,nruhh/Ai_tutor,88bf284794248c53b705355c26d1677cbde0ce0cfda7e5f179a344c86d77eada,10,0.1,156,True,token_jaccard_single_linkage
0.9,poojithathalla/AI_TUTOR,88bf284794248c53b705355c26d1677cbde0ce0cfda7e5f179a344c86d77eada,10,0.1,156,True,token_jaccard_single_linkage
0.9,provokingdiaries/AI_TUTOR,88bf284794248c53b705355c26d1677cbde0ce0cfda7e5f179a344c86d77eada,10,0.1,156,True,token_jaccard_single_linkage
0.9,samakanishkareddy/AI_TUTOR,88bf284794248c53b705355c26d1677cbde0ce0cfda7e5f179a344c86d77eada,10,0.1,156,True,token_jaccard_single_linkage
0.9,SambaReshma/AI_TUTOR,88bf284794248c53b705355c26d1677cbde0ce0cfda7e5f179a344c86d77eada,10,0.1,156,True,token_jaccard_single_linkage
0.9,sanakousar/AI_TUTOR,88bf284794248c53b705355c26d1677cbde0ce0cfda7e5f179a344c86d77eada,10,0.1,156,True,token_jaccard_single_linkage
0.9,sandariyogitha/AI_TUTOR,88bf284794248c53b705355c26d1677cbde0ce0cfda7e5f179a344c86d77eada,10,0.1,156,True,token_jaccard_single_linkage
0.9,cheriftassii/my-ai-tutor,unique:cheriftassii/my-ai-tutor,1,1.0,284,True,token_jaccard_single_linkage
0.9,Chidvilash3/socratic-tutor,unique:Chidvilash3/socratic-tutor,1,1.0,282,True,token_jaccard_single_linkage
0.9,chsubhasis/AI_Tutor,unique:chsubhasis/AI_Tutor,1,1.0,300,True,token_jaccard_single_linkage
0.9,clugg25/cluggos-ai-quiz-generator,unique:clugg25/cluggos-ai-quiz-generator,1,1.0,545,True,token_jaccard_single_linkage
0.9,CodeDiva42/study-assistant,e5c9120d28c1f374201ae06e67e93c69a75a6538e85106da0c2ccb5aa0a487da,2,0.5,1257,True,token_jaccard_single_linkage
0.9,RayaRam11/Study-assistant,e5c9120d28c1f374201ae06e67e93c69a75a6538e85106da0c2ccb5aa0a487da,2,0.5,1257,True,token_jaccard_single_linkage
0.9,codewithchaitanya15/StudyAssistant,unique:codewithchaitanya15/StudyAssistant,1,1.0,179,True,token_jaccard_single_linkage
0.9,cosmoEagle/DSA-Teaching-Assistant,unique:cosmoEagle/DSA-Teaching-Assistant,1,1.0,2279,True,token_jaccard_single_linkage
0.9,crystallizedcrust/quiz-generator,unique:crystallizedcrust/quiz-generator,1,1.0,585,True,token_jaccard_single_linkage
0.9,CT-AITUTOR/AITUTOR,unique:CT-AITUTOR/AITUTOR,1,1.0,451,True,token_jaccard_single_linkage
0.9,curalearning/lesson_plan_generator,unique:curalearning/lesson_plan_generator,1,1.0,1411,True,token_jaccard_single_linkage
0.9,Cyfer-ap/AI-Coding-Tutor,unique:Cyfer-ap/AI-Coding-Tutor,1,1.0,1025,True,token_jaccard_single_linkage
0.9,danielspba/Chatbot-Tutor-IA,unique:danielspba/Chatbot-Tutor-IA,1,1.0,407,True,token_jaccard_single_linkage
0.9,danielspba/Chatbot_prof_tutor,unique:danielspba/Chatbot_prof_tutor,1,1.0,272,True,token_jaccard_single_linkage
0.9,Danny2311/Quiz-Generator,unique:Danny2311/Quiz-Generator,1,1.0,379,True,token_jaccard_single_linkage
0.9,danrdoran/ai_tutor_flan_base,unique:danrdoran/ai_tutor_flan_base,1,1.0,133,True,token_jaccard_single_linkage
0.9,danrdoran/ai_tutor_flan_t5_large,unique:danrdoran/ai_tutor_flan_t5_large,1,1.0,165,True,token_jaccard_single_linkage
0.9,danrdoran/ai_tutor_gpt_neox,unique:danrdoran/ai_tutor_gpt_neox,1,1.0,91,True,token_jaccard_single_linkage
0.9,danrdoran/ai_tutor_llama,unique:danrdoran/ai_tutor_llama,1,1.0,101,True,token_jaccard_single_linkage
0.9,danrdoran/ai_tutor_v2,unique:danrdoran/ai_tutor_v2,1,1.0,125,True,token_jaccard_single_linkage
0.9,DataRebels/chatbot_language_tutor,unique:DataRebels/chatbot_language_tutor,1,1.0,772,True,token_jaccard_single_linkage
0.9,DataWizard9742/LessonPlanGenerator,unique:DataWizard9742/LessonPlanGenerator,1,1.0,286,True,token_jaccard_single_linkage
0.9,david280010195/Teaching_Assistant_AI,a6244030eb0731a8bcb108c69d25bdef7238412278d133a120f761ef4f128116,2,0.5,1310,True,token_jaccard_single_linkage
0.9,Rishabh12j/Teaching_Assistant_AI,a6244030eb0731a8bcb108c69d25bdef7238412278d133a120f761ef4f128116,2,0.5,1306,True,token_jaccard_single_linkage
0.9,deepang1902/quiz-generator-api,unique:deepang1902/quiz-generator-api,1,1.0,266,True,token_jaccard_single_linkage
0.9,DeepLearningAI/quiz-generator-v3,unique:DeepLearningAI/quiz-generator-v3,1,1.0,2144,True,token_jaccard_single_linkage
0.9,deepthi8518/StudyAssistantApp,unique:deepthi8518/StudyAssistantApp,1,1.0,200,True,token_jaccard_single_linkage
0.9,deneve07/pharma-quiz-generator,unique:deneve07/pharma-quiz-generator,1,1.0,4694,True,token_jaccard_single_linkage
0.9,dhanushshenoyh/study_assistant,unique:dhanushshenoyh/study_assistant,1,1.0,203,True,token_jaccard_single_linkage
0.9,DheerajKausik/RAG_BASED_AI_TEACHING_ASSISTANT,unique:DheerajKausik/RAG_BASED_AI_TEACHING_ASSISTANT,1,1.0,579,True,token_jaccard_single_linkage
0.9,dhivakar/my-study-assistant,unique:dhivakar/my-study-assistant,1,1.0,56,True,token_jaccard_single_linkage
0.9,Diid12rt/AITUTOR,unique:Diid12rt/AITUTOR,1,1.0,668,True,token_jaccard_single_linkage
0.9,dikshita0503/pdf-to-quiz-generator,unique:dikshita0503/pdf-to-quiz-generator,1,1.0,1166,True,token_jaccard_single_linkage
0.9,dineshstark7/StudyAssistant,unique:dineshstark7/StudyAssistant,1,1.0,397,True,token_jaccard_single_linkage
0.9,DipakBundheliya/flask_ai_tutor,unique:DipakBundheliya/flask_ai_tutor,1,1.0,587,True,token_jaccard_single_linkage
0.9,djaber15/ai_tutor,unique:djaber15/ai_tutor,1,1.0,3432,True,token_jaccard_single_linkage
0.9,DoctorHolly/BIO_Tutor_Chatbot,unique:DoctorHolly/BIO_Tutor_Chatbot,1,1.0,315,True,token_jaccard_single_linkage
0.9,doudoug1/educational-chatbot,unique:doudoug1/educational-chatbot,1,1.0,578,True,token_jaccard_single_linkage
0.9,DroolingPanda/teachingAssistant,unique:DroolingPanda/teachingAssistant,1,1.0,942,True,token_jaccard_single_linkage
0.9,echarif/education_chatbot,unique:echarif/education_chatbot,1,1.0,1855,True,token_jaccard_single_linkage
0.9,Ehtisham-84/Study-Assistant,unique:Ehtisham-84/Study-Assistant,1,1.0,1071,True,token_jaccard_single_linkage
0.9,ekantabanik/Tutor_Ai,unique:ekantabanik/Tutor_Ai,1,1.0,1442,True,token_jaccard_single_linkage
0.9,ekerin/german-tutor-chatbot-v2,unique:ekerin/german-tutor-chatbot-v2,1,1.0,853,True,token_jaccard_single_linkage
0.9,elsi29/Quiz-Generator-NLP,unique:elsi29/Quiz-Generator-NLP,1,1.0,1093,True,token_jaccard_single_linkage
0.9,elsi29/Quiz-Generator-TextPy,unique:elsi29/Quiz-Generator-TextPy,1,1.0,1314,True,token_jaccard_single_linkage
0.9,emanramadan/Tutor_Chatbot,f0335b245dcc2d11836efa5780a63c5ea853c26031c68353f6dfc598f778d893,2,0.5,391,True,token_jaccard_single_linkage
0.9,emanramadan/Tutor_Chatbot_,f0335b245dcc2d11836efa5780a63c5ea853c26031c68353f6dfc598f778d893,2,0.5,396,True,token_jaccard_single_linkage
0.9,emashahzad/StudyAssistant,b0efeaab801fcf2ab387fa274a027ddda41e3f6ad3581f66f4209f09d32652bc,2,0.5,949,True,token_jaccard_single_linkage
0.9,nishayaseen001/StudyAssistant,b0efeaab801fcf2ab387fa274a027ddda41e3f6ad3581f66f4209f09d32652bc,2,0.5,949,True,token_jaccard_single_linkage
0.9,engrsalman/Educational-AI-Chatbot,unique:engrsalman/Educational-AI-Chatbot,1,1.0,301,True,token_jaccard_single_linkage
0.9,eoinmcg/ai_tutor,198a465e173c0cc7f6a539762d86efacedc7ed10f1bffa498ae1b1a4953bfd40,2,0.5,589,True,token_jaccard_single_linkage
0.9,marty331/AI_Tutor,198a465e173c0cc7f6a539762d86efacedc7ed10f1bffa498ae1b1a4953bfd40,2,0.5,585,True,token_jaccard_single_linkage
0.9,fabeha-raheel/ai_study_assistant,unique:fabeha-raheel/ai_study_assistant,1,1.0,890,True,token_jaccard_single_linkage
0.9,fahadsiddiqui337/AI-education-chatbot,unique:fahadsiddiqui337/AI-education-chatbot,1,1.0,137,True,token_jaccard_single_linkage
0.9,Faiz3399/Ai-tutor-assistant,unique:Faiz3399/Ai-tutor-assistant,1,1.0,364,True,token_jaccard_single_linkage
0.9,Fatma033/Educational-Chatbot,unique:Fatma033/Educational-Chatbot,1,1.0,538,True,token_jaccard_single_linkage
0.9,fatymah12/AI_Quiz_Generator,unique:fatymah12/AI_Quiz_Generator,1,1.0,465,True,token_jaccard_single_linkage
0.9,Felrose/trisem-lesson-plan-generator,e63b29abec6c74a39b549184dd77e89325233c626d12241fc323a3ef9b7fdec4,2,0.5,1331,True,token_jaccard_single_linkage
0.9,Felrose/trisem-lesson-plan-generator-ENGLISH-LINK2,e63b29abec6c74a39b549184dd77e89325233c626d12241fc323a3ef9b7fdec4,2,0.5,1331,True,token_jaccard_single_linkage
0.9,firobeid/AI_Tutor,unique:firobeid/AI_Tutor,1,1.0,0,False,insufficient_source_shingles
0.9,fizailyas783/smart-study-assistant,unique:fizailyas783/smart-study-assistant,1,1.0,812,True,token_jaccard_single_linkage
0.9,flexfitfury9/ai-educational-platform,unique:flexfitfury9/ai-educational-platform,1,1.0,5006,True,token_jaccard_single_linkage
0.9,flexfitfury9/Ai_educational_platform,unique:flexfitfury9/Ai_educational_platform,1,1.0,1672,True,token_jaccard_single_linkage
0.9,gaurav9821/AI-language-Tutor,unique:gaurav9821/AI-language-Tutor,1,1.0,95,True,token_jaccard_single_linkage
0.9,geekaijosh/Agent_AI_Tutor,unique:geekaijosh/Agent_AI_Tutor,1,1.0,781,True,token_jaccard_single_linkage
0.9,Gimgaru/finalproject_aitutor,unique:Gimgaru/finalproject_aitutor,1,1.0,1393,True,token_jaccard_single_linkage
0.9,gneya/educational_chatbot,unique:gneya/educational_chatbot,1,1.0,688,True,token_jaccard_single_linkage
0.9,gobikrishna87/TechBytz-AI-Tutor,unique:gobikrishna87/TechBytz-AI-Tutor,1,1.0,151,True,token_jaccard_single_linkage
0.9,GoIpKrIsHnA/studyAssistantAI,unique:GoIpKrIsHnA/studyAssistantAI,1,1.0,169,True,token_jaccard_single_linkage
0.9,google/rad_learning_companion,unique:google/rad_learning_companion,1,1.0,2968,True,token_jaccard_single_linkage
0.9,gouravbathla/Language_Tutor,unique:gouravbathla/Language_Tutor,1,1.0,1605,True,token_jaccard_single_linkage
0.9,gr3g0r-i/quiz-generator,unique:gr3g0r-i/quiz-generator,1,1.0,153,True,token_jaccard_single_linkage
0.9,guddolla/ai.tutor,42e721b2773dfbb79a9d23b8be61569787e53eff16bce9d7f486497b8f5d1a91,4,0.25,485,True,token_jaccard_single_linkage
0.9,guddolla/AI_TUTOR,42e721b2773dfbb79a9d23b8be61569787e53eff16bce9d7f486497b8f5d1a91,4,0.25,485,True,token_jaccard_single_linkage
0.9,Jangasathwika/ai.tutor,42e721b2773dfbb79a9d23b8be61569787e53eff16bce9d7f486497b8f5d1a91,4,0.25,485,True,token_jaccard_single_linkage
0.9,phanisrigandla/AI_Tutor,42e721b2773dfbb79a9d23b8be61569787e53eff16bce9d7f486497b8f5d1a91,4,0.25,485,True,token_jaccard_single_linkage
0.9,Gungz/quiz-generator-baidu-ernie,unique:Gungz/quiz-generator-baidu-ernie,1,1.0,1078,True,token_jaccard_single_linkage
0.9,habiba-elshrkawy/quiz-generator,unique:habiba-elshrkawy/quiz-generator,1,1.0,2903,True,token_jaccard_single_linkage
0.9,hackmisty123/hack-misty-ai-tutor,unique:hackmisty123/hack-misty-ai-tutor,1,1.0,10463,True,token_jaccard_single_linkage
0.9,Hafeezaqsa01/Quiz_generator,unique:Hafeezaqsa01/Quiz_generator,1,1.0,0,False,insufficient_source_shingles
0.9,Hafsah-Fatima/Programming_Tutor_Chatbot,unique:Hafsah-Fatima/Programming_Tutor_Chatbot,1,1.0,164,True,token_jaccard_single_linkage
0.9,Hafsah-Fatima/Programming_Tutor_Chatbot_0.2,unique:Hafsah-Fatima/Programming_Tutor_Chatbot_0.2,1,1.0,166,True,token_jaccard_single_linkage
0.9,haiderijaz/mock-quiz-generator,unique:haiderijaz/mock-quiz-generator,1,1.0,820,True,token_jaccard_single_linkage
0.9,Hardik2704/Teaching_Assistant,unique:Hardik2704/Teaching_Assistant,1,1.0,413,True,token_jaccard_single_linkage
0.9,Hareesh221/30-day-course-generator,unique:Hareesh221/30-day-course-generator,1,1.0,192,True,token_jaccard_single_linkage
0.9,harikagajjala/AI_TUTOR,unique:harikagajjala/AI_TUTOR,1,1.0,141,True,token_jaccard_single_linkage
0.9,Hariprasaadh/QuizGenerator,unique:Hariprasaadh/QuizGenerator,1,1.0,605,True,token_jaccard_single_linkage
0.9,HarryPotter1o1/Study_Assistant,unique:HarryPotter1o1/Study_Assistant,1,1.0,761,True,token_jaccard_single_linkage
0.9,harsha17v/StudyAssistant,243bc88de522c9909545d56e197fad33cdf5b33f9d58440fbd811590c461aeb4,4,0.25,315,True,token_jaccard_single_linkage
0.9,lekhankolla/StudyAssistant,243bc88de522c9909545d56e197fad33cdf5b33f9d58440fbd811590c461aeb4,4,0.25,315,True,token_jaccard_single_linkage
0.9,SaiAbhiYaswanth/study_assistant,243bc88de522c9909545d56e197fad33cdf5b33f9d58440fbd811590c461aeb4,4,0.25,315,True,token_jaccard_single_linkage
0.9,theSriram/StudyAssistant,243bc88de522c9909545d56e197fad33cdf5b33f9d58440fbd811590c461aeb4,4,0.25,315,True,token_jaccard_single_linkage
0.9,Harsha855/StudyAssistant,unique:Harsha855/StudyAssistant,1,1.0,161,True,token_jaccard_single_linkage
0.9,harshj0506/teachingAssistant,unique:harshj0506/teachingAssistant,1,1.0,730,True,token_jaccard_single_linkage
0.9,HemanthRaj/Socratic-AI-Tutor-Model,unique:HemanthRaj/Socratic-AI-Tutor-Model,1,1.0,301,True,token_jaccard_single_linkage
0.9,HemanthRaj/socratic-tutor-embedder,unique:HemanthRaj/socratic-tutor-embedder,1,1.0,155,True,token_jaccard_single_linkage
0.9,HumeraAI/lesson-plan-generator,c2bd87f3627b14d18d1082a07a14b2173585292a291758f1d210f96e551d02f3,2,0.5,319,True,token_jaccard_single_linkage
0.9,Junaidblr/lesson-plan-generator,c2bd87f3627b14d18d1082a07a14b2173585292a291758f1d210f96e551d02f3,2,0.5,319,True,token_jaccard_single_linkage
0.9,HumeraAI/quiz-generator-from-PDF,unique:HumeraAI/quiz-generator-from-PDF,1,1.0,574,True,token_jaccard_single_linkage
0.9,hussainzaidi/AI-Teaching-Assistant,unique:hussainzaidi/AI-Teaching-Assistant,1,1.0,1044,True,token_jaccard_single_linkage
0.9,husseinhug321/Study-Buddy-AI-Learning-Assistant,unique:husseinhug321/Study-Buddy-AI-Learning-Assistant,1,1.0,681,True,token_jaccard_single_linkage
0.9,hyder-ali/ai_tutor,unique:hyder-ali/ai_tutor,1,1.0,218,True,token_jaccard_single_linkage
0.9,iamyash222/studyAssistant,unique:iamyash222/studyAssistant,1,1.0,163,True,token_jaccard_single_linkage
0.9,ifaundezf/estudiapp-quiz-generator,unique:ifaundezf/estudiapp-quiz-generator,1,1.0,211,True,token_jaccard_single_linkage
0.9,iju123/Quiz_Generator,unique:iju123/Quiz_Generator,1,1.0,170,True,token_jaccard_single_linkage
0.9,ilangs/AI_Math_Tutor,unique:ilangs/AI_Math_Tutor,1,1.0,3381,True,token_jaccard_single_linkage
0.9,ilsa15/educational_chatbot,unique:ilsa15/educational_chatbot,1,1.0,228,True,token_jaccard_single_linkage
0.9,Imsachinsingh00/education_chatbot,unique:Imsachinsingh00/education_chatbot,1,1.0,275,True,token_jaccard_single_linkage
0.9,ishanmm0410/rag-quiz-generator,unique:ishanmm0410/rag-quiz-generator,1,1.0,3694,True,token_jaccard_single_linkage
0.9,isreyas/Study_Assistant,unique:isreyas/Study_Assistant,1,1.0,210,True,token_jaccard_single_linkage
0.9,itsh4r01/AI-Quiz-Generator,unique:itsh4r01/AI-Quiz-Generator,1,1.0,91,True,token_jaccard_single_linkage
0.9,Jainish210705/Quiz_Generator,unique:Jainish210705/Quiz_Generator,1,1.0,1397,True,token_jaccard_single_linkage
0.9,Janakimeena/RAG-Base-Educational-Chatbot,unique:Janakimeena/RAG-Base-Educational-Chatbot,1,1.0,3602,True,token_jaccard_single_linkage
0.9,Jangasathwika/aitutor,unique:Jangasathwika/aitutor,1,1.0,429,True,token_jaccard_single_linkage
0.9,Jayadityasahu/my-study-assistant,unique:Jayadityasahu/my-study-assistant,1,1.0,233,True,token_jaccard_single_linkage
0.9,jayeshjachak/Study_Assistant,unique:jayeshjachak/Study_Assistant,1,1.0,284,True,token_jaccard_single_linkage
0.9,jdbolter/language-tutor,unique:jdbolter/language-tutor,1,1.0,262,True,token_jaccard_single_linkage
0.9,jee-ai-tutor/jee-ai-tutor-app,unique:jee-ai-tutor/jee-ai-tutor-app,1,1.0,99,True,token_jaccard_single_linkage
0.9,jenny-yuu/english-teaching-assistant,unique:jenny-yuu/english-teaching-assistant,1,1.0,1028,True,token_jaccard_single_linkage
0.9,jeyabala2905/12th-biology-ai-tutor,unique:jeyabala2905/12th-biology-ai-tutor,1,1.0,295,True,token_jaccard_single_linkage
0.9,jimmyyzz/Quiz_Generator,unique:jimmyyzz/Quiz_Generator,1,1.0,1049,True,token_jaccard_single_linkage
0.9,jlazoflores/Language_Tutor,unique:jlazoflores/Language_Tutor,1,1.0,1870,True,token_jaccard_single_linkage
0.9,john-supplychain/cpim-ai-tutor,unique:john-supplychain/cpim-ai-tutor,1,1.0,1387,True,token_jaccard_single_linkage
0.9,jonowrenn/cs-study-assistant,unique:jonowrenn/cs-study-assistant,1,1.0,446,True,token_jaccard_single_linkage
0.9,Josebert/JR_Quiz_Generator,unique:Josebert/JR_Quiz_Generator,1,1.0,357,True,token_jaccard_single_linkage
0.9,JPPD/Tutor-fisica-abp-chatbot,unique:JPPD/Tutor-fisica-abp-chatbot,1,1.0,345,True,token_jaccard_single_linkage
0.9,jsilbersky/AI-language-tutor,unique:jsilbersky/AI-language-tutor,1,1.0,178,True,token_jaccard_single_linkage
0.9,JulsdL/AI-Notebook-Tutor,unique:JulsdL/AI-Notebook-Tutor,1,1.0,1732,True,token_jaccard_single_linkage
0.9,jyoti210303/quiz-question-generator,unique:jyoti210303/quiz-question-generator,1,1.0,67,True,token_jaccard_single_linkage
0.9,KaifKohari/ai-math-tutor,unique:KaifKohari/ai-math-tutor,1,1.0,583,True,token_jaccard_single_linkage
0.9,kalai1915/AI-Tutor-Image-Gen,unique:kalai1915/AI-Tutor-Image-Gen,1,1.0,111,True,token_jaccard_single_linkage
0.9,kanagaraj/StudyAssistant,unique:kanagaraj/StudyAssistant,1,1.0,216,True,token_jaccard_single_linkage
0.9,Kanharamgurjar/Study_assistant_model,unique:Kanharamgurjar/Study_assistant_model,1,1.0,459,True,token_jaccard_single_linkage
0.9,karibubybsf/ai_tutor,unique:karibubybsf/ai_tutor,1,1.0,354,True,token_jaccard_single_linkage
0.9,karibubybsf/ai_tutor_v2,unique:karibubybsf/ai_tutor_v2,1,1.0,979,True,token_jaccard_single_linkage
0.9,karibubybsf/ai_tutor_v3,unique:karibubybsf/ai_tutor_v3,1,1.0,966,True,token_jaccard_single_linkage
0.9,KashishM/study_assistant,unique:KashishM/study_assistant,1,1.0,2617,True,token_jaccard_single_linkage
0.9,KashTheDev123/Accounting-Tutor-AI,unique:KashTheDev123/Accounting-Tutor-AI,1,1.0,108,True,token_jaccard_single_linkage
0.9,kastan/ai-teaching-assistant,f47c9564c22e818af4211ae132404bc9fdeb9d488c184649da0a4d712864c258,2,0.5,2552,True,token_jaccard_single_linkage
0.9,kastan/ai-teaching-assistant-beta,f47c9564c22e818af4211ae132404bc9fdeb9d488c184649da0a4d712864c258,2,0.5,2544,True,token_jaccard_single_linkage
0.9,Kaveri2109/rag-teaching-assistant,unique:Kaveri2109/rag-teaching-assistant,1,1.0,906,True,token_jaccard_single_linkage
0.9,Kavya-Thakar/ai-teaching-assistant-v2,unique:Kavya-Thakar/ai-teaching-assistant-v2,1,1.0,4059,True,token_jaccard_single_linkage
0.9,kavyasri0821/AI_Converstational_Data_Science_Tutor,unique:kavyasri0821/AI_Converstational_Data_Science_Tutor,1,1.0,336,True,token_jaccard_single_linkage
0.9,ke955/smm2-course-generator,unique:ke955/smm2-course-generator,1,1.0,3142,True,token_jaccard_single_linkage
0.9,Keerthana96/bridge_course_generator,unique:Keerthana96/bridge_course_generator,1,1.0,187,True,token_jaccard_single_linkage
0.9,khankashif/education_assistant_chatbot,unique:khankashif/education_assistant_chatbot,1,1.0,173,True,token_jaccard_single_linkage
0.9,Khanmx99/Pak-Angels-AI-Tutor,unique:Khanmx99/Pak-Angels-AI-Tutor,1,1.0,1919,True,token_jaccard_single_linkage
0.9,KhansaAQureshi/AI_Tutor,unique:KhansaAQureshi/AI_Tutor,1,1.0,184,True,token_jaccard_single_linkage
0.9,kinely/Study-Assistant,unique:kinely/Study-Assistant,1,1.0,680,True,token_jaccard_single_linkage
0.9,king011/AI-quiz-generator,unique:king011/AI-quiz-generator,1,1.0,737,True,token_jaccard_single_linkage
0.9,kodamkarthik281/AI_Conversational_Tutor,unique:kodamkarthik281/AI_Conversational_Tutor,1,1.0,440,True,token_jaccard_single_linkage
0.9,kollalekhan/StudyAssistant,unique:kollalekhan/StudyAssistant,1,1.0,401,True,token_jaccard_single_linkage
0.9,kousarshaik/AI_TUTOR,unique:kousarshaik/AI_TUTOR,1,1.0,156,True,token_jaccard_single_linkage
0.9,kr1shnasharma/academic-tutor-ai,unique:kr1shnasharma/academic-tutor-ai,1,1.0,7029,True,token_jaccard_single_linkage
0.9,kr1shnasharma/swp1-academic-ai-tutor,unique:kr1shnasharma/swp1-academic-ai-tutor,1,1.0,561,True,token_jaccard_single_linkage
0.9,krishala/TutorChatbot,unique:krishala/TutorChatbot,1,1.0,798,True,token_jaccard_single_linkage
0.9,Krishna-108/study-assistant,unique:Krishna-108/study-assistant,1,1.0,248,True,token_jaccard_single_linkage
0.9,krishnachaithanya26/StudyAssistant,unique:krishnachaithanya26/StudyAssistant,1,1.0,173,True,token_jaccard_single_linkage
0.9,Krishnajha18/StudyAssistant,unique:Krishnajha18/StudyAssistant,1,1.0,405,True,token_jaccard_single_linkage
0.9,KSaiManikanta/Ai_Data-Science_Tutor,unique:KSaiManikanta/Ai_Data-Science_Tutor,1,1.0,178,True,token_jaccard_single_linkage
0.9,KunalGupta1212/Quiz-generator,unique:KunalGupta1212/Quiz-generator,1,1.0,957,True,token_jaccard_single_linkage
0.9,kunalhugface/Football_Tutor_Chatbot,unique:kunalhugface/Football_Tutor_Chatbot,1,1.0,1982,True,token_jaccard_single_linkage
0.9,Lesterchia1/FPOC2_AI-Tutor_Chatbot,unique:Lesterchia1/FPOC2_AI-Tutor_Chatbot,1,1.0,2220,True,token_jaccard_single_linkage
0.9,Lipely/FYP-lesson-plan-generator,unique:Lipely/FYP-lesson-plan-generator,1,1.0,4165,True,token_jaccard_single_linkage
0.9,louiecerv/problem_solving_ai_tutor,unique:louiecerv/problem_solving_ai_tutor,1,1.0,582,True,token_jaccard_single_linkage
0.9,LoveJesus/biblical-language-tutor-chirho,unique:LoveJesus/biblical-language-tutor-chirho,1,1.0,1057,True,token_jaccard_single_linkage
0.9,LSATAdaptiveTutor/chatbot_tutor,unique:LSATAdaptiveTutor/chatbot_tutor,1,1.0,1539,True,token_jaccard_single_linkage
0.9,lynnnnrz/ai-teaching-assistant,a2359c7ad08e2533633d7efe61017373ff8178d9e9671c21fd1913051e9f2d74,2,0.5,6078,True,token_jaccard_single_linkage
0.9,roxqtang/ai-teaching-assistant,a2359c7ad08e2533633d7efe61017373ff8178d9e9671c21fd1913051e9f2d74,2,0.5,6078,True,token_jaccard_single_linkage
0.9,lynnnnrz/ai_teaching_assistant,unique:lynnnnrz/ai_teaching_assistant,1,1.0,4680,True,token_jaccard_single_linkage
0.9,Madni2025/MDCAT-AI-TUTOR,unique:Madni2025/MDCAT-AI-TUTOR,1,1.0,193,True,token_jaccard_single_linkage
0.9,Madni2025/MDCAT_AI_TUTOR,unique:Madni2025/MDCAT_AI_TUTOR,1,1.0,235,True,token_jaccard_single_linkage
0.9,maheshj90/StudyAssistant,unique:maheshj90/StudyAssistant,1,1.0,171,True,token_jaccard_single_linkage
0.9,ManarMagdy6/Professional-Quiz-Generator,unique:ManarMagdy6/Professional-Quiz-Generator,1,1.0,435,True,token_jaccard_single_linkage
0.9,Mani-krishna/StudyAssistant,unique:Mani-krishna/StudyAssistant,1,1.0,317,True,token_jaccard_single_linkage
0.9,Manikanta2793/my-study-assistant,unique:Manikanta2793/my-study-assistant,1,1.0,0,False,insufficient_source_shingles
0.9,Maram-almasary/AI_Study_Assistant,unique:Maram-almasary/AI_Study_Assistant,1,1.0,937,True,token_jaccard_single_linkage
0.9,maria355/Ai_teaching_assistant,unique:maria355/Ai_teaching_assistant,1,1.0,1462,True,token_jaccard_single_linkage
0.9,maria355/Quiz-Generator,unique:maria355/Quiz-Generator,1,1.0,479,True,token_jaccard_single_linkage
0.9,Masterlew/math-tutor-chatbot,unique:Masterlew/math-tutor-chatbot,1,1.0,1836,True,token_jaccard_single_linkage
0.9,mayankjen/AI-Powered_Teaching-Assistant,unique:mayankjen/AI-Powered_Teaching-Assistant,1,1.0,681,True,token_jaccard_single_linkage
0.9,MeetThakkar/quiz-generator,unique:MeetThakkar/quiz-generator,1,1.0,170,True,token_jaccard_single_linkage
0.9,mehakkhan/Kaggle_Study_Assistant,unique:mehakkhan/Kaggle_Study_Assistant,1,1.0,461,True,token_jaccard_single_linkage
0.9,Mehrann123/AI-tutor,unique:Mehrann123/AI-tutor,1,1.0,147,True,token_jaccard_single_linkage
0.9,Mehrann123/MMB-Quiz-Generator,unique:Mehrann123/MMB-Quiz-Generator,1,1.0,1933,True,token_jaccard_single_linkage
0.9,mehwishafsa/education_chatbot,unique:mehwishafsa/education_chatbot,1,1.0,165,True,token_jaccard_single_linkage
0.9,mercLH44/new-ai-tutor,unique:mercLH44/new-ai-tutor,1,1.0,1094,True,token_jaccard_single_linkage
0.9,midlajvalappil/AI-Powered-YouTube-Transcript-Tutor,unique:midlajvalappil/AI-Powered-YouTube-Transcript-Tutor,1,1.0,1675,True,token_jaccard_single_linkage
0.9,mithilesh22/StudyAssistant,unique:mithilesh22/StudyAssistant,1,1.0,176,True,token_jaccard_single_linkage
0.9,mkT83303/spanish-tutor-chatbot,unique:mkT83303/spanish-tutor-chatbot,1,1.0,107,True,token_jaccard_single_linkage
0.9,MMustafa313/RAG_Study_Assistant,unique:MMustafa313/RAG_Study_Assistant,1,1.0,431,True,token_jaccard_single_linkage
0.9,mogbuehi/LO_AI_Tutor,unique:mogbuehi/LO_AI_Tutor,1,1.0,401,True,token_jaccard_single_linkage
0.9,mogbuehi/YT_Language_Tutor,493cb0686f965abaaa1323372b9a9c8fc0bcd21df1c6d6eb23d77f30e5265fd8,2,0.5,1254,True,token_jaccard_single_linkage
0.9,mogbuehi/YT_Language_Tutor_2,493cb0686f965abaaa1323372b9a9c8fc0bcd21df1c6d6eb23d77f30e5265fd8,2,0.5,1254,True,token_jaccard_single_linkage
0.9,MohammadYaseen/personalized-study-assistant-chatbot,unique:MohammadYaseen/personalized-study-assistant-chatbot,1,1.0,335,True,token_jaccard_single_linkage
0.9,Mohd-Dilshan/ai-quiz-generator,unique:Mohd-Dilshan/ai-quiz-generator,1,1.0,434,True,token_jaccard_single_linkage
0.9,Mohit99Chand/EducationalAIChatbot,unique:Mohit99Chand/EducationalAIChatbot,1,1.0,574,True,token_jaccard_single_linkage
0.9,Mohitha/Conversational_AI_Data_Science_Tutor,unique:Mohitha/Conversational_AI_Data_Science_Tutor,1,1.0,263,True,token_jaccard_single_linkage
0.9,Moon33/linda-quiz-generator,unique:Moon33/linda-quiz-generator,1,1.0,2333,True,token_jaccard_single_linkage
0.9,MOrgan27/AI-study-assistant,unique:MOrgan27/AI-study-assistant,1,1.0,126,True,token_jaccard_single_linkage
0.9,motsimaslam/Afri-AI-Tutor,unique:motsimaslam/Afri-AI-Tutor,1,1.0,1307,True,token_jaccard_single_linkage
0.9,Mpavan45/Ai_Data-Science_Tutor,unique:Mpavan45/Ai_Data-Science_Tutor,1,1.0,520,True,token_jaccard_single_linkage
0.9,mrhamxa/Gradio-based-RAG-study-assistant,unique:mrhamxa/Gradio-based-RAG-study-assistant,1,1.0,614,True,token_jaccard_single_linkage
0.9,MrSimple01/QuizGenerator,unique:MrSimple01/QuizGenerator,1,1.0,1211,True,token_jaccard_single_linkage
0.9,muhammadHassan123/quiz-generator-ai,unique:muhammadHassan123/quiz-generator-ai,1,1.0,591,True,token_jaccard_single_linkage
0.9,Mujahid1122/AI-Based-Quiz-Generator,unique:Mujahid1122/AI-Based-Quiz-Generator,1,1.0,542,True,token_jaccard_single_linkage
0.9,mukeshpatel1006/Study_Assistant,unique:mukeshpatel1006/Study_Assistant,1,1.0,191,True,token_jaccard_single_linkage
0.9,Murtaza249/Text_to_Quiz_Generator,unique:Murtaza249/Text_to_Quiz_Generator,1,1.0,497,True,token_jaccard_single_linkage
0.9,N-Mothish/personalized-study-assistant,unique:N-Mothish/personalized-study-assistant,1,1.0,497,True,token_jaccard_single_linkage
0.9,nakshatravuppula25/AI_TUTOR,unique:nakshatravuppula25/AI_TUTOR,1,1.0,526,True,token_jaccard_single_linkage
0.9,nandigamavamshi/StudyAssistant,unique:nandigamavamshi/StudyAssistant,1,1.0,160,True,token_jaccard_single_linkage
0.9,nandini1810/AI_TUTOR,4866d6306f8133657e3026a2eea16c6c58edc7718897d32f2d37798f705db80c,3,0.3333333333333333,166,True,token_jaccard_single_linkage
0.9,SrihithaReddy123/AI_TUTOR,4866d6306f8133657e3026a2eea16c6c58edc7718897d32f2d37798f705db80c,3,0.3333333333333333,166,True,token_jaccard_single_linkage
0.9,Varshareddy1106/AI_TUTOR,4866d6306f8133657e3026a2eea16c6c58edc7718897d32f2d37798f705db80c,3,0.3333333333333333,166,True,token_jaccard_single_linkage
0.9,NavenTheRaven/Quiz_Generator,fd570250be1ece656a0614d4528fc2316dcb9639f8cc1b423ab85b95f3cd5fc4,3,0.3333333333333333,322,True,token_jaccard_single_linkage
0.9,rgos20000/Quiz_Generator,fd570250be1ece656a0614d4528fc2316dcb9639f8cc1b423ab85b95f3cd5fc4,3,0.3333333333333333,322,True,token_jaccard_single_linkage
0.9,s1313/Quiz_Generator,fd570250be1ece656a0614d4528fc2316dcb9639f8cc1b423ab85b95f3cd5fc4,3,0.3333333333333333,322,True,token_jaccard_single_linkage
0.9,nersyan/quiz-generator,unique:nersyan/quiz-generator,1,1.0,80,True,token_jaccard_single_linkage
0.9,nhu445/ai-english-tutor,unique:nhu445/ai-english-tutor,1,1.0,1093,True,token_jaccard_single_linkage
0.9,Nijanth/teaching-assistant-backend,unique:Nijanth/teaching-assistant-backend,1,1.0,679,True,token_jaccard_single_linkage
0.9,Nishanthan02/quiz-generator,unique:Nishanthan02/quiz-generator,1,1.0,2256,True,token_jaccard_single_linkage
0.9,nohitha05/AI-TUTOR,unique:nohitha05/AI-TUTOR,1,1.0,147,True,token_jaccard_single_linkage
0.9,npinar/quiz-generator,unique:npinar/quiz-generator,1,1.0,439,True,token_jaccard_single_linkage
0.9,nublelouch/study-assistant,unique:nublelouch/study-assistant,1,1.0,386,True,token_jaccard_single_linkage
0.9,Nullpointer-KK/ai-tutor-chatbot_KK,unique:Nullpointer-KK/ai-tutor-chatbot_KK,1,1.0,4249,True,token_jaccard_single_linkage
0.9,oluinioluwa814/Ai-tutor,unique:oluinioluwa814/Ai-tutor,1,1.0,494,True,token_jaccard_single_linkage
0.9,omprasadmahapatra/Ai_Math_Tutor,unique:omprasadmahapatra/Ai_Math_Tutor,1,1.0,144,True,token_jaccard_single_linkage
0.9,One2SkipAfew/tutormina-ai,unique:One2SkipAfew/tutormina-ai,1,1.0,3320,True,token_jaccard_single_linkage
0.9,patilyash22/Python-tutor-chatbot,unique:patilyash22/Python-tutor-chatbot,1,1.0,155,True,token_jaccard_single_linkage
0.9,pattato1/language-tutor,unique:pattato1/language-tutor,1,1.0,1394,True,token_jaccard_single_linkage
0.9,pattato1/languagetutor,unique:pattato1/languagetutor,1,1.0,995,True,token_jaccard_single_linkage
0.9,Pavan-Kumar23/quiz-generator,unique:Pavan-Kumar23/quiz-generator,1,1.0,17254,True,token_jaccard_single_linkage
0.9,philipobiorah/socratic-tutor,unique:philipobiorah/socratic-tutor,1,1.0,671,True,token_jaccard_single_linkage
0.9,Phoenix3274/AI-Quiz-Generator,unique:Phoenix3274/AI-Quiz-Generator,1,1.0,176,True,token_jaccard_single_linkage
0.9,Pooja1218/ai-quiz-generator,unique:Pooja1218/ai-quiz-generator,1,1.0,498,True,token_jaccard_single_linkage
0.9,pradeepodela/AI-tech-tutor,unique:pradeepodela/AI-tech-tutor,1,1.0,433,True,token_jaccard_single_linkage
0.9,Prak2005/AI-Powered-Personal-Study-Assistant,unique:Prak2005/AI-Powered-Personal-Study-Assistant,1,1.0,857,True,token_jaccard_single_linkage
0.9,praneeth300/AI-Quiz-Generator,unique:praneeth300/AI-Quiz-Generator,1,1.0,763,True,token_jaccard_single_linkage
0.9,Pranshuu/educational-chatbot,unique:Pranshuu/educational-chatbot,1,1.0,0,False,insufficient_source_shingles
0.9,prasanth22118131/StudyAssistant,unique:prasanth22118131/StudyAssistant,1,1.0,171,True,token_jaccard_single_linkage
0.9,Pratap1928/AI_Teaching_Assistant,unique:Pratap1928/AI_Teaching_Assistant,1,1.0,548,True,token_jaccard_single_linkage
0.9,pseudolab/AI_Tutor_BERT,unique:pseudolab/AI_Tutor_BERT,1,1.0,243,True,token_jaccard_single_linkage
0.9,pydeoxy/quiz_generator,unique:pydeoxy/quiz_generator,1,1.0,185,True,token_jaccard_single_linkage
0.9,qhaData/quiz-generator-pipeline,unique:qhaData/quiz-generator-pipeline,1,1.0,1036,True,token_jaccard_single_linkage
0.9,RabiaAbsar/genai-tutor-chatbot,unique:RabiaAbsar/genai-tutor-chatbot,1,1.0,193,True,token_jaccard_single_linkage
0.9,rachapich/PISA-Teaching-Assistant-ChatBot-Guru,unique:rachapich/PISA-Teaching-Assistant-ChatBot-Guru,1,1.0,1652,True,token_jaccard_single_linkage
0.9,Rahul2298/QuizGenerator,unique:Rahul2298/QuizGenerator,1,1.0,517,True,token_jaccard_single_linkage
0.9,RAHYDV/teaching-assistant,unique:RAHYDV/teaching-assistant,1,1.0,2439,True,token_jaccard_single_linkage
0.9,Raja02424/education-chatbot,unique:Raja02424/education-chatbot,1,1.0,75,True,token_jaccard_single_linkage
0.9,Rajesh20/AI_Tutor,unique:Rajesh20/AI_Tutor,1,1.0,71,True,token_jaccard_single_linkage
0.9,RAJKUMAR2504/AI-Study-Assistant,unique:RAJKUMAR2504/AI-Study-Assistant,1,1.0,614,True,token_jaccard_single_linkage
0.9,Ram05saran/ai-language-tutor,unique:Ram05saran/ai-language-tutor,1,1.0,120,True,token_jaccard_single_linkage
0.9,Ramya8637/quiz-generator,unique:Ramya8637/quiz-generator,1,1.0,167,True,token_jaccard_single_linkage
0.9,RamyaKammari/jee_ai_tutor,unique:RamyaKammari/jee_ai_tutor,1,1.0,1543,True,token_jaccard_single_linkage
0.9,Rashpinder/RAG-based-Agentic-AI-tutor,unique:Rashpinder/RAG-based-Agentic-AI-tutor,1,1.0,4471,True,token_jaccard_single_linkage
0.9,Rayi-ss/AI-Powered-Study-Assistant,unique:Rayi-ss/AI-Powered-Study-Assistant,1,1.0,2218,True,token_jaccard_single_linkage
0.9,Razzaqi3143/Engineering_Quiz_Generator,unique:Razzaqi3143/Engineering_Quiz_Generator,1,1.0,440,True,token_jaccard_single_linkage
0.9,rcventura108000/Sophia-Ai-english-tutor,unique:rcventura108000/Sophia-Ai-english-tutor,1,1.0,895,True,token_jaccard_single_linkage
0.9,ridgebradley888/Smart-AI-Tutor-APP,98d5d1d82d32a98b8308cce5607fd6a8b410b67af8e5d0f3e7a6b4144ebb662f,2,0.5,1246,True,token_jaccard_single_linkage
0.9,shukdevdatta123/Smart-AI-Tutor-APP,98d5d1d82d32a98b8308cce5607fd6a8b410b67af8e5d0f3e7a6b4144ebb662f,2,0.5,1246,True,token_jaccard_single_linkage
0.9,Rishabh12j/AI_Powered_Teaching_Assistant,unique:Rishabh12j/AI_Powered_Teaching_Assistant,1,1.0,714,True,token_jaccard_single_linkage
0.9,Riya00/quiz_generator,unique:Riya00/quiz_generator,1,1.0,316,True,token_jaccard_single_linkage
0.9,rk803/Data_Science_Tutor_Ai,unique:rk803/Data_Science_Tutor_Ai,1,1.0,545,True,token_jaccard_single_linkage
0.9,Rohit8827/StudyAssistant,unique:Rohit8827/StudyAssistant,1,1.0,179,True,token_jaccard_single_linkage
0.9,Rosh-2/physics_tutor_chatbot,unique:Rosh-2/physics_tutor_chatbot,1,1.0,171,True,token_jaccard_single_linkage
0.9,rugvedaa/Ai-tutorApp,unique:rugvedaa/Ai-tutorApp,1,1.0,2078,True,token_jaccard_single_linkage
0.9,Rupesx007/quiz_generator,unique:Rupesx007/quiz_generator,1,1.0,945,True,token_jaccard_single_linkage
0.9,SaanviWatrana/saanvi-ai-study-tutor,unique:SaanviWatrana/saanvi-ai-study-tutor,1,1.0,553,True,token_jaccard_single_linkage
0.9,sabahat-shakeel/study-assistant,unique:sabahat-shakeel/study-assistant,1,1.0,146,True,token_jaccard_single_linkage
0.9,sabrineoueslati/quiz-generator,unique:sabrineoueslati/quiz-generator,1,1.0,313,True,token_jaccard_single_linkage
0.9,sachi2004/ai-study-assistant,unique:sachi2004/ai-study-assistant,1,1.0,176,True,token_jaccard_single_linkage
0.9,Sadem-12/AI_Study_Assistant,unique:Sadem-12/AI_Study_Assistant,1,1.0,359,True,token_jaccard_single_linkage
0.9,SahilGupta4/Study_Assistant,unique:SahilGupta4/Study_Assistant,1,1.0,184,True,token_jaccard_single_linkage
0.9,saicharantej/aitutor,unique:saicharantej/aitutor,1,1.0,327,True,token_jaccard_single_linkage
0.9,saikumar27/AI_Powered_Data_Science_Tutor,unique:saikumar27/AI_Powered_Data_Science_Tutor,1,1.0,370,True,token_jaccard_single_linkage
0.9,saimahashmi/ai-study-assistant,unique:saimahashmi/ai-study-assistant,1,1.0,233,True,token_jaccard_single_linkage
0.9,sairaarif89/AITutor,unique:sairaarif89/AITutor,1,1.0,279,True,token_jaccard_single_linkage
0.9,Sajid1974/Socratic_QA_GenAI_Tutor,unique:Sajid1974/Socratic_QA_GenAI_Tutor,1,1.0,2085,True,token_jaccard_single_linkage
0.9,salsh093/SEG_StudyAssistant,unique:salsh093/SEG_StudyAssistant,1,1.0,2746,True,token_jaccard_single_linkage
0.9,samadjunejo/ai_study_assistant,unique:samadjunejo/ai_study_assistant,1,1.0,2755,True,token_jaccard_single_linkage
0.9,Samanfatima563474/tutor-ai,unique:Samanfatima563474/tutor-ai,1,1.0,1647,True,token_jaccard_single_linkage
0.9,sameekghosh/ai-python-teaching-assistant,unique:sameekghosh/ai-python-teaching-assistant,1,1.0,114,True,token_jaccard_single_linkage
0.9,samekbotfactorycz/aitutor,unique:samekbotfactorycz/aitutor,1,1.0,212,True,token_jaccard_single_linkage
0.9,Samyakj69/Study_Assistant,unique:Samyakj69/Study_Assistant,1,1.0,179,True,token_jaccard_single_linkage
0.9,SanaBegum23/AI_tutor,unique:SanaBegum23/AI_tutor,1,1.0,161,True,token_jaccard_single_linkage
0.9,sanchezpaez/speech_to_text_to_speech_language_tutor,unique:sanchezpaez/speech_to_text_to_speech_language_tutor,1,1.0,301,True,token_jaccard_single_linkage
0.9,sanjana033/my-study-assistant,unique:sanjana033/my-study-assistant,1,1.0,155,True,token_jaccard_single_linkage
0.9,Sanjay-Ai/AI-Powered-Socratic-Teaching-Assistant,unique:Sanjay-Ai/AI-Powered-Socratic-Teaching-Assistant,1,1.0,234,True,token_jaccard_single_linkage
0.9,Sanjay0102/StudyAssistant,unique:Sanjay0102/StudyAssistant,1,1.0,173,True,token_jaccard_single_linkage
0.9,sanketh2334/biology_ai_tutor,unique:sanketh2334/biology_ai_tutor,1,1.0,431,True,token_jaccard_single_linkage
0.9,santosh7/AI_converstion_Data_Science_Tutor,unique:santosh7/AI_converstion_Data_Science_Tutor,1,1.0,520,True,token_jaccard_single_linkage
0.9,Santoshtambe/ai-study-assistant,unique:Santoshtambe/ai-study-assistant,1,1.0,185,True,token_jaccard_single_linkage
0.9,Santoshtambe/study_Assistant,unique:Santoshtambe/study_Assistant,1,1.0,184,True,token_jaccard_single_linkage
0.9,saraHamza/Engli-Tutor-Chatbot,unique:saraHamza/Engli-Tutor-Chatbot,1,1.0,800,True,token_jaccard_single_linkage
0.9,satvik452007/Study_assistant,unique:satvik452007/Study_assistant,1,1.0,183,True,token_jaccard_single_linkage
0.9,Sayan21/Video-Tutor-AI,unique:Sayan21/Video-Tutor-AI,1,1.0,3032,True,token_jaccard_single_linkage
0.9,SBDeploy/Study_Assistant,unique:SBDeploy/Study_Assistant,1,1.0,160,True,token_jaccard_single_linkage
0.9,Selenophile786/physics-ai-tutor,unique:Selenophile786/physics-ai-tutor,1,1.0,1852,True,token_jaccard_single_linkage
0.9,SerotoninRonin/Quiz-Generator,unique:SerotoninRonin/Quiz-Generator,1,1.0,909,True,token_jaccard_single_linkage
0.9,sewusida/statistics_study_assistant,unique:sewusida/statistics_study_assistant,1,1.0,1177,True,token_jaccard_single_linkage
0.9,SH1VAM-2027/studyAssistant,unique:SH1VAM-2027/studyAssistant,1,1.0,250,True,token_jaccard_single_linkage
0.9,Shahbazakbar/AI-Tutor,unique:Shahbazakbar/AI-Tutor,1,1.0,415,True,token_jaccard_single_linkage
0.9,Shahbazakbar/RAG-AI-Tutor,unique:Shahbazakbar/RAG-AI-Tutor,1,1.0,411,True,token_jaccard_single_linkage
0.9,shaheerawan3/AI-Teaching-Assistant,unique:shaheerawan3/AI-Teaching-Assistant,1,1.0,943,True,token_jaccard_single_linkage
0.9,shahzaib41202/AI_ML_Tutor,unique:shahzaib41202/AI_ML_Tutor,1,1.0,451,True,token_jaccard_single_linkage
0.9,shankar-dev24/StudyAssistant,unique:shankar-dev24/StudyAssistant,1,1.0,313,True,token_jaccard_single_linkage
0.9,shawarnaditya121/ai-teaching-assistant,unique:shawarnaditya121/ai-teaching-assistant,1,1.0,1075,True,token_jaccard_single_linkage
0.9,shb59na/ai-study-tutor,unique:shb59na/ai-study-tutor,1,1.0,354,True,token_jaccard_single_linkage
0.9,sheraz00/ai-teaching-assistant,unique:sheraz00/ai-teaching-assistant,1,1.0,1111,True,token_jaccard_single_linkage
0.9,shikhahaljmili/ai-quiz-generator,unique:shikhahaljmili/ai-quiz-generator,1,1.0,431,True,token_jaccard_single_linkage
0.9,shirosh/ai-tutor,unique:shirosh/ai-tutor,1,1.0,312,True,token_jaccard_single_linkage
0.9,Shivam10lm/ai-teaching-assistant,unique:Shivam10lm/ai-teaching-assistant,1,1.0,580,True,token_jaccard_single_linkage
0.9,shivasai02/StudyAssistant,unique:shivasai02/StudyAssistant,1,1.0,170,True,token_jaccard_single_linkage
0.9,Shivateja23/DS_AI_TUTOR,unique:Shivateja23/DS_AI_TUTOR,1,1.0,392,True,token_jaccard_single_linkage
0.9,Shlok1005/Voice_chatbot_tutor,unique:Shlok1005/Voice_chatbot_tutor,1,1.0,425,True,token_jaccard_single_linkage
0.9,shroukelnagdy/quiz-generator,unique:shroukelnagdy/quiz-generator,1,1.0,1419,True,token_jaccard_single_linkage
0.9,shukdevdatta123/Language-Learning-Companion,unique:shukdevdatta123/Language-Learning-Companion,1,1.0,971,True,token_jaccard_single_linkage
0.9,shuklavartika/AI_Study_Assistant,unique:shuklavartika/AI_Study_Assistant,1,1.0,419,True,token_jaccard_single_linkage
0.9,Siddhisapkal/AI_Tutor,unique:Siddhisapkal/AI_Tutor,1,1.0,539,True,token_jaccard_single_linkage
0.9,Sindu31/IntelliGent-AI-Tutor-System,unique:Sindu31/IntelliGent-AI-Tutor-System,1,1.0,495,True,token_jaccard_single_linkage
0.9,siphiwesibisi/quiz-and-study-guide-generator,unique:siphiwesibisi/quiz-and-study-guide-generator,1,1.0,0,False,insufficient_source_shingles
0.9,siphiwesibisi/quiz-generator,unique:siphiwesibisi/quiz-generator,1,1.0,115,True,token_jaccard_single_linkage
0.9,SirigajjeDurga/AI-Personal-Tutor,unique:SirigajjeDurga/AI-Personal-Tutor,1,1.0,622,True,token_jaccard_single_linkage
0.9,siriItis/pdf-study-assistant,unique:siriItis/pdf-study-assistant,1,1.0,1601,True,token_jaccard_single_linkage
0.9,sk-12/EDUBUDDY-AI-TUTOR,unique:sk-12/EDUBUDDY-AI-TUTOR,1,1.0,919,True,token_jaccard_single_linkage
0.9,Solkyash/Ai-study-assistant,unique:Solkyash/Ai-study-assistant,1,1.0,198,True,token_jaccard_single_linkage
0.9,sravani30/AI_QUIZ_GENERATOR,unique:sravani30/AI_QUIZ_GENERATOR,1,1.0,758,True,token_jaccard_single_linkage
0.9,sreejamanthena/StudyAssistant,unique:sreejamanthena/StudyAssistant,1,1.0,338,True,token_jaccard_single_linkage
0.9,srinivas25046/ai-study-assistant,unique:srinivas25046/ai-study-assistant,1,1.0,284,True,token_jaccard_single_linkage
0.9,starkbyte45896/Quiz_Generator,unique:starkbyte45896/Quiz_Generator,1,1.0,592,True,token_jaccard_single_linkage
0.9,sudipta26889/Quiz-Generator,unique:sudipta26889/Quiz-Generator,1,1.0,2530,True,token_jaccard_single_linkage
0.9,Sujithraam/StudyAssistant,unique:Sujithraam/StudyAssistant,1,1.0,313,True,token_jaccard_single_linkage
0.9,SujithRaam07/StudyAssistant,unique:SujithRaam07/StudyAssistant,1,1.0,399,True,token_jaccard_single_linkage
0.9,sultan-hassan/adaptive_language_tutor,unique:sultan-hassan/adaptive_language_tutor,1,1.0,381,True,token_jaccard_single_linkage
0.9,tariqm603/study-assistant,unique:tariqm603/study-assistant,1,1.0,384,True,token_jaccard_single_linkage
0.9,tarunkanugu/study_Assistant,unique:tarunkanugu/study_Assistant,1,1.0,1093,True,token_jaccard_single_linkage
0.9,tayy786/Ai_Tutor_App,unique:tayy786/Ai_Tutor_App,1,1.0,625,True,token_jaccard_single_linkage
0.9,TeerthPurohit/RAG-TradingWithML-Teaching-Assistant,unique:TeerthPurohit/RAG-TradingWithML-Teaching-Assistant,1,1.0,188,True,token_jaccard_single_linkage
0.9,tfitzge134/gemini-learning-companion,unique:tfitzge134/gemini-learning-companion,1,1.0,279,True,token_jaccard_single_linkage
0.9,thabassum9/ai_tutor,unique:thabassum9/ai_tutor,1,1.0,104,True,token_jaccard_single_linkage
0.9,Thepatelsuraj12/Rag-based-AI-Teaching-Assistant,unique:Thepatelsuraj12/Rag-based-AI-Teaching-Assistant,1,1.0,1811,True,token_jaccard_single_linkage
0.9,thilak1/RAG-BASED-AI-TEACHING-ASSISTANT,unique:thilak1/RAG-BASED-AI-TEACHING-ASSISTANT,1,1.0,918,True,token_jaccard_single_linkage
0.9,Tomjedo/Education_Chatbot,unique:Tomjedo/Education_Chatbot,1,1.0,306,True,token_jaccard_single_linkage
0.9,Tonic/open-gpt-Lesson-Plan-Generator,unique:Tonic/open-gpt-Lesson-Plan-Generator,1,1.0,206,True,token_jaccard_single_linkage
0.9,tools4ds/ai_tutor,unique:tools4ds/ai_tutor,1,1.0,0,False,insufficient_source_shingles
0.9,towardsai-tutors/ai-tutor-chatbot,unique:towardsai-tutors/ai-tutor-chatbot,1,1.0,393,True,token_jaccard_single_linkage
0.9,Trivikrama/Physics_Lesson_Plan_Generator,unique:Trivikrama/Physics_Lesson_Plan_Generator,1,1.0,1043,True,token_jaccard_single_linkage
0.9,Troy88/Quiz-Generator,unique:Troy88/Quiz-Generator,1,1.0,809,True,token_jaccard_single_linkage
0.9,Turbiling/Backward-Design-Lesson-Plan-Generator,unique:Turbiling/Backward-Design-Lesson-Plan-Generator,1,1.0,453,True,token_jaccard_single_linkage
0.9,Turbiling/GB_Education_Chatbot,unique:Turbiling/GB_Education_Chatbot,1,1.0,139,True,token_jaccard_single_linkage
0.9,Turbiling/Lesson_Plan_Generator,unique:Turbiling/Lesson_Plan_Generator,1,1.0,498,True,token_jaccard_single_linkage
0.9,Turbiling/Sharqi_Education_Chatbot,unique:Turbiling/Sharqi_Education_Chatbot,1,1.0,669,True,token_jaccard_single_linkage
0.9,Tutor-Ai-100/AI_Tutor_Chatbot,unique:Tutor-Ai-100/AI_Tutor_Chatbot,1,1.0,135,True,token_jaccard_single_linkage
0.9,tyapab/ai-study-assistant,unique:tyapab/ai-study-assistant,1,1.0,333,True,token_jaccard_single_linkage
0.9,Udayveer1990/Language_tutor,unique:Udayveer1990/Language_tutor,1,1.0,163,True,token_jaccard_single_linkage
0.9,Ukhanyo/quiz-generator-ai,unique:Ukhanyo/quiz-generator-ai,1,1.0,114,True,token_jaccard_single_linkage
0.9,UlliInduSree/AI_Tutor_Chatbot,unique:UlliInduSree/AI_Tutor_Chatbot,1,1.0,109,True,token_jaccard_single_linkage
0.9,UmarIqbal000/quiz-generator-ai,unique:UmarIqbal000/quiz-generator-ai,1,1.0,915,True,token_jaccard_single_linkage
0.9,umerforsure/AI-Study-Assistant,unique:umerforsure/AI-Study-Assistant,1,1.0,1065,True,token_jaccard_single_linkage
0.9,Us-er-na-me/QuizGenerator,unique:Us-er-na-me/QuizGenerator,1,1.0,65,True,token_jaccard_single_linkage
0.9,Vaibhava24/my-study-assistant,unique:Vaibhava24/my-study-assistant,1,1.0,240,True,token_jaccard_single_linkage
0.9,Vaishnav-00299/my-study-assistant,unique:Vaishnav-00299/my-study-assistant,1,1.0,183,True,token_jaccard_single_linkage
0.9,VinayKarthik800/ai-tutor,unique:VinayKarthik800/ai-tutor,1,1.0,325,True,token_jaccard_single_linkage
0.9,vinitwaghmare/ai-study-assistant,unique:vinitwaghmare/ai-study-assistant,1,1.0,1119,True,token_jaccard_single_linkage
0.9,vinitwaghmare/bilingual-ai-study-assistant,unique:vinitwaghmare/bilingual-ai-study-assistant,1,1.0,775,True,token_jaccard_single_linkage
0.9,vipin1143/eva-teaching-assistant,unique:vipin1143/eva-teaching-assistant,1,1.0,2573,True,token_jaccard_single_linkage
0.9,vishalraaj1/AI-STUDY_ASSISTANT,unique:vishalraaj1/AI-STUDY_ASSISTANT,1,1.0,175,True,token_jaccard_single_linkage
0.9,VishnuSai05/Study_Assistant,unique:VishnuSai05/Study_Assistant,1,1.0,181,True,token_jaccard_single_linkage
0.9,vivicake666/math-tutor-chatbot,unique:vivicake666/math-tutor-chatbot,1,1.0,2114,True,token_jaccard_single_linkage
0.9,VSrilekha/AI-Tutor,unique:VSrilekha/AI-Tutor,1,1.0,144,True,token_jaccard_single_linkage
0.9,wajahatkhan/AI_tutor,unique:wajahatkhan/AI_tutor,1,1.0,99,True,token_jaccard_single_linkage
0.9,wimida/socratic-tutor-bot,unique:wimida/socratic-tutor-bot,1,1.0,82,True,token_jaccard_single_linkage
0.9,windsoldier/ai-teaching-assistant,unique:windsoldier/ai-teaching-assistant,1,1.0,835,True,token_jaccard_single_linkage
0.9,wupeiwen2001/reachy-mini-language-tutor,unique:wupeiwen2001/reachy-mini-language-tutor,1,1.0,5768,True,token_jaccard_single_linkage
0.9,yadavnirmal002/CBSE10-AI-Tutor,unique:yadavnirmal002/CBSE10-AI-Tutor,1,1.0,119,True,token_jaccard_single_linkage
0.9,Yasir-Bhatti/Education_tutor_chatbot,unique:Yasir-Bhatti/Education_tutor_chatbot,1,1.0,494,True,token_jaccard_single_linkage
0.9,YasirAnsari/AI_tutor,unique:YasirAnsari/AI_tutor,1,1.0,382,True,token_jaccard_single_linkage
0.9,Yasirkhalil12/ai-quiz-generator,unique:Yasirkhalil12/ai-quiz-generator,1,1.0,519,True,token_jaccard_single_linkage
0.9,Yenuli-Bimanya-404/ai-study-assistant-multilang,unique:Yenuli-Bimanya-404/ai-study-assistant-multilang,1,1.0,482,True,token_jaccard_single_linkage
0.9,yiyiyi999/ai-tutor-classroom,unique:yiyiyi999/ai-tutor-classroom,1,1.0,8510,True,token_jaccard_single_linkage
0.9,YKDep/StudyAssistant,unique:YKDep/StudyAssistant,1,1.0,172,True,token_jaccard_single_linkage
0.9,Younis123/Education_Assistant_chatbot,unique:Younis123/Education_Assistant_chatbot,1,1.0,162,True,token_jaccard_single_linkage
0.9,yuvabe-ai/AI-Tutor,unique:yuvabe-ai/AI-Tutor,1,1.0,698,True,token_jaccard_single_linkage
0.9,Yuvasriiii/personalized_study_assistant,unique:Yuvasriiii/personalized_study_assistant,1,1.0,173,True,token_jaccard_single_linkage
0.9,zaini1234/pdf-quiz-generator,unique:zaini1234/pdf-quiz-generator,1,1.0,523,True,token_jaccard_single_linkage
0.9,zara65724/AI-Vocabulary-Tutor,unique:zara65724/AI-Vocabulary-Tutor,1,1.0,824,True,token_jaccard_single_linkage
0.9,zizo66/AI-Language-Tutor,unique:zizo66/AI-Language-Tutor,1,1.0,446,True,token_jaccard_single_linkage
0.95,10805j/aitutor,unique:10805j/aitutor,1,1.0,469,True,token_jaccard_single_linkage
0.95,13yashjadhav11/study_assistant,unique:13yashjadhav11/study_assistant,1,1.0,172,True,token_jaccard_single_linkage
0.95,24-cka-ML/quiz-generator,unique:24-cka-ML/quiz-generator,1,1.0,1882,True,token_jaccard_single_linkage
0.95,3atar/Study-assistant,unique:3atar/Study-assistant,1,1.0,1570,True,token_jaccard_single_linkage
0.95,77skaul/edu-tutor-chatbot,unique:77skaul/edu-tutor-chatbot,1,1.0,158,True,token_jaccard_single_linkage
0.95,aakashdevdat/Quiz_generator_1,unique:aakashdevdat/Quiz_generator_1,1,1.0,132,True,token_jaccard_single_linkage
0.95,Aasher/Flexx_Your_Homework_Assistant,unique:Aasher/Flexx_Your_Homework_Assistant,1,1.0,3273,True,token_jaccard_single_linkage
0.95,aazankhanYousafzai/Ai_Study_Assistant,unique:aazankhanYousafzai/Ai_Study_Assistant,1,1.0,449,True,token_jaccard_single_linkage
0.95,abai-cn/linux-teaching-assistant,unique:abai-cn/linux-teaching-assistant,1,1.0,2352,True,token_jaccard_single_linkage
0.95,Abdalaziz2026/Syria-ai-tutor,unique:Abdalaziz2026/Syria-ai-tutor,1,1.0,360,True,token_jaccard_single_linkage
0.95,Abde1ra7man/Quiz_Generator,unique:Abde1ra7man/Quiz_Generator,1,1.0,570,True,token_jaccard_single_linkage
0.95,Abdelrahman04/egyptian-educational-chatbot-demo,unique:Abdelrahman04/egyptian-educational-chatbot-demo,1,1.0,272,True,token_jaccard_single_linkage
0.95,abdullahkhankakar/quiz-generator,unique:abdullahkhankakar/quiz-generator,1,1.0,941,True,token_jaccard_single_linkage
0.95,abhey-patel/quiz-generator-space,unique:abhey-patel/quiz-generator-space,1,1.0,220,True,token_jaccard_single_linkage
0.95,Abhinaychatla/language_voice_tutor,unique:Abhinaychatla/language_voice_tutor,1,1.0,1367,True,token_jaccard_single_linkage
0.95,AbhiReddy1/AI_datascince_Tutor,unique:AbhiReddy1/AI_datascince_Tutor,1,1.0,186,True,token_jaccard_single_linkage
0.95,ABRB0917/StudyAssistant,bbb9729453628293f440b1d2cfc9a2dcf651e852ddfc743d88b64dfcbb78cd65,13,0.07692307692307693,172,True,token_jaccard_single_linkage
0.95,Anil3920/StudyAssistant,bbb9729453628293f440b1d2cfc9a2dcf651e852ddfc743d88b64dfcbb78cd65,13,0.07692307692307693,172,True,token_jaccard_single_linkage
0.95,Anilkumar12/StudyAssistant,bbb9729453628293f440b1d2cfc9a2dcf651e852ddfc743d88b64dfcbb78cd65,13,0.07692307692307693,169,True,token_jaccard_single_linkage
0.95,cipher2150/Study-Assistant,bbb9729453628293f440b1d2cfc9a2dcf651e852ddfc743d88b64dfcbb78cd65,13,0.07692307692307693,172,True,token_jaccard_single_linkage
0.95,dinu143/Study-Assistant,bbb9729453628293f440b1d2cfc9a2dcf651e852ddfc743d88b64dfcbb78cd65,13,0.07692307692307693,172,True,token_jaccard_single_linkage
0.95,gopichand55k/StudyAssistant,bbb9729453628293f440b1d2cfc9a2dcf651e852ddfc743d88b64dfcbb78cd65,13,0.07692307692307693,172,True,token_jaccard_single_linkage
0.95,kundan857/StudyAssistant,bbb9729453628293f440b1d2cfc9a2dcf651e852ddfc743d88b64dfcbb78cd65,13,0.07692307692307693,172,True,token_jaccard_single_linkage
0.95,rexiy/study_assistant,bbb9729453628293f440b1d2cfc9a2dcf651e852ddfc743d88b64dfcbb78cd65,13,0.07692307692307693,172,True,token_jaccard_single_linkage
0.95,sangareddijaswanth/study_assistant,bbb9729453628293f440b1d2cfc9a2dcf651e852ddfc743d88b64dfcbb78cd65,13,0.07692307692307693,178,True,token_jaccard_single_linkage
0.95,saru21/study_assistant,bbb9729453628293f440b1d2cfc9a2dcf651e852ddfc743d88b64dfcbb78cd65,13,0.07692307692307693,172,True,token_jaccard_single_linkage
0.95,sreenivasulaReddy/StudyAssistant,bbb9729453628293f440b1d2cfc9a2dcf651e852ddfc743d88b64dfcbb78cd65,13,0.07692307692307693,173,True,token_jaccard_single_linkage
0.95,Srushtii-13/Study_Assistant,bbb9729453628293f440b1d2cfc9a2dcf651e852ddfc743d88b64dfcbb78cd65,13,0.07692307692307693,172,True,token_jaccard_single_linkage
0.95,Trinesh16/StudyAssistant,bbb9729453628293f440b1d2cfc9a2dcf651e852ddfc743d88b64dfcbb78cd65,13,0.07692307692307693,172,True,token_jaccard_single_linkage
0.95,abubakaraabi786/programming-tutor-chatbot,unique:abubakaraabi786/programming-tutor-chatbot,1,1.0,677,True,token_jaccard_single_linkage
0.95,Achyutar/Engross-Educational-AI,9c197289f42e33e75362c04dcae20ad5fa2270eed513a502ae99a01965a60917,9,0.1111111111111111,205,True,token_jaccard_single_linkage
0.95,alusinebarrie/ai-teaching-assistant,9c197289f42e33e75362c04dcae20ad5fa2270eed513a502ae99a01965a60917,9,0.1111111111111111,205,True,token_jaccard_single_linkage
0.95,appcreator199/studyassistant,9c197289f42e33e75362c04dcae20ad5fa2270eed513a502ae99a01965a60917,9,0.1111111111111111,205,True,token_jaccard_single_linkage
0.95,forWard666/AL_TEACHING_ASSISTANT,9c197289f42e33e75362c04dcae20ad5fa2270eed513a502ae99a01965a60917,9,0.1111111111111111,205,True,token_jaccard_single_linkage
0.95,harshu07/ai_tutor,9c197289f42e33e75362c04dcae20ad5fa2270eed513a502ae99a01965a60917,9,0.1111111111111111,205,True,token_jaccard_single_linkage
0.95,hasithmutha/quiz-generator-ai,9c197289f42e33e75362c04dcae20ad5fa2270eed513a502ae99a01965a60917,9,0.1111111111111111,205,True,token_jaccard_single_linkage
0.95,montue/Teaching_Assistant,9c197289f42e33e75362c04dcae20ad5fa2270eed513a502ae99a01965a60917,9,0.1111111111111111,205,True,token_jaccard_single_linkage
0.95,uc-msai631-2025-spring/group2_study_assistant,9c197289f42e33e75362c04dcae20ad5fa2270eed513a502ae99a01965a60917,9,0.1111111111111111,205,True,token_jaccard_single_linkage
0.95,wangzy217/Teaching_Assistant,9c197289f42e33e75362c04dcae20ad5fa2270eed513a502ae99a01965a60917,9,0.1111111111111111,205,True,token_jaccard_single_linkage
0.95,adil1598/edubot-ai-latex-learning-companion,unique:adil1598/edubot-ai-latex-learning-companion,1,1.0,1817,True,token_jaccard_single_linkage
0.95,Aditya1546/ai-study-assistant,unique:Aditya1546/ai-study-assistant,1,1.0,729,True,token_jaccard_single_linkage
0.95,AdityaKokate/StudyAssistant,unique:AdityaKokate/StudyAssistant,1,1.0,179,True,token_jaccard_single_linkage
0.95,adriiita/TeachingAssistant,unique:adriiita/TeachingAssistant,1,1.0,901,True,token_jaccard_single_linkage
0.95,Agents-MCP-Hackathon/AI-Quiz-Generator,a1976c6896837ba2691a189fe8570f7bae7093205789d06f24f1706feeeca1b1,2,0.5,356,True,token_jaccard_single_linkage
0.95,viraja1/AI-Quiz-Generator,a1976c6896837ba2691a189fe8570f7bae7093205789d06f24f1706feeeca1b1,2,0.5,356,True,token_jaccard_single_linkage
0.95,Agents-MCP-Hackathon/AI-Tutor-and-Syllabus-Planner,unique:Agents-MCP-Hackathon/AI-Tutor-and-Syllabus-Planner,1,1.0,4313,True,token_jaccard_single_linkage
0.95,Agents-MCP-Hackathon/AI_tutor,unique:Agents-MCP-Hackathon/AI_tutor,1,1.0,4912,True,token_jaccard_single_linkage
0.95,ajmalllllllll/loksewaai-pal-your-study-buddy-assistant,unique:ajmalllllllll/loksewaai-pal-your-study-buddy-assistant,1,1.0,3164,True,token_jaccard_single_linkage
0.95,Akash035/my_study_assistant,unique:Akash035/my_study_assistant,1,1.0,173,True,token_jaccard_single_linkage
0.95,akhileshjethi/Study-assistant-ai,unique:akhileshjethi/Study-assistant-ai,1,1.0,194,True,token_jaccard_single_linkage
0.95,akshay0149/TeachingAssistant,5a6f077c19d2d9ff645b8b793ebf41fa776aeff2410359ef3a164b34d55c6bdf,5,0.2,172,True,token_jaccard_single_linkage
0.95,Apoorvahu/my-study-assistant,5a6f077c19d2d9ff645b8b793ebf41fa776aeff2410359ef3a164b34d55c6bdf,5,0.2,172,True,token_jaccard_single_linkage
0.95,harika-donthula/my-study-assistant,5a6f077c19d2d9ff645b8b793ebf41fa776aeff2410359ef3a164b34d55c6bdf,5,0.2,172,True,token_jaccard_single_linkage
0.95,jakeeeeeeee/my-study-assistant,5a6f077c19d2d9ff645b8b793ebf41fa776aeff2410359ef3a164b34d55c6bdf,5,0.2,172,True,token_jaccard_single_linkage
0.95,Megana10/ai_study_assistant,5a6f077c19d2d9ff645b8b793ebf41fa776aeff2410359ef3a164b34d55c6bdf,5,0.2,172,True,token_jaccard_single_linkage
0.95,Aleesha29/socratic_tutor,unique:Aleesha29/socratic_tutor,1,1.0,1547,True,token_jaccard_single_linkage
0.95,alusinebarrie/your-ai-teaching-assistant,unique:alusinebarrie/your-ai-teaching-assistant,1,1.0,116,True,token_jaccard_single_linkage
0.95,amalrajmp/StudyAssistant,unique:amalrajmp/StudyAssistant,1,1.0,188,True,token_jaccard_single_linkage
0.95,aman7935/Quiz_generator,fb206ba300dfc6e116dfb441b2db181689df0198ac39df7cf20e878009803cf8,5,0.2,245,True,token_jaccard_single_linkage
0.95,educationAI/education-ai-study-assistant,fb206ba300dfc6e116dfb441b2db181689df0198ac39df7cf20e878009803cf8,5,0.2,245,True,token_jaccard_single_linkage
0.95,ekerin/german-tutor-chatbot,fb206ba300dfc6e116dfb441b2db181689df0198ac39df7cf20e878009803cf8,5,0.2,245,True,token_jaccard_single_linkage
0.95,ramashandoubeh/Education-chatbot,fb206ba300dfc6e116dfb441b2db181689df0198ac39df7cf20e878009803cf8,5,0.2,245,True,token_jaccard_single_linkage
0.95,Saravana-Saro14/Educational-chatbot,fb206ba300dfc6e116dfb441b2db181689df0198ac39df7cf20e878009803cf8,5,0.2,245,True,token_jaccard_single_linkage
0.95,AneelaFatima/AI_Friendly_Study_Tutor,unique:AneelaFatima/AI_Friendly_Study_Tutor,1,1.0,1319,True,token_jaccard_single_linkage
0.95,anir-1995/AI_Quiz_Generator,unique:anir-1995/AI_Quiz_Generator,1,1.0,1640,True,token_jaccard_single_linkage
0.95,AnishaG0201/maths_quiz_generator,unique:AnishaG0201/maths_quiz_generator,1,1.0,415,True,token_jaccard_single_linkage
0.95,ankittumu/Ace-Study-Assistant,unique:ankittumu/Ace-Study-Assistant,1,1.0,1002,True,token_jaccard_single_linkage
0.95,Anmol2006/AI_Study_Assistant,unique:Anmol2006/AI_Study_Assistant,1,1.0,179,True,token_jaccard_single_linkage
0.95,antedotee/teachingAssistant,unique:antedotee/teachingAssistant,1,1.0,1448,True,token_jaccard_single_linkage
0.95,Anupam251272/Education-Chatbot-Anupam,1238f8c2b8b96354fda0515255060d8f27766afca70c73dec2be62b3a0d9c8fd,2,0.5,545,True,token_jaccard_single_linkage
0.95,pratikshahp/Education-Chatbot-Guardrail,1238f8c2b8b96354fda0515255060d8f27766afca70c73dec2be62b3a0d9c8fd,2,0.5,545,True,token_jaccard_single_linkage
0.95,Archimagos/ai_tutor,unique:Archimagos/ai_tutor,1,1.0,129,True,token_jaccard_single_linkage
0.95,Archimagos/ai_tutor_3.2,unique:Archimagos/ai_tutor_3.2,1,1.0,387,True,token_jaccard_single_linkage
0.95,arjunjuneja/socratic-tutor,unique:arjunjuneja/socratic-tutor,1,1.0,2925,True,token_jaccard_single_linkage
0.95,arjunnnnn0720/StudyAssistant,unique:arjunnnnn0720/StudyAssistant,1,1.0,180,True,token_jaccard_single_linkage
0.95,arkiitkgp/AITutor,unique:arkiitkgp/AITutor,1,1.0,291,True,token_jaccard_single_linkage
0.95,Arko3910/Study_Assistant,unique:Arko3910/Study_Assistant,1,1.0,737,True,token_jaccard_single_linkage
0.95,Armour-12/Quiz-generator-t5base,unique:Armour-12/Quiz-generator-t5base,1,1.0,196,True,token_jaccard_single_linkage
0.95,Armour-12/Quiz_Generator,d8869e670584e20eca1864c588346c561c5182b11ea921e5d3393a1b2a3c6ef8,2,0.5,534,True,token_jaccard_single_linkage
0.95,mohammednouman/CB-Quiz-Generator,d8869e670584e20eca1864c588346c561c5182b11ea921e5d3393a1b2a3c6ef8,2,0.5,534,True,token_jaccard_single_linkage
0.95,ARNABMAJI1234/interactive-study-assistant-demo,unique:ARNABMAJI1234/interactive-study-assistant-demo,1,1.0,198,True,token_jaccard_single_linkage
0.95,arsalan16/Quiz-Generator-App,unique:arsalan16/Quiz-Generator-App,1,1.0,351,True,token_jaccard_single_linkage
0.95,Artykun/Ai-Quiz-Generator,unique:Artykun/Ai-Quiz-Generator,1,1.0,1204,True,token_jaccard_single_linkage
0.95,arumugam-rockstar/Myfirst-AITutor,unique:arumugam-rockstar/Myfirst-AITutor,1,1.0,201,True,token_jaccard_single_linkage
0.95,asad9641/AI-Study-Assistant-Ragbase,unique:asad9641/AI-Study-Assistant-Ragbase,1,1.0,1564,True,token_jaccard_single_linkage
0.95,Ashwand5/AI_Educational_Assistant,unique:Ashwand5/AI_Educational_Assistant,1,1.0,1335,True,token_jaccard_single_linkage
0.95,Asif1karim/Study_Assistant,unique:Asif1karim/Study_Assistant,1,1.0,2821,True,token_jaccard_single_linkage
0.95,aviatrix/Ai_Powered_Study_Assistant,unique:aviatrix/Ai_Powered_Study_Assistant,1,1.0,190,True,token_jaccard_single_linkage
0.95,Axiosingular/ai-tutor,unique:Axiosingular/ai-tutor,1,1.0,297,True,token_jaccard_single_linkage
0.95,ay3shaa/ai-study-assistant,unique:ay3shaa/ai-study-assistant,1,1.0,956,True,token_jaccard_single_linkage
0.95,AyeshaMasood/quiz-generator,unique:AyeshaMasood/quiz-generator,1,1.0,718,True,token_jaccard_single_linkage
0.95,ayudellastuti/rag-quiz-generator,unique:ayudellastuti/rag-quiz-generator,1,1.0,4295,True,token_jaccard_single_linkage
0.95,ayushsainime/socratic_maths_tutor.ai,unique:ayushsainime/socratic_maths_tutor.ai,1,1.0,861,True,token_jaccard_single_linkage
0.95,BadaPoojitha/StudyAssistant,unique:BadaPoojitha/StudyAssistant,1,1.0,176,True,token_jaccard_single_linkage
0.95,Bahauddin01/language-tutor-ai,unique:Bahauddin01/language-tutor-ai,1,1.0,432,True,token_jaccard_single_linkage
0.95,Belliar666/english-tutor-chatbot,unique:Belliar666/english-tutor-chatbot,1,1.0,617,True,token_jaccard_single_linkage
0.95,Bhargavi-31/Ai_tutor,7e79e22eb68ab4d2ff10b5bc46eaf5e64473a2749b499dce8d182efedb47ca37,3,0.3333333333333333,152,True,token_jaccard_single_linkage
0.95,Karishma-19/AI-Tutor,7e79e22eb68ab4d2ff10b5bc46eaf5e64473a2749b499dce8d182efedb47ca37,3,0.3333333333333333,152,True,token_jaccard_single_linkage
0.95,mashetti-17varshitha/AI_tutor,7e79e22eb68ab4d2ff10b5bc46eaf5e64473a2749b499dce8d182efedb47ca37,3,0.3333333333333333,152,True,token_jaccard_single_linkage
0.95,bhaskarreddy2006/my-study-assistant,unique:bhaskarreddy2006/my-study-assistant,1,1.0,182,True,token_jaccard_single_linkage
0.95,Bhuvana908/StudyAssistant,unique:Bhuvana908/StudyAssistant,1,1.0,179,True,token_jaccard_single_linkage
0.95,bielik-chatbot-devteam/english_tutor_bielik_ai,unique:bielik-chatbot-devteam/english_tutor_bielik_ai,1,1.0,1860,True,token_jaccard_single_linkage
0.95,bimboawo2026/AI-Tutor,unique:bimboawo2026/AI-Tutor,1,1.0,156,True,token_jaccard_single_linkage
0.95,bobo0000/PDF-Quiz-Generator,unique:bobo0000/PDF-Quiz-Generator,1,1.0,2715,True,token_jaccard_single_linkage
0.95,Boyston/reachy_mini_language_tutor,e71c55be1775e3e30c953dab266de56fe59553c11e7021dfc5c36551ae088564,2,0.5,8169,True,token_jaccard_single_linkage
0.95,mattdotvaughn/reachy_mini_language_tutor,e71c55be1775e3e30c953dab266de56fe59553c11e7021dfc5c36551ae088564,2,0.5,8169,True,token_jaccard_single_linkage
0.95,brcew/ai-engineering-tutor,unique:brcew/ai-engineering-tutor,1,1.0,3652,True,token_jaccard_single_linkage
0.95,BRH-Burhanudin/kimia-ai-tutor,unique:BRH-Burhanudin/kimia-ai-tutor,1,1.0,4352,True,token_jaccard_single_linkage
0.95,Brisha124/AI_TUTOR,unique:Brisha124/AI_TUTOR,1,1.0,146,True,token_jaccard_single_linkage
0.95,build-small-hackathon/tutordesk-ai,unique:build-small-hackathon/tutordesk-ai,1,1.0,1443,True,token_jaccard_single_linkage
0.95,BUNNY95R/AI_study_assistant,unique:BUNNY95R/AI_study_assistant,1,1.0,207,True,token_jaccard_single_linkage
0.95,chandanareddy1234/AITutor,2c03930d72e59bab8e10dbb9b1ab613162ae03da6c51f5d990196277fec4fa66,4,0.25,164,True,token_jaccard_single_linkage
0.95,santhoshi-123/AITUTOR,2c03930d72e59bab8e10dbb9b1ab613162ae03da6c51f5d990196277fec4fa66,4,0.25,164,True,token_jaccard_single_linkage
0.95,Sirichandanasamala/AI_TUTOR,2c03930d72e59bab8e10dbb9b1ab613162ae03da6c51f5d990196277fec4fa66,4,0.25,164,True,token_jaccard_single_linkage
0.95,sudeepthitellapally/AITutor,2c03930d72e59bab8e10dbb9b1ab613162ae03da6c51f5d990196277fec4fa66,4,0.25,164,True,token_jaccard_single_linkage
0.95,ChandiniSiri/AI_TUTOR,unique:ChandiniSiri/AI_TUTOR,1,1.0,160,True,token_jaccard_single_linkage
0.95,chandrakireeti/StudyAssistant,57c06767fbd9238702b6a2508e420cd7e056c057d6d5bcd5a3f95067cad89b85,2,0.5,175,True,token_jaccard_single_linkage
0.95,Rajeev0102/StudyAssistant,57c06767fbd9238702b6a2508e420cd7e056c057d6d5bcd5a3f95067cad89b85,2,0.5,175,True,token_jaccard_single_linkage
0.95,chapeljj/PISA-Teaching-Assistant-Chatbot,unique:chapeljj/PISA-Teaching-Assistant-Chatbot,1,1.0,3308,True,token_jaccard_single_linkage
0.95,Charan-27-10/AI_TUTOR,3ec4307511e7bffd74783a27b06e5a23e52effb07147748541651a606aaa8806,5,0.2,156,True,token_jaccard_single_linkage
0.95,NIKHITHA913/aitutor,3ec4307511e7bffd74783a27b06e5a23e52effb07147748541651a606aaa8806,5,0.2,156,True,token_jaccard_single_linkage
0.95,nruhh/Ai_tutor,3ec4307511e7bffd74783a27b06e5a23e52effb07147748541651a606aaa8806,5,0.2,156,True,token_jaccard_single_linkage
0.95,poojithathalla/AI_TUTOR,3ec4307511e7bffd74783a27b06e5a23e52effb07147748541651a606aaa8806,5,0.2,156,True,token_jaccard_single_linkage
0.95,sanakousar/AI_TUTOR,3ec4307511e7bffd74783a27b06e5a23e52effb07147748541651a606aaa8806,5,0.2,156,True,token_jaccard_single_linkage
0.95,cheriftassii/my-ai-tutor,unique:cheriftassii/my-ai-tutor,1,1.0,284,True,token_jaccard_single_linkage
0.95,Chidvilash3/socratic-tutor,unique:Chidvilash3/socratic-tutor,1,1.0,282,True,token_jaccard_single_linkage
0.95,chsubhasis/AI_Tutor,unique:chsubhasis/AI_Tutor,1,1.0,300,True,token_jaccard_single_linkage
0.95,clugg25/cluggos-ai-quiz-generator,unique:clugg25/cluggos-ai-quiz-generator,1,1.0,545,True,token_jaccard_single_linkage
0.95,CodeDiva42/study-assistant,e5c9120d28c1f374201ae06e67e93c69a75a6538e85106da0c2ccb5aa0a487da,2,0.5,1257,True,token_jaccard_single_linkage
0.95,RayaRam11/Study-assistant,e5c9120d28c1f374201ae06e67e93c69a75a6538e85106da0c2ccb5aa0a487da,2,0.5,1257,True,token_jaccard_single_linkage
0.95,codewithchaitanya15/StudyAssistant,unique:codewithchaitanya15/StudyAssistant,1,1.0,179,True,token_jaccard_single_linkage
0.95,cosmoEagle/DSA-Teaching-Assistant,unique:cosmoEagle/DSA-Teaching-Assistant,1,1.0,2279,True,token_jaccard_single_linkage
0.95,crystallizedcrust/quiz-generator,unique:crystallizedcrust/quiz-generator,1,1.0,585,True,token_jaccard_single_linkage
0.95,CT-AITUTOR/AITUTOR,unique:CT-AITUTOR/AITUTOR,1,1.0,451,True,token_jaccard_single_linkage
0.95,curalearning/lesson_plan_generator,unique:curalearning/lesson_plan_generator,1,1.0,1411,True,token_jaccard_single_linkage
0.95,Cyfer-ap/AI-Coding-Tutor,unique:Cyfer-ap/AI-Coding-Tutor,1,1.0,1025,True,token_jaccard_single_linkage
0.95,DakshSadotra/my-study-assistant,071474439897515914dd414d3d3841f48b9c7684c83397d710030e883242f412,2,0.5,176,True,token_jaccard_single_linkage
0.95,Nitinane/StudyAssistant,071474439897515914dd414d3d3841f48b9c7684c83397d710030e883242f412,2,0.5,172,True,token_jaccard_single_linkage
0.95,danielspba/Chatbot-Tutor-IA,unique:danielspba/Chatbot-Tutor-IA,1,1.0,407,True,token_jaccard_single_linkage
0.95,danielspba/Chatbot_prof_tutor,unique:danielspba/Chatbot_prof_tutor,1,1.0,272,True,token_jaccard_single_linkage
0.95,Danny2311/Quiz-Generator,unique:Danny2311/Quiz-Generator,1,1.0,379,True,token_jaccard_single_linkage
0.95,danrdoran/ai_tutor_flan_base,unique:danrdoran/ai_tutor_flan_base,1,1.0,133,True,token_jaccard_single_linkage
0.95,danrdoran/ai_tutor_flan_t5_large,unique:danrdoran/ai_tutor_flan_t5_large,1,1.0,165,True,token_jaccard_single_linkage
0.95,danrdoran/ai_tutor_gpt_neox,unique:danrdoran/ai_tutor_gpt_neox,1,1.0,91,True,token_jaccard_single_linkage
0.95,danrdoran/ai_tutor_llama,unique:danrdoran/ai_tutor_llama,1,1.0,101,True,token_jaccard_single_linkage
0.95,danrdoran/ai_tutor_v2,unique:danrdoran/ai_tutor_v2,1,1.0,125,True,token_jaccard_single_linkage
0.95,DataRebels/chatbot_language_tutor,unique:DataRebels/chatbot_language_tutor,1,1.0,772,True,token_jaccard_single_linkage
0.95,DataWizard9742/LessonPlanGenerator,unique:DataWizard9742/LessonPlanGenerator,1,1.0,286,True,token_jaccard_single_linkage
0.95,david280010195/Teaching_Assistant_AI,a6244030eb0731a8bcb108c69d25bdef7238412278d133a120f761ef4f128116,2,0.5,1310,True,token_jaccard_single_linkage
0.95,Rishabh12j/Teaching_Assistant_AI,a6244030eb0731a8bcb108c69d25bdef7238412278d133a120f761ef4f128116,2,0.5,1306,True,token_jaccard_single_linkage
0.95,deepang1902/quiz-generator-api,unique:deepang1902/quiz-generator-api,1,1.0,266,True,token_jaccard_single_linkage
0.95,DeepLearningAI/quiz-generator-v3,unique:DeepLearningAI/quiz-generator-v3,1,1.0,2144,True,token_jaccard_single_linkage
0.95,deepthi8518/StudyAssistantApp,unique:deepthi8518/StudyAssistantApp,1,1.0,200,True,token_jaccard_single_linkage
0.95,deneve07/pharma-quiz-generator,unique:deneve07/pharma-quiz-generator,1,1.0,4694,True,token_jaccard_single_linkage
0.95,dhanushshenoyh/study_assistant,unique:dhanushshenoyh/study_assistant,1,1.0,203,True,token_jaccard_single_linkage
0.95,DheerajKausik/RAG_BASED_AI_TEACHING_ASSISTANT,unique:DheerajKausik/RAG_BASED_AI_TEACHING_ASSISTANT,1,1.0,579,True,token_jaccard_single_linkage
0.95,dhivakar/my-study-assistant,unique:dhivakar/my-study-assistant,1,1.0,56,True,token_jaccard_single_linkage
0.95,Diid12rt/AITUTOR,unique:Diid12rt/AITUTOR,1,1.0,668,True,token_jaccard_single_linkage
0.95,dikshita0503/pdf-to-quiz-generator,unique:dikshita0503/pdf-to-quiz-generator,1,1.0,1166,True,token_jaccard_single_linkage
0.95,dineshstark7/StudyAssistant,unique:dineshstark7/StudyAssistant,1,1.0,397,True,token_jaccard_single_linkage
0.95,DipakBundheliya/flask_ai_tutor,unique:DipakBundheliya/flask_ai_tutor,1,1.0,587,True,token_jaccard_single_linkage
0.95,djaber15/ai_tutor,unique:djaber15/ai_tutor,1,1.0,3432,True,token_jaccard_single_linkage
0.95,DoctorHolly/BIO_Tutor_Chatbot,unique:DoctorHolly/BIO_Tutor_Chatbot,1,1.0,315,True,token_jaccard_single_linkage
0.95,doudoug1/educational-chatbot,unique:doudoug1/educational-chatbot,1,1.0,578,True,token_jaccard_single_linkage
0.95,DroolingPanda/teachingAssistant,unique:DroolingPanda/teachingAssistant,1,1.0,942,True,token_jaccard_single_linkage
0.95,echarif/education_chatbot,unique:echarif/education_chatbot,1,1.0,1855,True,token_jaccard_single_linkage
0.95,Ehtisham-84/Study-Assistant,unique:Ehtisham-84/Study-Assistant,1,1.0,1071,True,token_jaccard_single_linkage
0.95,ekantabanik/Tutor_Ai,unique:ekantabanik/Tutor_Ai,1,1.0,1442,True,token_jaccard_single_linkage
0.95,ekerin/german-tutor-chatbot-v2,unique:ekerin/german-tutor-chatbot-v2,1,1.0,853,True,token_jaccard_single_linkage
0.95,elsi29/Quiz-Generator-NLP,unique:elsi29/Quiz-Generator-NLP,1,1.0,1093,True,token_jaccard_single_linkage
0.95,elsi29/Quiz-Generator-TextPy,unique:elsi29/Quiz-Generator-TextPy,1,1.0,1314,True,token_jaccard_single_linkage
0.95,emanramadan/Tutor_Chatbot,unique:emanramadan/Tutor_Chatbot,1,1.0,391,True,token_jaccard_single_linkage
0.95,emanramadan/Tutor_Chatbot_,unique:emanramadan/Tutor_Chatbot_,1,1.0,396,True,token_jaccard_single_linkage
0.95,emashahzad/StudyAssistant,b0efeaab801fcf2ab387fa274a027ddda41e3f6ad3581f66f4209f09d32652bc,2,0.5,949,True,token_jaccard_single_linkage
0.95,nishayaseen001/StudyAssistant,b0efeaab801fcf2ab387fa274a027ddda41e3f6ad3581f66f4209f09d32652bc,2,0.5,949,True,token_jaccard_single_linkage
0.95,engrsalman/Educational-AI-Chatbot,unique:engrsalman/Educational-AI-Chatbot,1,1.0,301,True,token_jaccard_single_linkage
0.95,eoinmcg/ai_tutor,198a465e173c0cc7f6a539762d86efacedc7ed10f1bffa498ae1b1a4953bfd40,2,0.5,589,True,token_jaccard_single_linkage
0.95,marty331/AI_Tutor,198a465e173c0cc7f6a539762d86efacedc7ed10f1bffa498ae1b1a4953bfd40,2,0.5,585,True,token_jaccard_single_linkage
0.95,fabeha-raheel/ai_study_assistant,unique:fabeha-raheel/ai_study_assistant,1,1.0,890,True,token_jaccard_single_linkage
0.95,fahadsiddiqui337/AI-education-chatbot,unique:fahadsiddiqui337/AI-education-chatbot,1,1.0,137,True,token_jaccard_single_linkage
0.95,Faiz3399/Ai-tutor-assistant,unique:Faiz3399/Ai-tutor-assistant,1,1.0,364,True,token_jaccard_single_linkage
0.95,Fatma033/Educational-Chatbot,unique:Fatma033/Educational-Chatbot,1,1.0,538,True,token_jaccard_single_linkage
0.95,fatymah12/AI_Quiz_Generator,unique:fatymah12/AI_Quiz_Generator,1,1.0,465,True,token_jaccard_single_linkage
0.95,Felrose/trisem-lesson-plan-generator,e63b29abec6c74a39b549184dd77e89325233c626d12241fc323a3ef9b7fdec4,2,0.5,1331,True,token_jaccard_single_linkage
0.95,Felrose/trisem-lesson-plan-generator-ENGLISH-LINK2,e63b29abec6c74a39b549184dd77e89325233c626d12241fc323a3ef9b7fdec4,2,0.5,1331,True,token_jaccard_single_linkage
0.95,firobeid/AI_Tutor,unique:firobeid/AI_Tutor,1,1.0,0,False,insufficient_source_shingles
0.95,fizailyas783/smart-study-assistant,unique:fizailyas783/smart-study-assistant,1,1.0,812,True,token_jaccard_single_linkage
0.95,flexfitfury9/ai-educational-platform,unique:flexfitfury9/ai-educational-platform,1,1.0,5006,True,token_jaccard_single_linkage
0.95,flexfitfury9/Ai_educational_platform,unique:flexfitfury9/Ai_educational_platform,1,1.0,1672,True,token_jaccard_single_linkage
0.95,gaurav9821/AI-language-Tutor,unique:gaurav9821/AI-language-Tutor,1,1.0,95,True,token_jaccard_single_linkage
0.95,geekaijosh/Agent_AI_Tutor,unique:geekaijosh/Agent_AI_Tutor,1,1.0,781,True,token_jaccard_single_linkage
0.95,Gimgaru/finalproject_aitutor,unique:Gimgaru/finalproject_aitutor,1,1.0,1393,True,token_jaccard_single_linkage
0.95,gneya/educational_chatbot,unique:gneya/educational_chatbot,1,1.0,688,True,token_jaccard_single_linkage
0.95,gobikrishna87/TechBytz-AI-Tutor,unique:gobikrishna87/TechBytz-AI-Tutor,1,1.0,151,True,token_jaccard_single_linkage
0.95,GoIpKrIsHnA/studyAssistantAI,unique:GoIpKrIsHnA/studyAssistantAI,1,1.0,169,True,token_jaccard_single_linkage
0.95,google/rad_learning_companion,unique:google/rad_learning_companion,1,1.0,2968,True,token_jaccard_single_linkage
0.95,gouravbathla/Language_Tutor,unique:gouravbathla/Language_Tutor,1,1.0,1605,True,token_jaccard_single_linkage
0.95,gr3g0r-i/quiz-generator,unique:gr3g0r-i/quiz-generator,1,1.0,153,True,token_jaccard_single_linkage
0.95,guddolla/ai.tutor,42e721b2773dfbb79a9d23b8be61569787e53eff16bce9d7f486497b8f5d1a91,4,0.25,485,True,token_jaccard_single_linkage
0.95,guddolla/AI_TUTOR,42e721b2773dfbb79a9d23b8be61569787e53eff16bce9d7f486497b8f5d1a91,4,0.25,485,True,token_jaccard_single_linkage
0.95,Jangasathwika/ai.tutor,42e721b2773dfbb79a9d23b8be61569787e53eff16bce9d7f486497b8f5d1a91,4,0.25,485,True,token_jaccard_single_linkage
0.95,phanisrigandla/AI_Tutor,42e721b2773dfbb79a9d23b8be61569787e53eff16bce9d7f486497b8f5d1a91,4,0.25,485,True,token_jaccard_single_linkage
0.95,Gungz/quiz-generator-baidu-ernie,unique:Gungz/quiz-generator-baidu-ernie,1,1.0,1078,True,token_jaccard_single_linkage
0.95,habiba-elshrkawy/quiz-generator,unique:habiba-elshrkawy/quiz-generator,1,1.0,2903,True,token_jaccard_single_linkage
0.95,hackmisty123/hack-misty-ai-tutor,unique:hackmisty123/hack-misty-ai-tutor,1,1.0,10463,True,token_jaccard_single_linkage
0.95,Hafeezaqsa01/Quiz_generator,unique:Hafeezaqsa01/Quiz_generator,1,1.0,0,False,insufficient_source_shingles
0.95,Hafsah-Fatima/Programming_Tutor_Chatbot,unique:Hafsah-Fatima/Programming_Tutor_Chatbot,1,1.0,164,True,token_jaccard_single_linkage
0.95,Hafsah-Fatima/Programming_Tutor_Chatbot_0.2,unique:Hafsah-Fatima/Programming_Tutor_Chatbot_0.2,1,1.0,166,True,token_jaccard_single_linkage
0.95,haiderijaz/mock-quiz-generator,unique:haiderijaz/mock-quiz-generator,1,1.0,820,True,token_jaccard_single_linkage
0.95,Hardik2704/Teaching_Assistant,unique:Hardik2704/Teaching_Assistant,1,1.0,413,True,token_jaccard_single_linkage
0.95,Hareesh221/30-day-course-generator,unique:Hareesh221/30-day-course-generator,1,1.0,192,True,token_jaccard_single_linkage
0.95,Harika06/AI_TUTOR,5eea066556a572af8def9e5e527d8a1a195fd54e0bce20e1de0520e99a595f1c,5,0.2,156,True,token_jaccard_single_linkage
0.95,provokingdiaries/AI_TUTOR,5eea066556a572af8def9e5e527d8a1a195fd54e0bce20e1de0520e99a595f1c,5,0.2,156,True,token_jaccard_single_linkage
0.95,samakanishkareddy/AI_TUTOR,5eea066556a572af8def9e5e527d8a1a195fd54e0bce20e1de0520e99a595f1c,5,0.2,156,True,token_jaccard_single_linkage
0.95,SambaReshma/AI_TUTOR,5eea066556a572af8def9e5e527d8a1a195fd54e0bce20e1de0520e99a595f1c,5,0.2,156,True,token_jaccard_single_linkage
0.95,sandariyogitha/AI_TUTOR,5eea066556a572af8def9e5e527d8a1a195fd54e0bce20e1de0520e99a595f1c,5,0.2,156,True,token_jaccard_single_linkage
0.95,harikagajjala/AI_TUTOR,unique:harikagajjala/AI_TUTOR,1,1.0,141,True,token_jaccard_single_linkage
0.95,Hariprasaadh/QuizGenerator,unique:Hariprasaadh/QuizGenerator,1,1.0,605,True,token_jaccard_single_linkage
0.95,HarryPotter1o1/Study_Assistant,unique:HarryPotter1o1/Study_Assistant,1,1.0,761,True,token_jaccard_single_linkage
0.95,harsha17v/StudyAssistant,unique:harsha17v/StudyAssistant,1,1.0,315,True,token_jaccard_single_linkage
0.95,Harsha855/StudyAssistant,unique:Harsha855/StudyAssistant,1,1.0,161,True,token_jaccard_single_linkage
0.95,harshj0506/teachingAssistant,unique:harshj0506/teachingAssistant,1,1.0,730,True,token_jaccard_single_linkage
0.95,HemanthRaj/Socratic-AI-Tutor-Model,unique:HemanthRaj/Socratic-AI-Tutor-Model,1,1.0,301,True,token_jaccard_single_linkage
0.95,HemanthRaj/socratic-tutor-embedder,unique:HemanthRaj/socratic-tutor-embedder,1,1.0,155,True,token_jaccard_single_linkage
0.95,HumeraAI/lesson-plan-generator,c2bd87f3627b14d18d1082a07a14b2173585292a291758f1d210f96e551d02f3,2,0.5,319,True,token_jaccard_single_linkage
0.95,Junaidblr/lesson-plan-generator,c2bd87f3627b14d18d1082a07a14b2173585292a291758f1d210f96e551d02f3,2,0.5,319,True,token_jaccard_single_linkage
0.95,HumeraAI/quiz-generator-from-PDF,unique:HumeraAI/quiz-generator-from-PDF,1,1.0,574,True,token_jaccard_single_linkage
0.95,hussainzaidi/AI-Teaching-Assistant,unique:hussainzaidi/AI-Teaching-Assistant,1,1.0,1044,True,token_jaccard_single_linkage
0.95,husseinhug321/Study-Buddy-AI-Learning-Assistant,unique:husseinhug321/Study-Buddy-AI-Learning-Assistant,1,1.0,681,True,token_jaccard_single_linkage
0.95,hyder-ali/ai_tutor,unique:hyder-ali/ai_tutor,1,1.0,218,True,token_jaccard_single_linkage
0.95,iamyash222/studyAssistant,unique:iamyash222/studyAssistant,1,1.0,163,True,token_jaccard_single_linkage
0.95,ifaundezf/estudiapp-quiz-generator,unique:ifaundezf/estudiapp-quiz-generator,1,1.0,211,True,token_jaccard_single_linkage
0.95,iju123/Quiz_Generator,unique:iju123/Quiz_Generator,1,1.0,170,True,token_jaccard_single_linkage
0.95,ilangs/AI_Math_Tutor,unique:ilangs/AI_Math_Tutor,1,1.0,3381,True,token_jaccard_single_linkage
0.95,ilsa15/educational_chatbot,unique:ilsa15/educational_chatbot,1,1.0,228,True,token_jaccard_single_linkage
0.95,Imsachinsingh00/education_chatbot,unique:Imsachinsingh00/education_chatbot,1,1.0,275,True,token_jaccard_single_linkage
0.95,ishanmm0410/rag-quiz-generator,unique:ishanmm0410/rag-quiz-generator,1,1.0,3694,True,token_jaccard_single_linkage
0.95,isreyas/Study_Assistant,unique:isreyas/Study_Assistant,1,1.0,210,True,token_jaccard_single_linkage
0.95,itsh4r01/AI-Quiz-Generator,unique:itsh4r01/AI-Quiz-Generator,1,1.0,91,True,token_jaccard_single_linkage
0.95,Jainish210705/Quiz_Generator,unique:Jainish210705/Quiz_Generator,1,1.0,1397,True,token_jaccard_single_linkage
0.95,Janakimeena/RAG-Base-Educational-Chatbot,unique:Janakimeena/RAG-Base-Educational-Chatbot,1,1.0,3602,True,token_jaccard_single_linkage
0.95,Jangasathwika/aitutor,unique:Jangasathwika/aitutor,1,1.0,429,True,token_jaccard_single_linkage
0.95,Jayadityasahu/my-study-assistant,unique:Jayadityasahu/my-study-assistant,1,1.0,233,True,token_jaccard_single_linkage
0.95,jayeshjachak/Study_Assistant,unique:jayeshjachak/Study_Assistant,1,1.0,284,True,token_jaccard_single_linkage
0.95,jdbolter/language-tutor,unique:jdbolter/language-tutor,1,1.0,262,True,token_jaccard_single_linkage
0.95,jee-ai-tutor/jee-ai-tutor-app,unique:jee-ai-tutor/jee-ai-tutor-app,1,1.0,99,True,token_jaccard_single_linkage
0.95,jenny-yuu/english-teaching-assistant,unique:jenny-yuu/english-teaching-assistant,1,1.0,1028,True,token_jaccard_single_linkage
0.95,jeyabala2905/12th-biology-ai-tutor,unique:jeyabala2905/12th-biology-ai-tutor,1,1.0,295,True,token_jaccard_single_linkage
0.95,jimmyyzz/Quiz_Generator,unique:jimmyyzz/Quiz_Generator,1,1.0,1049,True,token_jaccard_single_linkage
0.95,jlazoflores/Language_Tutor,unique:jlazoflores/Language_Tutor,1,1.0,1870,True,token_jaccard_single_linkage
0.95,john-supplychain/cpim-ai-tutor,unique:john-supplychain/cpim-ai-tutor,1,1.0,1387,True,token_jaccard_single_linkage
0.95,jonowrenn/cs-study-assistant,unique:jonowrenn/cs-study-assistant,1,1.0,446,True,token_jaccard_single_linkage
0.95,Josebert/JR_Quiz_Generator,unique:Josebert/JR_Quiz_Generator,1,1.0,357,True,token_jaccard_single_linkage
0.95,JPPD/Tutor-fisica-abp-chatbot,unique:JPPD/Tutor-fisica-abp-chatbot,1,1.0,345,True,token_jaccard_single_linkage
0.95,jsilbersky/AI-language-tutor,unique:jsilbersky/AI-language-tutor,1,1.0,178,True,token_jaccard_single_linkage
0.95,JulsdL/AI-Notebook-Tutor,unique:JulsdL/AI-Notebook-Tutor,1,1.0,1732,True,token_jaccard_single_linkage
0.95,jyoti210303/quiz-question-generator,unique:jyoti210303/quiz-question-generator,1,1.0,67,True,token_jaccard_single_linkage
0.95,KaifKohari/ai-math-tutor,unique:KaifKohari/ai-math-tutor,1,1.0,583,True,token_jaccard_single_linkage
0.95,kalai1915/AI-Tutor-Image-Gen,unique:kalai1915/AI-Tutor-Image-Gen,1,1.0,111,True,token_jaccard_single_linkage
0.95,kanagaraj/StudyAssistant,unique:kanagaraj/StudyAssistant,1,1.0,216,True,token_jaccard_single_linkage
0.95,Kanharamgurjar/Study_assistant_model,unique:Kanharamgurjar/Study_assistant_model,1,1.0,459,True,token_jaccard_single_linkage
0.95,karibubybsf/ai_tutor,unique:karibubybsf/ai_tutor,1,1.0,354,True,token_jaccard_single_linkage
0.95,karibubybsf/ai_tutor_v2,unique:karibubybsf/ai_tutor_v2,1,1.0,979,True,token_jaccard_single_linkage
0.95,karibubybsf/ai_tutor_v3,unique:karibubybsf/ai_tutor_v3,1,1.0,966,True,token_jaccard_single_linkage
0.95,KashishM/study_assistant,unique:KashishM/study_assistant,1,1.0,2617,True,token_jaccard_single_linkage
0.95,KashTheDev123/Accounting-Tutor-AI,unique:KashTheDev123/Accounting-Tutor-AI,1,1.0,108,True,token_jaccard_single_linkage
0.95,kastan/ai-teaching-assistant,f47c9564c22e818af4211ae132404bc9fdeb9d488c184649da0a4d712864c258,2,0.5,2552,True,token_jaccard_single_linkage
0.95,kastan/ai-teaching-assistant-beta,f47c9564c22e818af4211ae132404bc9fdeb9d488c184649da0a4d712864c258,2,0.5,2544,True,token_jaccard_single_linkage
0.95,Kaveri2109/rag-teaching-assistant,unique:Kaveri2109/rag-teaching-assistant,1,1.0,906,True,token_jaccard_single_linkage
0.95,Kavya-Thakar/ai-teaching-assistant-v2,unique:Kavya-Thakar/ai-teaching-assistant-v2,1,1.0,4059,True,token_jaccard_single_linkage
0.95,kavyasri0821/AI_Converstational_Data_Science_Tutor,unique:kavyasri0821/AI_Converstational_Data_Science_Tutor,1,1.0,336,True,token_jaccard_single_linkage
0.95,ke955/smm2-course-generator,unique:ke955/smm2-course-generator,1,1.0,3142,True,token_jaccard_single_linkage
0.95,Keerthana96/bridge_course_generator,unique:Keerthana96/bridge_course_generator,1,1.0,187,True,token_jaccard_single_linkage
0.95,khankashif/education_assistant_chatbot,unique:khankashif/education_assistant_chatbot,1,1.0,173,True,token_jaccard_single_linkage
0.95,Khanmx99/Pak-Angels-AI-Tutor,unique:Khanmx99/Pak-Angels-AI-Tutor,1,1.0,1919,True,token_jaccard_single_linkage
0.95,KhansaAQureshi/AI_Tutor,unique:KhansaAQureshi/AI_Tutor,1,1.0,184,True,token_jaccard_single_linkage
0.95,kinely/Study-Assistant,unique:kinely/Study-Assistant,1,1.0,680,True,token_jaccard_single_linkage
0.95,king011/AI-quiz-generator,unique:king011/AI-quiz-generator,1,1.0,737,True,token_jaccard_single_linkage
0.95,kodamkarthik281/AI_Conversational_Tutor,unique:kodamkarthik281/AI_Conversational_Tutor,1,1.0,440,True,token_jaccard_single_linkage
0.95,kollalekhan/StudyAssistant,unique:kollalekhan/StudyAssistant,1,1.0,401,True,token_jaccard_single_linkage
0.95,kousarshaik/AI_TUTOR,unique:kousarshaik/AI_TUTOR,1,1.0,156,True,token_jaccard_single_linkage
0.95,kr1shnasharma/academic-tutor-ai,unique:kr1shnasharma/academic-tutor-ai,1,1.0,7029,True,token_jaccard_single_linkage
0.95,kr1shnasharma/swp1-academic-ai-tutor,unique:kr1shnasharma/swp1-academic-ai-tutor,1,1.0,561,True,token_jaccard_single_linkage
0.95,krishala/TutorChatbot,unique:krishala/TutorChatbot,1,1.0,798,True,token_jaccard_single_linkage
0.95,Krishna-108/study-assistant,unique:Krishna-108/study-assistant,1,1.0,248,True,token_jaccard_single_linkage
0.95,krishnachaithanya26/StudyAssistant,unique:krishnachaithanya26/StudyAssistant,1,1.0,173,True,token_jaccard_single_linkage
0.95,Krishnajha18/StudyAssistant,unique:Krishnajha18/StudyAssistant,1,1.0,405,True,token_jaccard_single_linkage
0.95,KSaiManikanta/Ai_Data-Science_Tutor,unique:KSaiManikanta/Ai_Data-Science_Tutor,1,1.0,178,True,token_jaccard_single_linkage
0.95,KunalGupta1212/Quiz-generator,unique:KunalGupta1212/Quiz-generator,1,1.0,957,True,token_jaccard_single_linkage
0.95,kunalhugface/Football_Tutor_Chatbot,unique:kunalhugface/Football_Tutor_Chatbot,1,1.0,1982,True,token_jaccard_single_linkage
0.95,lekhankolla/StudyAssistant,a99edf8bf1112674a140bf8c11ea61aa209a6b5fdad1a894103ccb3ff7cc813f,3,0.3333333333333333,315,True,token_jaccard_single_linkage
0.95,SaiAbhiYaswanth/study_assistant,a99edf8bf1112674a140bf8c11ea61aa209a6b5fdad1a894103ccb3ff7cc813f,3,0.3333333333333333,315,True,token_jaccard_single_linkage
0.95,theSriram/StudyAssistant,a99edf8bf1112674a140bf8c11ea61aa209a6b5fdad1a894103ccb3ff7cc813f,3,0.3333333333333333,315,True,token_jaccard_single_linkage
0.95,Lesterchia1/FPOC2_AI-Tutor_Chatbot,unique:Lesterchia1/FPOC2_AI-Tutor_Chatbot,1,1.0,2220,True,token_jaccard_single_linkage
0.95,Lipely/FYP-lesson-plan-generator,unique:Lipely/FYP-lesson-plan-generator,1,1.0,4165,True,token_jaccard_single_linkage
0.95,louiecerv/problem_solving_ai_tutor,unique:louiecerv/problem_solving_ai_tutor,1,1.0,582,True,token_jaccard_single_linkage
0.95,LoveJesus/biblical-language-tutor-chirho,unique:LoveJesus/biblical-language-tutor-chirho,1,1.0,1057,True,token_jaccard_single_linkage
0.95,LSATAdaptiveTutor/chatbot_tutor,unique:LSATAdaptiveTutor/chatbot_tutor,1,1.0,1539,True,token_jaccard_single_linkage
0.95,lynnnnrz/ai-teaching-assistant,a2359c7ad08e2533633d7efe61017373ff8178d9e9671c21fd1913051e9f2d74,2,0.5,6078,True,token_jaccard_single_linkage
0.95,roxqtang/ai-teaching-assistant,a2359c7ad08e2533633d7efe61017373ff8178d9e9671c21fd1913051e9f2d74,2,0.5,6078,True,token_jaccard_single_linkage
0.95,lynnnnrz/ai_teaching_assistant,unique:lynnnnrz/ai_teaching_assistant,1,1.0,4680,True,token_jaccard_single_linkage
0.95,Madni2025/MDCAT-AI-TUTOR,unique:Madni2025/MDCAT-AI-TUTOR,1,1.0,193,True,token_jaccard_single_linkage
0.95,Madni2025/MDCAT_AI_TUTOR,unique:Madni2025/MDCAT_AI_TUTOR,1,1.0,235,True,token_jaccard_single_linkage
0.95,maheshj90/StudyAssistant,unique:maheshj90/StudyAssistant,1,1.0,171,True,token_jaccard_single_linkage
0.95,ManarMagdy6/Professional-Quiz-Generator,unique:ManarMagdy6/Professional-Quiz-Generator,1,1.0,435,True,token_jaccard_single_linkage
0.95,Mani-krishna/StudyAssistant,unique:Mani-krishna/StudyAssistant,1,1.0,317,True,token_jaccard_single_linkage
0.95,Manikanta2793/my-study-assistant,unique:Manikanta2793/my-study-assistant,1,1.0,0,False,insufficient_source_shingles
0.95,Maram-almasary/AI_Study_Assistant,unique:Maram-almasary/AI_Study_Assistant,1,1.0,937,True,token_jaccard_single_linkage
0.95,maria355/Ai_teaching_assistant,unique:maria355/Ai_teaching_assistant,1,1.0,1462,True,token_jaccard_single_linkage
0.95,maria355/Quiz-Generator,unique:maria355/Quiz-Generator,1,1.0,479,True,token_jaccard_single_linkage
0.95,Masterlew/math-tutor-chatbot,unique:Masterlew/math-tutor-chatbot,1,1.0,1836,True,token_jaccard_single_linkage
0.95,mayankjen/AI-Powered_Teaching-Assistant,unique:mayankjen/AI-Powered_Teaching-Assistant,1,1.0,681,True,token_jaccard_single_linkage
0.95,MeetThakkar/quiz-generator,unique:MeetThakkar/quiz-generator,1,1.0,170,True,token_jaccard_single_linkage
0.95,Mehak0711/AI_TUTOR,c9f0e6af7f0dab680761c1432590785d94b33aa35c6af6e139e7d20eb9341089,5,0.2,241,True,token_jaccard_single_linkage
0.95,naveensngc/AI-Tutor,c9f0e6af7f0dab680761c1432590785d94b33aa35c6af6e139e7d20eb9341089,5,0.2,241,True,token_jaccard_single_linkage
0.95,roshandakhore2003/nuron-teaching-assistant,c9f0e6af7f0dab680761c1432590785d94b33aa35c6af6e139e7d20eb9341089,5,0.2,241,True,token_jaccard_single_linkage
0.95,Sree1216/AI_tutor,c9f0e6af7f0dab680761c1432590785d94b33aa35c6af6e139e7d20eb9341089,5,0.2,241,True,token_jaccard_single_linkage
0.95,tejuu23/ai-tutor,c9f0e6af7f0dab680761c1432590785d94b33aa35c6af6e139e7d20eb9341089,5,0.2,241,True,token_jaccard_single_linkage
0.95,mehakkhan/Kaggle_Study_Assistant,unique:mehakkhan/Kaggle_Study_Assistant,1,1.0,461,True,token_jaccard_single_linkage
0.95,Mehrann123/AI-tutor,unique:Mehrann123/AI-tutor,1,1.0,147,True,token_jaccard_single_linkage
0.95,Mehrann123/MMB-Quiz-Generator,unique:Mehrann123/MMB-Quiz-Generator,1,1.0,1933,True,token_jaccard_single_linkage
0.95,mehwishafsa/education_chatbot,unique:mehwishafsa/education_chatbot,1,1.0,165,True,token_jaccard_single_linkage
0.95,mercLH44/new-ai-tutor,unique:mercLH44/new-ai-tutor,1,1.0,1094,True,token_jaccard_single_linkage
0.95,midlajvalappil/AI-Powered-YouTube-Transcript-Tutor,unique:midlajvalappil/AI-Powered-YouTube-Transcript-Tutor,1,1.0,1675,True,token_jaccard_single_linkage
0.95,mithilesh22/StudyAssistant,unique:mithilesh22/StudyAssistant,1,1.0,176,True,token_jaccard_single_linkage
0.95,mkT83303/spanish-tutor-chatbot,unique:mkT83303/spanish-tutor-chatbot,1,1.0,107,True,token_jaccard_single_linkage
0.95,MMustafa313/RAG_Study_Assistant,unique:MMustafa313/RAG_Study_Assistant,1,1.0,431,True,token_jaccard_single_linkage
0.95,mogbuehi/LO_AI_Tutor,unique:mogbuehi/LO_AI_Tutor,1,1.0,401,True,token_jaccard_single_linkage
0.95,mogbuehi/YT_Language_Tutor,493cb0686f965abaaa1323372b9a9c8fc0bcd21df1c6d6eb23d77f30e5265fd8,2,0.5,1254,True,token_jaccard_single_linkage
0.95,mogbuehi/YT_Language_Tutor_2,493cb0686f965abaaa1323372b9a9c8fc0bcd21df1c6d6eb23d77f30e5265fd8,2,0.5,1254,True,token_jaccard_single_linkage
0.95,MohammadYaseen/personalized-study-assistant-chatbot,unique:MohammadYaseen/personalized-study-assistant-chatbot,1,1.0,335,True,token_jaccard_single_linkage
0.95,Mohd-Dilshan/ai-quiz-generator,unique:Mohd-Dilshan/ai-quiz-generator,1,1.0,434,True,token_jaccard_single_linkage
0.95,Mohit99Chand/EducationalAIChatbot,unique:Mohit99Chand/EducationalAIChatbot,1,1.0,574,True,token_jaccard_single_linkage
0.95,Mohitha/Conversational_AI_Data_Science_Tutor,unique:Mohitha/Conversational_AI_Data_Science_Tutor,1,1.0,263,True,token_jaccard_single_linkage
0.95,Moon33/linda-quiz-generator,unique:Moon33/linda-quiz-generator,1,1.0,2333,True,token_jaccard_single_linkage
0.95,MOrgan27/AI-study-assistant,unique:MOrgan27/AI-study-assistant,1,1.0,126,True,token_jaccard_single_linkage
0.95,motsimaslam/Afri-AI-Tutor,unique:motsimaslam/Afri-AI-Tutor,1,1.0,1307,True,token_jaccard_single_linkage
0.95,mounikathatikonda/AI_TUTOR,4d6ef348d32559ce371643bd741f2eb6aa9574027149f0e01449d5f3c351ac20,2,0.5,157,True,token_jaccard_single_linkage
0.95,Sri921980/Ai_Tutor,4d6ef348d32559ce371643bd741f2eb6aa9574027149f0e01449d5f3c351ac20,2,0.5,157,True,token_jaccard_single_linkage
0.95,Mpavan45/Ai_Data-Science_Tutor,unique:Mpavan45/Ai_Data-Science_Tutor,1,1.0,520,True,token_jaccard_single_linkage
0.95,mrhamxa/Gradio-based-RAG-study-assistant,unique:mrhamxa/Gradio-based-RAG-study-assistant,1,1.0,614,True,token_jaccard_single_linkage
0.95,MrSimple01/QuizGenerator,unique:MrSimple01/QuizGenerator,1,1.0,1211,True,token_jaccard_single_linkage
0.95,muhammadHassan123/quiz-generator-ai,unique:muhammadHassan123/quiz-generator-ai,1,1.0,591,True,token_jaccard_single_linkage
0.95,Mujahid1122/AI-Based-Quiz-Generator,unique:Mujahid1122/AI-Based-Quiz-Generator,1,1.0,542,True,token_jaccard_single_linkage
0.95,mukeshpatel1006/Study_Assistant,unique:mukeshpatel1006/Study_Assistant,1,1.0,191,True,token_jaccard_single_linkage
0.95,Murtaza249/Text_to_Quiz_Generator,unique:Murtaza249/Text_to_Quiz_Generator,1,1.0,497,True,token_jaccard_single_linkage
0.95,N-Mothish/personalized-study-assistant,unique:N-Mothish/personalized-study-assistant,1,1.0,497,True,token_jaccard_single_linkage
0.95,nakshatravuppula25/AI_TUTOR,unique:nakshatravuppula25/AI_TUTOR,1,1.0,526,True,token_jaccard_single_linkage
0.95,nandigamavamshi/StudyAssistant,unique:nandigamavamshi/StudyAssistant,1,1.0,160,True,token_jaccard_single_linkage
0.95,nandini1810/AI_TUTOR,4866d6306f8133657e3026a2eea16c6c58edc7718897d32f2d37798f705db80c,3,0.3333333333333333,166,True,token_jaccard_single_linkage
0.95,SrihithaReddy123/AI_TUTOR,4866d6306f8133657e3026a2eea16c6c58edc7718897d32f2d37798f705db80c,3,0.3333333333333333,166,True,token_jaccard_single_linkage
0.95,Varshareddy1106/AI_TUTOR,4866d6306f8133657e3026a2eea16c6c58edc7718897d32f2d37798f705db80c,3,0.3333333333333333,166,True,token_jaccard_single_linkage
0.95,NavenTheRaven/Quiz_Generator,fd570250be1ece656a0614d4528fc2316dcb9639f8cc1b423ab85b95f3cd5fc4,3,0.3333333333333333,322,True,token_jaccard_single_linkage
0.95,rgos20000/Quiz_Generator,fd570250be1ece656a0614d4528fc2316dcb9639f8cc1b423ab85b95f3cd5fc4,3,0.3333333333333333,322,True,token_jaccard_single_linkage
0.95,s1313/Quiz_Generator,fd570250be1ece656a0614d4528fc2316dcb9639f8cc1b423ab85b95f3cd5fc4,3,0.3333333333333333,322,True,token_jaccard_single_linkage
0.95,nersyan/quiz-generator,unique:nersyan/quiz-generator,1,1.0,80,True,token_jaccard_single_linkage
0.95,nhu445/ai-english-tutor,unique:nhu445/ai-english-tutor,1,1.0,1093,True,token_jaccard_single_linkage
0.95,Nijanth/teaching-assistant-backend,unique:Nijanth/teaching-assistant-backend,1,1.0,679,True,token_jaccard_single_linkage
0.95,Nishanthan02/quiz-generator,unique:Nishanthan02/quiz-generator,1,1.0,2256,True,token_jaccard_single_linkage
0.95,nohitha05/AI-TUTOR,unique:nohitha05/AI-TUTOR,1,1.0,147,True,token_jaccard_single_linkage
0.95,npinar/quiz-generator,unique:npinar/quiz-generator,1,1.0,439,True,token_jaccard_single_linkage
0.95,nublelouch/study-assistant,unique:nublelouch/study-assistant,1,1.0,386,True,token_jaccard_single_linkage
0.95,Nullpointer-KK/ai-tutor-chatbot_KK,unique:Nullpointer-KK/ai-tutor-chatbot_KK,1,1.0,4249,True,token_jaccard_single_linkage
0.95,oluinioluwa814/Ai-tutor,unique:oluinioluwa814/Ai-tutor,1,1.0,494,True,token_jaccard_single_linkage
0.95,omprasadmahapatra/Ai_Math_Tutor,unique:omprasadmahapatra/Ai_Math_Tutor,1,1.0,144,True,token_jaccard_single_linkage
0.95,One2SkipAfew/tutormina-ai,unique:One2SkipAfew/tutormina-ai,1,1.0,3320,True,token_jaccard_single_linkage
0.95,patilyash22/Python-tutor-chatbot,unique:patilyash22/Python-tutor-chatbot,1,1.0,155,True,token_jaccard_single_linkage
0.95,pattato1/language-tutor,unique:pattato1/language-tutor,1,1.0,1394,True,token_jaccard_single_linkage
0.95,pattato1/languagetutor,unique:pattato1/languagetutor,1,1.0,995,True,token_jaccard_single_linkage
0.95,Pavan-Kumar23/quiz-generator,unique:Pavan-Kumar23/quiz-generator,1,1.0,17254,True,token_jaccard_single_linkage
0.95,philipobiorah/socratic-tutor,unique:philipobiorah/socratic-tutor,1,1.0,671,True,token_jaccard_single_linkage
0.95,Phoenix3274/AI-Quiz-Generator,unique:Phoenix3274/AI-Quiz-Generator,1,1.0,176,True,token_jaccard_single_linkage
0.95,Pooja1218/ai-quiz-generator,unique:Pooja1218/ai-quiz-generator,1,1.0,498,True,token_jaccard_single_linkage
0.95,pradeepodela/AI-tech-tutor,unique:pradeepodela/AI-tech-tutor,1,1.0,433,True,token_jaccard_single_linkage
0.95,Prak2005/AI-Powered-Personal-Study-Assistant,unique:Prak2005/AI-Powered-Personal-Study-Assistant,1,1.0,857,True,token_jaccard_single_linkage
0.95,pranaymachi/StudyAssistant,unique:pranaymachi/StudyAssistant,1,1.0,175,True,token_jaccard_single_linkage
0.95,praneeth300/AI-Quiz-Generator,unique:praneeth300/AI-Quiz-Generator,1,1.0,763,True,token_jaccard_single_linkage
0.95,Pranshuu/educational-chatbot,unique:Pranshuu/educational-chatbot,1,1.0,0,False,insufficient_source_shingles
0.95,prasanth22118131/StudyAssistant,unique:prasanth22118131/StudyAssistant,1,1.0,171,True,token_jaccard_single_linkage
0.95,Pratap1928/AI_Teaching_Assistant,unique:Pratap1928/AI_Teaching_Assistant,1,1.0,548,True,token_jaccard_single_linkage
0.95,Premsp2005/StudyAssistant,unique:Premsp2005/StudyAssistant,1,1.0,176,True,token_jaccard_single_linkage
0.95,pseudolab/AI_Tutor_BERT,unique:pseudolab/AI_Tutor_BERT,1,1.0,243,True,token_jaccard_single_linkage
0.95,pydeoxy/quiz_generator,unique:pydeoxy/quiz_generator,1,1.0,185,True,token_jaccard_single_linkage
0.95,qhaData/quiz-generator-pipeline,unique:qhaData/quiz-generator-pipeline,1,1.0,1036,True,token_jaccard_single_linkage
0.95,RabiaAbsar/genai-tutor-chatbot,unique:RabiaAbsar/genai-tutor-chatbot,1,1.0,193,True,token_jaccard_single_linkage
0.95,rachapich/PISA-Teaching-Assistant-ChatBot-Guru,unique:rachapich/PISA-Teaching-Assistant-ChatBot-Guru,1,1.0,1652,True,token_jaccard_single_linkage
0.95,Rahul2298/QuizGenerator,unique:Rahul2298/QuizGenerator,1,1.0,517,True,token_jaccard_single_linkage
0.95,RAHYDV/teaching-assistant,unique:RAHYDV/teaching-assistant,1,1.0,2439,True,token_jaccard_single_linkage
0.95,Raja02424/education-chatbot,unique:Raja02424/education-chatbot,1,1.0,75,True,token_jaccard_single_linkage
0.95,Rajesh20/AI_Tutor,unique:Rajesh20/AI_Tutor,1,1.0,71,True,token_jaccard_single_linkage
0.95,RAJKUMAR2504/AI-Study-Assistant,unique:RAJKUMAR2504/AI-Study-Assistant,1,1.0,614,True,token_jaccard_single_linkage
0.95,Ram05saran/ai-language-tutor,unique:Ram05saran/ai-language-tutor,1,1.0,120,True,token_jaccard_single_linkage
0.95,Ramya8637/quiz-generator,unique:Ramya8637/quiz-generator,1,1.0,167,True,token_jaccard_single_linkage
0.95,RamyaKammari/jee_ai_tutor,unique:RamyaKammari/jee_ai_tutor,1,1.0,1543,True,token_jaccard_single_linkage
0.95,Rashpinder/RAG-based-Agentic-AI-tutor,unique:Rashpinder/RAG-based-Agentic-AI-tutor,1,1.0,4471,True,token_jaccard_single_linkage
0.95,Rayi-ss/AI-Powered-Study-Assistant,unique:Rayi-ss/AI-Powered-Study-Assistant,1,1.0,2218,True,token_jaccard_single_linkage
0.95,Razzaqi3143/Engineering_Quiz_Generator,unique:Razzaqi3143/Engineering_Quiz_Generator,1,1.0,440,True,token_jaccard_single_linkage
0.95,rcventura108000/Sophia-Ai-english-tutor,unique:rcventura108000/Sophia-Ai-english-tutor,1,1.0,895,True,token_jaccard_single_linkage
0.95,ridgebradley888/Smart-AI-Tutor-APP,98d5d1d82d32a98b8308cce5607fd6a8b410b67af8e5d0f3e7a6b4144ebb662f,2,0.5,1246,True,token_jaccard_single_linkage
0.95,shukdevdatta123/Smart-AI-Tutor-APP,98d5d1d82d32a98b8308cce5607fd6a8b410b67af8e5d0f3e7a6b4144ebb662f,2,0.5,1246,True,token_jaccard_single_linkage
0.95,Rishabh12j/AI_Powered_Teaching_Assistant,unique:Rishabh12j/AI_Powered_Teaching_Assistant,1,1.0,714,True,token_jaccard_single_linkage
0.95,Riya00/quiz_generator,unique:Riya00/quiz_generator,1,1.0,316,True,token_jaccard_single_linkage
0.95,rk803/Data_Science_Tutor_Ai,unique:rk803/Data_Science_Tutor_Ai,1,1.0,545,True,token_jaccard_single_linkage
0.95,Rohit8827/StudyAssistant,unique:Rohit8827/StudyAssistant,1,1.0,179,True,token_jaccard_single_linkage
0.95,Rosh-2/physics_tutor_chatbot,unique:Rosh-2/physics_tutor_chatbot,1,1.0,171,True,token_jaccard_single_linkage
0.95,rugvedaa/Ai-tutorApp,unique:rugvedaa/Ai-tutorApp,1,1.0,2078,True,token_jaccard_single_linkage
0.95,Rupesx007/quiz_generator,unique:Rupesx007/quiz_generator,1,1.0,945,True,token_jaccard_single_linkage
0.95,Rushi420/StudyAssistant,unique:Rushi420/StudyAssistant,1,1.0,169,True,token_jaccard_single_linkage
0.95,SaanviWatrana/saanvi-ai-study-tutor,unique:SaanviWatrana/saanvi-ai-study-tutor,1,1.0,553,True,token_jaccard_single_linkage
0.95,sabahat-shakeel/study-assistant,unique:sabahat-shakeel/study-assistant,1,1.0,146,True,token_jaccard_single_linkage
0.95,sabrineoueslati/quiz-generator,unique:sabrineoueslati/quiz-generator,1,1.0,313,True,token_jaccard_single_linkage
0.95,sachi2004/ai-study-assistant,unique:sachi2004/ai-study-assistant,1,1.0,176,True,token_jaccard_single_linkage
0.95,Sadem-12/AI_Study_Assistant,unique:Sadem-12/AI_Study_Assistant,1,1.0,359,True,token_jaccard_single_linkage
0.95,SahilGupta4/Study_Assistant,unique:SahilGupta4/Study_Assistant,1,1.0,184,True,token_jaccard_single_linkage
0.95,saicharantej/aitutor,unique:saicharantej/aitutor,1,1.0,327,True,token_jaccard_single_linkage
0.95,saikumar27/AI_Powered_Data_Science_Tutor,unique:saikumar27/AI_Powered_Data_Science_Tutor,1,1.0,370,True,token_jaccard_single_linkage
0.95,saimahashmi/ai-study-assistant,unique:saimahashmi/ai-study-assistant,1,1.0,233,True,token_jaccard_single_linkage
0.95,sairaarif89/AITutor,unique:sairaarif89/AITutor,1,1.0,279,True,token_jaccard_single_linkage
0.95,SaiRithwik2004/StudyAssistant,unique:SaiRithwik2004/StudyAssistant,1,1.0,172,True,token_jaccard_single_linkage
0.95,Sajid1974/Socratic_QA_GenAI_Tutor,unique:Sajid1974/Socratic_QA_GenAI_Tutor,1,1.0,2085,True,token_jaccard_single_linkage
0.95,salsh093/SEG_StudyAssistant,unique:salsh093/SEG_StudyAssistant,1,1.0,2746,True,token_jaccard_single_linkage
0.95,samadjunejo/ai_study_assistant,unique:samadjunejo/ai_study_assistant,1,1.0,2755,True,token_jaccard_single_linkage
0.95,Samanfatima563474/tutor-ai,unique:Samanfatima563474/tutor-ai,1,1.0,1647,True,token_jaccard_single_linkage
0.95,sameekghosh/ai-python-teaching-assistant,unique:sameekghosh/ai-python-teaching-assistant,1,1.0,114,True,token_jaccard_single_linkage
0.95,samekbotfactorycz/aitutor,unique:samekbotfactorycz/aitutor,1,1.0,212,True,token_jaccard_single_linkage
0.95,Samyakj69/Study_Assistant,unique:Samyakj69/Study_Assistant,1,1.0,179,True,token_jaccard_single_linkage
0.95,SanaBegum23/AI_tutor,unique:SanaBegum23/AI_tutor,1,1.0,161,True,token_jaccard_single_linkage
0.95,sanchezpaez/speech_to_text_to_speech_language_tutor,unique:sanchezpaez/speech_to_text_to_speech_language_tutor,1,1.0,301,True,token_jaccard_single_linkage
0.95,sanjana033/my-study-assistant,unique:sanjana033/my-study-assistant,1,1.0,155,True,token_jaccard_single_linkage
0.95,Sanjay-Ai/AI-Powered-Socratic-Teaching-Assistant,unique:Sanjay-Ai/AI-Powered-Socratic-Teaching-Assistant,1,1.0,234,True,token_jaccard_single_linkage
0.95,Sanjay0102/StudyAssistant,unique:Sanjay0102/StudyAssistant,1,1.0,173,True,token_jaccard_single_linkage
0.95,sanketh2334/biology_ai_tutor,unique:sanketh2334/biology_ai_tutor,1,1.0,431,True,token_jaccard_single_linkage
0.95,santosh7/AI_converstion_Data_Science_Tutor,unique:santosh7/AI_converstion_Data_Science_Tutor,1,1.0,520,True,token_jaccard_single_linkage
0.95,Santoshtambe/ai-study-assistant,unique:Santoshtambe/ai-study-assistant,1,1.0,185,True,token_jaccard_single_linkage
0.95,Santoshtambe/study_Assistant,unique:Santoshtambe/study_Assistant,1,1.0,184,True,token_jaccard_single_linkage
0.95,saraHamza/Engli-Tutor-Chatbot,unique:saraHamza/Engli-Tutor-Chatbot,1,1.0,800,True,token_jaccard_single_linkage
0.95,satvik452007/Study_assistant,unique:satvik452007/Study_assistant,1,1.0,183,True,token_jaccard_single_linkage
0.95,Sayan21/Video-Tutor-AI,unique:Sayan21/Video-Tutor-AI,1,1.0,3032,True,token_jaccard_single_linkage
0.95,SBDeploy/Study_Assistant,unique:SBDeploy/Study_Assistant,1,1.0,160,True,token_jaccard_single_linkage
0.95,Selenophile786/physics-ai-tutor,unique:Selenophile786/physics-ai-tutor,1,1.0,1852,True,token_jaccard_single_linkage
0.95,SerotoninRonin/Quiz-Generator,unique:SerotoninRonin/Quiz-Generator,1,1.0,909,True,token_jaccard_single_linkage
0.95,sewusida/statistics_study_assistant,unique:sewusida/statistics_study_assistant,1,1.0,1177,True,token_jaccard_single_linkage
0.95,SH1VAM-2027/studyAssistant,unique:SH1VAM-2027/studyAssistant,1,1.0,250,True,token_jaccard_single_linkage
0.95,Shahbazakbar/AI-Tutor,unique:Shahbazakbar/AI-Tutor,1,1.0,415,True,token_jaccard_single_linkage
0.95,Shahbazakbar/RAG-AI-Tutor,unique:Shahbazakbar/RAG-AI-Tutor,1,1.0,411,True,token_jaccard_single_linkage
0.95,shaheerawan3/AI-Teaching-Assistant,unique:shaheerawan3/AI-Teaching-Assistant,1,1.0,943,True,token_jaccard_single_linkage
0.95,shahzaib41202/AI_ML_Tutor,unique:shahzaib41202/AI_ML_Tutor,1,1.0,451,True,token_jaccard_single_linkage
0.95,shankar-dev24/StudyAssistant,unique:shankar-dev24/StudyAssistant,1,1.0,313,True,token_jaccard_single_linkage
0.95,shawarnaditya121/ai-teaching-assistant,unique:shawarnaditya121/ai-teaching-assistant,1,1.0,1075,True,token_jaccard_single_linkage
0.95,shb59na/ai-study-tutor,unique:shb59na/ai-study-tutor,1,1.0,354,True,token_jaccard_single_linkage
0.95,sheraz00/ai-teaching-assistant,unique:sheraz00/ai-teaching-assistant,1,1.0,1111,True,token_jaccard_single_linkage
0.95,shikhahaljmili/ai-quiz-generator,unique:shikhahaljmili/ai-quiz-generator,1,1.0,431,True,token_jaccard_single_linkage
0.95,shirosh/ai-tutor,unique:shirosh/ai-tutor,1,1.0,312,True,token_jaccard_single_linkage
0.95,Shivam10lm/ai-teaching-assistant,unique:Shivam10lm/ai-teaching-assistant,1,1.0,580,True,token_jaccard_single_linkage
0.95,shivasai02/StudyAssistant,unique:shivasai02/StudyAssistant,1,1.0,170,True,token_jaccard_single_linkage
0.95,Shivateja23/DS_AI_TUTOR,unique:Shivateja23/DS_AI_TUTOR,1,1.0,392,True,token_jaccard_single_linkage
0.95,Shlok1005/Voice_chatbot_tutor,unique:Shlok1005/Voice_chatbot_tutor,1,1.0,425,True,token_jaccard_single_linkage
0.95,shroukelnagdy/quiz-generator,unique:shroukelnagdy/quiz-generator,1,1.0,1419,True,token_jaccard_single_linkage
0.95,shukdevdatta123/Language-Learning-Companion,unique:shukdevdatta123/Language-Learning-Companion,1,1.0,971,True,token_jaccard_single_linkage
0.95,shuklavartika/AI_Study_Assistant,unique:shuklavartika/AI_Study_Assistant,1,1.0,419,True,token_jaccard_single_linkage
0.95,Siddhisapkal/AI_Tutor,unique:Siddhisapkal/AI_Tutor,1,1.0,539,True,token_jaccard_single_linkage
0.95,Sindu31/IntelliGent-AI-Tutor-System,unique:Sindu31/IntelliGent-AI-Tutor-System,1,1.0,495,True,token_jaccard_single_linkage
0.95,siphiwesibisi/quiz-and-study-guide-generator,unique:siphiwesibisi/quiz-and-study-guide-generator,1,1.0,0,False,insufficient_source_shingles
0.95,siphiwesibisi/quiz-generator,unique:siphiwesibisi/quiz-generator,1,1.0,115,True,token_jaccard_single_linkage
0.95,SirigajjeDurga/AI-Personal-Tutor,unique:SirigajjeDurga/AI-Personal-Tutor,1,1.0,622,True,token_jaccard_single_linkage
0.95,siriItis/pdf-study-assistant,unique:siriItis/pdf-study-assistant,1,1.0,1601,True,token_jaccard_single_linkage
0.95,sk-12/EDUBUDDY-AI-TUTOR,unique:sk-12/EDUBUDDY-AI-TUTOR,1,1.0,919,True,token_jaccard_single_linkage
0.95,Solkyash/Ai-study-assistant,unique:Solkyash/Ai-study-assistant,1,1.0,198,True,token_jaccard_single_linkage
0.95,sravani30/AI_QUIZ_GENERATOR,unique:sravani30/AI_QUIZ_GENERATOR,1,1.0,758,True,token_jaccard_single_linkage
0.95,sreejamanthena/StudyAssistant,unique:sreejamanthena/StudyAssistant,1,1.0,338,True,token_jaccard_single_linkage
0.95,srinivas25046/ai-study-assistant,unique:srinivas25046/ai-study-assistant,1,1.0,284,True,token_jaccard_single_linkage
0.95,starkbyte45896/Quiz_Generator,unique:starkbyte45896/Quiz_Generator,1,1.0,592,True,token_jaccard_single_linkage
0.95,sudipta26889/Quiz-Generator,unique:sudipta26889/Quiz-Generator,1,1.0,2530,True,token_jaccard_single_linkage
0.95,Sujithraam/StudyAssistant,unique:Sujithraam/StudyAssistant,1,1.0,313,True,token_jaccard_single_linkage
0.95,SujithRaam07/StudyAssistant,unique:SujithRaam07/StudyAssistant,1,1.0,399,True,token_jaccard_single_linkage
0.95,sultan-hassan/adaptive_language_tutor,unique:sultan-hassan/adaptive_language_tutor,1,1.0,381,True,token_jaccard_single_linkage
0.95,tariqm603/study-assistant,unique:tariqm603/study-assistant,1,1.0,384,True,token_jaccard_single_linkage
0.95,tarunkanugu/study_Assistant,unique:tarunkanugu/study_Assistant,1,1.0,1093,True,token_jaccard_single_linkage
0.95,tayy786/Ai_Tutor_App,unique:tayy786/Ai_Tutor_App,1,1.0,625,True,token_jaccard_single_linkage
0.95,TeerthPurohit/RAG-TradingWithML-Teaching-Assistant,unique:TeerthPurohit/RAG-TradingWithML-Teaching-Assistant,1,1.0,188,True,token_jaccard_single_linkage
0.95,tfitzge134/gemini-learning-companion,unique:tfitzge134/gemini-learning-companion,1,1.0,279,True,token_jaccard_single_linkage
0.95,thabassum9/ai_tutor,unique:thabassum9/ai_tutor,1,1.0,104,True,token_jaccard_single_linkage
0.95,Thepatelsuraj12/Rag-based-AI-Teaching-Assistant,unique:Thepatelsuraj12/Rag-based-AI-Teaching-Assistant,1,1.0,1811,True,token_jaccard_single_linkage
0.95,thilak1/RAG-BASED-AI-TEACHING-ASSISTANT,unique:thilak1/RAG-BASED-AI-TEACHING-ASSISTANT,1,1.0,918,True,token_jaccard_single_linkage
0.95,Tomjedo/Education_Chatbot,unique:Tomjedo/Education_Chatbot,1,1.0,306,True,token_jaccard_single_linkage
0.95,Tonic/open-gpt-Lesson-Plan-Generator,unique:Tonic/open-gpt-Lesson-Plan-Generator,1,1.0,206,True,token_jaccard_single_linkage
0.95,tools4ds/ai_tutor,unique:tools4ds/ai_tutor,1,1.0,0,False,insufficient_source_shingles
0.95,towardsai-tutors/ai-tutor-chatbot,unique:towardsai-tutors/ai-tutor-chatbot,1,1.0,393,True,token_jaccard_single_linkage
0.95,Trivikrama/Physics_Lesson_Plan_Generator,unique:Trivikrama/Physics_Lesson_Plan_Generator,1,1.0,1043,True,token_jaccard_single_linkage
0.95,Troy88/Quiz-Generator,unique:Troy88/Quiz-Generator,1,1.0,809,True,token_jaccard_single_linkage
0.95,Turbiling/Backward-Design-Lesson-Plan-Generator,unique:Turbiling/Backward-Design-Lesson-Plan-Generator,1,1.0,453,True,token_jaccard_single_linkage
0.95,Turbiling/GB_Education_Chatbot,unique:Turbiling/GB_Education_Chatbot,1,1.0,139,True,token_jaccard_single_linkage
0.95,Turbiling/Lesson_Plan_Generator,unique:Turbiling/Lesson_Plan_Generator,1,1.0,498,True,token_jaccard_single_linkage
0.95,Turbiling/Sharqi_Education_Chatbot,unique:Turbiling/Sharqi_Education_Chatbot,1,1.0,669,True,token_jaccard_single_linkage
0.95,Tutor-Ai-100/AI_Tutor_Chatbot,unique:Tutor-Ai-100/AI_Tutor_Chatbot,1,1.0,135,True,token_jaccard_single_linkage
0.95,tyapab/ai-study-assistant,unique:tyapab/ai-study-assistant,1,1.0,333,True,token_jaccard_single_linkage
0.95,Udayveer1990/Language_tutor,unique:Udayveer1990/Language_tutor,1,1.0,163,True,token_jaccard_single_linkage
0.95,Ukhanyo/quiz-generator-ai,unique:Ukhanyo/quiz-generator-ai,1,1.0,114,True,token_jaccard_single_linkage
0.95,UlliInduSree/AI_Tutor_Chatbot,unique:UlliInduSree/AI_Tutor_Chatbot,1,1.0,109,True,token_jaccard_single_linkage
0.95,UmarIqbal000/quiz-generator-ai,unique:UmarIqbal000/quiz-generator-ai,1,1.0,915,True,token_jaccard_single_linkage
0.95,umerforsure/AI-Study-Assistant,unique:umerforsure/AI-Study-Assistant,1,1.0,1065,True,token_jaccard_single_linkage
0.95,Us-er-na-me/QuizGenerator,unique:Us-er-na-me/QuizGenerator,1,1.0,65,True,token_jaccard_single_linkage
0.95,Vaibhava24/my-study-assistant,unique:Vaibhava24/my-study-assistant,1,1.0,240,True,token_jaccard_single_linkage
0.95,Vaishnav-00299/my-study-assistant,unique:Vaishnav-00299/my-study-assistant,1,1.0,183,True,token_jaccard_single_linkage
0.95,VarunGoud314/Study_assistant,unique:VarunGoud314/Study_assistant,1,1.0,172,True,token_jaccard_single_linkage
0.95,VinayKarthik800/ai-tutor,unique:VinayKarthik800/ai-tutor,1,1.0,325,True,token_jaccard_single_linkage
0.95,vinitwaghmare/ai-study-assistant,unique:vinitwaghmare/ai-study-assistant,1,1.0,1119,True,token_jaccard_single_linkage
0.95,vinitwaghmare/bilingual-ai-study-assistant,unique:vinitwaghmare/bilingual-ai-study-assistant,1,1.0,775,True,token_jaccard_single_linkage
0.95,vipin1143/eva-teaching-assistant,unique:vipin1143/eva-teaching-assistant,1,1.0,2573,True,token_jaccard_single_linkage
0.95,vishalraaj1/AI-STUDY_ASSISTANT,unique:vishalraaj1/AI-STUDY_ASSISTANT,1,1.0,175,True,token_jaccard_single_linkage
0.95,VishnuSai05/Study_Assistant,unique:VishnuSai05/Study_Assistant,1,1.0,181,True,token_jaccard_single_linkage
0.95,vivicake666/math-tutor-chatbot,unique:vivicake666/math-tutor-chatbot,1,1.0,2114,True,token_jaccard_single_linkage
0.95,VSrilekha/AI-Tutor,unique:VSrilekha/AI-Tutor,1,1.0,144,True,token_jaccard_single_linkage
0.95,wajahatkhan/AI_tutor,unique:wajahatkhan/AI_tutor,1,1.0,99,True,token_jaccard_single_linkage
0.95,wimida/socratic-tutor-bot,unique:wimida/socratic-tutor-bot,1,1.0,82,True,token_jaccard_single_linkage
0.95,windsoldier/ai-teaching-assistant,unique:windsoldier/ai-teaching-assistant,1,1.0,835,True,token_jaccard_single_linkage
0.95,wupeiwen2001/reachy-mini-language-tutor,unique:wupeiwen2001/reachy-mini-language-tutor,1,1.0,5768,True,token_jaccard_single_linkage
0.95,yadavnirmal002/CBSE10-AI-Tutor,unique:yadavnirmal002/CBSE10-AI-Tutor,1,1.0,119,True,token_jaccard_single_linkage
0.95,Yasir-Bhatti/Education_tutor_chatbot,unique:Yasir-Bhatti/Education_tutor_chatbot,1,1.0,494,True,token_jaccard_single_linkage
0.95,YasirAnsari/AI_tutor,unique:YasirAnsari/AI_tutor,1,1.0,382,True,token_jaccard_single_linkage
0.95,Yasirkhalil12/ai-quiz-generator,unique:Yasirkhalil12/ai-quiz-generator,1,1.0,519,True,token_jaccard_single_linkage
0.95,Yenuli-Bimanya-404/ai-study-assistant-multilang,unique:Yenuli-Bimanya-404/ai-study-assistant-multilang,1,1.0,482,True,token_jaccard_single_linkage
0.95,yiyiyi999/ai-tutor-classroom,unique:yiyiyi999/ai-tutor-classroom,1,1.0,8510,True,token_jaccard_single_linkage
0.95,YKDep/StudyAssistant,unique:YKDep/StudyAssistant,1,1.0,172,True,token_jaccard_single_linkage
0.95,Younis123/Education_Assistant_chatbot,unique:Younis123/Education_Assistant_chatbot,1,1.0,162,True,token_jaccard_single_linkage
0.95,yuvabe-ai/AI-Tutor,unique:yuvabe-ai/AI-Tutor,1,1.0,698,True,token_jaccard_single_linkage
0.95,Yuvasriiii/personalized_study_assistant,unique:Yuvasriiii/personalized_study_assistant,1,1.0,173,True,token_jaccard_single_linkage
0.95,zaini1234/pdf-quiz-generator,unique:zaini1234/pdf-quiz-generator,1,1.0,523,True,token_jaccard_single_linkage
0.95,zara65724/AI-Vocabulary-Tutor,unique:zara65724/AI-Vocabulary-Tutor,1,1.0,824,True,token_jaccard_single_linkage
0.95,zizo66/AI-Language-Tutor,unique:zizo66/AI-Language-Tutor,1,1.0,446,True,token_jaccard_single_linkage
