draw,mutual_information
1,0.40875022019647345
2,0.4039329130892275
3,0.3527355920207156
4,0.3333437410118836
5,0.33483945596543085
6,0.3951650499502133
7,0.33605593129723665
8,0.3689381007849324
9,0.32464886159128126
10,0.3102161020596568
11,0.3189713396671392
12,0.3325442502664635
13,0.36791735356665
14,0.2901483467046817
15,0.3474501160710677
16,0.44865792311855257
17,0.38368992417992764
18,0.360234383472847
19,0.2924339766289328
20,0.3490101923691622
21,0.33441230541972766
22,0.33159433841113817
23,0.34244225626725333
24,0.31907879230138825
25,0.3436321430600331
26,0.31450410450076305
27,0.3452739252025383
28,0.3597319353737207
29,0.35976607226345303
30,0.31208127291503107
31,0.3383105455816202
32,0.35649721531515777
33,0.33556931146330093
34,0.35396412844271286
35,0.32400272857943646
36,0.34215716602798496
37,0.3245271895516577
38,0.3568081378880148
39,0.36720738413603726
40,0.4013429211825863
41,0.35914792018564023
42,0.41269041860551336
43,0.43613814593577827
44,0.3718392693360677
45,0.37870712701313547
46,0.3380355729344888
47,0.3325728800077514
48,0.2938274789259778
49,0.3258662504019565
50,0.3108264653555297
51,0.43404715392109905
52,0.2891168974357625
53,0.35794295063708237
54,0.31977457469424175
55,0.28211454346050147
56,0.41339199334148624
57,0.3552173711379014
58,0.38135621649547113
59,0.3112960693804041
60,0.3307590899294386
61,0.3220529283356113
62,0.36572481760990305
63,0.3585701670856256
64,0.3379823627918803
65,0.324975539346807
66,0.3546651566763974
67,0.38231223712562823
68,0.3670081704009047
69,0.3148829489262255
70,0.3276813825749332
71,0.36577539716905516
72,0.3061424664075685
73,0.318108319969169
74,0.29038310560792757
75,0.36568831341008723
76,0.3694932724000899
77,0.3250214748013054
78,0.3065240981557862
79,0.3374359105787188
80,0.3526303082789606
81,0.2720210470404538
82,0.32098119502261335
83,0.4043799626740454
84,0.4118872995758345
85,0.3091711986986736
86,0.3221491507175207
87,0.3315262298259851
88,0.38311317138146794
89,0.37423813944120754
90,0.3648768579965056
91,0.3296673985203493
92,0.35970021503359506
93,0.35380723991138874
94,0.38641023365427607
95,0.35983838340200425
96,0.32341896330952835
97,0.30373653188712213
98,0.35902296938072276
99,0.34687497434017933
100,0.3939944154803232
101,0.3735282294787421
102,0.3597856670858821
103,0.323410661261077
104,0.3136684345195344
105,0.3341369554066205
106,0.31506960613793167
107,0.38488909633611224
108,0.33376976381390877
109,0.29290610476736667
110,0.3529940778901608
111,0.33762974061996287
112,0.4033697467669817
113,0.34715626664157284
114,0.34489764919757526
115,0.3334231342430014
116,0.3596333401442342
117,0.3605516829361597
118,0.3536455296216525
119,0.3480952031593243
120,0.3708211782548263
121,0.32970568460325245
122,0.421727896002448
123,0.37497458294720554
124,0.3796094517123958
125,0.3018282985640095
126,0.40647422109823506
127,0.36631060065844334
128,0.29969378215025255
129,0.3437548411555391
130,0.38279176212838406
131,0.3218554146251047
132,0.2941527491273437
133,0.2776705591832309
134,0.39910045620871415
135,0.3487641324431854
136,0.38395606391367254
137,0.30768621441238375
138,0.3183608036970411
139,0.37863926418429994
140,0.3338789468417418
141,0.34264676200029864
142,0.37003544845612435
143,0.32917132361494605
144,0.2977409179061805
145,0.2667320432575089
146,0.36409452380529306
147,0.3558827928347803
148,0.33212667722915246
149,0.3496766772382278
150,0.3512546692716909
151,0.34853516055043254
152,0.33710588157884036
153,0.40523164923902977
154,0.34306796468314005
155,0.36969043810730096
156,0.297660312524342
157,0.3893548845562731
158,0.42848636363021875
159,0.36933272082892543
160,0.2681783919032643
161,0.4584083309399971
162,0.31689651511653594
163,0.3341242041847172
164,0.3467584284143084
165,0.32182706424872487
166,0.33029346393400427
167,0.34978966535886524
168,0.2759643582600466
169,0.3392734662092636
170,0.31906091571106554
171,0.35433587886007567
172,0.3031480329234979
173,0.339200402657152
174,0.3536099099084997
175,0.3293769638239521
176,0.3545128849357351
177,0.33658713700504084
178,0.30059866548525216
179,0.3591605733315446
180,0.3606906232838458
181,0.4186659100531278
182,0.3168953163626198
183,0.4096172457307308
184,0.36355923918975463
185,0.3552885481058392
186,0.40941345177609456
187,0.27783377876927196
188,0.3845951044277327
189,0.39229635070313673
190,0.3337705444169776
191,0.37154883608070977
192,0.36605171291507155
193,0.369628173329303
194,0.3501274961025649
195,0.3488481540087962
196,0.4196321336098361
197,0.32351227373540326
198,0.38372999682202824
199,0.31195672812563435
200,0.3497226526601298
201,0.35180933926029967
202,0.33695501622308655
203,0.3372923482174892
204,0.3918484599647507
205,0.331294166229235
206,0.36141419641113304
207,0.3007298655951103
208,0.31344192031169626
209,0.3269509398370185
210,0.3100718374400726
211,0.30374271105826267
212,0.3587771326759155
213,0.4379872690626758
214,0.33081541134250614
215,0.34550203613433395
216,0.3664722126292723
217,0.2576450550535965
218,0.33298764866590647
219,0.37157556285838655
220,0.36926321231357795
221,0.37370032635138406
222,0.3606628182057863
223,0.28330866783998765
224,0.3452106375913129
225,0.3146159466530607
226,0.30359623414518966
227,0.3618740541830343
228,0.45305206318547375
229,0.38472788522227397
230,0.3493485677776089
231,0.42669049371832246
232,0.357212705523259
233,0.3797596113598489
234,0.3275751148402928
235,0.28983567560641843
236,0.29007733099860467
237,0.3966325482145603
238,0.3452519925883988
239,0.38593893551965186
240,0.35110299744531615
241,0.29421554703043995
242,0.3443798656653976
243,0.33228460004828086
244,0.3135219635318056
245,0.3709047253313904
246,0.33836273388977833
247,0.38093707915649233
248,0.30174401895377256
249,0.31961904042515954
250,0.3269331302928049
251,0.3842357143907873
252,0.3544577101831332
253,0.3336656845956454
254,0.36056495509718367
255,0.36196005779610063
256,0.3322983626306475
257,0.36715301188881755
258,0.3942750694088044
259,0.3556483822158234
260,0.39655615407471956
261,0.3821624166448361
262,0.32966119777415637
263,0.33627016620986794
264,0.26346397650994025
265,0.3101416504919632
266,0.34989433442766993
267,0.3432633564434755
268,0.40260610838233024
269,0.36603966746713645
270,0.33969153780406725
271,0.4137241819641462
272,0.36589454624712614
273,0.33441891850599115
274,0.2655905490861379
275,0.43085799627066956
276,0.4246045643753762
277,0.340005229385941
278,0.33006258488115314
279,0.34036672347237973
280,0.39955422089125303
281,0.35447523604820663
282,0.3574620501471446
283,0.2917394566686782
284,0.40224394638186745
285,0.3325758444281983
286,0.365132865540331
287,0.3194859230821123
288,0.3380505183535272
289,0.3137092195411255
290,0.35771488458176215
291,0.3704203065531475
292,0.4108931818894428
293,0.34031833579464044
294,0.3978995565098322
295,0.35872621117871484
296,0.3246567311337225
297,0.4025882965163663
298,0.34536176105199257
299,0.3239687409852152
300,0.3928578045600428
301,0.3570939375884383
302,0.33370555431117577
303,0.3613032585394804
304,0.36997084455221163
305,0.31937059312262583
306,0.34412362801929897
307,0.3390300092391012
308,0.31011226133316505
309,0.30384603076222927
310,0.36228134193282635
311,0.42002737616340635
312,0.36955786136284274
313,0.3543911765234098
314,0.3884185141516969
315,0.42488708692268107
316,0.33308427495469584
317,0.3560730879757039
318,0.3724450687120795
319,0.41461927219269734
320,0.3677242786950785
321,0.3993597143439751
322,0.43718048318386593
323,0.3655623651141062
324,0.37001031555855723
325,0.3730005853417486
326,0.34046819418435037
327,0.39331095041498143
328,0.3070958118072791
329,0.31479761554399
330,0.35096916632412745
331,0.3087191522848016
332,0.2970440534763119
333,0.3469807733209751
334,0.3503689553408682
335,0.3592587824010045
336,0.3506222750735013
337,0.3443165276501925
338,0.3625983393034242
339,0.3660416331369585
340,0.31764679647917315
341,0.38685791008223136
342,0.3746828777650344
343,0.3017506622187649
344,0.3637627618148045
345,0.3192497084802204
346,0.3555236351103459
347,0.35400967464441013
348,0.3106218151237221
349,0.34506411565116446
350,0.2952073694195554
351,0.3735236270536446
352,0.37741000011805426
353,0.43762806950612987
354,0.39373519920904476
355,0.4115360890065256
356,0.38222934484816307
357,0.40744610807456905
358,0.4159891281806023
359,0.3281478897654555
360,0.42026290948598
361,0.376916401677831
362,0.43674733719806547
363,0.3266065484701728
364,0.35686825882009554
365,0.35272658345953545
366,0.4151529382701371
367,0.303056068082177
368,0.35317748002689164
369,0.3279245274648419
370,0.3795777183255451
371,0.33993688546530443
372,0.32851274933867325
373,0.38912756825974704
374,0.3329221145490715
375,0.3543002540377307
376,0.3446580650210245
377,0.3385271191325607
378,0.34066526697027744
379,0.3152969475591507
380,0.31373928372459803
381,0.283241630478515
382,0.35561465825149696
383,0.3421722898695627
384,0.3880965749525078
385,0.32994427296134266
386,0.2985219089900597
387,0.36583043294933404
388,0.30507025526526776
389,0.3258413805678866
390,0.35435189429435
391,0.3355044939168308
392,0.3804145592913817
393,0.31817960642125254
394,0.38884550086011105
395,0.4082215788827468
396,0.3066376937585509
397,0.3326774952444693
398,0.3593057814417513
399,0.32629113548015365
400,0.3515133529997496
401,0.316220115102821
402,0.3604901716172373
403,0.34853975755186895
404,0.2897881810141869
405,0.370934680111346
406,0.3451961796961278
407,0.41096810218818014
408,0.3493499758053935
409,0.31396139256241096
410,0.3140485774403232
411,0.31135300177182135
412,0.3459594202852916
413,0.4014410150981371
414,0.3573089158816023
415,0.3149153672480711
416,0.3552255563175071
417,0.3624950808235168
418,0.38961854811193364
419,0.3851288562427908
420,0.3767666144035169
421,0.332521079753886
422,0.30452476986188737
423,0.36402239905413625
424,0.4222898520254792
425,0.3135959843408407
426,0.3524260296994428
427,0.42881203765061615
428,0.35048998292998235
429,0.37065662804146315
430,0.346086806342476
431,0.39277762795668103
432,0.38436270678567164
433,0.38413679004590096
434,0.3592259760417855
435,0.3399699941500134
436,0.3142947664434379
437,0.39935839167107456
438,0.36541134802882036
439,0.3089528229450096
440,0.3668258686404404
441,0.3193712031244802
442,0.3678597116117235
443,0.33960235007312223
444,0.39889921908586423
445,0.3410202126944295
446,0.42200192946878
447,0.34947488883213795
448,0.35416525026448564
449,0.319429563033939
450,0.33469222052087355
451,0.3682021133848572
452,0.3947023247321244
453,0.34442920166299196
454,0.4216313640907341
455,0.36902807253378844
456,0.3099321343015209
457,0.3479359546964109
458,0.37120781467813657
459,0.31319381452814143
460,0.26127349013660917
461,0.3143607930734227
462,0.4080121899891207
463,0.3239612879673204
464,0.35016244642126715
465,0.33564854701615365
466,0.34401252487266687
467,0.3224963636769713
468,0.34489863705467316
469,0.39705577420240035
470,0.34931157651950606
471,0.3235660447183175
472,0.3440813068741875
473,0.37970857059267127
474,0.31907078346458695
475,0.34123876488455096
476,0.3641651610780188
477,0.3946350503968237
478,0.3268584048552592
479,0.35955142633739534
480,0.5088854925734365
481,0.3518393234134445
482,0.3680657247791488
483,0.3464698468618006
484,0.3561033106344049
485,0.33739910214378144
486,0.3155965019291589
487,0.3599340692711155
488,0.35543919903575416
489,0.3108114469423464
490,0.3461633459153721
491,0.3984327386779505
492,0.3671807259027551
493,0.33202772106149947
494,0.3669764609736399
495,0.3500610174827319
496,0.38028797161043837
497,0.35786642795821777
498,0.3164045638283377
499,0.369412667768346
500,0.39430651744492495
501,0.3532159039199936
502,0.3194429279498574
503,0.351361408091452
504,0.3718525485041875
505,0.3240292666927278
506,0.40917848882316976
507,0.3562950341188049
508,0.31352108491281516
509,0.39193420505412213
510,0.3869079905256596
511,0.3853724944831427
512,0.3671102393145813
513,0.41198059444365454
514,0.35930614072760036
515,0.33243938531313466
516,0.35631646252125293
517,0.32528097631503927
518,0.41232612012645964
519,0.4134937260499947
520,0.30144344172026916
521,0.3163194707960786
522,0.32727480822435684
523,0.42557022913401843
524,0.373551948480058
525,0.35521057419965496
526,0.3572681474580386
527,0.32202490003303375
528,0.29382508501256854
529,0.3567965306106471
530,0.40507208505314285
531,0.29255350211722675
532,0.4184436558422644
533,0.37258375923956466
534,0.3603392849608009
535,0.35043372660707917
536,0.40257084951222355
537,0.3548933407164756
538,0.34380339867772225
539,0.37109109859887157
540,0.2892233924593044
541,0.3285978718349347
542,0.3344004278373287
543,0.33566395462733123
544,0.3262370963613406
545,0.3360730636383509
546,0.3592455390521696
547,0.3194182707069162
548,0.3487272709459788
549,0.4408098380528651
550,0.4188001263180636
551,0.35045485438469415
552,0.40018068041538735
553,0.348918858501416
554,0.3697592914909893
555,0.4039222471400805
556,0.41641360801062666
557,0.2985742527279953
558,0.3818746145460734
559,0.2782965114814524
560,0.36040580519451915
561,0.3585538285259844
562,0.3290877622360533
563,0.3628216970181595
564,0.33159335660479927
565,0.3786467286351516
566,0.3149035679115557
567,0.2611995687832738
568,0.33427691308165297
569,0.34931549920091953
570,0.325559912862845
571,0.42948092494069856
572,0.3459533196856208
573,0.3396545664272148
574,0.3799478782504311
575,0.42541064969684195
576,0.3810128512916502
577,0.34248518204316003
578,0.3029833638318342
579,0.34401770183022595
580,0.40564358250559707
581,0.3376354458471047
582,0.35588314328423687
583,0.32880565099813186
584,0.34462187767487595
585,0.3565961853671964
586,0.3199155995080205
587,0.36069965219791555
588,0.2815520745170317
589,0.3668895006402426
590,0.39610088335627225
591,0.38551152042830106
592,0.2920663526781557
593,0.36987510279256863
594,0.38851537252819845
595,0.29605516906404405
596,0.3393005950947896
597,0.40473841863742477
598,0.32787869034952255
599,0.3587268185067063
600,0.34799499831163194
601,0.307547837160449
602,0.36270309192179173
603,0.40359611589512845
604,0.3081329442582872
605,0.3615947616236803
606,0.3474642194614086
607,0.35027910274298346
608,0.30407690645472396
609,0.29890486224093005
610,0.34521524357694044
611,0.42539413976835627
612,0.3583405954658727
613,0.3155881291429692
614,0.30971377166516234
615,0.34929533038230076
616,0.35610767042653935
617,0.36878131439842576
618,0.36845202424838863
619,0.32799294309617855
620,0.3049660426845402
621,0.348323083728749
622,0.42531468160445973
623,0.40900487476042624
624,0.3454601053428745
625,0.30880183179438525
626,0.28937312841859475
627,0.34863265872544247
628,0.33429844826189603
629,0.3405590574791404
630,0.33787308896600177
631,0.38549602159146357
632,0.35056767274333644
633,0.38597974248459854
634,0.33523128514267375
635,0.40829590588223263
636,0.36905291985839384
637,0.28155439876056176
638,0.39494329654842897
639,0.43312721784576347
640,0.31075390180049256
641,0.3725086344639288
642,0.41984352375716316
643,0.42529886327350885
644,0.4661488672423002
645,0.3299677901597393
646,0.31546269028471885
647,0.3478867602138025
648,0.3450483078164366
649,0.3521614101496624
650,0.3293376639713852
651,0.3764770040073122
652,0.45902713100508263
653,0.36695353849966406
654,0.3279057781794359
655,0.4001061981060072
656,0.26549519798708543
657,0.4329575548588789
658,0.3712324623637482
659,0.2890070196771761
660,0.31994837911540097
661,0.3385930337989742
662,0.318777992167802
663,0.31164730505768157
664,0.33807659289731484
665,0.326874816904581
666,0.33923172480940256
667,0.33415684839566495
668,0.3679052818651378
669,0.33401777823621615
670,0.3598867993860497
671,0.3849350250636845
672,0.3236224517599693
673,0.354994910200475
674,0.3055750043031873
675,0.3771128830515389
676,0.3486087443446175
677,0.33425118336552684
678,0.3666382849359424
679,0.2985703098487753
680,0.34437272861165
681,0.33323215205680734
682,0.2712715260949934
683,0.29102249293734417
684,0.3355476910987951
685,0.3826911649174516
686,0.40707759234585694
687,0.38465329143768434
688,0.27446017401150646
689,0.3912077410848833
690,0.338276918411744
691,0.3376268503771671
692,0.3619251263271601
693,0.33187028767144744
694,0.3440543537856007
695,0.36570541659672706
696,0.33953377221507974
697,0.3476685110317246
698,0.34211666011859254
699,0.41037855165071413
700,0.42112470920956735
701,0.3162189500176331
702,0.3540829333061555
703,0.36513268458866044
704,0.315224000216368
705,0.3702195390788052
706,0.32936383488911014
707,0.35448504601294495
708,0.31595840843600254
709,0.37688568153442015
710,0.3788882260962021
711,0.35398427703983604
712,0.3734916334702998
713,0.3159053184407159
714,0.31602462325736935
715,0.3411879758558163
716,0.35804493302638285
717,0.30690565350955357
718,0.3955285070831631
719,0.3435780164913722
720,0.33524507217147503
721,0.3557356739806754
722,0.32347410653135755
723,0.3581267789580518
724,0.3851205733886487
725,0.3380416936599344
726,0.3493144499999721
727,0.3678386915853431
728,0.36349512791149774
729,0.3473656687872664
730,0.33043828449953727
731,0.30638537971943514
732,0.37756443536841555
733,0.377871036413457
734,0.32910530412329386
735,0.41162692674350065
736,0.4280280706368851
737,0.30134369286394946
738,0.30712678743689237
739,0.27918479783486116
740,0.3612952031242038
741,0.37933723969175226
742,0.3331235410418265
743,0.3315867544461253
744,0.3513646802863257
745,0.37555915994638234
746,0.37476682243283266
747,0.3515798862292465
748,0.3695390646732095
749,0.3429709578642588
750,0.36331256784981836
751,0.3841708647450095
752,0.34461603871463486
753,0.40932993474628576
754,0.40451401054560465
755,0.35376830319056474
756,0.330098776427592
757,0.43372477931943676
758,0.3173358385244529
759,0.34331835462639404
760,0.31088465271426013
761,0.40416687950143837
762,0.3415894324439632
763,0.37263183341875417
764,0.327776015626148
765,0.3493421562909176
766,0.34394662006236976
767,0.3312581425733372
768,0.3639959951045819
769,0.3508138421612905
770,0.3562708682039619
771,0.34001265967573824
772,0.3309569280854916
773,0.33049489361592066
774,0.37858784876622886
775,0.3708635044663833
776,0.443334159228125
777,0.3427156549012751
778,0.3178144684988413
779,0.3779621417031578
780,0.31264229856670056
781,0.40717560931080055
782,0.3803303747373654
783,0.3213873493447661
784,0.36265633498518834
785,0.36706576856947937
786,0.39081173696949234
787,0.3234500553056243
788,0.2972644200358463
789,0.3355523250015229
790,0.3522885222455372
791,0.38718538470052133
792,0.3733153236985527
793,0.3892594467980195
794,0.3247226676890085
795,0.3937849441543615
796,0.30457081736278857
797,0.37941709600249407
798,0.3235812792017403
799,0.3231340227659478
800,0.3788586157124474
801,0.33766006311828
802,0.3891038462664884
803,0.3579064183584584
804,0.34833831283830285
805,0.33402655295711847
806,0.3371331830304203
807,0.3181467338169077
808,0.30889217402523084
809,0.38346631131702047
810,0.3814753885252058
811,0.33009044314800384
812,0.29602329211102507
813,0.38817290350676137
814,0.3571923465137248
815,0.3130814873731711
816,0.25866965745821524
817,0.37783761940535854
818,0.2765154738070832
819,0.41790873845041787
820,0.35784818392804496
821,0.322960282570691
822,0.41956777939233536
823,0.39226784624041144
824,0.31211943535477715
825,0.26320530359380045
826,0.3358597982010294
827,0.35619722020404776
828,0.32699739661072336
829,0.30417421903184483
830,0.37479437532737636
831,0.3182396038613575
832,0.30764848047901205
833,0.39983996357720697
834,0.38623447564055446
835,0.3697893929425442
836,0.35328452643657826
837,0.42313751421058177
838,0.3440475093517934
839,0.43834890621194056
840,0.34086678417105665
841,0.3123899388981046
842,0.3664368216489029
843,0.3421438058583539
844,0.3507071971502693
845,0.2895744515308527
846,0.4010931549567416
847,0.36577663676431094
848,0.2958535535329454
849,0.3508552857838785
850,0.3492121057654045
851,0.3037456852407914
852,0.2886219469046791
853,0.33979307060350195
854,0.32107744023145646
855,0.34053844837280245
856,0.3927171101368119
857,0.31756099864198717
858,0.37601026477773436
859,0.4479612902264587
860,0.33266834021986025
861,0.3669581590558111
862,0.37895467945575145
863,0.37297883122654296
864,0.35828808119587086
865,0.33948439543399633
866,0.3336786688233411
867,0.35444767262872245
868,0.3445591985805554
869,0.3708962132509219
870,0.332792700369557
871,0.35369973410016575
872,0.3232321412920185
873,0.4286664559342941
874,0.28689522621292607
875,0.3434130838672589
876,0.3853655654263717
877,0.34907815429046396
878,0.34951794564135774
879,0.4206918048047581
880,0.34782802729045725
881,0.3656511297818703
882,0.3624400892565536
883,0.3921076176713214
884,0.2881296090016843
885,0.35642405086296547
886,0.3047259745874378
887,0.33150953619524426
888,0.3533548176865051
889,0.34663923732341484
890,0.3275111813017557
891,0.32509271344893786
892,0.3584657431712799
893,0.32585311452917676
894,0.37073075297918967
895,0.36938318582168606
896,0.3168787964393083
897,0.32280109782424704
898,0.3879909777911834
899,0.2511811094787091
900,0.315286342515924
901,0.30370829892664597
902,0.3093030254626541
903,0.35788806110243154
904,0.323981300198505
905,0.33431268324236996
906,0.3507210707561752
907,0.37318405794427756
908,0.36930886835420784
909,0.3628039260191125
910,0.36727244617536314
911,0.35606009301378627
912,0.3089755224510524
913,0.3435392176277925
914,0.33801520180485545
915,0.33568723600452266
916,0.36383779453525467
917,0.46191195373691585
918,0.35339111940692414
919,0.3371971417312096
920,0.4179755750063694
921,0.3287884446612557
922,0.34159391026855035
923,0.31036424047223
924,0.4029291629918901
925,0.34639272111609865
926,0.36065981498776667
927,0.3391568610177247
928,0.37904530063726316
929,0.3108965762505438
930,0.42412104011428475
931,0.36180727832974746
932,0.40789109294804105
933,0.360015447106635
934,0.4369546307704044
935,0.30733673039419607
936,0.35012936636528025
937,0.31827877655287606
938,0.34485546072652706
939,0.3348707041156431
940,0.38821852952951286
941,0.3422124689665895
942,0.3447006152170764
943,0.42597165139156523
944,0.380915422763465
945,0.42867665027938084
946,0.40233921584940235
947,0.3958449024847335
948,0.4117494123939469
949,0.3484594202571687
950,0.355799707100803
951,0.2798324970958568
952,0.34896588008503304
953,0.3331566558410115
954,0.3342211558955652
955,0.3141177003572424
956,0.35702423534986094
957,0.3081989127015259
958,0.3064749106745164
959,0.38196887762326437
960,0.4211612918115213
961,0.35675544638047674
962,0.30417774408179454
963,0.3399995149161752
964,0.37776742493502535
965,0.28721557852292445
966,0.35051431793036514
967,0.3516931545483626
968,0.37069597199820503
969,0.38581928563196755
970,0.32491980129336673
971,0.3820815344973987
972,0.3754833235028796
973,0.3140326059131153
974,0.32945419321127556
975,0.32724198085039813
976,0.3272016441129737
977,0.3367102681624594
978,0.3489085494929438
979,0.32931994535881115
980,0.3103430668170173
981,0.3468549323708823
982,0.36238949225089234
983,0.35683195022759984
984,0.40572336865694103
985,0.3422405399742523
986,0.3749687336678189
987,0.35898560720573514
988,0.2981698742418084
989,0.41601865639728386
990,0.3187796031411727
991,0.3823083645874914
992,0.394736665304372
993,0.3023310527636718
994,0.3391280789648268
995,0.35955441551554745
996,0.30152231880476066
997,0.3932666059744645
998,0.3769169341798988
999,0.42829858288939393
1000,0.34566865740433084
1001,0.32866158796864875
1002,0.3448925033463164
1003,0.3103426276121586
1004,0.37978296147597845
1005,0.3683587507571655
1006,0.36112301837147864
1007,0.3133551758301998
1008,0.3484596982391328
1009,0.3589356715744625
1010,0.3732900884722028
1011,0.3547418310801649
1012,0.35044381733018426
1013,0.34332556088707555
1014,0.37162850138483794
1015,0.3762897149162425
1016,0.36883440802342626
1017,0.33214034655735114
1018,0.3856133703322775
1019,0.29596569258194183
1020,0.38999740554625584
1021,0.33051483719837016
1022,0.3121988381179337
1023,0.33587551284994976
1024,0.315386692234938
1025,0.34749497206323054
1026,0.34586404973741036
1027,0.34750682054307447
1028,0.37946467191841293
1029,0.2670360538142562
1030,0.40656498527461116
1031,0.4173145464132211
1032,0.3001116499168468
1033,0.3211236095002463
1034,0.32757422838994454
1035,0.35056227010042385
1036,0.362913157201151
1037,0.3434475652436566
1038,0.3370326024132164
1039,0.32282724563794973
1040,0.3247697653147297
1041,0.29948010943442327
1042,0.34151752162387705
1043,0.3427524352534075
1044,0.34686921136380633
1045,0.38378682061491753
1046,0.40508330078439636
1047,0.3161984737151555
1048,0.34706754188197664
1049,0.399380094966884
1050,0.31707493446464374
1051,0.38092095915058355
1052,0.3785369413504682
1053,0.35143119027728265
1054,0.34779065142618126
1055,0.3632795878274271
1056,0.39147404903017113
1057,0.338840415068149
1058,0.36726849165272535
1059,0.36881867803256263
1060,0.3882409851187494
1061,0.33654179278276786
1062,0.3912080216532443
1063,0.37724490459948123
1064,0.3446854567120905
1065,0.3517411402477979
1066,0.36045099032201167
1067,0.4419343760341192
1068,0.2966901224060874
1069,0.31365746050652543
1070,0.3890451598290574
1071,0.3651770722273273
1072,0.35464184702473256
1073,0.37332805633321264
1074,0.34524041613380474
1075,0.3823662226844071
1076,0.3748238500247574
1077,0.4143976099806479
1078,0.3602508314455539
1079,0.33564540331360826
1080,0.285993414701061
1081,0.2862262290532023
1082,0.2867419736968775
1083,0.37188573411409465
1084,0.40348599364864457
1085,0.35173001726482056
1086,0.3230494073770531
1087,0.32854125258445066
1088,0.29865380064419655
1089,0.35440345133404394
1090,0.37939980138634244
1091,0.3276644188090314
1092,0.35956806071213165
1093,0.4076643198879015
1094,0.38171980064260636
1095,0.28003929022585927
1096,0.3869042724255287
1097,0.3562979897112464
1098,0.2578198808722596
1099,0.3982254774741447
1100,0.3606094598140488
1101,0.33625932793278457
1102,0.4331670328885009
1103,0.40867843752235933
1104,0.3697876845614756
1105,0.38550637623835016
1106,0.32933733231369056
1107,0.396999289895148
1108,0.40240222159035044
1109,0.3974790215644415
1110,0.3270509189481676
1111,0.3551108542876693
1112,0.3736607211875902
1113,0.35295917750894334
1114,0.32204382433522216
1115,0.35179379403122324
1116,0.31725409034586427
1117,0.35567413825350513
1118,0.3251280351793615
1119,0.34998763006260836
1120,0.4058738319575603
1121,0.4018561511864447
1122,0.3318975424473187
1123,0.458707540998855
1124,0.3476657389161515
1125,0.4152916423576132
1126,0.4119751052252325
1127,0.2940776673422243
1128,0.37593619013968027
1129,0.3313833576239613
1130,0.3455475783006494
1131,0.3333624958380792
1132,0.329928732495381
1133,0.4148576580419423
1134,0.365163249102181
1135,0.29953767417315724
1136,0.3183842238705754
1137,0.37184714194249
1138,0.3029453254474874
1139,0.3415803043082817
1140,0.38819640521305665
1141,0.38112872476887594
1142,0.2710413350685492
1143,0.30277188080689577
1144,0.4316692974934977
1145,0.41303593021803486
1146,0.3028266655487104
1147,0.31266941419086525
1148,0.37181523856967047
1149,0.30024848496270273
1150,0.36480860859912756
1151,0.36083151600148256
1152,0.3085894821201136
1153,0.4595682949409059
1154,0.3975710696452772
1155,0.31747909042575184
1156,0.30767108044433567
1157,0.33539587418203176
1158,0.40634832879527094
1159,0.32496279016867824
1160,0.3209693008347738
1161,0.34743462019179683
1162,0.3745699885066154
1163,0.3677938130338414
1164,0.313975042606065
1165,0.3690263442698467
1166,0.38365305190282273
1167,0.407166250100663
1168,0.3583565150929937
1169,0.30648698531823815
1170,0.32184642002430364
1171,0.35693034935407786
1172,0.381177888409288
1173,0.3860900696627674
1174,0.3284018110354108
1175,0.3494973753912909
1176,0.29602920855719894
1177,0.3507935340165602
1178,0.3470254076777515
1179,0.34447684862126016
1180,0.3438985546467004
1181,0.256621997068895
1182,0.42432037251117816
1183,0.34842104539451
1184,0.3166891722636982
1185,0.3240565590621509
1186,0.3101150593800588
1187,0.3390508114782542
1188,0.3440768124706901
1189,0.3852648453606067
1190,0.36133125120535015
1191,0.3208585949329863
1192,0.34596591972448865
1193,0.36190028975894517
1194,0.42524584373406515
1195,0.3554322816659039
1196,0.3410479611465824
1197,0.37715807961630166
1198,0.34796469658877527
1199,0.3063145890190073
1200,0.3702859690103004
1201,0.30248929634217125
1202,0.3960830263822612
1203,0.28496376403432633
1204,0.31277798184013017
1205,0.31875330351161546
1206,0.25039169260481353
1207,0.3738561921789123
1208,0.33200157866185487
1209,0.3776796177028432
1210,0.40741747320138977
1211,0.3472974521663543
1212,0.36560859368508103
1213,0.3162120506754915
1214,0.4539597592192983
1215,0.45526118949679795
1216,0.36481854171968253
1217,0.4095981073049817
1218,0.3926206283608198
1219,0.3655909081499873
1220,0.33803181423353656
1221,0.4125444743712512
1222,0.3790550063450602
1223,0.3751533653263013
1224,0.43830354013303463
1225,0.33453526817886114
1226,0.29697758484009595
1227,0.33984434450082057
1228,0.3420864703913131
1229,0.4391646838702403
1230,0.39072435763707425
1231,0.36128300210255304
1232,0.30496804518813336
1233,0.36479896941873236
1234,0.3600904010641659
1235,0.36655531269281516
1236,0.4087180393923213
1237,0.3475770579958932
1238,0.36524039855048596
1239,0.3147640105601135
1240,0.3134652359085619
1241,0.27599127352776787
1242,0.3616861633395434
1243,0.36684704149222114
1244,0.3525762930200207
1245,0.3328672866456781
1246,0.37003963647893245
1247,0.34068770902272494
1248,0.34568481923233385
1249,0.3865941672421318
1250,0.33715958573367555
1251,0.3955951526345358
1252,0.38671416596747843
1253,0.2971943739823404
1254,0.30984944704797046
1255,0.31906537982919714
1256,0.3264846968888482
1257,0.39292399825292756
1258,0.3170283585221414
1259,0.32695286438287097
1260,0.31439804452349307
1261,0.32225301873951384
1262,0.3357071680053343
1263,0.28871001934148577
1264,0.3786426183037439
1265,0.4080866045044438
1266,0.46026637731160225
1267,0.3578926698121827
1268,0.5030466938401936
1269,0.357795960358783
1270,0.3482304262970799
1271,0.38149415203085546
1272,0.36605181285811206
1273,0.34419047274710435
1274,0.40464990318484473
1275,0.39482622619558017
1276,0.3662242749327893
1277,0.354961042146122
1278,0.3475078269295562
1279,0.4146836730694936
1280,0.38136073357035905
1281,0.31214351787047745
1282,0.38190238251607456
1283,0.3774287500520641
1284,0.31529027665814313
1285,0.35397735245138007
1286,0.3552794880792427
1287,0.3598770917442393
1288,0.29718831825989867
1289,0.32947373962738435
1290,0.3092148672180697
1291,0.4355408512298973
1292,0.34814481987887547
1293,0.34293618682150484
1294,0.31249339217339944
1295,0.34754092198633524
1296,0.3848641605152223
1297,0.4009623023408482
1298,0.2611941867388148
1299,0.38196314718665114
1300,0.37554076216070786
1301,0.3344667152453922
1302,0.3724647403935748
1303,0.3749437672319198
1304,0.357828291080422
1305,0.3946173588962649
1306,0.3337134785709046
1307,0.3052660618643981
1308,0.3644373094228981
1309,0.3333757779168245
1310,0.3658636425746793
1311,0.342933311418681
1312,0.35759054118781197
1313,0.3098574155447449
1314,0.3469735966224876
1315,0.3123754697224195
1316,0.35598498450945826
1317,0.3933360787499489
1318,0.360358536188333
1319,0.38593085297612095
1320,0.38613356003320876
1321,0.36937296420508847
1322,0.31928174375518825
1323,0.3438542622535037
1324,0.3375588065544024
1325,0.367386159205088
1326,0.3586101622487141
1327,0.3137419341246157
1328,0.310973608286933
1329,0.33648944311611206
1330,0.3441252471322973
1331,0.3384242314080792
1332,0.36066619053246507
1333,0.31950020151476455
1334,0.3491957157164971
1335,0.4061560840320868
1336,0.38331904712323706
1337,0.34599994427698055
1338,0.336726877445936
1339,0.34390057672073304
1340,0.32513535621059564
1341,0.37477889888138627
1342,0.3951745862575602
1343,0.3867018221577445
1344,0.33288059822072835
1345,0.4034953439644977
1346,0.4257805398427714
1347,0.3404384282614821
1348,0.399450118193013
1349,0.33623413171887373
1350,0.3633562478572827
1351,0.37921700337764275
1352,0.36752879306763653
1353,0.34300488543923224
1354,0.3626689936903009
1355,0.32835397098534713
1356,0.35104308365241055
1357,0.364017013173318
1358,0.37234928460598526
1359,0.38281712694953196
1360,0.32946703758532525
1361,0.34554510402989136
1362,0.3452120845834523
1363,0.3499296046100637
1364,0.37781667271000074
1365,0.2776396932423171
1366,0.30402937030114874
1367,0.27074996713820454
1368,0.36271902984191806
1369,0.31260973589389307
1370,0.3092379505356009
1371,0.3510442269848282
1372,0.43338181394997477
1373,0.32850409264076674
1374,0.3725932748573517
1375,0.3629251392157107
1376,0.39321117135234385
1377,0.3633241585371234
1378,0.3433622533809486
1379,0.3310482121333931
1380,0.33272529434705955
1381,0.3647572889137032
1382,0.33170216934090213
1383,0.3927863503255571
1384,0.3448635842578529
1385,0.3091041090258009
1386,0.37840880670788213
1387,0.3241056940300755
1388,0.3851291112175872
1389,0.35556676322936376
1390,0.45633002199874806
1391,0.3629211316636285
1392,0.34306576216212337
1393,0.33962645961857785
1394,0.34875072619639846
1395,0.3841909910328778
1396,0.38673698740643836
1397,0.4145581393144524
1398,0.3763930100732127
1399,0.4319783220278177
1400,0.429682474826504
1401,0.4160125050584109
1402,0.4077857488716563
1403,0.39185143501796915
1404,0.36584392890201745
1405,0.32854580500927844
1406,0.3463189283760304
1407,0.37724984527303196
1408,0.33339339093341946
1409,0.3624646029477172
1410,0.2990613779619573
1411,0.36076679358985286
1412,0.3230807900484196
1413,0.331105537563968
1414,0.3303035424506202
1415,0.39974837973674004
1416,0.3215003054387804
1417,0.28005630084078037
1418,0.3217740835817482
1419,0.43636322828528584
1420,0.2801754428278578
1421,0.3892314318548342
1422,0.27705501299499247
1423,0.3397550598122403
1424,0.3635970556448034
1425,0.38628400735453194
1426,0.32415060625065895
1427,0.3688234394599701
1428,0.3093627140868054
1429,0.38384399587375473
1430,0.44303480170099796
1431,0.39055116567471293
1432,0.3431959173907275
1433,0.4194401765239033
1434,0.41504832281442505
1435,0.32796714789673986
1436,0.37334090685817056
1437,0.3834849956716311
1438,0.4271265142172096
1439,0.314340131605479
1440,0.35096168296896213
1441,0.4008729647211924
1442,0.2949039586953477
1443,0.30828024578206525
1444,0.32792742548071274
1445,0.2911457750487072
1446,0.3489938953911498
1447,0.31010581300247564
1448,0.3421576810621403
1449,0.31067855775605935
1450,0.3940925397326662
1451,0.36584908823212814
1452,0.39716212603629586
1453,0.3644925126950982
1454,0.3025798562060862
1455,0.37697937207526033
1456,0.328493332410678
1457,0.41213806552453747
1458,0.36541689535710287
1459,0.34729556133232276
1460,0.3323913747963556
1461,0.3887667608240051
1462,0.34632718264840046
1463,0.3674729666642933
1464,0.3205453330542487
1465,0.3038830547412297
1466,0.3395693999281528
1467,0.40519699524305564
1468,0.36029171596411924
1469,0.4334730397475073
1470,0.3786269849725583
1471,0.3505674229905771
1472,0.37757521386248527
1473,0.37116160380563556
1474,0.3340524648452119
1475,0.3651506272922225
1476,0.31787017685309227
1477,0.3308248871548525
1478,0.3232892344964524
1479,0.3288457267864713
1480,0.37305650667913737
1481,0.361344970893819
1482,0.2795423777152384
1483,0.4137753046465713
1484,0.39263493253933923
1485,0.3408368414219898
1486,0.326123586580088
1487,0.34164089214177373
1488,0.3802174791065749
1489,0.42785104318170974
1490,0.369480197257662
1491,0.3333119163090852
1492,0.41767397869873246
1493,0.35970113695526296
1494,0.33274052296463186
1495,0.34790946793684707
1496,0.4252062860504173
1497,0.34682967797172726
1498,0.3408790815886973
1499,0.30831880155783686
1500,0.3277754862209341
1501,0.3861028305369194
1502,0.388058932780023
1503,0.3392308148712737
1504,0.32735869804078765
1505,0.2974040376223437
1506,0.4079456491981541
1507,0.3725060261657407
1508,0.4061519741788855
1509,0.355735007963772
1510,0.36425488712826315
1511,0.41078587402405464
1512,0.4165224560465459
1513,0.3631653193825728
1514,0.3605016764536204
1515,0.33331942477457766
1516,0.2827759757198951
1517,0.3587811090645965
1518,0.3394506747562067
1519,0.3372802766990701
1520,0.28275103370386345
1521,0.3999427275132854
1522,0.42451508089676304
1523,0.344689222653229
1524,0.3824489751544271
1525,0.31424419208101106
1526,0.4425279245939233
1527,0.3339335329212254
1528,0.3068803236088846
1529,0.3303937744298251
1530,0.3816560014068675
1531,0.31839487017537405
1532,0.3503252868778124
1533,0.37652427137614275
1534,0.38522147389494243
1535,0.32692293155421526
1536,0.2993779443952507
1537,0.3299875407800723
1538,0.32670500081968434
1539,0.3680861870944754
1540,0.3009075566966488
1541,0.31175259377972564
1542,0.3466340520184801
1543,0.3570817508647415
1544,0.32688863823659986
1545,0.40093119007855504
1546,0.3259054948899718
1547,0.31633163323930624
1548,0.3477430843625742
1549,0.32424819413772354
1550,0.41265272447682433
1551,0.4471163292813696
1552,0.4013251218335574
1553,0.398415875403642
1554,0.3345459281919929
1555,0.2501494180194439
1556,0.28769811602318995
1557,0.2670696473932548
1558,0.36876877103137584
1559,0.3463768507490599
1560,0.3968427730105901
1561,0.4357377544979544
1562,0.3724105200593848
1563,0.34567263017875494
1564,0.36739442983202597
1565,0.4084059989755162
1566,0.32903367558395313
1567,0.34091407691472186
1568,0.3762813324676726
1569,0.38868057652287247
1570,0.37192313250834896
1571,0.33583870920862413
1572,0.3691077161566918
1573,0.38786154179235943
1574,0.34236818804399016
1575,0.3211414236199399
1576,0.3703209175621205
1577,0.2828155257282683
1578,0.29897159157178477
1579,0.39231436256366425
1580,0.45638202350343793
1581,0.3122572638801926
1582,0.32685655864921737
1583,0.3679761609503065
1584,0.4234877982302705
1585,0.3540991820293611
1586,0.3340921869518523
1587,0.4013817152393946
1588,0.2713777259732577
1589,0.3868455562658939
1590,0.3859047664107469
1591,0.3701878626662447
1592,0.3331054290177349
1593,0.32034048205249865
1594,0.4083252382292919
1595,0.3097476735915681
1596,0.3670623080194515
1597,0.3816035825826738
1598,0.4062167341674594
1599,0.3953564125375548
1600,0.3696974886980615
1601,0.32239624136808054
1602,0.3653326347221175
1603,0.42915882737998956
1604,0.3262288122680772
1605,0.3495266708728617
1606,0.38411468810033567
1607,0.29549479371142695
1608,0.3392004920872993
1609,0.3739017969225742
1610,0.3928645705640661
1611,0.3437074986776727
1612,0.40418653333900867
1613,0.33496130447116057
1614,0.4125181607063104
1615,0.31063855993208067
1616,0.3772574941709772
1617,0.42124524254723106
1618,0.3373779407975048
1619,0.375718388770081
1620,0.29397839283209404
1621,0.40409384253065017
1622,0.3097420055454334
1623,0.3534450232866768
1624,0.2950540213112678
1625,0.35616819308284686
1626,0.392115391478729
1627,0.334376136043812
1628,0.3116599833674174
1629,0.40459062914039867
1630,0.2990378922059662
1631,0.30545439011981346
1632,0.37803975068904316
1633,0.46333214872879447
1634,0.3872298080248511
1635,0.35794884679741834
1636,0.31880633240474676
1637,0.2557884444570817
1638,0.3710794439481466
1639,0.3829219175620797
1640,0.3900610812004963
1641,0.40545672975593483
1642,0.36813587583232854
1643,0.32634522178489966
1644,0.349949494398365
1645,0.36515508358506077
1646,0.41908839662053854
1647,0.33629375511654835
1648,0.3013337514711729
1649,0.3105736113445805
1650,0.33490641555534584
1651,0.4094458523562743
1652,0.34718298388077473
1653,0.3845152304577626
1654,0.3551749621139919
1655,0.34502342080190296
1656,0.342279776648434
1657,0.37183437987453605
1658,0.38356035219829154
1659,0.3532605975514622
1660,0.3933867885380149
1661,0.3673085526335851
1662,0.3344570895145722
1663,0.2975281248595345
1664,0.38134189743350255
1665,0.3651107032012533
1666,0.4019429611537606
1667,0.30372306349741507
1668,0.3622515625628808
1669,0.32763541739706126
1670,0.3874593431185649
1671,0.3054797977516017
1672,0.31821415899916916
1673,0.38512275104060745
1674,0.3416310236930977
1675,0.32597022252937347
1676,0.28257926349181695
1677,0.3263946959313455
1678,0.40975569821958757
1679,0.3600669882357126
1680,0.34208994475732357
1681,0.33122235648310294
1682,0.38990888231627796
1683,0.4618678195163395
1684,0.34311556288863354
1685,0.34539879230331394
1686,0.3758996490882387
1687,0.35409069254960945
1688,0.32504470749745984
1689,0.36881875957197474
1690,0.33462864728521424
1691,0.29290934033942184
1692,0.3636006713981623
1693,0.3279703408380952
1694,0.35917400460499893
1695,0.34203342516923385
1696,0.38673182955974683
1697,0.32559083495878083
1698,0.3865820830038751
1699,0.3557707776628396
1700,0.3933935976794247
1701,0.39126792430114277
1702,0.34570942441563224
1703,0.312582933238418
1704,0.3898143932976157
1705,0.3449975805903094
1706,0.34498923529574776
1707,0.32838497020447255
1708,0.35739700191467216
1709,0.31716854090681057
1710,0.3954160993272935
1711,0.4038060727204229
1712,0.3452200834915802
1713,0.40780161132155435
1714,0.29693573448039823
1715,0.3700823030900371
1716,0.3537078286918356
1717,0.36943336507947144
1718,0.35056965371884496
1719,0.3869587900576956
1720,0.3433664889973853
1721,0.3234913847315637
1722,0.30721321895278697
1723,0.38700579957778425
1724,0.416627477151148
1725,0.33575614061373527
1726,0.3504809635561199
1727,0.3679077361944234
1728,0.33588370314883953
1729,0.2980694307792078
1730,0.31407518689188185
1731,0.44004834114315017
1732,0.37737032555542127
1733,0.4011454618187047
1734,0.2982409453792756
1735,0.32371994665409964
1736,0.3912290436282486
1737,0.36175912940452815
1738,0.32939072149738413
1739,0.32308413864623287
1740,0.38757466407077557
1741,0.47771611240294787
1742,0.3659438740962391
1743,0.38820838203076
1744,0.35607970141480916
1745,0.3240793998848792
1746,0.3336635896361142
1747,0.39029955344536926
1748,0.3328682586443201
1749,0.3423424317677779
1750,0.3300802785019883
1751,0.33879867532599617
1752,0.3174801319875984
1753,0.3736528736873632
1754,0.2941675586337493
1755,0.37114040104575086
1756,0.40376340264853594
1757,0.35188908392280105
1758,0.3540182558223246
1759,0.39541165827699887
1760,0.36635437036715635
1761,0.3564701856412853
1762,0.4172471663456001
1763,0.320605767784476
1764,0.3886549693676762
1765,0.3112383127476339
1766,0.33624444346251536
1767,0.3033659757052547
1768,0.34847728022486235
1769,0.3273481672642582
1770,0.29704705323600944
1771,0.3712576911028793
1772,0.39669253995829123
1773,0.3143915067279477
1774,0.32959627150023696
1775,0.38710110417379884
1776,0.3069388661442516
1777,0.424927661523387
1778,0.3430425726841313
1779,0.33582038382831403
1780,0.2916374150155696
1781,0.40450523116187087
1782,0.3822162699067011
1783,0.3563597526794977
1784,0.3094952527447039
1785,0.3245146907412506
1786,0.3552191809809533
1787,0.3611141227613044
1788,0.35076251802000646
1789,0.3612058017675337
1790,0.3812553695971128
1791,0.40660764575210795
1792,0.40455342005981443
1793,0.3175337523132393
1794,0.3097761403186512
1795,0.3518183509773216
1796,0.40237126745030993
1797,0.3268430682611694
1798,0.40107871757254765
1799,0.36510504711723524
1800,0.33600662200064324
1801,0.3660049278549886
1802,0.33001814614099345
1803,0.3496846414089174
1804,0.3497794051048779
1805,0.42029782913558034
1806,0.340641302237052
1807,0.4067074478551853
1808,0.2896124506525801
1809,0.3702531195624541
1810,0.4488968303422838
1811,0.396303820709464
1812,0.30993070371207265
1813,0.39115918857056275
1814,0.31020371688451354
1815,0.3664467529191451
1816,0.3369960156836469
1817,0.3684116325346922
1818,0.3194364963706411
1819,0.37135900274698885
1820,0.3080633610669903
1821,0.4252059432939288
1822,0.33098402232048674
1823,0.45104236008697685
1824,0.39777271079230525
1825,0.34423026756740516
1826,0.32573651809165405
1827,0.35816255717905676
1828,0.39850556087331857
1829,0.37480557584528507
1830,0.3176560907316186
1831,0.36039990373696096
1832,0.3566959866987105
1833,0.34085106944223575
1834,0.4101213775843169
1835,0.41561633733184156
1836,0.3736704011284915
1837,0.4437354710180501
1838,0.3154286192515672
1839,0.363199183190535
1840,0.39131832874068895
1841,0.37323892151180615
1842,0.34014235195766185
1843,0.4201676529725029
1844,0.2982861956170466
1845,0.43705481447276107
1846,0.3356467983298854
1847,0.29548772659049494
1848,0.35582069403818384
1849,0.3571096613091922
1850,0.36934549494747726
1851,0.3684028089605267
1852,0.331651364149812
1853,0.3604184411622482
1854,0.2610379381801513
1855,0.2531918857122042
1856,0.3100590903389331
1857,0.29763142847258806
1858,0.3308390370456529
1859,0.48818526228201975
1860,0.34814963056694026
1861,0.3833216547020495
1862,0.39166989322659784
1863,0.33532271916438017
1864,0.4140480661134851
1865,0.3413221659354049
1866,0.3154572886729028
1867,0.3514895766280186
1868,0.35110284514154966
1869,0.3325623658849155
1870,0.3298666624575439
1871,0.35202706735870404
1872,0.4027702976688561
1873,0.34189260651912523
1874,0.29221463781646273
1875,0.3311677431837641
1876,0.3351675497934785
1877,0.3011251719347916
1878,0.3834606467626238
1879,0.35194537505489754
1880,0.3810582035624983
1881,0.31350149423372775
1882,0.3645874125465287
1883,0.34856369700461665
1884,0.3799763307932964
1885,0.3861673968602348
1886,0.34345011951406024
1887,0.3706764930031743
1888,0.3965155625364565
1889,0.3719224780542385
1890,0.32705205338983045
1891,0.3616868825309183
1892,0.38892488664479163
1893,0.37476154765231007
1894,0.33631398216875175
1895,0.37064551785955846
1896,0.3672820414877087
1897,0.3868378063587654
1898,0.36054087763796794
1899,0.35126780768048693
1900,0.31253942395270995
1901,0.4071656305644584
1902,0.3810610153862819
1903,0.287739669076823
1904,0.31484638124790365
1905,0.3266350422609645
1906,0.34510423377784694
1907,0.31129821944168423
1908,0.39842814970666707
1909,0.33449527614468666
1910,0.38647542864294415
1911,0.3413767023578864
1912,0.34887759305991795
1913,0.36496363933998843
1914,0.4349064583553308
1915,0.3575599854753988
1916,0.360148430314962
1917,0.3474480070652399
1918,0.3579493144058108
1919,0.4158078014780515
1920,0.330824680065128
1921,0.5178200962727533
1922,0.37561167929105643
1923,0.316443877900761
1924,0.37449709502618855
1925,0.2859803593001127
1926,0.41515950311978456
1927,0.32089904528484237
1928,0.37746722992252213
1929,0.3829568916616499
1930,0.36900088771965445
1931,0.32780489222184217
1932,0.3238966413295059
1933,0.3007031512881375
1934,0.3373627610497709
1935,0.37011562735159576
1936,0.37188392154073124
1937,0.33358148596954473
1938,0.37674073811517994
1939,0.3596114015638383
1940,0.2743183126199926
1941,0.31972335924103357
1942,0.37608687257933937
1943,0.29223058186200745
1944,0.41924581110145676
1945,0.35725587579937734
1946,0.40004925647549916
1947,0.31849842533086825
1948,0.3405566022414548
1949,0.3296004625459714
1950,0.3612662457651763
1951,0.29691632410176094
1952,0.3633442985566626
1953,0.31151637966149837
1954,0.35811726736409977
1955,0.37597110365086994
1956,0.3535561813153505
1957,0.3924656355112748
1958,0.3908081477937775
1959,0.34873920000740855
1960,0.30814538616857945
1961,0.334923950043474
1962,0.3548152812941541
1963,0.3246919811240039
1964,0.30894853656300203
1965,0.3423869709610612
1966,0.3091192795547668
1967,0.2825812288383487
1968,0.3486734470970525
1969,0.2833952301291158
1970,0.3401777372430703
1971,0.3473281297085875
1972,0.3318173570597791
1973,0.2897903587313504
1974,0.3187755474437144
1975,0.39151780217326326
1976,0.29926289345014245
1977,0.3708106411440646
1978,0.3673317616396079
1979,0.32830564298023246
1980,0.3647040222144762
1981,0.3109471514075848
1982,0.3613553794304476
1983,0.3331207362308386
1984,0.40591505177938814
1985,0.34539069134319167
1986,0.3241048940699143
1987,0.4047101071989374
1988,0.3942982498307419
1989,0.3839193002235448
1990,0.33100850860325615
1991,0.3862433871593183
1992,0.35925881745683386
1993,0.37766220859513666
1994,0.35614791418858127
1995,0.4265305195003899
1996,0.3296359010856471
1997,0.37443536625203855
1998,0.3735421408091728
1999,0.3662597624709729
2000,0.2994318872668438
2001,0.3762503082073039
2002,0.3816863665736907
2003,0.42598656277726255
2004,0.3821520221534902
2005,0.40012174714715476
2006,0.3348863633391921
2007,0.4097817505546799
2008,0.44178897835209163
2009,0.40992815434850804
2010,0.3237451136398004
2011,0.4135710611106842
2012,0.2901653472712069
2013,0.3160689156942258
2014,0.2971452282072926
2015,0.32781173597688884
2016,0.28893378768603295
2017,0.28431522497566286
2018,0.29280556046094786
2019,0.36568811122896916
2020,0.3037475181433975
2021,0.4082474190889043
2022,0.3786755178350121
2023,0.3032923393671063
2024,0.27304988592051593
2025,0.35341091067961505
2026,0.35268109117986146
2027,0.318403511560021
2028,0.3421621577495735
2029,0.3301201417734374
2030,0.40308900420518023
2031,0.4373048450867274
2032,0.39109358466099486
2033,0.3627308014570261
2034,0.45161292999765434
2035,0.30926047934891976
2036,0.37971125832032326
2037,0.3528699348128219
2038,0.3493379500003688
2039,0.36318183427595585
2040,0.3086427537597909
2041,0.33918099626108367
2042,0.3831361727606488
2043,0.3310999954140641
2044,0.27200854154712273
2045,0.2952707802435439
2046,0.2980210760602495
2047,0.3574839841871529
2048,0.3226952423818066
2049,0.3663734738831197
2050,0.3699485438016996
2051,0.3720790693586129
2052,0.3403853803880832
2053,0.3320870765500574
2054,0.36373486468016036
2055,0.3681960233390966
2056,0.36923189795475286
2057,0.38316702482878906
2058,0.3741614133629656
2059,0.31169643660750346
2060,0.3838003426846601
2061,0.2960052920295375
2062,0.3718739423557085
2063,0.3057398415226946
2064,0.398065108926573
2065,0.3627300768012778
2066,0.3489996812321037
2067,0.33467477300236537
2068,0.30664890127756905
2069,0.350982191222891
2070,0.39866878597508837
2071,0.35299235070487844
2072,0.3249406294891113
2073,0.38869582145802184
2074,0.35792391122207023
2075,0.3600161268365203
2076,0.3894079047246293
2077,0.310167043043279
2078,0.3236920104845944
2079,0.3105846209975125
2080,0.40973082649963866
2081,0.357944538965159
2082,0.3395006873520918
2083,0.3435660471167927
2084,0.3405159350567768
2085,0.33260702005737386
2086,0.31881778287475093
2087,0.3502791963601508
2088,0.3438329615583946
2089,0.35731728684208974
2090,0.42239925479299556
2091,0.32641027565308667
2092,0.37394518772238783
2093,0.292043419865609
2094,0.3675068100091563
2095,0.34377315190518853
2096,0.3679584120854913
2097,0.37402052185557766
2098,0.40459521025958134
2099,0.3224262508188236
2100,0.32138823261819827
2101,0.33610753692791606
2102,0.3326684270175715
2103,0.2974929083981239
2104,0.3569397527271878
2105,0.30361034387861263
2106,0.3004751830313195
2107,0.4214394371706689
2108,0.3625784142495805
2109,0.3576023374211599
2110,0.33883538360683696
2111,0.3732072806980775
2112,0.3576933240107292
2113,0.2700301710030115
2114,0.4126522762406779
2115,0.4138162902707605
2116,0.42532170184160245
2117,0.3315390656127608
2118,0.3109411128324857
2119,0.33215630760445913
2120,0.3367635214696132
2121,0.3358280646041574
2122,0.39440148429625443
2123,0.35811223084896593
2124,0.35116417174894243
2125,0.4043764960790188
2126,0.3705087940388587
2127,0.3952161786734738
2128,0.30907883191391106
2129,0.2491879418050802
2130,0.2841198230949029
2131,0.3347424988053551
2132,0.37351028343550663
2133,0.31590992453814337
2134,0.34746103908992065
2135,0.3710726806051632
2136,0.2979225634228344
2137,0.3380700662598901
2138,0.31065249850752696
2139,0.32376021852778836
2140,0.2927726716961785
2141,0.30002497496772484
2142,0.3605410791474224
2143,0.394106400736832
2144,0.3610135092156055
2145,0.30713820841126127
2146,0.36316235879551195
2147,0.3241432121046386
2148,0.31509817497494375
2149,0.3878912275083901
2150,0.3538641808088503
2151,0.36678751616071503
2152,0.3176191519314524
2153,0.35731733956441847
2154,0.3959417607013638
2155,0.27994758347564064
2156,0.35272363279860564
2157,0.37039300132873
2158,0.37572344081967124
2159,0.3738015231976872
2160,0.4016873417551823
2161,0.3836727304693439
2162,0.42201216714419454
2163,0.37476134885567935
2164,0.3369539490352187
2165,0.31856044486871893
2166,0.37538986419880205
2167,0.33912003393962564
2168,0.36554278628586623
2169,0.4120129145624061
2170,0.3572985814687053
2171,0.3905186313404383
2172,0.3339391405674905
2173,0.4194086977142941
2174,0.3302730775633784
2175,0.4040200445572699
2176,0.3513802674866766
2177,0.3164827312470857
2178,0.385938774144186
2179,0.4659888779035568
2180,0.31456153297581935
2181,0.3361164309487332
2182,0.30463646073427375
2183,0.3223882495293786
2184,0.3567662536514393
2185,0.3612257727889254
2186,0.35739684792040727
2187,0.4104942946212611
2188,0.29756595648413775
2189,0.36450021700331003
2190,0.3519602883576418
2191,0.3920111226725673
2192,0.35247160624371965
2193,0.39819902607416546
2194,0.38239065802191696
2195,0.3686928302962089
2196,0.3717234331230488
2197,0.27499161497229485
2198,0.32182918974857344
2199,0.32190109776166587
2200,0.3350855660187766
2201,0.3051266014782299
2202,0.2869120483352825
2203,0.3799047995498577
2204,0.30460638465402123
2205,0.3375181255341779
2206,0.33835521278665315
2207,0.293377676112343
2208,0.4080194395786716
2209,0.29388961237919764
2210,0.31238326405477324
2211,0.3195588771484097
2212,0.36638342706190263
2213,0.4082210582518204
2214,0.36244174359527737
2215,0.38438947369121035
2216,0.23929121755059768
2217,0.365290201381256
2218,0.3456138218086444
2219,0.31986431661571757
2220,0.41488604431718823
2221,0.30847124042003005
2222,0.3914661768394043
2223,0.325466633808134
2224,0.39188107202660305
2225,0.3293726028744599
2226,0.33663304055586796
2227,0.336786498038407
2228,0.289816732070876
2229,0.3412286785125991
2230,0.3396358178224883
2231,0.3899909703575344
2232,0.36017978088498204
2233,0.32198793662160696
2234,0.3430183129712807
2235,0.4221640134873006
2236,0.4203513654214306
2237,0.32535906982304263
2238,0.35977039254397214
2239,0.3228395312224035
2240,0.3887372735522754
2241,0.32030698679322134
2242,0.32344839141593695
2243,0.3920670985996546
2244,0.3062278548537165
2245,0.42596141808243937
2246,0.3417577968105272
2247,0.2973123176916088
2248,0.3713269881667469
2249,0.3248355823684963
2250,0.3406343419955382
2251,0.37466290286200943
2252,0.26112753587867665
2253,0.42621493384398734
2254,0.42339679631082605
2255,0.27752309212574655
2256,0.28720195206288635
2257,0.3816707724291786
2258,0.38396920854212846
2259,0.2977673226029607
2260,0.422539732445812
2261,0.2890794423747125
2262,0.3410547601425531
2263,0.39870243328841903
2264,0.36287019683561894
2265,0.4190643490979187
2266,0.3251649462380404
2267,0.34645053803610004
2268,0.33310651523022283
2269,0.32599904805615676
2270,0.4067418311352844
2271,0.3414940324841611
2272,0.37816296881927824
2273,0.35785439111130124
2274,0.29394498836645067
2275,0.33793202556570323
2276,0.40567193576260907
2277,0.34352274481612843
2278,0.29082385897225294
2279,0.35526327486251574
2280,0.34823134899403785
2281,0.3869824320016968
2282,0.4017502338270451
2283,0.3383907646935427
2284,0.29412242399704214
2285,0.3618370005239764
2286,0.3356036325661327
2287,0.3892063431522623
2288,0.369789113710572
2289,0.3650049347995048
2290,0.377628378799713
2291,0.3800489379647165
2292,0.315154883682101
2293,0.36415679543297985
2294,0.42927627507930843
2295,0.3736785676714658
2296,0.3527599381587465
2297,0.4197610321171039
2298,0.3715801381013555
2299,0.3452325476022202
2300,0.3551405007940671
2301,0.3388669892670899
2302,0.4683002556297766
2303,0.3927043479787611
2304,0.2785152417687011
2305,0.34945088932691126
2306,0.3943816377696989
2307,0.3157608824712099
2308,0.31815931260424213
2309,0.37761343355977317
2310,0.43009788418727624
2311,0.36682047802234896
2312,0.3195171410189621
2313,0.3040494532415403
2314,0.42171528734098906
2315,0.3798461105012598
2316,0.37112490798293196
2317,0.46000586634167284
2318,0.3490946825041856
2319,0.3193024894109202
2320,0.3490857521783757
2321,0.3649751063474427
2322,0.33961699436328274
2323,0.3431456888346145
2324,0.30128368524294036
2325,0.32312058064104443
2326,0.3252580754401855
2327,0.3827433255134194
2328,0.3800259984429766
2329,0.33238346238764205
2330,0.28812746986321525
2331,0.3662606369075876
2332,0.365088552883035
2333,0.3183416787550155
2334,0.4141263948751863
2335,0.3215520263344458
2336,0.3153238134286003
2337,0.3792571307145671
2338,0.41361466713331474
2339,0.3521779034079042
2340,0.36878506670429845
2341,0.34062336601288923
2342,0.42190764342282083
2343,0.30113339234053704
2344,0.3584353806793734
2345,0.37289666438227176
2346,0.4279981105596198
2347,0.3410990342789244
2348,0.3086515986500662
2349,0.321822513067334
2350,0.3423146512748527
2351,0.4038254117429374
2352,0.3238152932407474
2353,0.40172445088074493
2354,0.3050886996740645
2355,0.4202572165150662
2356,0.3218995640583384
2357,0.3495594558370696
2358,0.3817142658319601
2359,0.3437783177020748
2360,0.3499987581612247
2361,0.3815879498630368
2362,0.3414038980741867
2363,0.3755127174716648
2364,0.37258946552499905
2365,0.3936630557048679
2366,0.3760860668156183
2367,0.3894205579973793
2368,0.3578309622784279
2369,0.36429658890109806
2370,0.36766503342394463
2371,0.37455459459062457
2372,0.33958015292848076
2373,0.31125523299481994
2374,0.37796178865846697
2375,0.3593722795119709
2376,0.359025270564314
2377,0.40104548517745897
2378,0.3325489264876116
2379,0.3431011023243338
2380,0.36843190927755565
2381,0.3629164792629669
2382,0.32882959807096057
2383,0.3361008629921609
2384,0.34345615460177115
2385,0.28083512370599184
2386,0.2903592597870359
2387,0.4068436420552737
2388,0.39742901127533203
2389,0.41747392512901715
2390,0.3214420056049643
2391,0.43609322535053785
2392,0.37476693081418233
2393,0.3885886339317719
2394,0.35512675791838344
2395,0.3433380465916569
2396,0.3526589584553843
2397,0.37057616214504074
2398,0.35812528876625693
2399,0.36723923301331407
2400,0.3948356718383419
2401,0.39260751436960595
2402,0.3698816629456103
2403,0.34476997384691055
2404,0.3584734526183788
2405,0.28291328756706857
2406,0.3919191548234364
2407,0.3232846974372783
2408,0.3491825079777833
2409,0.3931188313523779
2410,0.3467072328171401
2411,0.4014578211690094
2412,0.2793183880834311
2413,0.35482891581425013
2414,0.34815517839397003
2415,0.3447500465909972
2416,0.3534255561990145
2417,0.36204898523671813
2418,0.4306768616034331
2419,0.3749307565502753
2420,0.280951934791843
2421,0.32661979693307597
2422,0.36308932987853204
2423,0.3665350422161895
2424,0.3173432331146815
2425,0.37349307202684745
2426,0.3362888152725554
2427,0.32525870884658126
2428,0.36354805196986995
2429,0.39069434813732107
2430,0.3290623939863324
2431,0.3433868963666171
2432,0.39232718508525855
2433,0.3499730377743715
2434,0.3678333252737933
2435,0.27960754515612063
2436,0.400272983516881
2437,0.3186023383233043
2438,0.35542089827587464
2439,0.3291306588639338
2440,0.422503839505068
2441,0.40936189891904995
2442,0.32852580213591365
2443,0.28330968482362495
2444,0.3801555177985039
2445,0.3204001418933746
2446,0.3008222903198452
2447,0.3341243114813568
2448,0.3293593042917573
2449,0.3538508205187889
2450,0.30859351421180836
2451,0.3829097921618896
2452,0.3803685873078715
2453,0.3490378271162258
2454,0.3606007523101664
2455,0.34555329945192303
2456,0.3523719951867865
2457,0.3618210598351417
2458,0.35418286911823094
2459,0.3420642066732955
2460,0.3487043520892219
2461,0.34969165489759124
2462,0.3524627834574052
2463,0.43639154192114216
2464,0.33545243599249996
2465,0.39306162255123134
2466,0.2511283978444916
2467,0.37934574122696674
2468,0.36748619858084686
2469,0.3166734630962251
2470,0.3811387709354319
2471,0.2947916618295876
2472,0.29892897082544856
2473,0.35667617383229056
2474,0.3519004675412396
2475,0.3637261461345034
2476,0.3169484678632952
2477,0.38734175088911904
2478,0.37954890317048706
2479,0.34281077918068226
2480,0.3329101442564002
2481,0.3652149056666074
2482,0.4104092830633075
2483,0.32484057298253655
2484,0.36506292766462556
2485,0.3310785065807331
2486,0.3304297658988453
2487,0.3943307176696691
2488,0.3211130288638131
2489,0.35457432755324403
2490,0.324193230792452
2491,0.33006877205550156
2492,0.33620057830048244
2493,0.39684787499175833
2494,0.4249116089501985
2495,0.41021651917540414
2496,0.29087814264963896
2497,0.3793384184731279
2498,0.34155608620604516
2499,0.3173460958223031
2500,0.405981616076188
2501,0.3159684359439394
2502,0.33286114055343674
2503,0.4114925953561661
2504,0.3269661634259142
2505,0.35551779059174127
2506,0.3350035859821592
2507,0.43433400073024675
2508,0.27197785418072407
2509,0.36470624317228983
2510,0.37004783871841784
2511,0.43740932307427904
2512,0.326689335294406
2513,0.3457414219586239
2514,0.30479628232511446
2515,0.30623434686320694
2516,0.3608490641577218
2517,0.31964086245174617
2518,0.3604915749152071
2519,0.35447201429804487
2520,0.3614898029166973
2521,0.3230361040036498
2522,0.34674559262369975
2523,0.37913578385492386
2524,0.363560595881693
2525,0.3609118653482217
2526,0.3750171301166336
2527,0.3502667207598602
2528,0.335623893658743
2529,0.3159661961533038
2530,0.29370719869362594
2531,0.3981406341816287
2532,0.3819102235741445
2533,0.32930575957149566
2534,0.4286080563913104
2535,0.3706915623764826
2536,0.40990743822616693
2537,0.33037631720113847
2538,0.35125069373532725
2539,0.3330097218250869
2540,0.3345252450765219
2541,0.4362710210999827
2542,0.3322674519785065
2543,0.3656869415941735
2544,0.3515489294411407
2545,0.4060580407367569
2546,0.3737843306667359
2547,0.32078374906551854
2548,0.37024697964853726
2549,0.36517670783014955
2550,0.3300613433571513
2551,0.36635598329182306
2552,0.3447827728975632
2553,0.34824972810578725
2554,0.3354658654412832
2555,0.36801384250563896
2556,0.31349263191917975
2557,0.4019943271929103
2558,0.3525699433829441
2559,0.2864599205205023
2560,0.39696187195489996
2561,0.3291333477789746
2562,0.3308879167483405
2563,0.33019210523025366
2564,0.3694929770620403
2565,0.3791033662379881
2566,0.36968319687656237
2567,0.3840852255710332
2568,0.2997928598695845
2569,0.3016835787611307
2570,0.32140125053509916
2571,0.3123438985966178
2572,0.3562695396126401
2573,0.35400986613673036
2574,0.2988995507627479
2575,0.30498851859767306
2576,0.3061096122747289
2577,0.3544079708104695
2578,0.3609294468835067
2579,0.37374036246201525
2580,0.3403792212963972
2581,0.30556003686137023
2582,0.4021876439373848
2583,0.29139751083687626
2584,0.3089436172765878
2585,0.37088936755141333
2586,0.40199304974693373
2587,0.3562422580385052
2588,0.3157475982251059
2589,0.3816306887883876
2590,0.3504066915437898
2591,0.3321133886245966
2592,0.3267548845653989
2593,0.3230903042483533
2594,0.364278896697364
2595,0.4184682714474932
2596,0.3778771829288483
2597,0.33468792705197625
2598,0.31002458357875806
2599,0.3261755294545643
2600,0.3122805794506567
2601,0.3180822222600379
2602,0.34559956370656053
2603,0.3355504199280155
2604,0.28461202420604215
2605,0.3213665570715136
2606,0.3502897866801562
2607,0.3699375085446541
2608,0.3465749658145496
2609,0.33606607966050195
2610,0.38378474472618906
2611,0.27335403236161593
2612,0.3809760817684875
2613,0.314727348113121
2614,0.3365023224108947
2615,0.35643857134303714
2616,0.33993424327246524
2617,0.3071125890588875
2618,0.385133382496174
2619,0.3827396367564302
2620,0.37222292304321414
2621,0.38169635148796566
2622,0.3150078374212857
2623,0.4242476368917991
2624,0.31969235280635466
2625,0.32058228845717407
2626,0.3698058761220402
2627,0.34216044853754823
2628,0.3479494950059552
2629,0.3692105378386872
2630,0.29649373103087884
2631,0.31671945457064377
2632,0.28865930687370334
2633,0.30303792832999576
2634,0.36002637077797406
2635,0.35335993502503715
2636,0.3469870374198005
2637,0.3618641992002014
2638,0.39599443769087417
2639,0.3534764621042026
2640,0.3502970494967479
2641,0.4188243704213406
2642,0.3164636217224941
2643,0.3738526295007172
2644,0.3525207592948112
2645,0.3220539746577953
2646,0.3119475629552424
2647,0.3879658127082113
2648,0.36387865401143626
2649,0.369713361127161
2650,0.40525529723987264
2651,0.34721385052151277
2652,0.3445812474169476
2653,0.3209515677938901
2654,0.4012786147050975
2655,0.3687333735588041
2656,0.3918803888554985
2657,0.31291298059716555
2658,0.2506501783459574
2659,0.3437835293528475
2660,0.3538791854571488
2661,0.42057725509129007
2662,0.3774850829823668
2663,0.3797537852410833
2664,0.27971221866162876
2665,0.32059201083029265
2666,0.4095954259524328
2667,0.3708002943215267
2668,0.378602458043376
2669,0.33293679018868794
2670,0.29812127903686303
2671,0.3917966842590217
2672,0.3735982401253706
2673,0.36535919319256394
2674,0.33629069203945594
2675,0.3970080982904509
2676,0.37922026584699564
2677,0.31418747347029274
2678,0.3670484222619468
2679,0.42156474749801465
2680,0.4018253424821734
2681,0.28533345177143943
2682,0.40611403238782984
2683,0.3440384649227939
2684,0.3719154094752688
2685,0.31888493013458863
2686,0.3455704314375585
2687,0.3542435919040776
2688,0.3856247234437822
2689,0.3972689922270236
2690,0.3831315102389503
2691,0.3106555958003141
2692,0.34472140598974743
2693,0.3409152207933679
2694,0.3130020073999358
2695,0.3083043097881699
2696,0.39318674965944655
2697,0.3678796106100659
2698,0.37329883766452454
2699,0.3253504440102333
2700,0.3129737453726529
2701,0.33838683735691566
2702,0.2748803297374174
2703,0.3181864469933866
2704,0.3463125822826907
2705,0.40794526253211316
2706,0.3775506433381972
2707,0.35336439834756384
2708,0.30469391816726743
2709,0.3631125423079551
2710,0.30382121798781014
2711,0.3233816332204853
2712,0.3706692089694865
2713,0.32194086735984717
2714,0.3541229909249366
2715,0.3479851127053335
2716,0.3427793599910314
2717,0.28491299960571004
2718,0.2374486145913206
2719,0.3312988934971566
2720,0.30400345426626485
2721,0.29342358093027787
2722,0.3513376686380911
2723,0.31154194979503114
2724,0.31166867223216865
2725,0.36311474104454255
2726,0.3502422924386619
2727,0.3966821614966407
2728,0.39743861005977843
2729,0.39869178373842784
2730,0.39026769905625525
2731,0.35347365957178223
2732,0.395877250418442
2733,0.3322979849173566
2734,0.4127846439303271
2735,0.3574673139896132
2736,0.4020774597570651
2737,0.3172053219576165
2738,0.2930546931868774
2739,0.39516905529065083
2740,0.36438363717415045
2741,0.35215870368368885
2742,0.34813185856743045
2743,0.4048534353532709
2744,0.38060226734184166
2745,0.3640482428469074
2746,0.3927920961216298
2747,0.3428354636866153
2748,0.3963369933805678
2749,0.36123699666806175
2750,0.3829354153047264
2751,0.3482572997344815
2752,0.35455168076016097
2753,0.3778466597691117
2754,0.36113111020501387
2755,0.3682524685941022
2756,0.3564519141445608
2757,0.3787220083007359
2758,0.3759301661870009
2759,0.3104300574148966
2760,0.35875640242117246
2761,0.3462895054845112
2762,0.3420065173909741
2763,0.3020660893157965
2764,0.34756046956328435
2765,0.3440164603922895
2766,0.3736950005096005
2767,0.37206614044540043
2768,0.4010586924125352
2769,0.3957405443158608
2770,0.322367966145225
2771,0.3677274218681488
2772,0.33456586953392353
2773,0.3467840409988714
2774,0.3590656189884309
2775,0.31331578319331044
2776,0.34942911582056935
2777,0.3557841942673061
2778,0.32292741411443604
2779,0.3672578770125985
2780,0.3963298625445262
2781,0.41274315315979004
2782,0.3178556100824004
2783,0.3810586333536574
2784,0.2523852844954746
2785,0.3589323205181292
2786,0.368466057160993
2787,0.33896673747946515
2788,0.3092728523806403
2789,0.338416550672926
2790,0.35063021807780714
2791,0.33684872141031175
2792,0.31111767698748904
2793,0.3796211444000228
2794,0.33288189555304815
2795,0.3016710724718914
2796,0.3268263903109472
2797,0.3720710509938647
2798,0.3508061213162099
2799,0.3519003920910544
2800,0.32924899543700326
2801,0.3688852045802671
2802,0.40236593034528667
2803,0.3708128382931517
2804,0.4307981229772415
2805,0.3480071253088104
2806,0.33357623136448344
2807,0.32656215776815767
2808,0.41091798663795265
2809,0.3910139010890621
2810,0.33692669840493616
2811,0.35589624977625167
2812,0.3486332064571429
2813,0.359877266368712
2814,0.2926920772740451
2815,0.3216377904809873
2816,0.35453725098371436
2817,0.3164568744965228
2818,0.31521991173049235
2819,0.3538483462452904
2820,0.44182785771053856
2821,0.2946314988297618
2822,0.38969128472513104
2823,0.3347957909057562
2824,0.39221860701065614
2825,0.3873113772828902
2826,0.3924700100195264
2827,0.34200468636879
2828,0.3191618231704272
2829,0.29623971428947904
2830,0.37165629281135626
2831,0.33319891190278694
2832,0.3689451769757599
2833,0.4087258193030139
2834,0.34266341953416735
2835,0.4070972736754732
2836,0.39775552365842426
2837,0.39946128406196735
2838,0.3774942211996972
2839,0.35328617000363494
2840,0.32703001032772994
2841,0.3404322137875697
2842,0.37149535100779696
2843,0.40054703202243136
2844,0.34707517260171405
2845,0.3530776822421249
2846,0.3549968859056496
2847,0.3468730330770762
2848,0.38308893523363574
2849,0.32966994635141234
2850,0.3821140615054466
2851,0.38877806854451435
2852,0.39186423967931594
2853,0.2995430217311683
2854,0.4498445285157149
2855,0.3480799068724778
2856,0.31477376585273253
2857,0.3423740571513445
2858,0.31861973658615517
2859,0.3829798237899249
2860,0.3461276791969161
2861,0.3317243988025833
2862,0.3417756707942816
2863,0.31423540119899807
2864,0.34799189510664075
2865,0.2882524747368649
2866,0.2820400518944992
2867,0.3757121583607761
2868,0.2750657941318271
2869,0.327192041223515
2870,0.36825673334060083
2871,0.319845349533872
2872,0.3731065650511227
2873,0.35910107874506103
2874,0.2980273249909291
2875,0.39004043428050883
2876,0.3470357174240779
2877,0.3436001203595582
2878,0.388219128105852
2879,0.35561693814923556
2880,0.34801831667872296
2881,0.3866337761981615
2882,0.37882389745812883
2883,0.34294064275750147
2884,0.31128761550912953
2885,0.28454758378582534
2886,0.3801365124010756
2887,0.29603385089849965
2888,0.35847418065073633
2889,0.34435651826842006
2890,0.37539103240382543
2891,0.36334345541464463
2892,0.3210635573696714
2893,0.34810670001822386
2894,0.3132581674021315
2895,0.3397507078030011
2896,0.36094504565248364
2897,0.36268437354834226
2898,0.4018107979467551
2899,0.36530475581209787
2900,0.31470655379831447
2901,0.36453820186599906
2902,0.3374037572869879
2903,0.29190006406358826
2904,0.421608155153264
2905,0.34582550805598133
2906,0.3610821188353661
2907,0.3978904974890227
2908,0.3832616636619912
2909,0.3324648502431842
2910,0.3546203080692365
2911,0.3337478769548565
2912,0.3712921539302281
2913,0.3842422924688891
2914,0.39057079992729093
2915,0.2655057802617229
2916,0.29312308847496116
2917,0.4155890004512002
2918,0.3007440932418972
2919,0.3418368120371169
2920,0.3033026008164432
2921,0.29737378900562694
2922,0.35628841608058925
2923,0.2775770710299632
2924,0.32174329687120196
2925,0.29028537454537195
2926,0.28850591705311546
2927,0.36253465378200955
2928,0.3075053840664772
2929,0.317938334653741
2930,0.3256243871759139
2931,0.32357436162001996
2932,0.2980932718648832
2933,0.396241076184197
2934,0.3533342831942763
2935,0.42343085229184263
2936,0.3021590588117151
2937,0.3484484782865045
2938,0.33806101057156956
2939,0.3364365685397628
2940,0.3632506073256141
2941,0.32938803826373153
2942,0.36902835711693216
2943,0.3270660063374611
2944,0.36261440604997963
2945,0.27709244951299716
2946,0.36805013924981633
2947,0.36198084575569744
2948,0.3915586469380048
2949,0.3216124771253508
2950,0.32432440624558234
2951,0.3722996560777836
2952,0.32162484204047015
2953,0.29568012253650444
2954,0.38097138537666364
2955,0.443986337736507
2956,0.35341334642575317
2957,0.37663647288629054
2958,0.39270907919813736
2959,0.3316585976870887
2960,0.35599983202714025
2961,0.3418627822023783
2962,0.35088804311228605
2963,0.34468256955455345
2964,0.3265196882759591
2965,0.3400850511334199
2966,0.34290795344392766
2967,0.3649425821143799
2968,0.3428546346019634
2969,0.46412203971048527
2970,0.3663149460678783
2971,0.3094141167114248
2972,0.3863841969335535
2973,0.33936986154367954
2974,0.37344774523580515
2975,0.28264051851253713
2976,0.36752954030866736
2977,0.3521012984233236
2978,0.34296964216403847
2979,0.4418551102347634
2980,0.3921910262456878
2981,0.3450841008151544
2982,0.36338136711171387
2983,0.41773771590262543
2984,0.3699055061694754
2985,0.29281904517962465
2986,0.2693578490667621
2987,0.3455172416343113
2988,0.38239757253247886
2989,0.3854300754919069
2990,0.3396466660334787
2991,0.35249185567147956
2992,0.37000360177473013
2993,0.3408792561665064
2994,0.30270447867082373
2995,0.3190317592028915
2996,0.35123174956099756
2997,0.26429025559364927
2998,0.37844188476252727
2999,0.3571569867531883
3000,0.36461847776706957
3001,0.35844958197334575
3002,0.34239320529475537
3003,0.3499103319582906
3004,0.367967270665007
3005,0.3461634551151067
3006,0.3623279013309473
3007,0.39945979047669944
3008,0.2829631576587497
3009,0.4009604377481235
3010,0.33235405254728523
3011,0.3359291387069554
3012,0.3374048572572006
3013,0.33177897104485066
3014,0.3763495674351569
3015,0.3734562371118635
3016,0.3463915686284875
3017,0.4101172030775988
3018,0.35072434887392134
3019,0.3719667040706627
3020,0.36287525074455695
3021,0.3360876558065238
3022,0.37169753815013085
3023,0.298318452253302
3024,0.37108110167340813
3025,0.30506630768027954
3026,0.37033514905694176
3027,0.34739149941892844
3028,0.2669312377415176
3029,0.38979025081822005
3030,0.3405226428877137
3031,0.28031601872492873
3032,0.37461920595110465
3033,0.32088414389752895
3034,0.29966649557048486
3035,0.3733943495072425
3036,0.3021800602405711
3037,0.338365750287406
3038,0.36460747532553883
3039,0.3363608663145117
3040,0.3090075045965843
3041,0.3669158395062686
3042,0.3339080122867526
3043,0.35088696083742965
3044,0.3057581851848088
3045,0.3757375434203083
3046,0.42302365204022063
3047,0.3554447562915617
3048,0.3528865378944692
3049,0.3661021965266693
3050,0.3096025305407881
3051,0.2931668725140528
3052,0.34897877778973063
3053,0.3790142180842677
3054,0.3796605760819065
3055,0.3600895378880318
3056,0.34082980883854885
3057,0.36906798075923053
3058,0.3993044660434779
3059,0.373487797621066
3060,0.37552434740525564
3061,0.2981346499798745
3062,0.33032248175152157
3063,0.32285564878622397
3064,0.4113384212911422
3065,0.4023815005260962
3066,0.29488655512984296
3067,0.3612282940893494
3068,0.3563543570066181
3069,0.3778564768349617
3070,0.348887801020183
3071,0.33771309283546636
3072,0.323974974906021
3073,0.29531755510347013
3074,0.3022865151295271
3075,0.3791146187395693
3076,0.3469768709430143
3077,0.3848847406367151
3078,0.4526482968119323
3079,0.3406235011100227
3080,0.3050065869437737
3081,0.3501211501790702
3082,0.33450242535930474
3083,0.2990607254411337
3084,0.3100289170067283
3085,0.4284053178758134
3086,0.41956350799247755
3087,0.3618322934569984
3088,0.35745660901320786
3089,0.3663449684497966
3090,0.36019554518778474
3091,0.3059408486876869
3092,0.35051064918340424
3093,0.3243942751734634
3094,0.4101433639471592
3095,0.34482662502597083
3096,0.3247503585786853
3097,0.4197117078542276
3098,0.322954742516945
3099,0.39857415003682073
3100,0.36483947929257
3101,0.3237716611676067
3102,0.2618410577028554
3103,0.34189965391076926
3104,0.3272311606811775
3105,0.4254299708502791
3106,0.3784016676241242
3107,0.3896168271023961
3108,0.385022477985121
3109,0.4130869752308248
3110,0.34382639486250977
3111,0.3967882932728606
3112,0.31305166520589633
3113,0.35054700976048236
3114,0.3152669652253346
3115,0.3902366089192011
3116,0.3162953879449657
3117,0.30270391534336083
3118,0.3524258790215655
3119,0.3410307093197149
3120,0.3888370215290551
3121,0.32011195336527587
3122,0.3073184877754942
3123,0.26589861899509826
3124,0.2992237754017215
3125,0.3338481644065885
3126,0.3503136209481035
3127,0.35692355140558485
3128,0.3954406928694487
3129,0.39106254594791734
3130,0.3419082341148285
3131,0.30623693177610223
3132,0.4212363594684807
3133,0.33897058651982537
3134,0.2914795082245045
3135,0.3375209566455428
3136,0.3982924982354117
3137,0.36900914925563644
3138,0.3636109507485257
3139,0.3481684446673383
3140,0.31451160466002026
3141,0.34390107026317196
3142,0.3750448520959746
3143,0.37724261049471863
3144,0.38156809043737194
3145,0.30224937707552746
3146,0.3557212851014091
3147,0.37840783382962373
3148,0.3240734516768642
3149,0.37611702272669056
3150,0.3194309571431595
3151,0.3577389614250097
3152,0.38237061075983814
3153,0.354664972165768
3154,0.34004471407670156
3155,0.3570094293129866
3156,0.35448128714729643
3157,0.4210453897324751
3158,0.37696525628663924
3159,0.4725769987496835
3160,0.3078766152081549
3161,0.32402499537249785
3162,0.34623309173145245
3163,0.38049397837978116
3164,0.3695329718821929
3165,0.33586852343740414
3166,0.33826118899729485
3167,0.34612575615233343
3168,0.35343082915451074
3169,0.38431971969215795
3170,0.3212507831742655
3171,0.3183209462284462
3172,0.2844081615338787
3173,0.43879092567977374
3174,0.32633185515500296
3175,0.35003548883680846
3176,0.39536229222362973
3177,0.3068721644936958
3178,0.3505876210315013
3179,0.2709329416552233
3180,0.35236051932013446
3181,0.3025555455524036
3182,0.3490061633098742
3183,0.3940844392178855
3184,0.299245589830889
3185,0.38401802443848876
3186,0.3302327605113047
3187,0.40749189739931513
3188,0.34304646728277843
3189,0.3873488703138408
3190,0.3403502613264564
3191,0.27215305167942105
3192,0.3474493039403135
3193,0.3881494147753064
3194,0.3610607378621782
3195,0.374296921092351
3196,0.3002427214013732
3197,0.4040023695892274
3198,0.3607397101427021
3199,0.3390272474581324
3200,0.36011569927969145
3201,0.2999029793240764
3202,0.3140496299546247
3203,0.30703439047267844
3204,0.3426825959563593
3205,0.4233389817654576
3206,0.3040746079620784
3207,0.3063887659313602
3208,0.3650080785151175
3209,0.3328011212472335
3210,0.3290564629438184
3211,0.3300831998608462
3212,0.38434692850485863
3213,0.3026557406245747
3214,0.34814368106576854
3215,0.37960328247825137
3216,0.3518505823986602
3217,0.3110854868826256
3218,0.2791689991175934
3219,0.3429674994086618
3220,0.29650987215370517
3221,0.44087369060052595
3222,0.38385895724538655
3223,0.3713788117092811
3224,0.3724029073173729
3225,0.29300932979794236
3226,0.36424167413085273
3227,0.36361612329602844
3228,0.3647776650679355
3229,0.38551875014204473
3230,0.4104733963067564
3231,0.3194124451002476
3232,0.38382091589118206
3233,0.41188947011269006
3234,0.29735443010487783
3235,0.40232510474039884
3236,0.3504890610112197
3237,0.3562502013647788
3238,0.35686417264830084
3239,0.4253858104380037
3240,0.3415006846023547
3241,0.4113813899791432
3242,0.32991108031307714
3243,0.3825181187961064
3244,0.42303084121851686
3245,0.378650678585323
3246,0.36327114827323026
3247,0.31293047563849186
3248,0.3759996071899794
3249,0.36882200820165423
3250,0.31879934516874364
3251,0.41366358245970414
3252,0.4063256074835677
3253,0.42900944776856287
3254,0.29596580550499363
3255,0.36774115550204867
3256,0.3736630693205316
3257,0.33071554857918084
3258,0.4042285692455936
3259,0.3387365697785527
3260,0.4485418190892507
3261,0.308099218123175
3262,0.30016381129151704
3263,0.3311376496000711
3264,0.3193232279780842
3265,0.3782986654757283
3266,0.3294334277961335
3267,0.38969827115657374
3268,0.3556991923273385
3269,0.36719388241419715
3270,0.4061770436447323
3271,0.3138931167515331
3272,0.3967584676871829
3273,0.4152789099975749
3274,0.3746843890359992
3275,0.42934814836764845
3276,0.39294453469853563
3277,0.3003210153794389
3278,0.31462722704309076
3279,0.3254873645545828
3280,0.3280185647882088
3281,0.41279578893830493
3282,0.282472533231084
3283,0.28428758698052237
3284,0.32464285836132145
3285,0.31617239400262376
3286,0.3717832497075868
3287,0.33904687641717635
3288,0.33088498184682313
3289,0.4217076820558967
3290,0.3609703592510809
3291,0.32854465621351725
3292,0.3077470670184881
3293,0.41809926698363853
3294,0.3150671664786051
3295,0.3004721562453283
3296,0.32462817044783554
3297,0.33304393912706054
3298,0.3103380280648955
3299,0.3621548359035054
3300,0.3252800790001462
3301,0.3012631314978469
3302,0.29884465610029576
3303,0.43844526708413367
3304,0.37212447824763917
3305,0.3905225072399898
3306,0.3674170676910853
3307,0.3461818763522846
3308,0.31538446881511106
3309,0.36612344222196613
3310,0.40358454132255916
3311,0.3271423053348457
3312,0.34279093233775937
3313,0.3568496813714943
3314,0.38380626738415424
3315,0.3074830382860938
3316,0.38443582502569473
3317,0.3812254811533875
3318,0.3583081787861069
3319,0.3060611585951398
3320,0.3323914907609571
3321,0.2871234947910035
3322,0.4795806318148035
3323,0.34788023631242915
3324,0.3172867665410841
3325,0.36481188644018836
3326,0.44460392782567304
3327,0.35558489310950403
3328,0.3057411715504541
3329,0.2962820320729733
3330,0.389896774458812
3331,0.31522370691851975
3332,0.357271262446341
3333,0.3672961036751792
3334,0.3133144470652103
3335,0.36307917456615924
3336,0.32904422785161147
3337,0.3603804148310572
3338,0.3896861752115357
3339,0.3537836136139556
3340,0.3269075555493415
3341,0.4190071034165421
3342,0.3197830570123137
3343,0.30883768106774756
3344,0.41325070761434857
3345,0.31470745812112355
3346,0.3626798180052031
3347,0.3563448464637142
3348,0.31683235820999656
3349,0.35436662974458333
3350,0.4184877396050526
3351,0.3836174740610172
3352,0.3445122934263094
3353,0.3467626675095761
3354,0.35523201781656066
3355,0.31448932133121765
3356,0.38770032971791135
3357,0.33305553702144186
3358,0.36039040117846755
3359,0.33607410776054714
3360,0.341122864154364
3361,0.30956632788761196
3362,0.32055263099090636
3363,0.3628783241137241
3364,0.3796456307465226
3365,0.3466763672369404
3366,0.388884037805417
3367,0.357999993198594
3368,0.3966851062180834
3369,0.34776347774995386
3370,0.26460516732153216
3371,0.32949815729753196
3372,0.3789371812216036
3373,0.36116871318491306
3374,0.35293595509482945
3375,0.36123118783287644
3376,0.36714981558691173
3377,0.35766783340882524
3378,0.3938513053650583
3379,0.3188384023689599
3380,0.34135456308150314
3381,0.4108882016988362
3382,0.294885327595205
3383,0.377202286281098
3384,0.3337647503142631
3385,0.40674223447833224
3386,0.4030370338126854
3387,0.37374209818861015
3388,0.37053143679006384
3389,0.36128141348048004
3390,0.33057073566602346
3391,0.33166790613097685
3392,0.39819544143355534
3393,0.3200339157045926
3394,0.418093108868546
3395,0.34895659339134166
3396,0.36201279420275556
3397,0.3278210369588952
3398,0.3647694639521024
3399,0.3788029787251386
3400,0.3372392012240364
3401,0.35483408891066226
3402,0.3536360626617787
3403,0.3619002592519318
3404,0.3286002581181018
3405,0.3421568705425373
3406,0.3543885822589625
3407,0.2938610003939548
3408,0.3160693574341935
3409,0.32852179455333275
3410,0.3512185867782427
3411,0.3120417184752542
3412,0.3953219529352765
3413,0.37583748146619333
3414,0.312429920498297
3415,0.32296201290057036
3416,0.3859451143593984
3417,0.36975552197222905
3418,0.35029859790153184
3419,0.3499913765159768
3420,0.3892228727395395
3421,0.33056529337415697
3422,0.3623398201291623
3423,0.33361425606753503
3424,0.34070390943915996
3425,0.3778758339753403
3426,0.35093495848099554
3427,0.33270004065932257
3428,0.3155087171805131
3429,0.3694535457527097
3430,0.3408213485483529
3431,0.33239339982377736
3432,0.33301305498778166
3433,0.39408077854610113
3434,0.3133960223273409
3435,0.3880424024252749
3436,0.31367338095216324
3437,0.42444661699845865
3438,0.30384001747773093
3439,0.31816000950715617
3440,0.3586124863471847
3441,0.37538431519195914
3442,0.43037752771300664
3443,0.3019046760701132
3444,0.3565430891955219
3445,0.28633139448516776
3446,0.33141844147247124
3447,0.3722274001126187
3448,0.3681004717939871
3449,0.3665999440272829
3450,0.3132708104143722
3451,0.3744879545735982
3452,0.3423607063222627
3453,0.3848870051987747
3454,0.37180941266171086
3455,0.3075661830967178
3456,0.44504860421335923
3457,0.3905616709027351
3458,0.3592639119707348
3459,0.39877928751140557
3460,0.3469506565999074
3461,0.37385835422271896
3462,0.33622128278870234
3463,0.3367719729920804
3464,0.3980168026974451
3465,0.3844945817914631
3466,0.3150338144883169
3467,0.34586407723568113
3468,0.3607695263429602
3469,0.4105408072243164
3470,0.3229439624332189
3471,0.2636796770655301
3472,0.33423487649520434
3473,0.3923927209144318
3474,0.36711952030872386
3475,0.3572681435783971
3476,0.33408487555308986
3477,0.29252857613291594
3478,0.3251699186061314
3479,0.3263565426169417
3480,0.3506306739065397
3481,0.37899709548760496
3482,0.2772699473255309
3483,0.37288531156928606
3484,0.3832347096658726
3485,0.3935768335406076
3486,0.3565028180814851
3487,0.4126464568004522
3488,0.36588824850050283
3489,0.3489294551967381
3490,0.40985163293644966
3491,0.35164867538777944
3492,0.3469504239949517
3493,0.3656100774588875
3494,0.354761285687613
3495,0.3323822576356732
3496,0.37486907163112404
3497,0.41269704404002816
3498,0.35193619562415357
3499,0.38160257981572787
3500,0.4314865596594224
3501,0.3128432005198052
3502,0.3039058787791218
3503,0.3119344113764928
3504,0.3267181835348212
3505,0.3152283121035362
3506,0.3571725812052282
3507,0.28084630475841266
3508,0.38617859463502624
3509,0.3390271030593972
3510,0.34898003655632603
3511,0.4013647941586376
3512,0.3789853268415819
3513,0.3331700347903723
3514,0.3570460849299968
3515,0.30524769014642184
3516,0.36112594246662955
3517,0.3388182925134977
3518,0.32793590001425743
3519,0.3565854666247681
3520,0.3037450049067667
3521,0.3447043263034688
3522,0.43587090718344035
3523,0.3404385128819807
3524,0.3605000106611089
3525,0.37464414283776515
3526,0.3857326827308385
3527,0.3436647052618631
3528,0.3518363958635855
3529,0.2936767971232954
3530,0.33991690292567434
3531,0.35220288443183945
3532,0.4139245855289162
3533,0.3332338874708274
3534,0.32751320954185514
3535,0.32970732532861824
3536,0.3769900938710311
3537,0.2997869159852731
3538,0.3778521832787809
3539,0.4074234011688378
3540,0.37684295773100684
3541,0.418326692737379
3542,0.3420484141431199
3543,0.27642318349274086
3544,0.3880581335860289
3545,0.4219881926913782
3546,0.40089082447299473
3547,0.3279301201794782
3548,0.33387644244026315
3549,0.4088285515038512
3550,0.3307673881760529
3551,0.35377698024843784
3552,0.3784736653160752
3553,0.34891406582321904
3554,0.35008367632570403
3555,0.4104149768492271
3556,0.42793546953836303
3557,0.37707365560107275
3558,0.3813714769049783
3559,0.2736741079452929
3560,0.33683368975259187
3561,0.3677285469846856
3562,0.3833617927618964
3563,0.38696251626224676
3564,0.27207152418415914
3565,0.3265652889559467
3566,0.367008585603783
3567,0.3150025883586034
3568,0.3098528961076856
3569,0.32446107690056625
3570,0.29490355642625854
3571,0.350030746469308
3572,0.3645945560549775
3573,0.32532711173066
3574,0.34156420511369
3575,0.31673649714541785
3576,0.3277157241669064
3577,0.3438679497034114
3578,0.34430109765297523
3579,0.32181698938197467
3580,0.33562262882487826
3581,0.3037541562484116
3582,0.35139630135501454
3583,0.3717225186996722
3584,0.3051374464711145
3585,0.31774034444565435
3586,0.3512435995303327
3587,0.33658273389181437
3588,0.32468486225536886
3589,0.40327259925411285
3590,0.3057924214449099
3591,0.41518451660175915
3592,0.3118976693647837
3593,0.3405470836314466
3594,0.3316008221358122
3595,0.3024692427259783
3596,0.41354014355511914
3597,0.310187054758738
3598,0.32885932029246234
3599,0.3547147708510785
3600,0.2944561603669471
3601,0.3178990835728963
3602,0.37508239825587264
3603,0.39547716891049056
3604,0.2772668444420301
3605,0.3731362479269831
3606,0.4005860620763877
3607,0.3796289802831616
3608,0.3423577551585568
3609,0.25258618148462597
3610,0.31404653851031794
3611,0.39618946928890697
3612,0.3026162448299159
3613,0.3296667933213797
3614,0.3889677255351973
3615,0.35670189477445646
3616,0.3219587969151889
3617,0.47258605186420777
3618,0.37383868823323496
3619,0.29547986694139805
3620,0.434145289413606
3621,0.40336548058092747
3622,0.3281339222443598
3623,0.30842843751694016
3624,0.33929827743376206
3625,0.34485887547421745
3626,0.3552974354029361
3627,0.37332532413517594
3628,0.3393870820814917
3629,0.3530947798537034
3630,0.3075514093723535
3631,0.324291763154422
3632,0.39202036359335635
3633,0.35660379658669195
3634,0.38020445276050596
3635,0.3459248034448672
3636,0.3085401795547291
3637,0.33002762513502937
3638,0.28006392897416355
3639,0.3625785871521119
3640,0.28096841611921874
3641,0.26223469058417814
3642,0.36336957724525965
3643,0.33107871352837526
3644,0.32565720177802504
3645,0.32067195783443303
3646,0.3353948525477466
3647,0.4113378921028521
3648,0.3514059121615287
3649,0.39296005561492464
3650,0.306021508312726
3651,0.3410076349494884
3652,0.3171699979936222
3653,0.3812869664086276
3654,0.395692946825295
3655,0.3648915128921848
3656,0.341673873702661
3657,0.29308778221181164
3658,0.37809683638842406
3659,0.39357626793863476
3660,0.2638716444005582
3661,0.2985436020528298
3662,0.2313545661661407
3663,0.3815547555706553
3664,0.40801575570576576
3665,0.3337028673110334
3666,0.33775032848294106
3667,0.31907210788664075
3668,0.32290652281569887
3669,0.4036005296984584
3670,0.3387208246850886
3671,0.4496324257472466
3672,0.38896215470886286
3673,0.37411939444934417
3674,0.2979824707588792
3675,0.34713815113096747
3676,0.36072918875547133
3677,0.3873229458202103
3678,0.3509082805153998
3679,0.3328961257879599
3680,0.3709187568730079
3681,0.361126922989464
3682,0.3113276094771691
3683,0.3437333014664259
3684,0.3680218044200312
3685,0.3608296314130035
3686,0.4344388843393836
3687,0.423634553772124
3688,0.37770162317755807
3689,0.280046962095311
3690,0.2781454489655104
3691,0.3632386353989778
3692,0.33418239565125685
3693,0.3785214286243406
3694,0.28147754469405983
3695,0.39194689692052576
3696,0.30139432980390257
3697,0.34673039825700824
3698,0.33557849847603594
3699,0.3784550977364214
3700,0.37572210576994136
3701,0.3624366352488724
3702,0.3855495432251823
3703,0.4451528738538051
3704,0.3078906536581485
3705,0.3494497681375486
3706,0.363659525443079
3707,0.35124640498122073
3708,0.31277143615773184
3709,0.38479131077645157
3710,0.36015976590962406
3711,0.3035798815009416
3712,0.39650412916431943
3713,0.37691768229642175
3714,0.40042867188618736
3715,0.3291384599563183
3716,0.2824556539159784
3717,0.3902527714316295
3718,0.35230745696478305
3719,0.41553738254558326
3720,0.3643878356568018
3721,0.4523051768314863
3722,0.40030848638162775
3723,0.3801405526944621
3724,0.34981502811459153
3725,0.30896616492275353
3726,0.35865650797914395
3727,0.3785728407810298
3728,0.41473377462879935
3729,0.34471206116788533
3730,0.35680905252803496
3731,0.323765052328707
3732,0.4200658882577706
3733,0.29927280035457704
3734,0.35450455724731267
3735,0.3406140004526521
3736,0.354736523258794
3737,0.4048604351323766
3738,0.30355377621366086
3739,0.3618710097161668
3740,0.4315823660623237
3741,0.32266290685740584
3742,0.4273336101090215
3743,0.40878765175266674
3744,0.25870778314999
3745,0.3710983491081885
3746,0.3087177624915398
3747,0.352821327745092
3748,0.32654279315943935
3749,0.3519747294324409
3750,0.3068129121672154
3751,0.3417862963347318
3752,0.3330775388574061
3753,0.3615575162887623
3754,0.35431968284018556
3755,0.3767704531040774
3756,0.3604141397621712
3757,0.3877171544126572
3758,0.29943246684836033
3759,0.33794898976886634
3760,0.3346755585557011
3761,0.33389059843353097
3762,0.30874383395989113
3763,0.3405986383864015
3764,0.3803804588167923
3765,0.30683140677450105
3766,0.3634932633654313
3767,0.27656315606760984
3768,0.34893867374815013
3769,0.37775387789688875
3770,0.33854781608972173
3771,0.35671379317023444
3772,0.44023280938759957
3773,0.3867461564097767
3774,0.41332064122736867
3775,0.39780340210857457
3776,0.3635368991646626
3777,0.35282298497107556
3778,0.3977146319796918
3779,0.33594355231265416
3780,0.34082579203826047
3781,0.34769450328096774
3782,0.3178009120773342
3783,0.4077110565916229
3784,0.3758052874447939
3785,0.3367536993486424
3786,0.3444510938398304
3787,0.4433467760562033
3788,0.30846339069589224
3789,0.34235537984008424
3790,0.33037109688868194
3791,0.3642385270165245
3792,0.3770911381092561
3793,0.3944548676191886
3794,0.316494655731681
3795,0.3607220028426905
3796,0.3782827618883786
3797,0.4182254187976988
3798,0.2964688564468725
3799,0.33359024741063337
3800,0.4031532707426164
3801,0.37161164361098775
3802,0.369247853762789
3803,0.3846704537958274
3804,0.35440692469157176
3805,0.332719595160067
3806,0.42145077244730844
3807,0.3842477624302614
3808,0.3899735604725918
3809,0.35293794502234777
3810,0.3282218218883042
3811,0.36936236505844766
3812,0.3318929135504707
3813,0.41727129223133685
3814,0.3409115362367574
3815,0.40849524576620544
3816,0.3024305774204312
3817,0.3230219311850431
3818,0.38471935949995073
3819,0.4242172821079193
3820,0.3508112368968881
3821,0.37935207378789837
3822,0.3928924247362886
3823,0.35963231279405194
3824,0.35778646081524546
3825,0.33083125005947434
3826,0.4786499268257143
3827,0.3404565365501595
3828,0.3661575838095201
3829,0.3910607152351826
3830,0.3385555499386923
3831,0.36421541790063783
3832,0.3428036344417462
3833,0.3187030758889513
3834,0.3748653346855919
3835,0.35974693082216547
3836,0.41546105578211323
3837,0.38637464317884085
3838,0.4135474327709332
3839,0.3358406478748366
3840,0.3609995389508782
3841,0.2938443859318154
3842,0.3372136572507749
3843,0.3574815082254985
3844,0.39073537466791164
3845,0.2993474122475783
3846,0.3675692218125106
3847,0.35384789977273456
3848,0.2913314498697397
3849,0.3320952922167968
3850,0.3359559892272399
3851,0.34255027095632595
3852,0.3281814036217927
3853,0.37108659573843816
3854,0.4177895402670444
3855,0.39920377898241144
3856,0.3151969981872247
3857,0.4103638807785286
3858,0.37160588042488607
3859,0.3012766456801881
3860,0.3801360863797534
3861,0.34900810151195083
3862,0.37527355931783113
3863,0.43318320029623436
3864,0.3836261448772804
3865,0.35200223304555234
3866,0.3759009078233899
3867,0.3675294518775658
3868,0.37337388471615673
3869,0.331257468270473
3870,0.36002318654439014
3871,0.3957248300540628
3872,0.306504698439956
3873,0.34017217004858047
3874,0.39402807761654435
3875,0.3428981428183149
3876,0.3348392242397731
3877,0.3320764799514908
3878,0.33479905670889964
3879,0.3475107598501719
3880,0.33399064643340814
3881,0.3621556399389654
3882,0.3831945843932103
3883,0.3865129531040479
3884,0.33429899551605136
3885,0.40314994144610505
3886,0.3055154017026753
3887,0.3515368444175011
3888,0.3886959380973094
3889,0.2966871272229823
3890,0.3884997319392536
3891,0.38730503436810704
3892,0.3358381224681728
3893,0.3523569639945676
3894,0.40833098600106155
3895,0.31581506775867796
3896,0.3436649570340258
3897,0.34750438569742226
3898,0.3762889314900586
3899,0.2874914238443478
3900,0.37580475550384795
3901,0.35482949929496055
3902,0.39898847695378903
3903,0.3175414179542191
3904,0.34947577239953986
3905,0.3794362226754284
3906,0.34868918416976324
3907,0.34454989037017114
3908,0.4159595630163042
3909,0.34117846937602314
3910,0.3327925318578293
3911,0.337728356796942
3912,0.36850895666593075
3913,0.4084559653255013
3914,0.310190395702846
3915,0.3462915284270869
3916,0.30563394588363213
3917,0.4000026067453475
3918,0.334002533242709
3919,0.32579283145584315
3920,0.4054972044976539
3921,0.2954808474742685
3922,0.34526905831634913
3923,0.3579622067143782
3924,0.2959432085614013
3925,0.3646787740413746
3926,0.3147306740636906
3927,0.3647681281223436
3928,0.3102350864822112
3929,0.3959544716213932
3930,0.31861569583558325
3931,0.3325262051836986
3932,0.39931937062707057
3933,0.35812709248736585
3934,0.33174813891232224
3935,0.35632388396854475
3936,0.3179663467888747
3937,0.3564647678414796
3938,0.3206303554410437
3939,0.3507517102090083
3940,0.39824288401095
3941,0.40592266850646475
3942,0.39041126475512744
3943,0.35092152150611655
3944,0.3390022428267816
3945,0.31144595728721525
3946,0.389613388583268
3947,0.3287155345193926
3948,0.3355383252797788
3949,0.3705363697633359
3950,0.28811707281125676
3951,0.4084983494049612
3952,0.3084687434710518
3953,0.3619544523520357
3954,0.3519949375794691
3955,0.31667164105195234
3956,0.30175863186642315
3957,0.34443110284101097
3958,0.3556447291189113
3959,0.3123191661258464
3960,0.32914901771199156
3961,0.3664758702375215
3962,0.29005639108215364
3963,0.3302048137818612
3964,0.3199843855108604
3965,0.3554403418276726
3966,0.353286492836117
3967,0.3574847823229468
3968,0.3292392598191034
3969,0.35883883562786556
3970,0.30919888749608715
3971,0.40396842171851377
3972,0.318928226332746
3973,0.31409358920428954
3974,0.3417940056830253
3975,0.34328393671033286
3976,0.4203415976203213
3977,0.3234988999354953
3978,0.3172287503563527
3979,0.3809196068925673
3980,0.4310389398356351
3981,0.32826321615620957
3982,0.39388600131801876
3983,0.35873062160758273
3984,0.40202892163514425
3985,0.4137579739798465
3986,0.3355248454098878
3987,0.36010913903172614
3988,0.3557688674174191
3989,0.3850012734332866
3990,0.28797777054754725
3991,0.354227015936428
3992,0.36391259922121266
3993,0.4039491760893146
3994,0.3018692602059212
3995,0.3671222027004233
3996,0.3416406245605099
3997,0.4164954975009669
3998,0.3677909500649652
3999,0.32136515417063416
4000,0.3636228621529094
4001,0.3894988899051186
4002,0.37090782180031656
4003,0.3339544317491807
4004,0.29384353051592704
4005,0.3631355710018864
4006,0.3259882233304934
4007,0.3513322811957291
4008,0.31249777982512716
4009,0.3785940301763224
4010,0.32533427560159867
4011,0.39734960125570007
4012,0.3535602418223731
4013,0.3288868498852753
4014,0.3040301346944525
4015,0.31433716189654026
4016,0.36847488278805507
4017,0.40121013943683126
4018,0.3159676496206445
4019,0.34995532583449895
4020,0.34332702624165456
4021,0.5024862569562685
4022,0.344755159881168
4023,0.30154485825221977
4024,0.33057880513486015
4025,0.34889098863374457
4026,0.35750127191873293
4027,0.4228446696837347
4028,0.4412694056112114
4029,0.3684474111531877
4030,0.3866484765897562
4031,0.32403476655858565
4032,0.38277360696211504
4033,0.35132030459325714
4034,0.31606998678717835
4035,0.39647091411019497
4036,0.36365040855667674
4037,0.3095266369995664
4038,0.3762397189017257
4039,0.3037379542440961
4040,0.3231518563894724
4041,0.37280725783640767
4042,0.29332585804324385
4043,0.35928530052508956
4044,0.39972869141323875
4045,0.3704469453790953
4046,0.3856082621671151
4047,0.33253259474089436
4048,0.3500303553023496
4049,0.35680545678218545
4050,0.3204667876902709
4051,0.39742446516408725
4052,0.3511442490575085
4053,0.35345872324090344
4054,0.3584150259387986
4055,0.4196485086287911
4056,0.42314498929365296
4057,0.34794713612807193
4058,0.4685585959371035
4059,0.37578459436204437
4060,0.36938359100410434
4061,0.3292677065658962
4062,0.337109777829133
4063,0.3526897211101896
4064,0.3453376564406776
4065,0.3996183182036326
4066,0.45740397942755395
4067,0.32627987104136835
4068,0.2623133117258858
4069,0.3558178397883207
4070,0.38254592580519686
4071,0.311325703559163
4072,0.3228950164422604
4073,0.30732152951274117
4074,0.3172946397082712
4075,0.3566765905251681
4076,0.3085677297785945
4077,0.4249479014530402
4078,0.4406671761192933
4079,0.35186948960387454
4080,0.30334505728257133
4081,0.27501828833481934
4082,0.3165438885074714
4083,0.30363997699293677
4084,0.3003841503321638
4085,0.343600300120543
4086,0.3746803639334937
4087,0.3008739636250515
4088,0.3653484182036397
4089,0.358708932040809
4090,0.34463405638912237
4091,0.34612512368572146
4092,0.31685702076506406
4093,0.34437844429100695
4094,0.34502352974076755
4095,0.3494151668499583
4096,0.3359978612875314
4097,0.39043062011444096
4098,0.3233235063659716
4099,0.35925452344022357
4100,0.3558395309378346
4101,0.4377708868390773
4102,0.2884120259873417
4103,0.37420815228165116
4104,0.384528126303064
4105,0.3291177814527164
4106,0.3174799630866225
4107,0.42000677261426667
4108,0.30012130514119484
4109,0.3441485668668136
4110,0.3796049438917457
4111,0.3295929729672977
4112,0.43345356309861627
4113,0.3972851948862153
4114,0.3088815786486112
4115,0.31680071662346654
4116,0.38662140119211585
4117,0.3899485609969289
4118,0.3615088258195991
4119,0.33520873437266285
4120,0.3227311312936454
4121,0.35853349486611163
4122,0.38108902737636363
4123,0.3339367231932595
4124,0.37935027439292845
4125,0.41124176339038243
4126,0.3743520228680772
4127,0.29142031968477067
4128,0.433623446267982
4129,0.45889448104404984
4130,0.3323466857388597
4131,0.2788317644536691
4132,0.3890847615573585
4133,0.3568534153277305
4134,0.32728762118197663
4135,0.3082372046253914
4136,0.37381529574377437
4137,0.301950307638152
4138,0.38013660138481065
4139,0.38796837669127715
4140,0.33542519481777777
4141,0.3014024031010307
4142,0.3417783594829853
4143,0.28365143023452744
4144,0.30779729617259477
4145,0.3976470319450196
4146,0.37863518447273714
4147,0.31627843087996155
4148,0.3287342482737534
4149,0.31074128055681927
4150,0.3499505653258179
4151,0.33338420718098094
4152,0.35334084003290656
4153,0.36617978541953145
4154,0.43839010431351877
4155,0.2973748819112907
4156,0.3878629989130533
4157,0.35762713454038586
4158,0.3415202672612625
4159,0.2804526707686823
4160,0.3807549220566231
4161,0.3292268088843766
4162,0.37090587180136136
4163,0.39087286192528437
4164,0.3614100560051474
4165,0.3100375871800578
4166,0.3316295473813038
4167,0.3434097719278717
4168,0.3194827757262684
4169,0.2884860287699227
4170,0.3281722065394024
4171,0.43095733114014934
4172,0.34772739859155877
4173,0.41723774703867367
4174,0.30330535635292444
4175,0.32428606227768464
4176,0.31777712912419753
4177,0.34110497229365944
4178,0.3353584928400495
4179,0.3155907042484878
4180,0.3429925078629248
4181,0.3150260646901981
4182,0.3773337349421375
4183,0.41245444540300635
4184,0.300531739566142
4185,0.3474837697828579
4186,0.38014677278027653
4187,0.35103666073182893
4188,0.31526783752167686
4189,0.319444690856435
4190,0.348874338857994
4191,0.3768690824946379
4192,0.34905023523792256
4193,0.33481193548029875
4194,0.3728887684604425
4195,0.3473363625484618
4196,0.4202852135914479
4197,0.28183814773660787
4198,0.4057127383826522
4199,0.31798819375230014
4200,0.33959235396650467
4201,0.30488581282723626
4202,0.3818875201571741
4203,0.3031632894335816
4204,0.4113942382506157
4205,0.34793434490911057
4206,0.31014765542038614
4207,0.40976077222916807
4208,0.33078065092615416
4209,0.38581863558920837
4210,0.25704769119712845
4211,0.3314518735655416
4212,0.3183838841232829
4213,0.32441649482991197
4214,0.34366353817113815
4215,0.4531872974793023
4216,0.336341370651267
4217,0.47748963405011535
4218,0.3880673169847433
4219,0.3871155649746001
4220,0.30716188642416853
4221,0.2752047965395108
4222,0.3311613542907401
4223,0.35060127706131805
4224,0.3158724429031645
4225,0.4199542920247272
4226,0.3399601190805823
4227,0.30754756046440956
4228,0.37111741665660114
4229,0.38840030442273
4230,0.32933585862254056
4231,0.3345107796211013
4232,0.3152184832901157
4233,0.26807650213698864
4234,0.41516716230712003
4235,0.35077846325992823
4236,0.2813310137225704
4237,0.433580659492252
4238,0.3702364714978419
4239,0.3819687315750402
4240,0.30678520902118445
4241,0.3053211028777687
4242,0.2977740133173947
4243,0.34658205624788785
4244,0.37515420123423127
4245,0.27267975974429914
4246,0.2959537930227265
4247,0.34650356202170096
4248,0.406890459672566
4249,0.33425593410516274
4250,0.28178796586622123
4251,0.29566901542134216
4252,0.3509589414362
4253,0.37299730617029647
4254,0.4047624013109452
4255,0.3767013121795353
4256,0.30952360338266516
4257,0.3987760011530699
4258,0.41399591048240847
4259,0.3628511684882212
4260,0.3821857014371166
4261,0.33438710695127094
4262,0.27851507176552426
4263,0.3853040870677962
4264,0.32061858259367204
4265,0.31431409541470634
4266,0.3706023222765702
4267,0.36227199072191274
4268,0.3366015508830751
4269,0.45906338141433434
4270,0.30227101338914286
4271,0.3954432711411262
4272,0.37486153344841
4273,0.3346601090937207
4274,0.33844469144071043
4275,0.36362321243129125
4276,0.32432693955142966
4277,0.3380087673447498
4278,0.30367793599367854
4279,0.3396076151545264
4280,0.4217163195187319
4281,0.41635475184380333
4282,0.3316270720181205
4283,0.3242664092636969
4284,0.2887126939476019
4285,0.36404452005442023
4286,0.4155638835554192
4287,0.37029908251986
4288,0.30973557828780773
4289,0.3617747860771541
4290,0.35305464248517415
4291,0.29052970247304977
4292,0.38896886714037304
4293,0.4214819860846224
4294,0.34406664901951745
4295,0.40114470248401535
4296,0.3128016756308485
4297,0.3932060991981321
4298,0.3474695295611765
4299,0.3060183352453718
4300,0.3635439511994343
4301,0.3888440878849706
4302,0.3377921982513574
4303,0.34181084683084384
4304,0.37886186707704406
4305,0.40908480135700653
4306,0.31271061093762986
4307,0.32345542089277357
4308,0.3958055351069252
4309,0.3850959317188809
4310,0.3851080227247561
4311,0.3577699168311157
4312,0.3799691556143845
4313,0.32933228373787493
4314,0.3222707061430672
4315,0.38025392612938624
4316,0.312476551002701
4317,0.33896923653734357
4318,0.39197079398220636
4319,0.3713238514022055
4320,0.3432879467705243
4321,0.3420698779145548
4322,0.38601117203831725
4323,0.38491693392377524
4324,0.34496200157804635
4325,0.3281086059903848
4326,0.34659259274053467
4327,0.31622054358871665
4328,0.316986296383706
4329,0.3644443889898752
4330,0.31783667455738573
4331,0.36503394782559084
4332,0.37967440337894853
4333,0.3184825653155925
4334,0.3114750177276706
4335,0.36959588742446536
4336,0.39693592422433754
4337,0.404448368983116
4338,0.33171434807053046
4339,0.3885264554006391
4340,0.4264713253492367
4341,0.34275949787849314
4342,0.41526546337418235
4343,0.3506576618486772
4344,0.36330654349148084
4345,0.3372686337593147
4346,0.3171720076981903
4347,0.3347551781063762
4348,0.3205235298131144
4349,0.3890903263731835
4350,0.3742741142410404
4351,0.35768051937593537
4352,0.37692780940143056
4353,0.37156266479784694
4354,0.3374226168391865
4355,0.34280350177601226
4356,0.39584241660283803
4357,0.3677523209716256
4358,0.28373534621280827
4359,0.3353779425935737
4360,0.3665315850879378
4361,0.477615175157192
4362,0.3938993033908691
4363,0.43365024542805797
4364,0.2729493735475259
4365,0.31047318262374457
4366,0.371517932286781
4367,0.3149448211639321
4368,0.36553015594366123
4369,0.3037453807613657
4370,0.37306755772002065
4371,0.34134897135501685
4372,0.2817086734545122
4373,0.40778139407531544
4374,0.31729251117131163
4375,0.34380373122235186
4376,0.35826263409878134
4377,0.32349888163622964
4378,0.28212338949937
4379,0.3343700365676825
4380,0.3664373331708397
4381,0.42681333146658273
4382,0.34461023097047905
4383,0.3901405198630714
4384,0.40067342033247355
4385,0.33011613020003905
4386,0.35483143348361335
4387,0.35364709529112703
4388,0.36937085915563106
4389,0.32979713237523267
4390,0.3899107026082418
4391,0.379524097493924
4392,0.3423266143160735
4393,0.34596386505276966
4394,0.37437184003709767
4395,0.2982410876719648
4396,0.31413177285152516
4397,0.3949773075913461
4398,0.44391985643440224
4399,0.37005090374310967
4400,0.3108763077259318
4401,0.3269181536458423
4402,0.32451057471789424
4403,0.3150958679177811
4404,0.32393668323834124
4405,0.29429159032418806
4406,0.3489033070255947
4407,0.33235405002771223
4408,0.33542675758677554
4409,0.33259642795735767
4410,0.3210339072081476
4411,0.2767596084933346
4412,0.31344726501785214
4413,0.37786256851425737
4414,0.3939369486101949
4415,0.3605664802907742
4416,0.379261605457792
4417,0.3053490931484264
4418,0.341725923673192
4419,0.40170158509571285
4420,0.34623305163191054
4421,0.4090031351884713
4422,0.38123064211131386
4423,0.3264556243782355
4424,0.3350539874700309
4425,0.36267519616782184
4426,0.38472876428179426
4427,0.3339568978871492
4428,0.3190710548324338
4429,0.3643936870901858
4430,0.29949911599125834
4431,0.30691580012152553
4432,0.3247437003385665
4433,0.3111220857066419
4434,0.3744990979392391
4435,0.39153698285529615
4436,0.31075371313207123
4437,0.38464509879636477
4438,0.32936774840094296
4439,0.37384207084081966
4440,0.3251948790114674
4441,0.36459704038492635
4442,0.4352521140782737
4443,0.33359854080419815
4444,0.3342378534627968
4445,0.2617373466578359
4446,0.36082169338933623
4447,0.35743205634976816
4448,0.3515404971636018
4449,0.3007476753845708
4450,0.38165206548413444
4451,0.32833857226365204
4452,0.3105668331211957
4453,0.3148599316145999
4454,0.33574455168060924
4455,0.375746939009872
4456,0.33485433038549983
4457,0.29148328652023014
4458,0.31447450530642707
4459,0.4252673739887949
4460,0.32086536249002817
4461,0.3176260924702552
4462,0.3207905190730518
4463,0.31553699171839167
4464,0.36035856075512207
4465,0.4770299817247192
4466,0.3362785914348887
4467,0.3156638510979701
4468,0.3546272284582437
4469,0.3045389355688224
4470,0.3173626251868953
4471,0.4023400251021867
4472,0.3418088272782063
4473,0.3109780598967635
4474,0.3230355171479844
4475,0.36294868997927
4476,0.3222422707826609
4477,0.33577530581911663
4478,0.36847053739669855
4479,0.3318708896827487
4480,0.31771630618048974
4481,0.32418163266414224
4482,0.34983758637377704
4483,0.36678363170550154
4484,0.41306110149706576
4485,0.33504193974036456
4486,0.33399952285830903
4487,0.29143695308977424
4488,0.29877110206502744
4489,0.3112672134085037
4490,0.3473914384748875
4491,0.37667165133160063
4492,0.3487383454985631
4493,0.2932371136351053
4494,0.3499856004953781
4495,0.34355522269060534
4496,0.37071523937824935
4497,0.35166709237069504
4498,0.35835152369668233
4499,0.32664406149638037
4500,0.31041603611751434
4501,0.35340739087559836
4502,0.34950171666857743
4503,0.35225798330273284
4504,0.3123740223908569
4505,0.3709713207965577
4506,0.36531345063127096
4507,0.4553179257231932
4508,0.3051833548119367
4509,0.3403591928580836
4510,0.38059859915432526
4511,0.3267848612221713
4512,0.32022737197310347
4513,0.38571738488613594
4514,0.38472138561201596
4515,0.4141830808844409
4516,0.3002910906093872
4517,0.3376120601545165
4518,0.308679396700104
4519,0.3388230506917278
4520,0.3709712466200976
4521,0.3756960563844518
4522,0.31448434960180593
4523,0.34263804081606253
4524,0.3530115237713911
4525,0.3120805089226484
4526,0.37752385234263697
4527,0.27730629638637705
4528,0.3193975096080983
4529,0.3216021339186548
4530,0.33081773969109296
4531,0.3408342438346441
4532,0.31400635197667404
4533,0.38996796714115645
4534,0.3100494966786682
4535,0.34647530663153026
4536,0.2935046324546322
4537,0.33252772836506495
4538,0.44385604164765713
4539,0.30466650334811307
4540,0.2867304445171701
4541,0.34437117054840805
4542,0.3651610930365723
4543,0.2772365090659479
4544,0.3801570767792546
4545,0.3082869592805113
4546,0.41151163198951624
4547,0.33107604513813405
4548,0.30075208006687815
4549,0.33437481740315755
4550,0.36465459296499736
4551,0.426735970254974
4552,0.33745617825414476
4553,0.37159367091347706
4554,0.3985849017992118
4555,0.33877806498411767
4556,0.422167481519768
4557,0.28933854015051175
4558,0.3628099022270903
4559,0.3213449473651897
4560,0.37347229052038866
4561,0.30441271816794035
4562,0.27599144101567763
4563,0.364419192985423
4564,0.33485710837185234
4565,0.3136269262555742
4566,0.33481822879087586
4567,0.3471284322735926
4568,0.41357331744771564
4569,0.3525583202752949
4570,0.3630643420912789
4571,0.327135061448967
4572,0.3765336071798351
4573,0.37062994177585296
4574,0.37082640038835546
4575,0.37824115862465923
4576,0.34781028969792205
4577,0.38633717885273855
4578,0.3131090734058728
4579,0.3753953456580792
4580,0.38680151918541794
4581,0.3173194297263091
4582,0.34581896445725
4583,0.4029605317804381
4584,0.3315690448677211
4585,0.3804019549525339
4586,0.38290032954370856
4587,0.33582563968704804
4588,0.33507412805654857
4589,0.35301291518351263
4590,0.33172653682053754
4591,0.3001936497454336
4592,0.357953500044375
4593,0.36408581793715467
4594,0.3297490922548447
4595,0.3363129182367608
4596,0.33798844410995166
4597,0.3685381471897582
4598,0.34133166396768466
4599,0.39268629495174734
4600,0.35215417208814337
4601,0.37152248011696853
4602,0.39948190632399694
4603,0.3634165126206197
4604,0.3817034062719795
4605,0.3560953756445011
4606,0.3627849804227732
4607,0.39609180871232397
4608,0.3636091071031595
4609,0.38346885030939415
4610,0.37296648837469526
4611,0.3985669449179037
4612,0.2527255735581786
4613,0.3334267346862805
4614,0.34370665347567364
4615,0.29878617511438366
4616,0.3618576572455545
4617,0.33497994478086923
4618,0.32970523575234933
4619,0.34616659881048406
4620,0.3654555747038608
4621,0.37920809070128536
4622,0.36496767659100593
4623,0.379951353731554
4624,0.3251624501235937
4625,0.28996785826550653
4626,0.3567637926442644
4627,0.37934558180015854
4628,0.3290182406743192
4629,0.3486237878253813
4630,0.32260597712217143
4631,0.42943251770825963
4632,0.33725070321996364
4633,0.33938902843164565
4634,0.307796985074023
4635,0.44437882400757633
4636,0.3481138628676437
4637,0.3360862329507772
4638,0.37567715646195543
4639,0.31124861747102184
4640,0.3373236937238975
4641,0.31520039227824004
4642,0.3043625697998449
4643,0.30628788417702335
4644,0.3340269252328447
4645,0.34676035529317684
4646,0.339333740041309
4647,0.31375124527526665
4648,0.3193197016456524
4649,0.3494881405896355
4650,0.32367852771763506
4651,0.35575578046428724
4652,0.31018332833381246
4653,0.34393916337655206
4654,0.327670362706467
4655,0.32879519547551617
4656,0.3001436307944334
4657,0.43570515612191896
4658,0.29653011734719126
4659,0.3645399972008754
4660,0.3615804532981488
4661,0.3687880188648953
4662,0.2990372828154042
4663,0.42829255093688534
4664,0.3435808515151382
4665,0.3743343618340109
4666,0.4171758225725668
4667,0.4016283948097583
4668,0.3769829607409134
4669,0.3664908642250726
4670,0.3038920058720467
4671,0.2849665447613474
4672,0.37994459373022105
4673,0.36288572291170995
4674,0.47696143050951534
4675,0.3485502045408442
4676,0.2959582671549268
4677,0.3272197502934877
4678,0.3372254347474839
4679,0.3864592889828429
4680,0.3987189387800889
4681,0.3526825157829778
4682,0.3763556808754691
4683,0.3667917700287733
4684,0.334484557289759
4685,0.29775985870599886
4686,0.3984196983897732
4687,0.35659801604901675
4688,0.3217822599931295
4689,0.4055422668487769
4690,0.3131685179804893
4691,0.3577514990548947
4692,0.4184006516681831
4693,0.2676982813601758
4694,0.38597769908077506
4695,0.28481574645608676
4696,0.3999375183162237
4697,0.2920809546464098
4698,0.3671189905773229
4699,0.3714770887544887
4700,0.35552292755022075
4701,0.29841745223711325
4702,0.3222477908656547
4703,0.3743096961249077
4704,0.3501281802405143
4705,0.3517275535100901
4706,0.37538776332535617
4707,0.40240624477879416
4708,0.27852316200049243
4709,0.2945468168100578
4710,0.36419640918618734
4711,0.324059412824921
4712,0.3643420600012224
4713,0.35874634683594
4714,0.3233155928175613
4715,0.4236273353084439
4716,0.35807994398834797
4717,0.3922189815073618
4718,0.35299254699312854
4719,0.27363252495968293
4720,0.31425995705615684
4721,0.2741590853596163
4722,0.3471357557558581
4723,0.2651805134232563
4724,0.32080700427477016
4725,0.28775143662738634
4726,0.3384253180207759
4727,0.2879844210544835
4728,0.3510663637267206
4729,0.3751891540269372
4730,0.41315823080264824
4731,0.41178881638560805
4732,0.32569767410708694
4733,0.372935672812563
4734,0.39554964543355364
4735,0.28247480879524867
4736,0.335764642725378
4737,0.3535766565408731
4738,0.39186115253374654
4739,0.4289654403239287
4740,0.35216076810598107
4741,0.32941350427626226
4742,0.3169518821111441
4743,0.34901462895975977
4744,0.35520893877263493
4745,0.32140646343678014
4746,0.30850326700107145
4747,0.2980603359989358
4748,0.3998695143634383
4749,0.36570519057700945
4750,0.31644171550638056
4751,0.34286103729666007
4752,0.3492022626850604
4753,0.3457411663350687
4754,0.3745087081308953
4755,0.33764942862596437
4756,0.31428853995910755
4757,0.33762158699278144
4758,0.3127753414569536
4759,0.35284964507642824
4760,0.3636492179134101
4761,0.30962808962170785
4762,0.37012108608562766
4763,0.36669431221409887
4764,0.32456450515253765
4765,0.2847064995175135
4766,0.3107794973612439
4767,0.3401952268306401
4768,0.43196237744473853
4769,0.29090047573034283
4770,0.3677829329331761
4771,0.33390695584225405
4772,0.3360509541671588
4773,0.32595019108937784
4774,0.39310331455439496
4775,0.37984946460960733
4776,0.33531994321104275
4777,0.34962420134519645
4778,0.3682857570171225
4779,0.3817236266310262
4780,0.4391433473751194
4781,0.3277546607298256
4782,0.3746995265844899
4783,0.3794083652608915
4784,0.34359384255269587
4785,0.2910495373979938
4786,0.32081408272630885
4787,0.397488450995537
4788,0.4023571821504599
4789,0.32442464679092353
4790,0.30967723375630163
4791,0.35724194496522443
4792,0.3700242239916274
4793,0.34508584019190325
4794,0.27610271227339966
4795,0.37647846108359273
4796,0.3108262943824287
4797,0.36898697174046546
4798,0.3843741689847482
4799,0.2959434140122359
4800,0.41881813066708684
4801,0.40062799812216854
4802,0.3329485797480909
4803,0.33901485303687195
4804,0.331934886309857
4805,0.3606986846457567
4806,0.33685054104131984
4807,0.4160313225677421
4808,0.35548081892200667
4809,0.3009723520975611
4810,0.3486085416525322
4811,0.3815389735881327
4812,0.34234198670183913
4813,0.392678191740055
4814,0.3405591722498502
4815,0.40225184495158883
4816,0.3613677233640482
4817,0.3544072032378356
4818,0.3042080152175779
4819,0.4366927002196901
4820,0.31569438014143936
4821,0.46650335417231004
4822,0.3407036051119823
4823,0.329939124266069
4824,0.33496019572497593
4825,0.35245886313503316
4826,0.38610988697612614
4827,0.38551695839638267
4828,0.3501294360554903
4829,0.399621798231494
4830,0.3367690511506387
4831,0.39677039132243674
4832,0.33856612838517375
4833,0.303823550711495
4834,0.34110836017800406
4835,0.3082749098788522
4836,0.3493239462458382
4837,0.3404013550028626
4838,0.3326950192853282
4839,0.3738501866712287
4840,0.35275506737886797
4841,0.37922197270744373
4842,0.3836835480823346
4843,0.3858843656212576
4844,0.309310121560352
4845,0.34428819065986715
4846,0.4144828484733929
4847,0.37506009321612055
4848,0.2967705580656723
4849,0.3325565854582484
4850,0.3375705764507728
4851,0.3074922205576689
4852,0.3776372719330494
4853,0.4175406030723514
4854,0.4422772553302856
4855,0.4407813505497087
4856,0.29372883444459097
4857,0.3643956698326236
4858,0.32297310874422225
4859,0.38673520007928497
4860,0.4223879860647006
4861,0.34103196835491323
4862,0.3730079102914492
4863,0.38295763286426077
4864,0.31131118574658023
4865,0.40199192635702774
4866,0.32255444948517686
4867,0.30353435396379824
4868,0.314971836694383
4869,0.36534577480796093
4870,0.3060894544414343
4871,0.270555400317384
4872,0.3740454278248859
4873,0.36210025370998755
4874,0.3186670462933625
4875,0.40184638748328716
4876,0.3440560093848508
4877,0.40751984543727016
4878,0.34361353620207735
4879,0.3477450035126233
4880,0.33391866230203693
4881,0.3943382219432463
4882,0.29166694348373223
4883,0.30948515082343375
4884,0.3017310868106229
4885,0.3246877725295354
4886,0.4378263821787045
4887,0.3435070791600481
4888,0.371281736893351
4889,0.3530770417607889
4890,0.31928028853931867
4891,0.28952752813895843
4892,0.36811334068326174
4893,0.34179856182279655
4894,0.3683090224875527
4895,0.40251295807793186
4896,0.3474385652807501
4897,0.3554488799387703
4898,0.33468906200772564
4899,0.3434311528943703
4900,0.33925017774339405
4901,0.3683104439285514
4902,0.3419514022651535
4903,0.37945412941904966
4904,0.32401357011464604
4905,0.3077728157227222
4906,0.3228700638692268
4907,0.41072365791468135
4908,0.39084008386273306
4909,0.3630329050151313
4910,0.31470966307416237
4911,0.37520149556129034
4912,0.33518727006911675
4913,0.45379668040445376
4914,0.31715479552704817
4915,0.31894199249855104
4916,0.4372011645682612
4917,0.37534393164819857
4918,0.3399954414490134
4919,0.3396859454292107
4920,0.4202350933126766
4921,0.3788448726572917
4922,0.3853209728737834
4923,0.3251492816230708
4924,0.40472006146458384
4925,0.3407970701056757
4926,0.3348369884069857
4927,0.35035359266916455
4928,0.30712699394400556
4929,0.3877295559963838
4930,0.31578405980532454
4931,0.30247269989064973
4932,0.31921678838250145
4933,0.3570653468205309
4934,0.2901696667473086
4935,0.26851589381451335
4936,0.29631772809911094
4937,0.3830074176716085
4938,0.31513486412157476
4939,0.4028157038772888
4940,0.3534654508712456
4941,0.33163888997719626
4942,0.32860428986370316
4943,0.3555663467970609
4944,0.34727342176520626
4945,0.37129550696826996
4946,0.36899267332486785
4947,0.4333995203621903
4948,0.35625987964665917
4949,0.3209940524668933
4950,0.4216203362801392
4951,0.3729633932247651
4952,0.38189861910527956
4953,0.42462313018175024
4954,0.32660607704454536
4955,0.36022712022884606
4956,0.30278291495470455
4957,0.33885594073040703
4958,0.3595108903789246
4959,0.39937473046139527
4960,0.3187716405287935
4961,0.391148763452029
4962,0.2990172793647292
4963,0.2762448406630469
4964,0.3713652242525258
4965,0.28895425530525554
4966,0.4378585646973585
4967,0.44681569988329883
4968,0.3676088343802504
4969,0.33676664208909557
4970,0.3294244068220449
4971,0.34522199872945514
4972,0.3865065847579783
4973,0.322734197126727
4974,0.38831709272693615
4975,0.365952026537125
4976,0.34401573162266974
4977,0.36153298238234965
4978,0.3308620992549418
4979,0.3056224126441496
4980,0.346474895275533
4981,0.30290474505205545
4982,0.3608884775216281
4983,0.30288729420246163
4984,0.3593597267012125
4985,0.33492442264917655
4986,0.30112901021010696
4987,0.3673846119726809
4988,0.36275603664114353
4989,0.34539648187046135
4990,0.4754298405152202
4991,0.3622317277088838
4992,0.3252158043782716
4993,0.35283577962221413
4994,0.3086296472794525
4995,0.43792624394553226
4996,0.29806430564620134
4997,0.3132851465360358
4998,0.31731378303370494
4999,0.34680918379701664
5000,0.3814281539325495
5001,0.30873900004341737
5002,0.31781291583506377
5003,0.4222198044144405
5004,0.3091765103420827
5005,0.3618973038040134
5006,0.3132061209315986
5007,0.35521325403496773
5008,0.3559598548692735
5009,0.38465994249590363
5010,0.32940648000420447
5011,0.2989459394687386
5012,0.34619292147767977
5013,0.4061299414958217
5014,0.35264322314820173
5015,0.2831601048119201
5016,0.3291866178079208
5017,0.32860417873397596
5018,0.3624379669681064
5019,0.3344989269334464
5020,0.35004158093539584
5021,0.3455069477072512
5022,0.3947459752791671
5023,0.36213109594702475
5024,0.32281294509856817
5025,0.4012125567150364
5026,0.3403468144603998
5027,0.39014433716337926
5028,0.32197058730373884
5029,0.35662875103844893
5030,0.35345664746863825
5031,0.32424477331422796
5032,0.34820775952927985
5033,0.3316771684918147
5034,0.36699294574027563
5035,0.33114188731009797
5036,0.38100247952064104
5037,0.3489848803316584
5038,0.3576065135922688
5039,0.3681865635543451
5040,0.32730177105863145
5041,0.3580407323269106
5042,0.35826592477186336
5043,0.48613719668834054
5044,0.32607176579312513
5045,0.29190394141026355
5046,0.43769803295760523
5047,0.31865000411761324
5048,0.39827852529471697
5049,0.3047827255631961
5050,0.3083058149156557
5051,0.34738507594271084
5052,0.3606269867017913
5053,0.34774673231307895
5054,0.40830650838759075
5055,0.43022362081526744
5056,0.38314778424855644
5057,0.3408969020539545
5058,0.32328287281688706
5059,0.3481463541585703
5060,0.3937319097248104
5061,0.37975540961830934
5062,0.284776039982801
5063,0.36945925016346015
5064,0.3343987379774158
5065,0.38733599504223415
5066,0.3931195274528796
5067,0.3210596277081277
5068,0.31731359803483583
5069,0.4079015882334929
5070,0.35341402120663945
5071,0.34960218582673885
5072,0.3686625596176092
5073,0.364017203461084
5074,0.4078625494090238
5075,0.3693732378126229
5076,0.3499968576901007
5077,0.36351232504423514
5078,0.3958294341520707
5079,0.4493448994755882
5080,0.33639491927372855
5081,0.3046381078066447
5082,0.2881011558386244
5083,0.40715826208450334
5084,0.41823115955442747
5085,0.3309383783605231
5086,0.3188723970067562
5087,0.37348627552414726
5088,0.3574740311442066
5089,0.38623370787195155
5090,0.3423280862246836
5091,0.2777535144518315
5092,0.3650363516616286
5093,0.30070132349120504
5094,0.381298639470693
5095,0.41782045946173163
5096,0.3090799017976833
5097,0.30627928787491987
5098,0.37718026297790885
5099,0.4018291710987181
5100,0.38128017777632905
5101,0.335172189299068
5102,0.31352472155173494
5103,0.3472123377780978
5104,0.3367652463359905
5105,0.3539145509129522
5106,0.31327731146019966
5107,0.33949722550976613
5108,0.3124511270018169
5109,0.31426650341745477
5110,0.3495244420967527
5111,0.33465163315820856
5112,0.31061887703049074
5113,0.3656490404718218
5114,0.41401084524936005
5115,0.3636323675636479
5116,0.3466600185428992
5117,0.3111066643751994
5118,0.3744833134892187
5119,0.30993636257675794
5120,0.3384148283255648
5121,0.326995129682635
5122,0.3598391606846585
5123,0.3717234115065913
5124,0.362347525837702
5125,0.3769193314056811
5126,0.3454316881325248
5127,0.3437718904688065
5128,0.38031184827248454
5129,0.4415403764734309
5130,0.38348474076587813
5131,0.41434967097672315
5132,0.4183201609074181
5133,0.3321803196481863
5134,0.2763789572066031
5135,0.4082207954724222
5136,0.3426174029657014
5137,0.35840736560999664
5138,0.333407201754484
5139,0.36569302764549416
5140,0.334949640205489
5141,0.2894689413345941
5142,0.3074096596319711
5143,0.34171751513903725
5144,0.38541047401408113
5145,0.37380889266982065
5146,0.3544198768676319
5147,0.3459011785719244
5148,0.39256153891609635
5149,0.3227344389434994
5150,0.38534411871088636
5151,0.3155537250834244
5152,0.30117652254731464
5153,0.314967862336069
5154,0.27454308654381165
5155,0.41417247478800423
5156,0.43500574489128274
5157,0.3059666433495698
5158,0.34612203692867016
5159,0.33417033540419006
5160,0.3424308113669472
5161,0.34565784833680047
5162,0.373211196568477
5163,0.3179067144213952
5164,0.3527170310357288
5165,0.39074976525429994
5166,0.30986205779256304
5167,0.47984806146131653
5168,0.32956068520285875
5169,0.35973233425173934
5170,0.29214866722244937
5171,0.3537081872221637
5172,0.39619369743913646
5173,0.3194486363389153
5174,0.3199750779491639
5175,0.3473042548312111
5176,0.37996864422886345
5177,0.350679504263133
5178,0.3162934759593572
5179,0.39763236522083245
5180,0.3506493129287165
5181,0.2835236269269714
5182,0.36891507128388
5183,0.35402286754404333
5184,0.3362362321795729
5185,0.4118328772690605
5186,0.31349959298609775
5187,0.29609989979769313
5188,0.3430815285120503
5189,0.41778544449076227
5190,0.30352658566046165
5191,0.35472057692762826
5192,0.3565362666835341
5193,0.37074695039224226
5194,0.3125047182357257
5195,0.3571188580456357
5196,0.34776949449294925
5197,0.37051954911633755
5198,0.3397228755894304
5199,0.33261695347109566
5200,0.26532901224780314
5201,0.36704332948231144
5202,0.33536008504840753
5203,0.35924976433540756
5204,0.3162088854119358
5205,0.3491273357873701
5206,0.420995422329689
5207,0.3809620820594031
5208,0.3204942046322179
5209,0.3266170247652087
5210,0.33125756085863456
5211,0.34712745192707306
5212,0.34860820898544853
5213,0.29481615953197116
5214,0.3508167102660589
5215,0.3696215862859247
5216,0.33954170651220705
5217,0.37632423673236026
5218,0.3788016305745794
5219,0.355322880855121
5220,0.34181643040340415
5221,0.3807922826585681
5222,0.33122215417850454
5223,0.38335559183533086
5224,0.40653129825522827
5225,0.36936450970442625
5226,0.373090713620563
5227,0.3171204939340013
5228,0.33626789779548494
5229,0.38095216897625583
5230,0.32536195844387095
5231,0.30231316875625547
5232,0.3519872420861896
5233,0.38221594279586046
5234,0.3224781127043954
5235,0.3042765402323706
5236,0.3079534008285134
5237,0.34150968085453703
5238,0.25371192791962294
5239,0.35207945765661686
5240,0.3898361834116635
5241,0.3758187438427516
5242,0.34506785136731555
5243,0.29755691666336626
5244,0.4091035167474999
5245,0.30487385355247687
5246,0.41557279303749217
5247,0.35539295101105317
5248,0.3609495535120688
5249,0.35382863166351086
5250,0.374092204995482
5251,0.45745265426857307
5252,0.3483476377116532
5253,0.3522674790867253
5254,0.3436026850421534
5255,0.3950080667484497
5256,0.3655165456003946
5257,0.42075106508241555
5258,0.36185317616804813
5259,0.34072721920209803
5260,0.33697019240269066
5261,0.34563527731330135
5262,0.3371438102115385
5263,0.41348581846614874
5264,0.35114686318221855
5265,0.35775785793080095
5266,0.3656341645081911
5267,0.37653714546876893
5268,0.3280472098050602
5269,0.32233224745828615
5270,0.3929137367915123
5271,0.36584697480828776
5272,0.32046656397903917
5273,0.3404782688989174
5274,0.3394789350526368
5275,0.32411553584282027
5276,0.29019212704743147
5277,0.36056814004912496
5278,0.35835997840986744
5279,0.2644887589903848
5280,0.31710533201104774
5281,0.3231730108606081
5282,0.3547592249941225
5283,0.26368609301664225
5284,0.37176401396059156
5285,0.3301056832412881
5286,0.3502671694626054
5287,0.33128205458592364
5288,0.33345047355334856
5289,0.28277704019224936
5290,0.41166419411497035
5291,0.3480639712563587
5292,0.3476109834428338
5293,0.34522452314363017
5294,0.3429573501968912
5295,0.30907109372830766
5296,0.366022114671571
5297,0.29668841457616724
5298,0.3253523175076678
5299,0.3617531272999499
5300,0.39186766069908074
5301,0.4137363279259363
5302,0.36486289420789
5303,0.3951565055476651
5304,0.3212796713401569
5305,0.34253769630442843
5306,0.2883368210383037
5307,0.2689992162398749
5308,0.3032460889065911
5309,0.390035070787619
5310,0.33389437289987267
5311,0.36286021325387807
5312,0.37070794726086786
5313,0.36436921540729017
5314,0.3775275496520054
5315,0.3422257993422986
5316,0.3178789645172877
5317,0.3371644269735077
5318,0.34751458773360655
5319,0.2745669551379448
5320,0.3518124987582678
5321,0.37016286248847363
5322,0.305138801041251
5323,0.37468406814006405
5324,0.320814103480044
5325,0.3572995596942503
5326,0.3309986672007441
5327,0.356146395372233
5328,0.3777874239348247
5329,0.38196328182416295
5330,0.2884010818408935
5331,0.34597531623883837
5332,0.3846488180866583
5333,0.33041738794164255
5334,0.3485828144699865
5335,0.4327190756965438
5336,0.30305175429694176
5337,0.34327316537936925
5338,0.37475355568342783
5339,0.30367782908316077
5340,0.38330644797318225
5341,0.3022960573881983
5342,0.30253485741471353
5343,0.31094022260183474
5344,0.36104491510330616
5345,0.3725710210303359
5346,0.3512756873586751
5347,0.31633980029753506
5348,0.32351562782960563
5349,0.3404697970706221
5350,0.3507904123622705
5351,0.4257012359940866
5352,0.2835360306108661
5353,0.36685970824686365
5354,0.3864834065905054
5355,0.38109736993266186
5356,0.39441811750470723
5357,0.3148412497905322
5358,0.3685335400431997
5359,0.30603320987299254
5360,0.3756877921575801
5361,0.3212936783121103
5362,0.3123144894513956
5363,0.35644766156965835
5364,0.34076949892802055
5365,0.34469696633628066
5366,0.3953334835504343
5367,0.44166105570438274
5368,0.430141648966476
5369,0.36474006707107565
5370,0.31154212819067606
5371,0.39310316030151915
5372,0.4392635200293289
5373,0.4088787711249231
5374,0.3687304498399051
5375,0.3234313742130155
5376,0.32695985536514494
5377,0.32092825171722783
5378,0.35754392953125347
5379,0.3363992525202204
5380,0.40487526147922637
5381,0.3469325328269397
5382,0.3615956716433333
5383,0.32714087668668324
5384,0.3441181854531914
5385,0.41864711040708746
5386,0.35645339425985556
5387,0.3505284735501455
5388,0.4137164660099133
5389,0.3612696290331825
5390,0.350113261821388
5391,0.38724349818088166
5392,0.35416485506119333
5393,0.41253790216419084
5394,0.38577862418620423
5395,0.3859677476749277
5396,0.39824995500926885
5397,0.3896698433700876
5398,0.3683717061852705
5399,0.36335131886539696
5400,0.3182078605651326
5401,0.32711571303088727
5402,0.4533312431990635
5403,0.36419807152716777
5404,0.35635921177647356
5405,0.34838822519530144
5406,0.3446264086252384
5407,0.3681078631184622
5408,0.3336707701310191
5409,0.36424812632723924
5410,0.4407550105509537
5411,0.3519588808374041
5412,0.37415319631995825
5413,0.34326377917720396
5414,0.31855266199815624
5415,0.3665288843299077
5416,0.33274788489073837
5417,0.4027438659236684
5418,0.37315009799188115
5419,0.2931841726133455
5420,0.4037600096541816
5421,0.33461625513521653
5422,0.27432603585052373
5423,0.3382675652259661
5424,0.3924345562206546
5425,0.44860954410029263
5426,0.3242394711549408
5427,0.3462462093079921
5428,0.2756783637281819
5429,0.3890563526841704
5430,0.3519239863786363
5431,0.35048040417556026
5432,0.36988601216917694
5433,0.3336542078697864
5434,0.3591654302145586
5435,0.3254852883803383
5436,0.33355185060259096
5437,0.3436262849866414
5438,0.3533604103279031
5439,0.36184005798718566
5440,0.4190279254442255
5441,0.3857246852348788
5442,0.3348600026534183
5443,0.3172815678196548
5444,0.33119454258927217
5445,0.3473618612542628
5446,0.3079469410076219
5447,0.3601043363954539
5448,0.28795210357177403
5449,0.391712343388801
5450,0.31311600247475546
5451,0.34424043814022554
5452,0.29673057340879794
5453,0.40247800588332705
5454,0.3247434016211179
5455,0.2831560796071311
5456,0.38207048520815157
5457,0.30719075604796764
5458,0.3264893636087858
5459,0.3305979236237442
5460,0.32454822410928763
5461,0.43692860608230655
5462,0.39500566921404845
5463,0.3036846823650534
5464,0.36491524861747626
5465,0.34377933427261453
5466,0.36156948442772086
5467,0.41811893556276436
5468,0.3404158243228528
5469,0.3642487937950789
5470,0.3940044111522307
5471,0.3386611448809447
5472,0.35596179099618963
5473,0.42015678214563135
5474,0.4002340972299758
5475,0.29312575617117353
5476,0.30267951156753403
5477,0.33783372129745093
5478,0.4078211199428381
5479,0.3466209247799634
5480,0.3748857683110418
5481,0.3391700649321687
5482,0.34822522105505493
5483,0.37344573827761307
5484,0.34991738975859654
5485,0.33210139751718826
5486,0.3485640169276705
5487,0.33040191155825216
5488,0.34149734385591435
5489,0.35182988580896835
5490,0.3277036334736714
5491,0.4081007404875088
5492,0.3533024399232869
5493,0.3698528764815734
5494,0.3696450076872182
5495,0.3493099171122571
5496,0.40146644737893045
5497,0.34718844151836104
5498,0.3646306301917872
5499,0.36518703846858536
5500,0.3855620634839765
5501,0.3536012052622546
5502,0.3436860682481404
5503,0.3224511865864246
5504,0.43819000475592773
5505,0.3755363414073063
5506,0.3168513160216966
5507,0.3598796637207
5508,0.3414226673465306
5509,0.37765386799471656
5510,0.32014365199578254
5511,0.3156759908094715
5512,0.3115329329969412
5513,0.3318788878869534
5514,0.31443456155505656
5515,0.3315062947579839
5516,0.41472671668177163
5517,0.3721368953680013
5518,0.38207467288529706
5519,0.36704953206517654
5520,0.33557578904361485
5521,0.3691183872178736
5522,0.43917582268430344
5523,0.31650771643606124
5524,0.2938577364069541
5525,0.3595786115158752
5526,0.3661441243593093
5527,0.5106548495178052
5528,0.3937453820076633
5529,0.473874366255032
5530,0.39271420702584425
5531,0.3185162134213244
5532,0.3778553079387592
5533,0.33990609076387557
5534,0.34825544157962796
5535,0.37030736811726284
5536,0.3394318248673107
5537,0.33847865925287435
5538,0.3244239918417864
5539,0.3487853589678638
5540,0.37349246817432524
5541,0.3962953865738288
5542,0.2714770595135301
5543,0.3437664507810094
5544,0.36584502518403017
5545,0.33044846618099033
5546,0.3454632429268911
5547,0.4010525423850311
5548,0.3053658218109603
5549,0.32009295757113776
5550,0.30819039501667245
5551,0.2861367146701088
5552,0.3255230680746122
5553,0.3928271897123463
5554,0.3596287125992079
5555,0.3829905914839067
5556,0.30671047962154585
5557,0.3259872862409967
5558,0.3897841867092189
5559,0.2656996322454299
5560,0.3291488337751911
5561,0.307062659372344
5562,0.4206691156409845
5563,0.32845318696852077
5564,0.41650666320970187
5565,0.33543341702073226
5566,0.3076406389717614
5567,0.33754746230820754
5568,0.33010413294648444
5569,0.34038227658631026
5570,0.295667465576106
5571,0.36401903144907166
5572,0.3093274101019272
5573,0.374620001564828
5574,0.37011850382402933
5575,0.4318350323167426
5576,0.337089291708363
5577,0.37966300338555303
5578,0.32718573252615135
5579,0.3350432831671859
5580,0.3387689615971663
5581,0.35519070856499146
5582,0.3496908382038528
5583,0.3633524588456911
5584,0.34592055724745485
5585,0.3296221929437433
5586,0.3135125429756749
5587,0.36275696405443325
5588,0.33748082823366765
5589,0.3473421946184936
5590,0.32596405615103397
5591,0.39309130417142013
5592,0.3724406322646501
5593,0.41294488851896727
5594,0.41668350249816166
5595,0.2953722390333864
5596,0.34989023247490003
5597,0.3988821964780205
5598,0.3940081187503566
5599,0.30333277073104536
5600,0.3271792407812404
5601,0.3553314539006025
5602,0.3185541523013251
5603,0.36325058358986206
5604,0.30693501868436446
5605,0.30682644889443456
5606,0.41830910414886846
5607,0.37692747055346487
5608,0.38618214500343173
5609,0.34294859792971977
5610,0.30432831797947424
5611,0.3653780334299519
5612,0.4161395263807215
5613,0.366067225264028
5614,0.3329796537797627
5615,0.3608195965058014
5616,0.2987981283255352
5617,0.31248509402618563
5618,0.3370322935437331
5619,0.3833222368417095
5620,0.33068438738365735
5621,0.3379163185778804
5622,0.37629055268567724
5623,0.2957682109716009
5624,0.4583252673481555
5625,0.3642090521977135
5626,0.3181128723890314
5627,0.35274018873472457
5628,0.342509375947222
5629,0.3164828147094978
5630,0.3374715393169043
5631,0.2837594535805654
5632,0.3732138769832378
5633,0.40535075151989286
5634,0.33258879594539836
5635,0.3000522716776097
5636,0.32165691517818074
5637,0.43497417845570574
5638,0.40779326192750975
5639,0.31998492079051966
5640,0.2867645481560088
5641,0.38045536258390733
5642,0.4046253660557664
5643,0.3664374049729786
5644,0.44132413711976737
5645,0.3039474875317847
5646,0.3610375139624744
5647,0.3208842145056865
5648,0.31558089123757593
5649,0.33989770581195566
5650,0.3844247880093361
5651,0.33733453865890484
5652,0.41006273217806966
5653,0.359379312335562
5654,0.3342260677138946
5655,0.4023447462067393
5656,0.3546270403046945
5657,0.3462718816014623
5658,0.3400185204199495
5659,0.327494387315725
5660,0.3409413940280879
5661,0.358543579633285
5662,0.343117970610908
5663,0.4388792144374376
5664,0.32570577133370104
5665,0.33223175421298157
5666,0.32253268157957615
5667,0.35413583219655287
5668,0.35417015733643575
5669,0.3210173922436468
5670,0.3105095053788025
5671,0.31458615884606633
5672,0.4133143775335064
5673,0.30994305190391147
5674,0.3934228463550804
5675,0.35962508639866764
5676,0.3457837290760839
5677,0.372318358250995
5678,0.3651731626444903
5679,0.3074161064512455
5680,0.29160938526916347
5681,0.3144457548213806
5682,0.36139276814900656
5683,0.47145054289440314
5684,0.3765126742834206
5685,0.3410258970783717
5686,0.4223471848328666
5687,0.3399150010359522
5688,0.3264903640726944
5689,0.34839014698360815
5690,0.31777536861232747
5691,0.36784214658213976
5692,0.38258051502958335
5693,0.356259658974754
5694,0.3224438718005147
5695,0.3794083289729828
5696,0.28661398489658296
5697,0.3716296612357399
5698,0.40916617006524536
5699,0.4009118840012622
5700,0.3616815227736705
5701,0.38841262942580457
5702,0.33307592065327674
5703,0.3387693123630915
5704,0.35013174070950015
5705,0.3828827592115345
5706,0.3711119860038705
5707,0.3221484221886155
5708,0.3728762025841683
5709,0.32733711161968415
5710,0.3466954271427021
5711,0.34528662731455384
5712,0.3416422484607553
5713,0.37314407483518774
5714,0.3415860765824599
5715,0.3685670347406669
5716,0.36328960026966994
5717,0.3198303305486929
5718,0.40682555317442404
5719,0.3903744140789236
5720,0.30466832738563854
5721,0.311366202422644
5722,0.4227543973091281
5723,0.3238650202590585
5724,0.40324608869403633
5725,0.3551377408115828
5726,0.3675805844128428
5727,0.3221614501667194
5728,0.36985874617564907
5729,0.315219553714436
5730,0.39300688733863076
5731,0.3448548070758952
5732,0.33859682892183596
5733,0.41743808302917973
5734,0.37353380200700004
5735,0.3569254447791197
5736,0.3453182445164664
5737,0.32981017926408684
5738,0.3629904047610202
5739,0.3268605173382033
5740,0.3885550836085212
5741,0.35371086716520006
5742,0.35580281666478975
5743,0.3370923985214329
5744,0.4259689349264426
5745,0.313381810442523
5746,0.4002382550794721
5747,0.3189508073762197
5748,0.33080510581545663
5749,0.32603981493621115
5750,0.3279844897321982
5751,0.32057351531595923
5752,0.35726183784100396
5753,0.3611682367729254
5754,0.39040653125424285
5755,0.3450810585180726
5756,0.3367055001027497
5757,0.39909877117454284
5758,0.2911565224524715
5759,0.3408700560341096
5760,0.3579508003237519
5761,0.36627252504477337
5762,0.4068018080315623
5763,0.3390902641694886
5764,0.3410212103230825
5765,0.3522801443602894
5766,0.36625396303877933
5767,0.27112856722185885
5768,0.3882007423531464
5769,0.26195271516086294
5770,0.32983944307283375
5771,0.33302260726299604
5772,0.3014391862176673
5773,0.32924430368902513
5774,0.3642839259294264
5775,0.3892436977583209
5776,0.3965487114242059
5777,0.35972052532541765
5778,0.35282538884394743
5779,0.35743450698293255
5780,0.3223266069545896
5781,0.3290581617098729
5782,0.4225118370757479
5783,0.3827531400640214
5784,0.30988846834811357
5785,0.38384149658742706
5786,0.3491262825420667
5787,0.295706875847606
5788,0.40802000781312175
5789,0.32673432251377754
5790,0.33422506167730814
5791,0.33013293301037017
5792,0.351732416923058
5793,0.34112750716066387
5794,0.297969005512563
5795,0.3886233090046334
5796,0.29330855563017
5797,0.3530831849737628
5798,0.37989172733449816
5799,0.3838109802331977
5800,0.2777994284209915
5801,0.3164375803664905
5802,0.323177545269393
5803,0.36477823949957955
5804,0.3441411200398412
5805,0.3927484916748005
5806,0.3033206397072252
5807,0.3161690355892697
5808,0.351264860045192
5809,0.3042759045068517
5810,0.3807108663675063
5811,0.3286458257607663
5812,0.3541374030889268
5813,0.3938218530447042
5814,0.39858302610459395
5815,0.3624465677699962
5816,0.33756596483660894
5817,0.31141407837626467
5818,0.4014641708577473
5819,0.3200026987156894
5820,0.3968975729723021
5821,0.3788565083005442
5822,0.3683698412451992
5823,0.38924895906919854
5824,0.36233447282717
5825,0.31812520046122295
5826,0.3969094728885745
5827,0.3236723542704012
5828,0.35506660362097264
5829,0.35833239401010397
5830,0.31246995892435603
5831,0.3223496962212913
5832,0.3382933165329449
5833,0.39047753134935803
5834,0.4114212427804631
5835,0.34405003243097054
5836,0.33593683200154123
5837,0.36459597913896546
5838,0.36198815001345874
5839,0.4366001004832265
5840,0.29748393538709106
5841,0.46151651111983893
5842,0.36434171363392265
5843,0.37902877693764125
5844,0.3365826917646757
5845,0.3151105478157148
5846,0.3555923658129396
5847,0.38280834520699436
5848,0.33355093885128406
5849,0.320342593001711
5850,0.37822422286782365
5851,0.349613990100631
5852,0.369086863005184
5853,0.2696429814428023
5854,0.36624958882425673
5855,0.39829586365412784
5856,0.3747155626371428
5857,0.3123158576786538
5858,0.3549427224445081
5859,0.36688855599481185
5860,0.3691247737052099
5861,0.33765326647893135
5862,0.28638815429429876
5863,0.3983560218604305
5864,0.3959459323918644
5865,0.3223550306271288
5866,0.3553860507838631
5867,0.3857601693392474
5868,0.3382197655737462
5869,0.3704979037643703
5870,0.3609366345472651
5871,0.40125191154507744
5872,0.34805674740087467
5873,0.3599248846323677
5874,0.3432606291277729
5875,0.36517458305490846
5876,0.34706804274410263
5877,0.35314951105598524
5878,0.33682732598004783
5879,0.33430324006305767
5880,0.34872905197536674
5881,0.344304775473534
5882,0.363757527147742
5883,0.3807710513928946
5884,0.414311466803583
5885,0.34318242187953985
5886,0.3807141221626229
5887,0.3786344823020733
5888,0.3410197541102322
5889,0.3809320073124596
5890,0.3358933996109301
5891,0.38684640215600075
5892,0.2817845547021527
5893,0.3271976082502497
5894,0.3207253926383591
5895,0.34523306487359173
5896,0.3706030186792395
5897,0.30407161861625687
5898,0.3650461473387705
5899,0.2986246293358339
5900,0.27222054604746404
5901,0.298395147996227
5902,0.3734475936577888
5903,0.3694424620976
5904,0.3179803052844168
5905,0.4024706670235787
5906,0.3708543380756164
5907,0.4319601067214167
5908,0.30348148175783685
5909,0.3019808045503347
5910,0.2730867160223398
5911,0.4038967557382307
5912,0.2880871341860165
5913,0.2827982679602079
5914,0.34560278048495796
5915,0.3760594902469472
5916,0.33636060250208244
5917,0.37629538792358197
5918,0.339349024903997
5919,0.3053485731252059
5920,0.36170111449198394
5921,0.3675821691500669
5922,0.3474486683859088
5923,0.3753539184749526
5924,0.41627164748432177
5925,0.3608998914740953
5926,0.3098298422957928
5927,0.33819983071250226
5928,0.3622833560887466
5929,0.39532782588345716
5930,0.35699963896619336
5931,0.3276724025765505
5932,0.3400425732425312
5933,0.3654758202116817
5934,0.28607503104773446
5935,0.3863693873704306
5936,0.35060299962579
5937,0.37067544299203137
5938,0.35768167118795846
5939,0.3509813875193193
5940,0.4015001734141541
5941,0.36434841125115414
5942,0.3637873222080965
5943,0.31950517545299073
5944,0.35509637866618204
5945,0.31570897987647806
5946,0.3524670904397609
5947,0.3583803864478514
5948,0.3074948631483325
5949,0.37334572853568515
5950,0.3371816268736776
5951,0.32827745038887457
5952,0.3984375422835478
5953,0.3775018182855101
5954,0.4276440898409519
5955,0.3846787919404142
5956,0.32696176166011526
5957,0.3817268761405157
5958,0.3625673453085896
5959,0.3119793600399583
5960,0.3833087314648229
5961,0.3375113699366663
5962,0.34863338527234555
5963,0.35820194039529296
5964,0.30272289349203163
5965,0.30886853009203463
5966,0.3065058895019006
5967,0.35797404854694115
5968,0.4596793350282633
5969,0.30635781791316674
5970,0.42661672573923104
5971,0.3123599858421535
5972,0.37301683897752813
5973,0.2983895245456343
5974,0.3568178192598048
5975,0.36755042533439797
5976,0.34464608208485137
5977,0.3467750330591768
5978,0.30551215713913926
5979,0.37720576735044853
5980,0.3666030528837516
5981,0.4074684483772062
5982,0.28665836914631004
5983,0.35426191227233916
5984,0.32827600587358186
5985,0.30598281587339393
5986,0.33634644966207183
5987,0.3739611414647692
5988,0.36593157507066154
5989,0.3425990085098496
5990,0.3633893024539536
5991,0.3629771371053345
5992,0.3696498812108233
5993,0.357467947271612
5994,0.32485249628001656
5995,0.3401230109418778
5996,0.3125934422719232
5997,0.3720434549569842
5998,0.29894659065162976
5999,0.36118317259481003
6000,0.33401466771113864
6001,0.3536128471440656
6002,0.2992628664769734
6003,0.396440132977689
6004,0.39137217593532636
6005,0.3413631892821125
6006,0.3434697694593898
6007,0.3130484345710549
6008,0.3143998428294057
6009,0.30309583435491483
6010,0.30108658633350815
6011,0.40737847397937976
6012,0.31722909555635503
6013,0.42812527117922494
6014,0.3407521014331709
6015,0.3436567863309481
6016,0.3705660331673335
6017,0.3727340550995115
6018,0.35456569263783466
6019,0.3630866845237102
6020,0.38753508874835063
6021,0.3501788326727775
6022,0.3853857623848289
6023,0.36555008796354693
6024,0.377568168174641
6025,0.347677665221628
6026,0.3265500678563522
6027,0.3461108237877504
6028,0.27820104815526747
6029,0.322484599960736
6030,0.3083722883638438
6031,0.37095458271682746
6032,0.39600762825662095
6033,0.356603769068105
6034,0.38057561051279887
6035,0.321698864837467
6036,0.2898624630279931
6037,0.3786513603800903
6038,0.31514220324353426
6039,0.3327727216345613
6040,0.3261190027975065
6041,0.4191137938224516
6042,0.3856873673024288
6043,0.3348780397608415
6044,0.3016589985358924
6045,0.33453980496939417
6046,0.42590166946876895
6047,0.3719309476235759
6048,0.3917318102170113
6049,0.36561728101083
6050,0.3201507850884284
6051,0.3793582367810351
6052,0.3696292446324696
6053,0.3462948676399664
6054,0.3738725181865412
6055,0.3254016175732337
6056,0.3509128551343368
6057,0.2908271980116188
6058,0.3291004117848235
6059,0.34586231459641814
6060,0.34044524916734753
6061,0.3565677019244653
6062,0.34399611122742035
6063,0.3487629432986359
6064,0.3315160830291415
6065,0.3479772688744598
6066,0.39014869902080784
6067,0.36383031485241846
6068,0.3651988508882087
6069,0.30932515510343794
6070,0.3252849548108241
6071,0.3646122550588915
6072,0.4090079089588947
6073,0.3659765395495924
6074,0.35869104853802725
6075,0.39023850300609775
6076,0.3589211260295224
6077,0.38519985006747826
6078,0.2877304231176603
6079,0.36113466299429886
6080,0.34794774644113735
6081,0.32074566618317624
6082,0.35172815040936634
6083,0.3014839709695223
6084,0.3908365724531957
6085,0.34895916278367034
6086,0.3866017555376584
6087,0.3235615955405886
6088,0.3482413760829224
6089,0.4456053037146508
6090,0.3713427060464931
6091,0.31789781111001947
6092,0.32742089722682444
6093,0.3344538660782792
6094,0.41603349898974473
6095,0.3181872528063687
6096,0.3715312393811532
6097,0.37146158174257193
6098,0.306638041251591
6099,0.38948932260317815
6100,0.3358500526490107
6101,0.34295107913884504
6102,0.37019060375823676
6103,0.3181910025225507
6104,0.4076531204280007
6105,0.4101303842040642
6106,0.3657062672571634
6107,0.3116740334218995
6108,0.4040237282433088
6109,0.3765350270540546
6110,0.35216050682456546
6111,0.3616119297016196
6112,0.3448782357691935
6113,0.3681553081548872
6114,0.32749916065044804
6115,0.37384101825106875
6116,0.3108635098234003
6117,0.28848065576372806
6118,0.37052630661285857
6119,0.3832075603349896
6120,0.2936094567103562
6121,0.2945784300994978
6122,0.3539339634102232
6123,0.2943363360178881
6124,0.32994932170986413
6125,0.32521160335178
6126,0.31959153276932906
6127,0.30202245740724454
6128,0.3783517482534253
6129,0.372015657652895
6130,0.34440888826113714
6131,0.3281176760106419
6132,0.2827595385975119
6133,0.2936770356696954
6134,0.3458471901986506
6135,0.3282376519017509
6136,0.34692369950309754
6137,0.31541705773598805
6138,0.3434036575084227
6139,0.4171560532881262
6140,0.32943500593918573
6141,0.4547301583526844
6142,0.3963857932818815
6143,0.2874631141555697
6144,0.3940503553818995
6145,0.3862896403810101
6146,0.36101552503598544
6147,0.3151075898708595
6148,0.3642662152972278
6149,0.40434455244724443
6150,0.29961860656589234
6151,0.33281953670157804
6152,0.3522405820490353
6153,0.39827295671469276
6154,0.42165122780755304
6155,0.36436603157543335
6156,0.4032198694161244
6157,0.3041549926126734
6158,0.3911420490898174
6159,0.3354928228166085
6160,0.35143728685755704
6161,0.33330802069709353
6162,0.299864296147371
6163,0.3739490400001011
6164,0.35906025995311097
6165,0.3726006828487334
6166,0.44107459052314857
6167,0.34561146275522026
6168,0.3955330761914495
6169,0.31289542877583276
6170,0.29837351795260547
6171,0.402360772510864
6172,0.35019160248198977
6173,0.3775526951230046
6174,0.3004611644619595
6175,0.391145207272956
6176,0.2622684758512861
6177,0.335467701743156
6178,0.39177510417361905
6179,0.30735577840901485
6180,0.3253732321438969
6181,0.3534516217980226
6182,0.3950906643967427
6183,0.3952954786426215
6184,0.33472070427929124
6185,0.3531431834233234
6186,0.29516470773425363
6187,0.34277305882731524
6188,0.2910346960689414
6189,0.37373477139780187
6190,0.36758211268499075
6191,0.3373172000053466
6192,0.361260090504151
6193,0.3258036388838139
6194,0.3145472553962758
6195,0.34029645052595425
6196,0.3430623983394123
6197,0.36747761635348475
6198,0.3915768868963907
6199,0.4340978188991622
6200,0.31437277002876485
6201,0.3125076552537376
6202,0.3202475115543222
6203,0.3226402223851008
6204,0.38758942362875093
6205,0.3490702839640991
6206,0.339482043542362
6207,0.3670288189378703
6208,0.38404344740585605
6209,0.2880881909577795
6210,0.32159562101650785
6211,0.28335139961005185
6212,0.3534673135352442
6213,0.3496424617374272
6214,0.29667625852538704
6215,0.3845129484828407
6216,0.36403952679073726
6217,0.3212734847320582
6218,0.3839519542103056
6219,0.27050902886911565
6220,0.44629884581400603
6221,0.33026929471962596
6222,0.3519230285358974
6223,0.3370895466424244
6224,0.3231330318196881
6225,0.3418331391950593
6226,0.2978804680840268
6227,0.2689190424834549
6228,0.3970738159769054
6229,0.31731690388859013
6230,0.3365226498809628
6231,0.3459083518797028
6232,0.36776163554559416
6233,0.3695150414840471
6234,0.35551657480465515
6235,0.38802548006552096
6236,0.3891511985357985
6237,0.380031412822881
6238,0.3469051669019927
6239,0.3477416902981987
6240,0.3589968850319467
6241,0.2791858611993723
6242,0.41494105389411473
6243,0.4655485352545963
6244,0.38070378140411165
6245,0.3819946547871238
6246,0.3366038675818639
6247,0.33281089368827566
6248,0.33388436339390815
6249,0.32530801770916806
6250,0.3366886775651401
6251,0.33405218717211005
6252,0.41563456509010743
6253,0.3583003651220342
6254,0.3409119126332758
6255,0.27721539001404105
6256,0.30011806357077386
6257,0.3819227814935857
6258,0.3170286886171949
6259,0.3932082430822006
6260,0.3259747224207592
6261,0.33525997827044085
6262,0.3272946520170761
6263,0.33889176739390736
6264,0.3811754598055015
6265,0.32476070491286135
6266,0.35982970401375347
6267,0.40721751323139754
6268,0.36759628109675146
6269,0.3704784624785944
6270,0.3393762514013652
6271,0.329363445412739
6272,0.34379217862301736
6273,0.3874378275875472
6274,0.3240135379722724
6275,0.32073420354872395
6276,0.35380229668005025
6277,0.3361219648952458
6278,0.3609731627679684
6279,0.32730465621462557
6280,0.39805865085517
6281,0.33618854478867766
6282,0.3563776993231915
6283,0.2953987558392721
6284,0.3009566783568851
6285,0.36305844928630204
6286,0.3375992572624624
6287,0.27607669332694407
6288,0.2950676331218487
6289,0.30283167469793293
6290,0.37592107700554545
6291,0.39772854627453125
6292,0.3107074002909429
6293,0.36260273648514474
6294,0.4013032629761626
6295,0.2758946538565006
6296,0.3281697994991726
6297,0.2804005003755523
6298,0.4356797228916931
6299,0.3974848162107043
6300,0.3928246530885069
6301,0.37391504434129086
6302,0.3017701490166935
6303,0.39807611920876296
6304,0.34164239588928513
6305,0.35799756624200096
6306,0.2891753663081791
6307,0.34714960101522907
6308,0.38532989933881634
6309,0.37883856984798747
6310,0.3549664237690173
6311,0.32740601213974596
6312,0.33479417996417826
6313,0.33217450854905906
6314,0.3490733930669445
6315,0.3635098349402308
6316,0.359506380606458
6317,0.46020011146568685
6318,0.3288639169282286
6319,0.33157360936647606
6320,0.3769440521256753
6321,0.42330176897850347
6322,0.41925390557446907
6323,0.39381305346437534
6324,0.38229129650332005
6325,0.3991467824816164
6326,0.3589029765008287
6327,0.3786325927009515
6328,0.37405447134998804
6329,0.35431091355605115
6330,0.3283238488039739
6331,0.4051254978145482
6332,0.3513053830361019
6333,0.3368302419704752
6334,0.33204787380847023
6335,0.3112871507656916
6336,0.3888303498922112
6337,0.3744387082072138
6338,0.34349295972485994
6339,0.3488720000917871
6340,0.2988495198119385
6341,0.35602446582410696
6342,0.3514895523870165
6343,0.3591902487458105
6344,0.3612922754466843
6345,0.3769251015334687
6346,0.4119554528430589
6347,0.3239783045507769
6348,0.32861989115296186
6349,0.344812407821105
6350,0.34263227641328653
6351,0.35139983062233116
6352,0.3677592358340913
6353,0.37296790995936435
6354,0.3072948259414714
6355,0.39223259216039263
6356,0.3895643508714901
6357,0.3589154538384429
6358,0.3351019586573476
6359,0.33957669710171956
6360,0.3150964770933955
6361,0.3218796701718718
6362,0.29123518554022443
6363,0.32237373634948874
6364,0.32730439264589517
6365,0.33511100999097954
6366,0.3316738012245075
6367,0.28917602550021604
6368,0.34036144608837127
6369,0.3735986186011715
6370,0.34599957662423364
6371,0.3108655802838749
6372,0.43387455020138344
6373,0.38252723562307045
6374,0.3356703612752221
6375,0.30236501568792606
6376,0.34273218360048885
6377,0.31795988441787193
6378,0.3428457195045538
6379,0.3122776780592216
6380,0.35082937506051914
6381,0.3867689096111726
6382,0.41779516032269814
6383,0.34932801194180607
6384,0.41774883026518506
6385,0.2923070414724016
6386,0.36365252269289305
6387,0.34424400867342
6388,0.3334814531350978
6389,0.294270405666742
6390,0.32307236220993607
6391,0.33445913136796657
6392,0.3155082340782118
6393,0.34779933009967934
6394,0.4344621579952346
6395,0.360008483013186
6396,0.35232385893558904
6397,0.3030427380943581
6398,0.3320432660043342
6399,0.3778610274731191
6400,0.4098011726917088
6401,0.4088290497256173
6402,0.31619710481771257
6403,0.42932232492445044
6404,0.32456339931322864
6405,0.36318245789208037
6406,0.30693819730387206
6407,0.38459718847986224
6408,0.350133982978317
6409,0.3436091075319938
6410,0.3032214853019628
6411,0.3533201952708618
6412,0.41401151945486836
6413,0.44339076877533534
6414,0.2994231425502063
6415,0.38817768725851565
6416,0.40224036579641265
6417,0.3800489181034119
6418,0.3536815321730522
6419,0.3438220919341872
6420,0.38745165365400824
6421,0.34694464875601216
6422,0.40516736982521095
6423,0.4186225346527155
6424,0.24631401869917147
6425,0.33986990790290594
6426,0.32849174636978784
6427,0.36065883492380646
6428,0.32950139699699665
6429,0.32262690843091857
6430,0.3788307080141049
6431,0.2858972283860206
6432,0.3312993490966658
6433,0.45054515776073467
6434,0.3981773699534257
6435,0.3555623894680986
6436,0.35483637266579837
6437,0.41033185681677686
6438,0.35481072792290336
6439,0.4058679618949239
6440,0.3114055140940062
6441,0.33506562572365706
6442,0.3178139369770405
6443,0.3774013727412555
6444,0.3760292618356851
6445,0.41341334257146833
6446,0.3604248730467825
6447,0.3307511283740081
6448,0.39876015464107484
6449,0.35158615375123903
6450,0.3498455167944261
6451,0.3259611079764557
6452,0.35827740233556105
6453,0.3111093041312829
6454,0.35492342885699113
6455,0.37704157177876274
6456,0.3736385443088617
6457,0.3641125791327946
6458,0.3722902246038826
6459,0.2784129335886294
6460,0.3380021269355069
6461,0.3343320363566811
6462,0.34248992304692694
6463,0.3063668437781004
6464,0.38092669788066136
6465,0.40296454002745463
6466,0.32164683301492625
6467,0.31288178658389443
6468,0.3490701928684765
6469,0.3056316772442713
6470,0.3506310495074425
6471,0.36050747822002416
6472,0.3762999134103149
6473,0.38736280216609176
6474,0.42044791692532346
6475,0.40647290042333095
6476,0.4292767516404874
6477,0.420553774268452
6478,0.3566227465869636
6479,0.35945767095775505
6480,0.3428978356703891
6481,0.3205317946559685
6482,0.3287778735071738
6483,0.37145006761124133
6484,0.27790688999504676
6485,0.31056379081120467
6486,0.3289158289526837
6487,0.30532621572744967
6488,0.38430845229157384
6489,0.38347946755033746
6490,0.3300455929823136
6491,0.3482703871561914
6492,0.3184309843814601
6493,0.3324022959388264
6494,0.3864914589766246
6495,0.38673440082432764
6496,0.374186557555777
6497,0.3453298527067217
6498,0.3610115730470378
6499,0.3864513493023205
6500,0.32365748705903075
6501,0.36551131792936165
6502,0.39096921163458154
6503,0.41611665154222743
6504,0.4035448621339821
6505,0.38796063345121556
6506,0.3314433291216714
6507,0.34284474472671755
6508,0.32651518370986476
6509,0.373614157593515
6510,0.3555901693829866
6511,0.2594502504165703
6512,0.4157838230986868
6513,0.3996464658304575
6514,0.31613732818414597
6515,0.38342503291519314
6516,0.3791963261666962
6517,0.39397844575257146
6518,0.2711727019022878
6519,0.4011015027037166
6520,0.38193621476857587
6521,0.36861407609611785
6522,0.34673304326963095
6523,0.3731139667071486
6524,0.3217681157363472
6525,0.39563091470480316
6526,0.4141519340220601
6527,0.3269059918954418
6528,0.3958911314174074
6529,0.3626607089009286
6530,0.36805978171445153
6531,0.358841408348086
6532,0.3705730276986019
6533,0.3416897579763045
6534,0.35294060515493
6535,0.3741154116618217
6536,0.353634703746625
6537,0.38813783907971455
6538,0.3643135609217478
6539,0.4231582822447022
6540,0.3461952990825048
6541,0.35342836212040396
6542,0.28562688560455873
6543,0.426100812350366
6544,0.30859915763508106
6545,0.3686772883694558
6546,0.3323165468501843
6547,0.31670918846463314
6548,0.38118302748898936
6549,0.29569934912537965
6550,0.37745445349484363
6551,0.36033714739854483
6552,0.4169864896847959
6553,0.4174057822725734
6554,0.28696633978517916
6555,0.32709969720161247
6556,0.30412413372863467
6557,0.37968742762838836
6558,0.4284155218990078
6559,0.33210347576625887
6560,0.3597852156711139
6561,0.311073762648447
6562,0.3264942175896195
6563,0.3115979512690994
6564,0.3531165137787742
6565,0.3454937372042508
6566,0.26565034684138933
6567,0.31871612619210454
6568,0.36054370764350585
6569,0.3276678163002926
6570,0.34520253833492465
6571,0.3799943185398149
6572,0.4655950699372897
6573,0.3004148192784042
6574,0.4006907004610132
6575,0.3310189912870696
6576,0.3627810820776527
6577,0.4250176592824584
6578,0.3051416023927431
6579,0.3360171861775352
6580,0.3387356684206724
6581,0.367706233967219
6582,0.3261145844167057
6583,0.39933067051972815
6584,0.34542332736422177
6585,0.3532247370205779
6586,0.30212030454447314
6587,0.2892433824323719
6588,0.35842320189231147
6589,0.3023043482787462
6590,0.37356954679580934
6591,0.3322763976923988
6592,0.3945245013591627
6593,0.29838297334096575
6594,0.3608551802171345
6595,0.364430404913505
6596,0.3701886321372556
6597,0.3149201813796374
6598,0.3996710693501311
6599,0.29669155042653417
6600,0.40064997231408483
6601,0.30840467988909825
6602,0.3000739144737814
6603,0.3490511885638723
6604,0.3841546786901482
6605,0.3164971624747617
6606,0.3996511970166634
6607,0.30844714037597587
6608,0.3441494566657042
6609,0.33987863892024395
6610,0.36024837772514307
6611,0.300282306781658
6612,0.3453057910916497
6613,0.36246383849232044
6614,0.34180583252534413
6615,0.34669872478831243
6616,0.31001689309652747
6617,0.28400785297737485
6618,0.3070234745665803
6619,0.3657761453409534
6620,0.4202746441821388
6621,0.3749838960146441
6622,0.38743138107539066
6623,0.28010747948513215
6624,0.34005600116340373
6625,0.3562592891330172
6626,0.330766062894142
6627,0.3754014689377434
6628,0.31386747116105385
6629,0.34617111995112104
6630,0.32686457736364627
6631,0.381324836440041
6632,0.34289040615797184
6633,0.3772947120361443
6634,0.3855724259460609
6635,0.40760828561299167
6636,0.2887155952904066
6637,0.34602401011252093
6638,0.32911985193144844
6639,0.28127582408350804
6640,0.3834381219296712
6641,0.36318418906976113
6642,0.35661069938012435
6643,0.37985239266786186
6644,0.408476951045063
6645,0.3463897711129622
6646,0.38141465601732527
6647,0.34716155475015276
6648,0.36917432805384065
6649,0.35130009042291377
6650,0.3659010448394291
6651,0.31746489550974166
6652,0.4289181029283631
6653,0.3609757807998122
6654,0.3431691010935234
6655,0.3605074179198313
6656,0.356329166177642
6657,0.3911615043558512
6658,0.3227520079009665
6659,0.29844059805327383
6660,0.2986922232139686
6661,0.2911109458270773
6662,0.2946961533982959
6663,0.38844844158257086
6664,0.30517829282256637
6665,0.3265866591223716
6666,0.39666318753247154
6667,0.42816687611387527
6668,0.3690611631960743
6669,0.3430522342481632
6670,0.3256719142385798
6671,0.367553293499149
6672,0.3305052845352101
6673,0.3581039692773933
6674,0.3338039276537672
6675,0.3242061257595026
6676,0.34685255003787674
6677,0.31080550669289675
6678,0.34173327527756037
6679,0.35051351632468597
6680,0.33318394503334936
6681,0.26032685238430275
6682,0.3538765416920544
6683,0.30438664236431956
6684,0.3364803605742557
6685,0.3356059847777053
6686,0.3231190960560175
6687,0.3506478573056113
6688,0.3152620848266343
6689,0.3211933397036386
6690,0.3733213235600523
6691,0.40249516334937985
6692,0.3796444104844241
6693,0.34601031206641997
6694,0.38966578321735135
6695,0.41568242991468995
6696,0.3311052862390991
6697,0.31144898510596386
6698,0.3146252820896809
6699,0.3397100235688111
6700,0.36810458574056915
6701,0.30456318115747116
6702,0.40533391942468056
6703,0.32627257971684287
6704,0.36416665122932557
6705,0.34724577047638494
6706,0.3465452189635272
6707,0.3373610729874965
6708,0.3661437993509562
6709,0.3226527846874756
6710,0.32919422854610625
6711,0.34499217207397814
6712,0.37770139106868816
6713,0.3755298947619292
6714,0.37347602590035267
6715,0.36580588228943967
6716,0.335509352048343
6717,0.3470620539086817
6718,0.32145865914366656
6719,0.3148354433034122
6720,0.3091809095621607
6721,0.3487685314868072
6722,0.3905366081112853
6723,0.32888909023097623
6724,0.34562874445323866
6725,0.3242455340383046
6726,0.31629501980742347
6727,0.35836584152345097
6728,0.3440024615244335
6729,0.32891545634822617
6730,0.3333005778531306
6731,0.2941262655567831
6732,0.33676407688328824
6733,0.39704795098390466
6734,0.33274688267207875
6735,0.385964855051375
6736,0.3405359756168922
6737,0.3472753605672976
6738,0.36107793581236747
6739,0.3352136167764628
6740,0.3460088889273556
6741,0.29150448161478026
6742,0.322181751328789
6743,0.33503934099622645
6744,0.37742117702845235
6745,0.36539519457363934
6746,0.4168399769914548
6747,0.3330257376944239
6748,0.40781556794638485
6749,0.3713104471360489
6750,0.341069125080645
6751,0.3359540944961741
6752,0.32240176536170395
6753,0.3837114196388707
6754,0.3423226495374596
6755,0.34482439893692307
6756,0.3548311170081542
6757,0.3272693324257916
6758,0.31709703405200873
6759,0.3343648430828958
6760,0.37578539705317704
6761,0.3608649512710853
6762,0.3550845626960255
6763,0.35314993033482045
6764,0.311726751713985
6765,0.339966851533104
6766,0.32183069817326526
6767,0.33058346338876277
6768,0.3705306013417191
6769,0.3162297251821333
6770,0.3694269866311224
6771,0.38948329728030107
6772,0.3884856112279502
6773,0.38369320358228354
6774,0.3069143252827877
6775,0.36914842866925435
6776,0.3191805767498064
6777,0.32258317919978596
6778,0.3699911978836212
6779,0.3383931499943946
6780,0.34854134217473476
6781,0.31061216909275835
6782,0.3560220924773332
6783,0.30615184262892736
6784,0.36881174975632414
6785,0.32116565741600356
6786,0.325367883210117
6787,0.3835147416595772
6788,0.34280789748520624
6789,0.35868325888753594
6790,0.38250450128270597
6791,0.39572198431536254
6792,0.31255163741350733
6793,0.3460772375658805
6794,0.32567490427928814
6795,0.33962839665331623
6796,0.454101214850144
6797,0.40826587114122326
6798,0.40812065657029617
6799,0.27259167326942535
6800,0.33456806908721326
6801,0.3213905958752288
6802,0.3595242434511565
6803,0.3173704051946413
6804,0.35360809435118856
6805,0.325474635759607
6806,0.3368440805971211
6807,0.30076871778790926
6808,0.29478688190526947
6809,0.3901821095070783
6810,0.2892003451886933
6811,0.3061810912441012
6812,0.3626389493523776
6813,0.3334562100365175
6814,0.32262622975663335
6815,0.4054265878652208
6816,0.40176592299797376
6817,0.3505515448787526
6818,0.3329504782580357
6819,0.3128937396039153
6820,0.32074510359869146
6821,0.37838378778580406
6822,0.38474439988622855
6823,0.3235829501964087
6824,0.3299449439134641
6825,0.3626341789190919
6826,0.3492912334057765
6827,0.34299931519066273
6828,0.3589703872778127
6829,0.35954990259782527
6830,0.2950412425632791
6831,0.39949656659011934
6832,0.3422441187684391
6833,0.32810559535321593
6834,0.29879165022705223
6835,0.372873042712647
6836,0.3903858825573754
6837,0.37842849875513007
6838,0.350032826040517
6839,0.33527247405694593
6840,0.3545856547641031
6841,0.3505899551740481
6842,0.3207181409314601
6843,0.4137718189007433
6844,0.34138469542026595
6845,0.47143255560935815
6846,0.32763914076875666
6847,0.27586256327075676
6848,0.4008226203523435
6849,0.320577708165688
6850,0.3691055305780604
6851,0.39146398567359597
6852,0.2889863583076089
6853,0.30843550196023584
6854,0.3526359934055021
6855,0.3341090681980772
6856,0.48482944936990746
6857,0.3918016615549935
6858,0.3332569841928108
6859,0.32317378287159304
6860,0.41522060541597927
6861,0.3458686153584276
6862,0.3104375593509876
6863,0.3857772558243635
6864,0.29929221370114645
6865,0.28993757183803126
6866,0.36916675419377354
6867,0.3503565039161134
6868,0.31889047361903433
6869,0.3510308389509045
6870,0.2990933441554855
6871,0.3231884888819958
6872,0.4071511529610463
6873,0.3861086656369639
6874,0.3227652562652539
6875,0.40431833267512474
6876,0.3596069131739825
6877,0.29325144411232174
6878,0.357297740421207
6879,0.3305778067199463
6880,0.36242919289866826
6881,0.37630639116667464
6882,0.38994750688369306
6883,0.3760172816557237
6884,0.2818728295626438
6885,0.3431814649198377
6886,0.3248863722323998
6887,0.3394240424093051
6888,0.34290494188963017
6889,0.3804829300876289
6890,0.3295482103563736
6891,0.29668229045557215
6892,0.378145351006387
6893,0.392688263834593
6894,0.3383448924458681
6895,0.3102924000827487
6896,0.37898159914045904
6897,0.37783343343031284
6898,0.35784011762747525
6899,0.3422942670179152
6900,0.3505785958648948
6901,0.3547208953328367
6902,0.36105459771986403
6903,0.29630384966321177
6904,0.36182569674737675
6905,0.4164186297366612
6906,0.2971744290865965
6907,0.29433784065621627
6908,0.36401344315076845
6909,0.40516572989339883
6910,0.33638063702194465
6911,0.33842597221517856
6912,0.38952125389232783
6913,0.3291019057565787
6914,0.3120646511329199
6915,0.43851317507896237
6916,0.3640998458265692
6917,0.26198102619845365
6918,0.31278953982725133
6919,0.3051193312400411
6920,0.3760812065018273
6921,0.38656851630779165
6922,0.36184049955759967
6923,0.350553649715156
6924,0.3134126573986453
6925,0.28604584977563174
6926,0.2911721251502266
6927,0.2649232858805419
6928,0.3048222264923668
6929,0.30361383938335385
6930,0.4168304436932977
6931,0.36400214850529045
6932,0.3417348948708421
6933,0.3416540372442278
6934,0.44255368906795
6935,0.3010962493449014
6936,0.363248092277769
6937,0.3371940816205439
6938,0.37986674670167586
6939,0.37250259999986035
6940,0.34463700903747707
6941,0.3782061980783724
6942,0.304935175675769
6943,0.3335916910485279
6944,0.32125455346762477
6945,0.28727266384911143
6946,0.32574927095365647
6947,0.3658385869339904
6948,0.32254453578180353
6949,0.3525238058670883
6950,0.35179308733802106
6951,0.26771086741752903
6952,0.33985953633361987
6953,0.3466123013649356
6954,0.36554416664442746
6955,0.3574693774846338
6956,0.42308275961467556
6957,0.4018785332456356
6958,0.3594499823019355
6959,0.38728812975663507
6960,0.36622730622084143
6961,0.3304972074651227
6962,0.37832380024627943
6963,0.4083942042536397
6964,0.34128027180296794
6965,0.33107582902283106
6966,0.40014706639297604
6967,0.39926760073584955
6968,0.35514433723579986
6969,0.3742799422486467
6970,0.25548659027793574
6971,0.2739222892369062
6972,0.3614201743250125
6973,0.37573580554890107
6974,0.33092111036812133
6975,0.33261393292291874
6976,0.39352906506650953
6977,0.3185616338072954
6978,0.35141553515246526
6979,0.3181942035722729
6980,0.30962963727558357
6981,0.36430515640003724
6982,0.35586521647037817
6983,0.3595824541134811
6984,0.36041524579419804
6985,0.3733437067889689
6986,0.3019319586124243
6987,0.4034631244084106
6988,0.4167735868644544
6989,0.40719281673827945
6990,0.34185114906384095
6991,0.3389765387116368
6992,0.35978666405014303
6993,0.2722148365162349
6994,0.33616919631215847
6995,0.31694941090608353
6996,0.2998767992740401
6997,0.34653575585550866
6998,0.3735380126348007
6999,0.4014125102402253
7000,0.31974136798244945
7001,0.37944331352845495
7002,0.33089399874817893
7003,0.31781363343553126
7004,0.31131505799089076
7005,0.3772173934770322
7006,0.38332573660848723
7007,0.3052278758841096
7008,0.40018311996172606
7009,0.29678787533214424
7010,0.38216220262956657
7011,0.35639991791514536
7012,0.331858216463766
7013,0.35866728188366226
7014,0.37631862044450237
7015,0.37321397203419293
7016,0.3222791020293454
7017,0.4393576284727496
7018,0.4402556041477519
7019,0.3113484664878121
7020,0.3804244958582901
7021,0.32313228442159225
7022,0.3956115715772497
7023,0.35995671491430103
7024,0.34327487553535896
7025,0.3339072392733322
7026,0.38908851055444993
7027,0.33419680582701705
7028,0.3634101867209041
7029,0.33938687836722403
7030,0.3737399196381297
7031,0.3409040180120235
7032,0.38815340644884655
7033,0.3798918857396467
7034,0.40956292462039023
7035,0.3029897034947888
7036,0.34072094053159985
7037,0.34226897984369975
7038,0.3310495384108947
7039,0.3993184612688019
7040,0.3125493557654071
7041,0.37848092311489534
7042,0.3981815647270657
7043,0.405104854097063
7044,0.27678874705766976
7045,0.36635703759611404
7046,0.338239330556128
7047,0.3410654210678512
7048,0.412580363256394
7049,0.30199386234313286
7050,0.36146073371906917
7051,0.39367389267342867
7052,0.3197259663892549
7053,0.404953123153021
7054,0.3505888283308618
7055,0.3800540261949119
7056,0.3444319382502421
7057,0.31749391966814544
7058,0.40676454008394547
7059,0.3627131545409048
7060,0.31064427091207936
7061,0.37291147121126444
7062,0.3553888928490827
7063,0.44038055117189767
7064,0.3379938280580328
7065,0.32785753885799496
7066,0.32756071492346184
7067,0.3999970851559467
7068,0.36848904503063595
7069,0.38266172830098766
7070,0.3291411645107116
7071,0.3752216101286283
7072,0.3412255226885801
7073,0.32865707229902563
7074,0.4176101184042511
7075,0.30608586994198195
7076,0.2963253532219019
7077,0.3113175793507006
7078,0.39464539425939504
7079,0.38871687916297537
7080,0.33249090336449516
7081,0.3375380820676872
7082,0.30033581198015424
7083,0.299738874600461
7084,0.3047452824218273
7085,0.39230613451695495
7086,0.39335557080491323
7087,0.3409336713887634
7088,0.28536254288270246
7089,0.3668277697208806
7090,0.32608624763969685
7091,0.35178115612710315
7092,0.36777314608294276
7093,0.31377339757842604
7094,0.3716584906509901
7095,0.3067332312097193
7096,0.37408489772106046
7097,0.3858711513082542
7098,0.28105017113206676
7099,0.3475167731700992
7100,0.3633802951873166
7101,0.3211952873753825
7102,0.3685087994882177
7103,0.38591970066662373
7104,0.35218901870805563
7105,0.3857616880590409
7106,0.34410006454123643
7107,0.3398113397117086
7108,0.355997560757773
7109,0.3569028229910023
7110,0.39922063032707555
7111,0.3493972734183677
7112,0.3648727877567923
7113,0.38168081069488125
7114,0.38040932145702655
7115,0.330125493678481
7116,0.32425057027945536
7117,0.33449528375154225
7118,0.3013275437462446
7119,0.34861683062515336
7120,0.36889407540070973
7121,0.37194059058291096
7122,0.3509866344657788
7123,0.40953824267808336
7124,0.2482354692863904
7125,0.34956445650076384
7126,0.37005250245746657
7127,0.34978070893888313
7128,0.37485912768157625
7129,0.2994800026919635
7130,0.3244941515141524
7131,0.4071824976351972
7132,0.450852860642057
7133,0.3499684266626746
7134,0.35729422661918075
7135,0.4104926381465379
7136,0.38200216072808324
7137,0.3484556006987831
7138,0.31606594960381384
7139,0.33398373500548795
7140,0.479535240650363
7141,0.3688764292677451
7142,0.333241919882298
7143,0.3114414794438689
7144,0.3665134827892751
7145,0.35691049517136
7146,0.32488342050570385
7147,0.343011879069846
7148,0.36447234435316567
7149,0.3199191338361347
7150,0.31922350543580524
7151,0.36326340526513246
7152,0.3526993480991645
7153,0.34351152758827075
7154,0.35283062699485646
7155,0.4155874440566545
7156,0.31636340049000333
7157,0.2814682510616926
7158,0.3004991198126885
7159,0.4151850326651476
7160,0.35872384530540335
7161,0.37794535019486464
7162,0.3310194463341545
7163,0.3774979521709838
7164,0.2809021682273407
7165,0.37487752295431953
7166,0.36991826628785107
7167,0.3975505607809007
7168,0.33150411477756636
7169,0.3419130682843625
7170,0.30968278066443045
7171,0.4568547803521721
7172,0.3441591406131437
7173,0.3348298789337054
7174,0.3694876578521753
7175,0.3425931771964068
7176,0.43217010372759734
7177,0.3411749153576169
7178,0.38095211862278644
7179,0.35567359648972197
7180,0.347443605792487
7181,0.3353790869923796
7182,0.3640534824704553
7183,0.4554279233221279
7184,0.3649478829388322
7185,0.3568243701034137
7186,0.3687575143154329
7187,0.3978102573368454
7188,0.3690974826374429
7189,0.3493442342608821
7190,0.3172351039844057
7191,0.4307822698673984
7192,0.2822451723762893
7193,0.36138200524310493
7194,0.3612581610769019
7195,0.33542060989333056
7196,0.3792066592663943
7197,0.3661635226813966
7198,0.28908679176799756
7199,0.3236588590951319
7200,0.36048188554285776
7201,0.38165706297764235
7202,0.3711450628470363
7203,0.43180189348231535
7204,0.31111431581511306
7205,0.3818851407150805
7206,0.3490377947141874
7207,0.35757757382326627
7208,0.3570649861682851
7209,0.3796226049935161
7210,0.3065964353108033
7211,0.3630015363431105
7212,0.3316589060575308
7213,0.307232544839787
7214,0.29678152109703504
7215,0.2844962933762285
7216,0.2982206672815986
7217,0.35482949176216794
7218,0.35839424460862945
7219,0.34626672061694563
7220,0.3188191508345555
7221,0.37264674372636186
7222,0.31662465546436813
7223,0.41191393698624923
7224,0.3463149443613309
7225,0.37809261131357186
7226,0.3294827020223918
7227,0.39401669264716377
7228,0.4241472616723643
7229,0.3518444451476288
7230,0.3833880898755426
7231,0.36977598825223934
7232,0.3655358828355473
7233,0.3796231579363174
7234,0.39027738628883846
7235,0.3909621783209807
7236,0.3785520976306427
7237,0.3071713908070386
7238,0.4003646646176189
7239,0.34463967117662664
7240,0.33460212878928663
7241,0.3175296238555645
7242,0.37559719366604005
7243,0.29768131266724884
7244,0.33229811584735236
7245,0.3159293361349236
7246,0.2952623155992904
7247,0.3681285556707685
7248,0.37882811722072995
7249,0.32318348436487776
7250,0.38502729373132905
7251,0.3144154738121583
7252,0.3208546243706487
7253,0.3758595609270645
7254,0.3562643971904653
7255,0.3428877914341646
7256,0.34539833480531756
7257,0.30527812341338345
7258,0.43268965022630423
7259,0.36007294682468416
7260,0.346007016126888
7261,0.33402228808192014
7262,0.35352795669922976
7263,0.365666409567988
7264,0.38275961447028184
7265,0.3163184090286242
7266,0.3869494281170738
7267,0.33863158226277257
7268,0.31972548490338326
7269,0.3309832824953154
7270,0.33770645080939765
7271,0.3563407574649551
7272,0.3642112989289057
7273,0.4067952065139906
7274,0.36140219864699663
7275,0.37626149836704936
7276,0.3745412491252913
7277,0.3827209493992596
7278,0.3563373347622103
7279,0.3598460780139261
7280,0.3494268457635017
7281,0.2981504857771813
7282,0.3735361120865446
7283,0.3251994196790169
7284,0.34590628523775147
7285,0.3359416931858461
7286,0.4365159661681428
7287,0.3451644073099347
7288,0.35491235204984184
7289,0.42891844534668344
7290,0.3378057748452674
7291,0.33687575362004685
7292,0.3594583538729905
7293,0.3332393818577861
7294,0.31608870334305905
7295,0.36025881339192534
7296,0.38153502399156825
7297,0.39695743984147214
7298,0.34653223949535494
7299,0.3018567930047764
7300,0.37375188862152964
7301,0.34371718822659014
7302,0.3323157033360351
7303,0.3600147370928246
7304,0.3392305244436131
7305,0.3411238220574
7306,0.2980918725406614
7307,0.3089007921863063
7308,0.3254973236852563
7309,0.3163765466147974
7310,0.3575468447469037
7311,0.35626684859326874
7312,0.3529838339888558
7313,0.3666006484540931
7314,0.3295822434980913
7315,0.4128060652977963
7316,0.2579099652967498
7317,0.343318952122321
7318,0.35051476650894386
7319,0.31226560537927206
7320,0.3998811499308994
7321,0.28884253440306695
7322,0.36954379862556186
7323,0.3441769351406294
7324,0.4151852089941821
7325,0.3169826272453973
7326,0.34200665638455297
7327,0.3866720247415314
7328,0.3425179245865655
7329,0.2967873051762058
7330,0.34730594190709674
7331,0.36920636170480536
7332,0.366572218079698
7333,0.33317498321723527
7334,0.41824903162341265
7335,0.3207993494081016
7336,0.43828100277859816
7337,0.3613578166883329
7338,0.2917343047509835
7339,0.33566012909506426
7340,0.3589413633808656
7341,0.3607850329201865
7342,0.38236188236995483
7343,0.3566213588942002
7344,0.29904714268474564
7345,0.36717344094540616
7346,0.4049093519785778
7347,0.37180939805678914
7348,0.35933569182098823
7349,0.3544735029244541
7350,0.4019527894044801
7351,0.3706647219547756
7352,0.3346120823601879
7353,0.3722248711730374
7354,0.3434703955425831
7355,0.31786910992942596
7356,0.3958237859194047
7357,0.3345752210052808
7358,0.32210235620574146
7359,0.3250788581610937
7360,0.4076171260445447
7361,0.3612441354416007
7362,0.3120126666142826
7363,0.36130910074827227
7364,0.31891610384207514
7365,0.30754523114029997
7366,0.41608278801843124
7367,0.2910268081808982
7368,0.36485273064184565
7369,0.3146985149411927
7370,0.3676020972657028
7371,0.342298429562903
7372,0.40328847006912394
7373,0.30347162784240433
7374,0.34916845480301717
7375,0.3478254625215782
7376,0.37332644549241234
7377,0.4008656387730434
7378,0.31680078183980376
7379,0.340008062682406
7380,0.3912609370292244
7381,0.3449368328421625
7382,0.3442692286982414
7383,0.32114027173889026
7384,0.3626845102157583
7385,0.3074105131275866
7386,0.3826478655296932
7387,0.3977358973796479
7388,0.4107925028844597
7389,0.38375687417734117
7390,0.45881116380526343
7391,0.29944446739954955
7392,0.3307769861442895
7393,0.4083636690289678
7394,0.33947487887517935
7395,0.41086374926952063
7396,0.3520114096785911
7397,0.2807120802575014
7398,0.3127685301627712
7399,0.3486663099908851
7400,0.34812394301595706
7401,0.26550298350758084
7402,0.3701619894540906
7403,0.354956473233496
7404,0.2924572807394856
7405,0.3322620198510817
7406,0.32541381936830893
7407,0.3877870766675584
7408,0.36602020474365027
7409,0.43761931860515624
7410,0.3972975496029658
7411,0.3763064474043194
7412,0.3506878657339363
7413,0.33149220296434967
7414,0.35832833864358404
7415,0.4157796093997721
7416,0.42300376098938486
7417,0.37413816609718964
7418,0.40489681987999093
7419,0.34933088195285666
7420,0.26172367093148674
7421,0.30976413142673387
7422,0.33791630891107927
7423,0.44477292180573835
7424,0.3865545418478069
7425,0.41261079185864613
7426,0.3099500321424875
7427,0.347868641499137
7428,0.3580142580080925
7429,0.3607515466178084
7430,0.29090942223870186
7431,0.35747449864655323
7432,0.26223821749102516
7433,0.2844214237698326
7434,0.30623446193249393
7435,0.38073360791370003
7436,0.3317022882199119
7437,0.3577409037850967
7438,0.30285459535526904
7439,0.33262317586907875
7440,0.3874189853843677
7441,0.3251708996719245
7442,0.425588027067866
7443,0.2649040308375561
7444,0.3135928773711507
7445,0.3508242508280843
7446,0.3481072586510132
7447,0.3568460148503161
7448,0.34454033730850053
7449,0.3452587427461111
7450,0.37293464600640336
7451,0.34362805980754185
7452,0.3655729702663004
7453,0.28508491934844704
7454,0.3615731150792354
7455,0.399355171680289
7456,0.319018284404768
7457,0.3448898107881617
7458,0.33261441614934784
7459,0.4124555344819614
7460,0.39580158031404933
7461,0.3036314428861284
7462,0.3369791440283443
7463,0.4030238882956443
7464,0.41208733189023317
7465,0.3616131658073418
7466,0.35227143365130686
7467,0.328674013863294
7468,0.3672249586212306
7469,0.3553932460700966
7470,0.3314779415047284
7471,0.32896163236828135
7472,0.38133945426594185
7473,0.36230372802031097
7474,0.3355833187050603
7475,0.2970966541404163
7476,0.3845595309976373
7477,0.36673004782186425
7478,0.39601950218261006
7479,0.3719533264540993
7480,0.4187106707539967
7481,0.37309079033354253
7482,0.31094377264766315
7483,0.3331671928589697
7484,0.31897494042049024
7485,0.3468027831641596
7486,0.32214552250189943
7487,0.40971091688517847
7488,0.37210145506952186
7489,0.3179425076528126
7490,0.35663685608995044
7491,0.34072122977738983
7492,0.2926322863398365
7493,0.31017309673942073
7494,0.3625827577303258
7495,0.3409660383996016
7496,0.36566241089292806
7497,0.363160181014754
7498,0.34829675332293997
7499,0.3686762161274961
7500,0.3430697166534604
7501,0.34969235069372084
7502,0.33694349621450836
7503,0.300703270329004
7504,0.30604267882775593
7505,0.43519794792245037
7506,0.3350201857915538
7507,0.3346124373292998
7508,0.3321345300040752
7509,0.29712823722696635
7510,0.32404663074284024
7511,0.37206088743120125
7512,0.3677373442865153
7513,0.32427821710999316
7514,0.380484792484876
7515,0.426755997643701
7516,0.3020148270256602
7517,0.39405196384656316
7518,0.3636528779350052
7519,0.29541579338669877
7520,0.3345721684741285
7521,0.28450411111843055
7522,0.3950703340797319
7523,0.3579745133890291
7524,0.3259542520272509
7525,0.2977916549848376
7526,0.29553013615485124
7527,0.32218238014939793
7528,0.34496786178414585
7529,0.3586218404529591
7530,0.3337532758639048
7531,0.30456827432751554
7532,0.30091841899424
7533,0.34291706883381945
7534,0.4190328389329938
7535,0.35802298312929315
7536,0.3607852229878836
7537,0.3439588261593407
7538,0.3864392549937361
7539,0.3792913923903898
7540,0.3372039762582806
7541,0.3942226338394006
7542,0.32934840114635877
7543,0.3736721152567677
7544,0.3585723261063203
7545,0.31459517753055
7546,0.374907901484288
7547,0.2984042667999245
7548,0.400204448961782
7549,0.34838092732124126
7550,0.39608246138291436
7551,0.3288912525409424
7552,0.38336148945958826
7553,0.37478115169813986
7554,0.37421989453932625
7555,0.3190857968833698
7556,0.3768700956926807
7557,0.35454607610879263
7558,0.3640597419908871
7559,0.3892254681086227
7560,0.33548497052631854
7561,0.3443127305524323
7562,0.35116905188321734
7563,0.36233020502089586
7564,0.31696761692873165
7565,0.32818000410479753
7566,0.32178631844396666
7567,0.36304945672525246
7568,0.39858239921405003
7569,0.3367242050363921
7570,0.37740638236853474
7571,0.43495974035489926
7572,0.3437127820933332
7573,0.3062606618102768
7574,0.4054854770090994
7575,0.31350406731158476
7576,0.37559451904905927
7577,0.3267374115141992
7578,0.38688783123318515
7579,0.4197424544012369
7580,0.30100652699865993
7581,0.2968786844399731
7582,0.4405038542852826
7583,0.363291021896631
7584,0.36685085396464157
7585,0.39907842159414386
7586,0.41769563436423063
7587,0.37988844455708426
7588,0.4161882956034808
7589,0.3340519892273446
7590,0.3771700675619778
7591,0.2860402260445074
7592,0.25835552410167395
7593,0.31843737478797607
7594,0.31785059390342507
7595,0.3278094043765156
7596,0.3134503820082868
7597,0.40128819768836843
7598,0.3903424121751744
7599,0.3515872103985309
7600,0.32551490948032713
7601,0.3980298639990796
7602,0.365230166425194
7603,0.36495326451781285
7604,0.32231027643527144
7605,0.4162648692185642
7606,0.39617356008049853
7607,0.3554560806686071
7608,0.31932844648900627
7609,0.36012099317860047
7610,0.3618128257318718
7611,0.3891562735655216
7612,0.4451475712791648
7613,0.3342215181727486
7614,0.3430157208069189
7615,0.32982994083838246
7616,0.3820959196070266
7617,0.3665288076321467
7618,0.3284492344203329
7619,0.3452361087516045
7620,0.3233246162265839
7621,0.31806909573097686
7622,0.3150123317089033
7623,0.3081928205308522
7624,0.3272580446160691
7625,0.28585559456549614
7626,0.32354993057969583
7627,0.30397324704756024
7628,0.38854182022010697
7629,0.3902453244562949
7630,0.37430908969019905
7631,0.29379928074060135
7632,0.4006916262424829
7633,0.26677846322022836
7634,0.41762602447970254
7635,0.3707360931807444
7636,0.4050427406726227
7637,0.3924793738323711
7638,0.33953027722872875
7639,0.3841351791936827
7640,0.3984626131558029
7641,0.2556901914615173
7642,0.35526429129490733
7643,0.36483274470663263
7644,0.3590766826627405
7645,0.4268504714202557
7646,0.31220000761088373
7647,0.30526486735138025
7648,0.36588880371659505
7649,0.34429259698165504
7650,0.37147092156608874
7651,0.32044014230641826
7652,0.34614339466707644
7653,0.36271523668191374
7654,0.363100833725273
7655,0.3334261517683612
7656,0.3694047754655041
7657,0.3686579513155337
7658,0.32729756861105797
7659,0.3663781038374956
7660,0.3554710800402625
7661,0.40412793608838404
7662,0.3417211086220133
7663,0.3843267072143477
7664,0.37654294238384
7665,0.35168183855407964
7666,0.40092294696620945
7667,0.337444686686843
7668,0.3830157276432078
7669,0.332078326459019
7670,0.2692001319171493
7671,0.2974545433050144
7672,0.3150596849758407
7673,0.38195592450853777
7674,0.35037021445385674
7675,0.33907344068890044
7676,0.3756634348512513
7677,0.3309882448036676
7678,0.29955653836572305
7679,0.34320708280163004
7680,0.33545784698244496
7681,0.2959575981492488
7682,0.3405156935680087
7683,0.3154503463033427
7684,0.3411071979929803
7685,0.40432753820422374
7686,0.3837483755309665
7687,0.35571824590048573
7688,0.3143767654688703
7689,0.3159328853427472
7690,0.3809623469525296
7691,0.309943154705314
7692,0.36347337701923
7693,0.364602708494977
7694,0.35603417708516005
7695,0.3257616877781606
7696,0.3161117230213568
7697,0.27899419503385436
7698,0.3670202447709401
7699,0.295203732967686
7700,0.364252152886575
7701,0.32290241025781974
7702,0.37038078771787797
7703,0.3856292191619133
7704,0.37679714140035925
7705,0.31649972501097023
7706,0.3722016141885014
7707,0.3782404485295934
7708,0.3793463732291147
7709,0.34900607415075013
7710,0.32446118552015424
7711,0.3612813868159561
7712,0.36227001029526207
7713,0.3384407182563449
7714,0.3569073721102387
7715,0.35006163308230054
7716,0.3646369196673094
7717,0.39961443789659024
7718,0.33340962121913886
7719,0.3223423783168613
7720,0.3105867299749243
7721,0.30003774708846276
7722,0.2676787276796122
7723,0.40768778657692284
7724,0.304709950113462
7725,0.35172078005615726
7726,0.3611243245261786
7727,0.34022105901109034
7728,0.31278453105795645
7729,0.4020482112108521
7730,0.3288596264701136
7731,0.35973857951155086
7732,0.4105952024933006
7733,0.3399128288551294
7734,0.3347660869062876
7735,0.379646451888044
7736,0.3643570275847168
7737,0.36070244079373026
7738,0.32770955835002624
7739,0.3076452249415449
7740,0.335389735381038
7741,0.34770009184181294
7742,0.3981192055215601
7743,0.3567490967989406
7744,0.3566940257441509
7745,0.3713491493625165
7746,0.3989954634941273
7747,0.30410295126853804
7748,0.34131245978474123
7749,0.37001883068865604
7750,0.41054757234694783
7751,0.34496152950140857
7752,0.32366724319753803
7753,0.3372648581484903
7754,0.3590363948972257
7755,0.39399174332141484
7756,0.30235275833012576
7757,0.36146629976188116
7758,0.3225829636787809
7759,0.3551915185537249
7760,0.36816642495832586
7761,0.3905524779511955
7762,0.37728353486158905
7763,0.3793803604321777
7764,0.3547766565379864
7765,0.29764200994151935
7766,0.33728751857627515
7767,0.34358652850170124
7768,0.3290114028471134
7769,0.2963419648046659
7770,0.40863827153060184
7771,0.350286181954381
7772,0.36360521934329304
7773,0.35678188004707234
7774,0.3553002348898966
7775,0.37098732732067896
7776,0.3370741693799264
7777,0.3342235230533839
7778,0.37499394126879215
7779,0.4138365264509578
7780,0.34481675265857703
7781,0.3209807231359756
7782,0.3291977333918501
7783,0.30065730023485226
7784,0.39888352836019125
7785,0.4003199925898504
7786,0.3190412961291771
7787,0.41177719770448595
7788,0.29256961946871174
7789,0.3528351567934589
7790,0.2750812929262074
7791,0.34017222382545276
7792,0.3194217400227384
7793,0.33940632011855465
7794,0.30421092310674425
7795,0.39197980005132527
7796,0.3483390250731313
7797,0.3206022839093592
7798,0.36647966399019394
7799,0.36063813584946125
7800,0.3559012902561327
7801,0.3811207221030677
7802,0.3306253456888304
7803,0.34773953867457674
7804,0.3780598560198536
7805,0.37291587434009044
7806,0.3419491823048606
7807,0.3722582025831196
7808,0.31964654894552513
7809,0.3705986257857008
7810,0.33708962324572056
7811,0.3407470394301968
7812,0.3533051876114457
7813,0.39685738846387686
7814,0.322327873423637
7815,0.3361517773787184
7816,0.3747748930486887
7817,0.36603683364700634
7818,0.2894015047842178
7819,0.4180090104980252
7820,0.3146049364454502
7821,0.4087480996820583
7822,0.30725380713758366
7823,0.33714137163629765
7824,0.39557277017350856
7825,0.3603836878116753
7826,0.29171673510776497
7827,0.3153230595040486
7828,0.354308188794342
7829,0.3668748097994641
7830,0.3640136228049413
7831,0.31681510083888753
7832,0.2854237893682199
7833,0.3595512444184421
7834,0.36485012089988755
7835,0.26590376231621615
7836,0.3713650580141077
7837,0.41298665361205567
7838,0.34761772139189295
7839,0.37174519021630203
7840,0.32820257515492157
7841,0.3070304777305055
7842,0.3642324473525713
7843,0.4021905868652551
7844,0.3385263071896114
7845,0.42606126253939447
7846,0.3478448265046272
7847,0.3796653465320574
7848,0.37425936314059616
7849,0.3642880173460967
7850,0.3253322300319934
7851,0.4363318239963738
7852,0.3267449905126578
7853,0.40993293317609636
7854,0.4021515384645249
7855,0.34056133142390177
7856,0.30490003449147274
7857,0.42072446023825183
7858,0.38069721197575923
7859,0.3319880932120487
7860,0.2904461204584923
7861,0.3549244119099142
7862,0.4013124823228784
7863,0.26175705843326913
7864,0.36586950340243973
7865,0.3009908159286887
7866,0.30652857021788105
7867,0.32332634353977907
7868,0.3638230154590847
7869,0.3784137278720978
7870,0.4372396614343863
7871,0.32037602391566455
7872,0.3650709545568489
7873,0.35014853904346044
7874,0.36736682082989436
7875,0.31402940567015447
7876,0.39205591700043296
7877,0.4359614063107773
7878,0.379556891797618
7879,0.3109307007416344
7880,0.3500117091903814
7881,0.3500498161836125
7882,0.3170107628954546
7883,0.3208742350519094
7884,0.34160925098573003
7885,0.3655931825011285
7886,0.3625999567034448
7887,0.3679578149863101
7888,0.30326494564064665
7889,0.3595064702577857
7890,0.3444719977255186
7891,0.3548737778397215
7892,0.36837897283526333
7893,0.3913460273278484
7894,0.3311457548868626
7895,0.2972656976387684
7896,0.41623547673510997
7897,0.35771426583539423
7898,0.352391422177206
7899,0.3511442293357514
7900,0.3009476547814689
7901,0.3666971903207301
7902,0.32198418093448566
7903,0.34080478727916574
7904,0.37281270953001133
7905,0.31578101541115355
7906,0.34794539761645815
7907,0.29915583736004736
7908,0.3150613209010502
7909,0.3740858586905955
7910,0.33245202369218463
7911,0.3119637705760554
7912,0.3631172191456833
7913,0.37680588604298393
7914,0.29321980496036915
7915,0.32304427669937663
7916,0.3505068022913802
7917,0.337287525378672
7918,0.3057919105920446
7919,0.3713102722065136
7920,0.3612334483422126
7921,0.4004381442070848
7922,0.3274208628057673
7923,0.30662704798427276
7924,0.3255269051882328
7925,0.41234359806242793
7926,0.3768760237190514
7927,0.3303749007885841
7928,0.30295007297042
7929,0.33137691474636455
7930,0.33944253664697
7931,0.3938795637265322
7932,0.403745651825723
7933,0.33428484064079056
7934,0.3854980539785422
7935,0.31456858300642665
7936,0.4532294176926275
7937,0.3552949093795168
7938,0.36728184608432546
7939,0.3766599732201854
7940,0.3572938431272439
7941,0.38713665601147085
7942,0.3295849043023127
7943,0.35404120371990233
7944,0.33967255223335346
7945,0.2939555816954833
7946,0.3562842204847758
7947,0.39697345730438904
7948,0.3412095945804374
7949,0.3438791561213965
7950,0.3248137916974114
7951,0.3684343735190483
7952,0.37391172576241294
7953,0.3172349019303633
7954,0.44136722688047936
7955,0.3431871649809919
7956,0.3482579020876746
7957,0.39985643581435193
7958,0.3244129011798087
7959,0.3857838107316569
7960,0.3789013195194362
7961,0.3950460096496142
7962,0.33926525960293485
7963,0.35226804680069135
7964,0.32321531942295323
7965,0.3636815086453278
7966,0.3349556711804289
7967,0.4218899841202908
7968,0.27937463750521285
7969,0.31308748328882263
7970,0.2956455328890226
7971,0.4436160780206193
7972,0.32376624362915196
7973,0.3805776401996286
7974,0.345494071319453
7975,0.3037675158968369
7976,0.337182115901109
7977,0.40413776624434217
7978,0.39245259813571653
7979,0.36233874373203667
7980,0.3361025541852496
7981,0.4500063574017017
7982,0.4541322681499791
7983,0.3154413479140086
7984,0.3743930426144897
7985,0.33953565317004
7986,0.3729699630144947
7987,0.3947262942624894
7988,0.3199416611471637
7989,0.32414696852362956
7990,0.3583950453925233
7991,0.35547380099714054
7992,0.37475971205604663
7993,0.3406375874591663
7994,0.36574550666033234
7995,0.315052315384885
7996,0.3365943139991874
7997,0.2995510917701627
7998,0.3762469798754773
7999,0.37090074441338183
8000,0.4189772632991109
8001,0.3446989119470647
8002,0.34543778139876347
8003,0.4049699002556708
8004,0.42487435191051626
8005,0.3634384600794678
8006,0.2756687702930867
8007,0.3957581791160627
8008,0.4172523392934533
8009,0.3594451790354527
8010,0.4025426284325757
8011,0.4000149501502759
8012,0.3508327251815455
8013,0.32949023529013344
8014,0.3790719732496366
8015,0.3118261090366068
8016,0.3430340871173274
8017,0.29508096058334443
8018,0.4057922530428022
8019,0.3672694783981889
8020,0.3563053532502929
8021,0.27171079491574046
8022,0.3728173234222889
8023,0.36212524876069807
8024,0.27181747078838825
8025,0.3392414171276341
8026,0.36269767593900637
8027,0.3289759998468691
8028,0.2677241639615562
8029,0.33532077530674265
8030,0.3167559295011326
8031,0.27990904937751093
8032,0.29669932910004526
8033,0.321488088801698
8034,0.3577194687671259
8035,0.3455773404731084
8036,0.28702245483574673
8037,0.28440165143157525
8038,0.31307349494757997
8039,0.42731510020816055
8040,0.3997237249103911
8041,0.40900561579967887
8042,0.3440938100589639
8043,0.33520956494151966
8044,0.4454262197009573
8045,0.3260390869202814
8046,0.33095103863043285
8047,0.4166295911580673
8048,0.3147398968891033
8049,0.3618423719662487
8050,0.31801308643205717
8051,0.3100701283227614
8052,0.4000239671958754
8053,0.38257290581922465
8054,0.27424643036520013
8055,0.31801979737065
8056,0.35679498650542074
8057,0.3513681316236861
8058,0.3149922994934746
8059,0.38118660348414757
8060,0.34789317255792707
8061,0.2962634685666812
8062,0.32783152508248037
8063,0.3764627992825762
8064,0.3844713862392446
8065,0.4118895873359465
8066,0.34973176210642043
8067,0.2838013970020854
8068,0.3842324789140834
8069,0.3231428172248254
8070,0.34975899148000567
8071,0.38120661313412185
8072,0.35608322703844797
8073,0.33509283237041965
8074,0.30674131302953356
8075,0.31111658618422444
8076,0.4122318279559196
8077,0.3645810544025676
8078,0.3979419300320761
8079,0.354588094959853
8080,0.39370374636662486
8081,0.3689158867639044
8082,0.4101641885617635
8083,0.31207592541273943
8084,0.41369358030841274
8085,0.3480617883847268
8086,0.3417027357984681
8087,0.3762923713934643
8088,0.3910935129734727
8089,0.3635508735715107
8090,0.3198665390392601
8091,0.40059303270652524
8092,0.3748452178712145
8093,0.38089178404266244
8094,0.3529153155130116
8095,0.3436875593774156
8096,0.3485590581762601
8097,0.4091078667817487
8098,0.32843341184113184
8099,0.36025481342788623
8100,0.30746415794575377
8101,0.35153400993953365
8102,0.3988805165507725
8103,0.4655655343643139
8104,0.3550457646202805
8105,0.3262337506318005
8106,0.33321798168886474
8107,0.3066458441086506
8108,0.3660453733307927
8109,0.3845645459295213
8110,0.4205302939035471
8111,0.35653296617512
8112,0.32661864866191204
8113,0.3540244011204017
8114,0.3521702128096291
8115,0.3594466545174275
8116,0.46145188499582135
8117,0.31169900480831236
8118,0.3109672332277995
8119,0.3637043755871634
8120,0.3637952075732831
8121,0.3409699975968854
8122,0.3848573275395122
8123,0.3822324791170395
8124,0.34482825384969296
8125,0.37208173220628815
8126,0.3202529565117138
8127,0.3837741822100229
8128,0.3681144317482459
8129,0.33664425122103836
8130,0.4045825267068861
8131,0.3331659936339513
8132,0.37506811941397844
8133,0.4541200601652666
8134,0.3302375317893347
8135,0.37727724160105724
8136,0.3105133905048518
8137,0.3421969984077653
8138,0.37337383228497023
8139,0.32488112479498543
8140,0.3159671318351176
8141,0.3485145453298797
8142,0.32002553985411675
8143,0.32188151872375803
8144,0.3857085592459004
8145,0.2947177579432223
8146,0.41869126821245795
8147,0.3202733576048802
8148,0.3173689816759264
8149,0.34684416851200073
8150,0.3869243061201493
8151,0.3624093349644282
8152,0.3066566727051776
8153,0.30994831058769634
8154,0.4192240220212162
8155,0.3739575585606847
8156,0.43411327906217556
8157,0.36981521764356895
8158,0.32140807819027994
8159,0.3179096576557505
8160,0.35138662064639714
8161,0.32144194599681164
8162,0.3814944489574188
8163,0.32970592648034147
8164,0.37224682400525166
8165,0.35533230770124824
8166,0.2892521269631385
8167,0.35012336357166784
8168,0.30531299779297205
8169,0.3470486443888703
8170,0.39606965264903193
8171,0.3976343577302206
8172,0.37569848401247397
8173,0.3842352793094861
8174,0.27717246430467757
8175,0.3449494713535737
8176,0.3080092194884392
8177,0.33948077010017164
8178,0.3060945987683872
8179,0.33530193379659057
8180,0.306512082647167
8181,0.355753175551337
8182,0.37477203666453773
8183,0.3408006755205504
8184,0.33813871829145725
8185,0.4168967901351919
8186,0.37732898410019633
8187,0.36329787750482545
8188,0.42128416909953614
8189,0.3247807500945825
8190,0.2934454507407427
8191,0.36843185950941804
8192,0.3100887677840145
8193,0.3561359578422967
8194,0.4051481247973312
8195,0.3695133075721415
8196,0.32421549186385334
8197,0.30417879557646765
8198,0.4200892111854908
8199,0.33451046188433375
8200,0.39665148541352435
8201,0.3869746428058991
8202,0.3090330213644008
8203,0.38408625000808705
8204,0.4681237861682548
8205,0.36650491738909796
8206,0.3963823871750183
8207,0.3359890492859994
8208,0.34850222218651083
8209,0.2882531696511257
8210,0.35376343219151485
8211,0.3048893364441949
8212,0.365986553402867
8213,0.3490731636881277
8214,0.34535063297680235
8215,0.295207437246678
8216,0.29574141185532543
8217,0.32428847147514617
8218,0.3565252936788941
8219,0.40887626028217694
8220,0.2986464007377658
8221,0.3352297414468697
8222,0.3099321481355011
8223,0.3154173397478002
8224,0.3061470333452925
8225,0.38461580143707286
8226,0.3798064427054184
8227,0.3278718145331707
8228,0.2846812563880441
8229,0.3015203601350138
8230,0.4228499374605761
8231,0.3380624830539962
8232,0.351050657092141
8233,0.33256857874532475
8234,0.3026540417149701
8235,0.37469962359093323
8236,0.3855531942714001
8237,0.3223180163055299
8238,0.3280947908781049
8239,0.3670277505232411
8240,0.29834743704186684
8241,0.3202184477785113
8242,0.3939129359424416
8243,0.39037794310201335
8244,0.3637303956764204
8245,0.38041265811638736
8246,0.362439145010061
8247,0.37744654591861604
8248,0.3263485559109802
8249,0.3004424986427843
8250,0.3133109414374604
8251,0.3510011270905844
8252,0.3285955528482414
8253,0.2981214590114223
8254,0.30207035099745116
8255,0.3746263991188661
8256,0.3689622982434475
8257,0.38918832983430685
8258,0.3415918276738332
8259,0.3563125777173495
8260,0.32471055429686757
8261,0.38546675991623847
8262,0.36088918532196335
8263,0.37781592701923916
8264,0.34488984731623207
8265,0.33062187841550594
8266,0.3291889978065039
8267,0.42044344030607617
8268,0.3732215314628671
8269,0.3014267594239026
8270,0.37311661634448523
8271,0.37624173707534636
8272,0.28790467763360894
8273,0.32886581578001595
8274,0.29097869333126614
8275,0.3881710147625115
8276,0.4025013739911629
8277,0.3544972654765992
8278,0.3760167905840155
8279,0.37865214250876633
8280,0.2855875198606497
8281,0.3570093401360719
8282,0.399828651089448
8283,0.40644001849206557
8284,0.3586558331184615
8285,0.33145112191770876
8286,0.35610985532503925
8287,0.3496628882748407
8288,0.3485319422785107
8289,0.3598668459743637
8290,0.3592025592615684
8291,0.363702432183564
8292,0.3505374764672706
8293,0.3860984488261625
8294,0.32171460628238524
8295,0.3463568249487672
8296,0.3676252479632227
8297,0.31289148897617114
8298,0.3959427118114549
8299,0.3498755542757488
8300,0.4110109296275253
8301,0.36969434630337483
8302,0.28957000843112146
8303,0.3676846256951056
8304,0.3337111216789199
8305,0.35740026609189135
8306,0.34372256209616703
8307,0.3777756342908347
8308,0.4050841030750929
8309,0.35756829245058386
8310,0.343025248018348
8311,0.3133916633548557
8312,0.3618089275870511
8313,0.33139950413795294
8314,0.3399363217795188
8315,0.3488837602757138
8316,0.3901560796057928
8317,0.37438829532135154
8318,0.2897784930425211
8319,0.3678244929003873
8320,0.38671922457748087
8321,0.3866710605848911
8322,0.3895387239103285
8323,0.3576287804680769
8324,0.4094672772761143
8325,0.43808762294682646
8326,0.35638781879305226
8327,0.34621900847937015
8328,0.4014926325892869
8329,0.36490246169837315
8330,0.31350813627650087
8331,0.3679418754025008
8332,0.4164653035194652
8333,0.35010877248253447
8334,0.35999173752417457
8335,0.35269526126262063
8336,0.33450359837547783
8337,0.28870972365658076
8338,0.381400915462768
8339,0.36831369986981244
8340,0.31358720959773523
8341,0.3517966271664159
8342,0.35890209409392426
8343,0.3475471473513707
8344,0.38170796273024044
8345,0.41102523873273844
8346,0.3517797939811782
8347,0.40661597771006397
8348,0.3420176387293754
8349,0.3403596188377862
8350,0.3567720583803169
8351,0.28763491074109115
8352,0.361848709005391
8353,0.38188979107220433
8354,0.3243353953824686
8355,0.3489958999933993
8356,0.3367883938114131
8357,0.40363345402098183
8358,0.31701196006792065
8359,0.36221335756150586
8360,0.3648899282367095
8361,0.34303132662192803
8362,0.33179364808059786
8363,0.4081160680537135
8364,0.3691883263694047
8365,0.3362000095753319
8366,0.3017958255241422
8367,0.3891299555356551
8368,0.38813937534510456
8369,0.3709870032758724
8370,0.42103317403302665
8371,0.3191703644115744
8372,0.4117910927514008
8373,0.4041833093862883
8374,0.36731148968473093
8375,0.37919732641115633
8376,0.41602485878933004
8377,0.33620955851734413
8378,0.3549497658988958
8379,0.320363437012821
8380,0.3087290514395167
8381,0.37107261827111504
8382,0.3222079251791117
8383,0.3857301241799531
8384,0.38817028958437927
8385,0.28756817472421625
8386,0.3261167598743637
8387,0.3278143827080253
8388,0.3652340802162546
8389,0.3630146023020919
8390,0.3264305892401733
8391,0.3452300183326882
8392,0.35203406006963966
8393,0.28096210352382966
8394,0.3156985883993775
8395,0.36898104411789046
8396,0.31228351354569517
8397,0.32368898382646316
8398,0.31062408532274954
8399,0.3847396560340193
8400,0.2765751947648458
8401,0.32157801309128375
8402,0.33289899131007594
8403,0.36835125628653786
8404,0.3189553921142423
8405,0.37409580087694794
8406,0.48604573839459686
8407,0.3518213545177469
8408,0.34395605287681263
8409,0.37678323564715166
8410,0.25946549412583764
8411,0.3723582981829945
8412,0.3873327758007896
8413,0.3693324459680394
8414,0.32755303554092086
8415,0.36940588670205887
8416,0.353028455783003
8417,0.31842476892243177
8418,0.3529922008670785
8419,0.48125786824207184
8420,0.37762116854502725
8421,0.3260552451107266
8422,0.30959907228769623
8423,0.35514352254136705
8424,0.38932499572154944
8425,0.3426836422718713
8426,0.26437357117208915
8427,0.38706855549538144
8428,0.3528995810187179
8429,0.37416390043432646
8430,0.4058812937133469
8431,0.2722082981551579
8432,0.36268763548929206
8433,0.3473346160079567
8434,0.3813178368749952
8435,0.34701688720466484
8436,0.30446041337331664
8437,0.3655681860589026
8438,0.321454346786763
8439,0.3124988867030174
8440,0.3098338287347615
8441,0.3270855170764295
8442,0.31063050769659695
8443,0.28840412171828866
8444,0.36857649576397256
8445,0.3742866801232392
8446,0.3681579275894413
8447,0.3385386449973318
8448,0.3941881224683841
8449,0.3468027253170969
8450,0.32744808366052336
8451,0.3904311978668833
8452,0.34527716165812583
8453,0.33437959981109033
8454,0.33740302293165847
8455,0.3605332067440279
8456,0.32075321225690034
8457,0.3167778064682749
8458,0.4001250089298791
8459,0.31455828434400024
8460,0.33961193250906874
8461,0.39567197544803623
8462,0.32210062163323094
8463,0.3993920778798663
8464,0.39298373723802094
8465,0.42972828429515575
8466,0.3728546769192076
8467,0.3346670194542378
8468,0.3471930242279533
8469,0.4013780905142075
8470,0.37448429650916326
8471,0.38080861130320987
8472,0.353783795487423
8473,0.32532466741035826
8474,0.3467057904272606
8475,0.3355194341639631
8476,0.340125302158627
8477,0.4320695776037051
8478,0.3331355186314897
8479,0.34361065879176644
8480,0.41802082021092657
8481,0.3031122687819483
8482,0.34229664063242193
8483,0.339134357809721
8484,0.34128785327012556
8485,0.34062479617587016
8486,0.3585110866146941
8487,0.3153221766478178
8488,0.40331316001280637
8489,0.3315050520955021
8490,0.34721674052893103
8491,0.3217675134211939
8492,0.3295324184681907
8493,0.4450334487134944
8494,0.36877408050952276
8495,0.35724461818015385
8496,0.3418337237550917
8497,0.399222423710051
8498,0.37116285835205076
8499,0.34417590825205213
8500,0.34265315797068086
8501,0.38441155089442924
8502,0.335776922477502
8503,0.3243302465579987
8504,0.33659040740604906
8505,0.3340256752700914
8506,0.32480432460505826
8507,0.34438369265828994
8508,0.31460821351958046
8509,0.36259521299420916
8510,0.3150768968184767
8511,0.4134495450982074
8512,0.3362405494368552
8513,0.3752947583224331
8514,0.3538534159094264
8515,0.3932989297345335
8516,0.3292701133161433
8517,0.36824814983659415
8518,0.36865721139762275
8519,0.3530830090365136
8520,0.3247492830688512
8521,0.4087034668120606
8522,0.41772162980045824
8523,0.33327665268100937
8524,0.34352022359454537
8525,0.313011415421502
8526,0.35589001365458106
8527,0.40327088424238955
8528,0.39388890555124867
8529,0.3031057582736967
8530,0.3476338734555071
8531,0.412651422774271
8532,0.3767148558770126
8533,0.4370752628452106
8534,0.39758570174010543
8535,0.34311211769115557
8536,0.32065190072079197
8537,0.3095657362651183
8538,0.3369417316412373
8539,0.3962830477396282
8540,0.34391885585068716
8541,0.27510427495654843
8542,0.2872442676467779
8543,0.4642210063392982
8544,0.3808324117361157
8545,0.348706261234629
8546,0.4546784745680186
8547,0.3826773277634752
8548,0.4323470079636582
8549,0.304326157728696
8550,0.36335400379945026
8551,0.3268339545466432
8552,0.3520294484228357
8553,0.28452509439929585
8554,0.36145852275848656
8555,0.326330523779498
8556,0.3235761278389644
8557,0.3027781491667567
8558,0.42509052050477036
8559,0.35470260540109333
8560,0.3640568426000699
8561,0.3738830567392011
8562,0.3826386557618493
8563,0.32282454290471163
8564,0.39596144668252276
8565,0.4053944745916813
8566,0.32420940188129066
8567,0.3917535885929788
8568,0.31857596114136744
8569,0.3905536101046052
8570,0.3174243546756399
8571,0.325280206252188
8572,0.31450543018573995
8573,0.36608732978321257
8574,0.38788430585360123
8575,0.3246447245010011
8576,0.35374282937791257
8577,0.37761588309397354
8578,0.3787921555520266
8579,0.31068860980175383
8580,0.31251152677157235
8581,0.29047632319079986
8582,0.3395177936191449
8583,0.323488452304443
8584,0.38954947687556984
8585,0.31673278416890316
8586,0.3585925319295593
8587,0.3002910846751732
8588,0.4155691684645908
8589,0.370906351453391
8590,0.4034013537262129
8591,0.3277968517861849
8592,0.4210451219170741
8593,0.2870056633817941
8594,0.34000437146324103
8595,0.28547526183203686
8596,0.30695932597108166
8597,0.406314396705314
8598,0.3479626865168832
8599,0.29674215662037984
8600,0.3094892643933971
8601,0.3668196620376465
8602,0.3723602279113045
8603,0.345920580159949
8604,0.3682744794410655
8605,0.3483022981369408
8606,0.3139305737010343
8607,0.3467395259773802
8608,0.31626312684002356
8609,0.3465541604973468
8610,0.3319680778116001
8611,0.37964888917791484
8612,0.3645177597728817
8613,0.35263060474916097
8614,0.3498711272454278
8615,0.3302718546657619
8616,0.32897365364110653
8617,0.37517456748945044
8618,0.3001187060597328
8619,0.36578037465803925
8620,0.37844918956326934
8621,0.3088211309306228
8622,0.2802932807522862
8623,0.31221391718562685
8624,0.3414545522358816
8625,0.3917047769568738
8626,0.40074853224647056
8627,0.3194612083025703
8628,0.3434070835283607
8629,0.4183337754648613
8630,0.3477376895718933
8631,0.35186118602001404
8632,0.4070674894381834
8633,0.4061120693577909
8634,0.3412980415810636
8635,0.39347648502800414
8636,0.3385516856159603
8637,0.2890544059416462
8638,0.3244565153774004
8639,0.3734179616051576
8640,0.38460954355143917
8641,0.3325699547998604
8642,0.4282012690781052
8643,0.3508210765257611
8644,0.2763120725283983
8645,0.3775410227766569
8646,0.32042275180017743
8647,0.3761957023353508
8648,0.29853557368366923
8649,0.415061848567861
8650,0.36542770669389224
8651,0.34424429181512695
8652,0.28639789638070834
8653,0.39969197388942446
8654,0.3413355521312291
8655,0.3497515107598841
8656,0.34744893122311815
8657,0.38172905375395194
8658,0.33515004680652893
8659,0.3026775991319903
8660,0.3942881250549579
8661,0.3682255927302194
8662,0.35298559495235793
8663,0.32469706302587253
8664,0.3431279365757791
8665,0.35114898861049415
8666,0.36073264436943964
8667,0.2870314625715391
8668,0.29943282359179957
8669,0.3992267847490014
8670,0.40449473634781974
8671,0.3315742488584039
8672,0.32273585914502734
8673,0.37818560876375207
8674,0.2970254207415244
8675,0.33405010557112425
8676,0.30788137704925767
8677,0.31883300447165475
8678,0.33490185330925204
8679,0.35851616471571823
8680,0.37081090529038274
8681,0.2768611917329258
8682,0.3449342558021722
8683,0.32387931089012545
8684,0.3573511850681994
8685,0.3657879461823743
8686,0.30678698474654276
8687,0.3632048423465597
8688,0.37386232998498814
8689,0.3115100926721057
8690,0.3788343164265222
8691,0.3360448090724528
8692,0.39085597277236284
8693,0.3522273173879147
8694,0.36836862843878926
8695,0.3109434859179272
8696,0.3897169157560665
8697,0.3653302061615187
8698,0.3328614303711426
8699,0.3016300713217408
8700,0.3047062655751924
8701,0.4746107357036373
8702,0.31302819826518435
8703,0.37181144192702265
8704,0.3750346608152819
8705,0.43237538002663856
8706,0.35324316126702504
8707,0.3795250880482697
8708,0.3152364611226677
8709,0.40390750813358256
8710,0.3214038996644559
8711,0.3636887988545201
8712,0.3916329328481507
8713,0.3858005269971274
8714,0.3220422429938563
8715,0.44757558551209753
8716,0.4055848972664462
8717,0.3580532212880385
8718,0.31598322669448287
8719,0.31006879144219646
8720,0.2868092477133741
8721,0.358303938554831
8722,0.41120699237873604
8723,0.31107711551776607
8724,0.3163443438883462
8725,0.2988333167009283
8726,0.37848660820724556
8727,0.36619488885139573
8728,0.36955537510669334
8729,0.4193093773844021
8730,0.3067644202047948
8731,0.424203091506798
8732,0.34853675900435466
8733,0.4199269143744164
8734,0.2959188044863321
8735,0.3258637602616652
8736,0.3959101416196553
8737,0.380880694705211
8738,0.4023905600871851
8739,0.36483869905832034
8740,0.4224145001823314
8741,0.3130490637761505
8742,0.3195245091366381
8743,0.3381780490872175
8744,0.3268353338117498
8745,0.3566989992954319
8746,0.3934586353285736
8747,0.3229941796543976
8748,0.46601589981654135
8749,0.37438546780077075
8750,0.3316807755333131
8751,0.28037751987385207
8752,0.38694865809881884
8753,0.36798150714170363
8754,0.3624874946699581
8755,0.37843834571271273
8756,0.32877118240400716
8757,0.3274781906001891
8758,0.36802763985163756
8759,0.3735855884872472
8760,0.42446051667980544
8761,0.3658268882284541
8762,0.41390263191509424
8763,0.34234559928157227
8764,0.28371143872325977
8765,0.3894314126252705
8766,0.417769570187259
8767,0.3577207831838911
8768,0.32345022574997273
8769,0.36549533174573057
8770,0.34170034248693426
8771,0.33190991688101423
8772,0.3453363304333976
8773,0.33202384479468705
8774,0.3677600425842025
8775,0.38874648204664686
8776,0.39018803555533177
8777,0.34108735838395265
8778,0.3326082779612549
8779,0.339075811956437
8780,0.3603534408141722
8781,0.3283757311319415
8782,0.28829453517575443
8783,0.3503104764703604
8784,0.38780668424666853
8785,0.2647038751568034
8786,0.3634219232923823
8787,0.3945974670977508
8788,0.3541032866241314
8789,0.32066224547320044
8790,0.3166632809771368
8791,0.366441942647294
8792,0.3584018907381674
8793,0.35824225200412707
8794,0.2915846041725283
8795,0.3435186859234727
8796,0.34512441970642893
8797,0.37053019476202564
8798,0.3356857523076031
8799,0.37875470586650595
8800,0.3169664780363153
8801,0.31235629328617964
8802,0.4066771667499949
8803,0.3889234403161872
8804,0.3036540503085261
8805,0.41878610277205786
8806,0.341883411648392
8807,0.30363647909473945
8808,0.4164258424577425
8809,0.36974068680182537
8810,0.40443429187015756
8811,0.399036232265924
8812,0.2600642599862537
8813,0.360696785897233
8814,0.36386208807682596
8815,0.24618184435336987
8816,0.3548861495752198
8817,0.3703304827521823
8818,0.34787464193849793
8819,0.39628262731588304
8820,0.3794403285012198
8821,0.4372012392485698
8822,0.32986158550712297
8823,0.3290167901225245
8824,0.30395857348317934
8825,0.33595712203734074
8826,0.3142214488681363
8827,0.32882993002028016
8828,0.340235381008263
8829,0.37774811161186683
8830,0.30867426095020845
8831,0.37839209598831447
8832,0.35018424686295946
8833,0.39956600967241096
8834,0.37964743273726587
8835,0.3984334395933762
8836,0.3374588478346654
8837,0.3259304496931339
8838,0.3480775956867044
8839,0.38642334650139665
8840,0.3554720326759262
8841,0.37203432756571164
8842,0.3408719387659582
8843,0.3485525648343688
8844,0.36516354300140685
8845,0.36091060956158394
8846,0.3172883161143667
8847,0.31994354649014944
8848,0.3217961793138495
8849,0.3863628745252541
8850,0.3012792536629738
8851,0.3175201692083345
8852,0.3199570000999059
8853,0.30234855310165765
8854,0.382100460059847
8855,0.39926030626899145
8856,0.34609082649666334
8857,0.2959832405499174
8858,0.366568516097284
8859,0.2866673180075354
8860,0.3319865406857785
8861,0.32007395030114205
8862,0.37124087969930386
8863,0.3881085018958954
8864,0.3622387937510081
8865,0.2948162427413803
8866,0.3975517286053356
8867,0.3314921872991796
8868,0.3488744047703012
8869,0.3136094276500918
8870,0.36553511968793906
8871,0.3084640652954027
8872,0.36286540370517395
8873,0.344383964337303
8874,0.38385494096966033
8875,0.3982462697430984
8876,0.3196371141531995
8877,0.38610646301767426
8878,0.3352885640582799
8879,0.3875850167981403
8880,0.31222196433502303
8881,0.3584589316295297
8882,0.3027811450393707
8883,0.35648678791981503
8884,0.3285339124326665
8885,0.320674929165067
8886,0.40200124337268317
8887,0.33750727065278374
8888,0.3946202348829404
8889,0.36758334194649045
8890,0.27256476902444904
8891,0.31597588977929414
8892,0.39860341369749586
8893,0.3654886307761962
8894,0.459140971131601
8895,0.33583207329381226
8896,0.33835298072975384
8897,0.4142297207205874
8898,0.4006508458421365
8899,0.32764275814042554
8900,0.29894649957180786
8901,0.34692701609764454
8902,0.33792856231058366
8903,0.37078875704073955
8904,0.3543067138879521
8905,0.3428481119190141
8906,0.3050183703872009
8907,0.3316449846092837
8908,0.33663502875603735
8909,0.435448698921558
8910,0.38240409486221116
8911,0.3290637132425931
8912,0.38412830127129904
8913,0.450541833036179
8914,0.3490147338760088
8915,0.30247645764896935
8916,0.3724886499795672
8917,0.3434939258022678
8918,0.3795801979021247
8919,0.4104820761973995
8920,0.3458967218395692
8921,0.34575952399965226
8922,0.3379613732022979
8923,0.3503989896228372
8924,0.38609718124145775
8925,0.41921245577489374
8926,0.31424933974699965
8927,0.3734363540612984
8928,0.4088336082221322
8929,0.3602562156385192
8930,0.24783520508841406
8931,0.2933179477196637
8932,0.3580441457704784
8933,0.35377770816404075
8934,0.3793510659708339
8935,0.4399093811800965
8936,0.3353159537342796
8937,0.2971847645879544
8938,0.40696083873056876
8939,0.3625620194890389
8940,0.3591435110421157
8941,0.3281847988025235
8942,0.36511795435460037
8943,0.30492625150462427
8944,0.2909501125716951
8945,0.4088824363524153
8946,0.31167031683288693
8947,0.30678026831202976
8948,0.3376498640274379
8949,0.39828094556258087
8950,0.3347469844742865
8951,0.3786423124539775
8952,0.33480495514144115
8953,0.3894274349429576
8954,0.2768352296482952
8955,0.3952967759797472
8956,0.3739775020591316
8957,0.4164205657251312
8958,0.43349810934148536
8959,0.358230140919773
8960,0.4051710505057131
8961,0.403310137846157
8962,0.37904079934267987
8963,0.34772798511038694
8964,0.32418368703393874
8965,0.3604855515070233
8966,0.3840594070667662
8967,0.35228797566609105
8968,0.2902138479873071
8969,0.3434876070010371
8970,0.32331849913381294
8971,0.2947503369789053
8972,0.32949312200182534
8973,0.3592477821184974
8974,0.3714750569389871
8975,0.41207321187925405
8976,0.33713682013454704
8977,0.35287871701783224
8978,0.34496289555579285
8979,0.3855788029942451
8980,0.3153024182391677
8981,0.4010880241286716
8982,0.4105263876174319
8983,0.3544002746780386
8984,0.3919295709087858
8985,0.31079778063534036
8986,0.3418644705108371
8987,0.3673442429855971
8988,0.27031095702225727
8989,0.4340951190274023
8990,0.30989256251286035
8991,0.4016252723183662
8992,0.3856788986867201
8993,0.33735632731991494
8994,0.45487617621889953
8995,0.38926297929857645
8996,0.36301613166705815
8997,0.33962041715461044
8998,0.446330220246816
8999,0.29666505203062377
9000,0.3421820757494567
9001,0.33015555277299047
9002,0.3402111196979538
9003,0.3925018542175396
9004,0.375349081033133
9005,0.3382668916647926
9006,0.34249777411561055
9007,0.2767244740552348
9008,0.3869839426114714
9009,0.34349750102186993
9010,0.35602501945316556
9011,0.3380401696908222
9012,0.293805988978213
9013,0.34967609542857847
9014,0.3320858172272878
9015,0.373522219677624
9016,0.3550173347815675
9017,0.42680779626785714
9018,0.33429653845711993
9019,0.32962309038852844
9020,0.3669213863047207
9021,0.3011853967624951
9022,0.37942032923024094
9023,0.2644887449998934
9024,0.3974119522784285
9025,0.41604363295777214
9026,0.37881798384614473
9027,0.31348103774387637
9028,0.35135955473948854
9029,0.377838181852832
9030,0.33692888882878513
9031,0.365593536739361
9032,0.3419107710365039
9033,0.3665675736779219
9034,0.4139066366696169
9035,0.4138992044135019
9036,0.31471249243149346
9037,0.3186878741080883
9038,0.45974163997680195
9039,0.3248019458629754
9040,0.4194881048248278
9041,0.3740579169204983
9042,0.37685262904051253
9043,0.3175463957995097
9044,0.34374491097153426
9045,0.35639606294027937
9046,0.39499129839835057
9047,0.3491510288540196
9048,0.32836211604488463
9049,0.37988270658540735
9050,0.44542392142514675
9051,0.336964573827752
9052,0.39268915959316164
9053,0.36470155683286354
9054,0.35768885385861315
9055,0.3065064982098855
9056,0.36162039996238216
9057,0.33998320095928314
9058,0.3549875010737389
9059,0.34189498243208627
9060,0.4018342010445033
9061,0.4039975594394116
9062,0.32452759272850074
9063,0.28974657272868587
9064,0.3187832051190531
9065,0.35937235287204317
9066,0.2996729058409162
9067,0.44732290069338676
9068,0.37181642162078576
9069,0.3513672663553633
9070,0.26354229826791853
9071,0.3051213327943403
9072,0.386131498228492
9073,0.35142159601454104
9074,0.32338237304943007
9075,0.32870306384424985
9076,0.3611804537297618
9077,0.3664283901340508
9078,0.34749215451300275
9079,0.358184177723031
9080,0.428977636483618
9081,0.3620099420120728
9082,0.30161490445094064
9083,0.36008096260370737
9084,0.3726397942632307
9085,0.31996170464446116
9086,0.3685569708500269
9087,0.29960262163518925
9088,0.3984367373718274
9089,0.40082944349185734
9090,0.3927632237624561
9091,0.28557722501062033
9092,0.35264001278502777
9093,0.38028629748938947
9094,0.3454496498401749
9095,0.35472661496273394
9096,0.3607263747604472
9097,0.2844286957348352
9098,0.35425140794248744
9099,0.3656302734705945
9100,0.3194689565382016
9101,0.36477263043870733
9102,0.3268757137230227
9103,0.34288688083945473
9104,0.30516486116581554
9105,0.3389996150270993
9106,0.32375648962628345
9107,0.31272120191227337
9108,0.3704731359541449
9109,0.3694152963437807
9110,0.3316191085785456
9111,0.3325515141308051
9112,0.33992323597941043
9113,0.3570281276374505
9114,0.3444246750137525
9115,0.4181789055549743
9116,0.3140393145595719
9117,0.3048678314127087
9118,0.3021241897962801
9119,0.37421315730552474
9120,0.37027022918450747
9121,0.3322688344235649
9122,0.35303000085158764
9123,0.3329475930664607
9124,0.33781270716729583
9125,0.360503066848211
9126,0.35500173602805596
9127,0.440223726343421
9128,0.3261597932916471
9129,0.3523569086389484
9130,0.3751531387673719
9131,0.3972240619361487
9132,0.3261641097064949
9133,0.3478343290610755
9134,0.34871892382939773
9135,0.3074133892298305
9136,0.3616440907406182
9137,0.357348476607807
9138,0.3925502575282245
9139,0.38696984278979674
9140,0.30292786174916264
9141,0.3867135657788725
9142,0.3632630159364276
9143,0.30674894136951414
9144,0.3735362522032264
9145,0.344308043917148
9146,0.35450433574542517
9147,0.3406834059561259
9148,0.29755931906115984
9149,0.3189447298851005
9150,0.3888326198599654
9151,0.38206140252057086
9152,0.37919314871980125
9153,0.36957302972741424
9154,0.3542463971554004
9155,0.3065470758343425
9156,0.34094007207192645
9157,0.3583819550875593
9158,0.42562941721028125
9159,0.32849427497004235
9160,0.3441617998193105
9161,0.3426054402801695
9162,0.33193534074811915
9163,0.3756370587879818
9164,0.3568625723577119
9165,0.3119131284643122
9166,0.3179968336267791
9167,0.3656648581277384
9168,0.28892862755561843
9169,0.347320355057422
9170,0.3921790446375155
9171,0.3866351476643852
9172,0.38694217102712525
9173,0.2954568173740504
9174,0.3553055571618784
9175,0.40500961509960964
9176,0.35703786409251403
9177,0.35271069143226086
9178,0.3293387460348991
9179,0.2817805491028347
9180,0.40622062993045516
9181,0.32749757378035715
9182,0.2977330908185376
9183,0.3433056287880416
9184,0.30713714624130173
9185,0.39893938166478193
9186,0.38752150788970496
9187,0.3834317619605456
9188,0.38596282966736073
9189,0.33958486046755665
9190,0.32689896962972487
9191,0.3045466524051048
9192,0.35418545845417615
9193,0.3787371326241282
9194,0.3161992525879027
9195,0.3274419560528692
9196,0.32664172960947546
9197,0.3261889290119697
9198,0.27427950510771604
9199,0.3780805732312533
9200,0.2989216857074415
9201,0.3809558082955915
9202,0.3556084961639905
9203,0.3176624602170004
9204,0.38229071817056726
9205,0.3568428560355521
9206,0.3251853721557181
9207,0.3626211172607361
9208,0.37238699060405445
9209,0.3243539122218748
9210,0.44500165471666975
9211,0.2873738647464452
9212,0.3965833016061926
9213,0.3183572532397676
9214,0.38062756061727887
9215,0.3848330383710672
9216,0.2860068249948369
9217,0.35503101868291553
9218,0.37105336593613947
9219,0.33090433438261924
9220,0.33286753318539963
9221,0.31648116895613354
9222,0.3099382039795664
9223,0.32692923483440506
9224,0.30610512426942016
9225,0.2836754793512877
9226,0.33320356220555647
9227,0.3125503295184968
9228,0.3527053231639212
9229,0.28763003286152466
9230,0.35061860870659745
9231,0.3511059051184131
9232,0.28817726997645465
9233,0.31696803680410257
9234,0.2830201161323851
9235,0.3603710960804203
9236,0.34504991664679663
9237,0.37136989899286554
9238,0.3337715720886787
9239,0.3734699999113258
9240,0.28266157371609024
9241,0.3436739509789333
9242,0.2968614668647125
9243,0.3859668991499081
9244,0.3251606360177641
9245,0.3083035813986652
9246,0.34289621323121855
9247,0.370589562803302
9248,0.3635894531395216
9249,0.3873440561372119
9250,0.40391434458643394
9251,0.28820373309278224
9252,0.3538233340853858
9253,0.32267522017720074
9254,0.3767471234103761
9255,0.3411629323577223
9256,0.3590521450327868
9257,0.26493428314381573
9258,0.40433029522803476
9259,0.422548688603924
9260,0.3102201241716953
9261,0.3928570261831932
9262,0.3724962612540583
9263,0.28026332764283657
9264,0.35273456760425415
9265,0.3790343466971735
9266,0.32002706355694155
9267,0.34354678696453966
9268,0.33503010727631954
9269,0.3048911240183454
9270,0.4026761967238137
9271,0.3097022795811726
9272,0.35975326782658046
9273,0.37596243246150696
9274,0.3457970115860207
9275,0.4369807842432105
9276,0.30270515107324636
9277,0.3209942906005234
9278,0.31480684326898967
9279,0.3785399277232364
9280,0.33475808092344606
9281,0.28865339890891084
9282,0.3172702833847474
9283,0.34016177437744677
9284,0.31973372713654413
9285,0.39235102177833525
9286,0.3198860091516291
9287,0.40377441659639546
9288,0.4359308716243273
9289,0.320796351608609
9290,0.41436850513361323
9291,0.3568377591009231
9292,0.31732275799381515
9293,0.3249514300081153
9294,0.3642800693718007
9295,0.42872414057439423
9296,0.3174725927131128
9297,0.37469814553404657
9298,0.3540674978616618
9299,0.3736237067336159
9300,0.3087559126394481
9301,0.37325330051572614
9302,0.33851954620367186
9303,0.2822908587218649
9304,0.48424588320037687
9305,0.332387306385999
9306,0.38364278560138665
9307,0.427511289849801
9308,0.3583783419414015
9309,0.3264416295558017
9310,0.3385052476191843
9311,0.3428447161674004
9312,0.404108406650149
9313,0.36604165407461453
9314,0.408297155830069
9315,0.3725038665717699
9316,0.2841598792162987
9317,0.35692831775342704
9318,0.383071685484774
9319,0.38695493894466404
9320,0.3557491106195858
9321,0.3395423391685677
9322,0.3344144838626244
9323,0.39446353221845776
9324,0.44707976285797635
9325,0.34975631431807663
9326,0.3485327004495957
9327,0.3358967275548932
9328,0.3275011994718757
9329,0.281652050867359
9330,0.28206152647790983
9331,0.34612388096650415
9332,0.294662711030258
9333,0.3911964961044987
9334,0.29902000256824923
9335,0.3075583850972481
9336,0.3677097842054833
9337,0.3008017235460909
9338,0.3508069238272462
9339,0.38989918037292126
9340,0.3314198478159973
9341,0.38642801450048525
9342,0.28911665615368687
9343,0.3273972248342667
9344,0.33943068686044064
9345,0.3324728933444079
9346,0.3104832389969725
9347,0.2794636013064302
9348,0.33441464622717376
9349,0.33466592971656395
9350,0.34701107011408716
9351,0.35225022189660127
9352,0.3642656964881641
9353,0.32200458302115287
9354,0.37481210877827165
9355,0.3464035587225198
9356,0.3602623306516177
9357,0.3652653595984088
9358,0.3310117716681291
9359,0.36685871090707334
9360,0.3272348711399027
9361,0.3423596273867715
9362,0.34545465183096224
9363,0.30028655631867673
9364,0.37665677623525307
9365,0.4192752904894208
9366,0.4037721758300692
9367,0.38082362448013596
9368,0.3616006163769234
9369,0.3788287880479211
9370,0.3108181509810337
9371,0.28932640661539333
9372,0.33574606413301833
9373,0.37359519185454104
9374,0.3976168607828563
9375,0.39522516610319336
9376,0.32595027966776335
9377,0.3283876545318196
9378,0.3244608578042869
9379,0.3163233454091605
9380,0.3410921756874701
9381,0.30988568488916535
9382,0.28083984906658976
9383,0.3656996534414314
9384,0.3906926580754382
9385,0.37420331826053577
9386,0.3308917823524342
9387,0.2966770094478002
9388,0.3862036843744643
9389,0.28390850085353847
9390,0.3564680252283634
9391,0.3253375006503929
9392,0.3182690580760452
9393,0.3449225972134049
9394,0.38951397947781885
9395,0.35035184547921405
9396,0.4094867073840134
9397,0.3458750303907747
9398,0.403412345373797
9399,0.4427270037487241
9400,0.33626050392957785
9401,0.32626249670427976
9402,0.35224677563577034
9403,0.3653574661517096
9404,0.4147704637081868
9405,0.3806722276313823
9406,0.3920421167791668
9407,0.4343469978131109
9408,0.3231731838093004
9409,0.3746693105810226
9410,0.38352862693847367
9411,0.35514659486809474
9412,0.28402742454705443
9413,0.417230864527105
9414,0.3436347729815825
9415,0.31087958605722044
9416,0.35975342218177353
9417,0.3382144008385004
9418,0.385933099116639
9419,0.355782702278439
9420,0.4097188139940351
9421,0.37651089290539375
9422,0.3399714091581716
9423,0.39267546004431075
9424,0.3559853724542159
9425,0.41151675950086863
9426,0.3380046552588549
9427,0.33176804776000024
9428,0.39848677413730593
9429,0.35884993645399543
9430,0.3589140237463222
9431,0.4189808805541215
9432,0.35509947349446946
9433,0.34985153614681774
9434,0.3406071196325313
9435,0.2943076094686856
9436,0.3332600411137645
9437,0.33032401643622
9438,0.29932555507232284
9439,0.3178425835484693
9440,0.3383089138548412
9441,0.3339940907205463
9442,0.3124960394690044
9443,0.3482786736248147
9444,0.3680475744492915
9445,0.3946442098322107
9446,0.3782019517194972
9447,0.39727424418775925
9448,0.35701190781993386
9449,0.3397924799789873
9450,0.30442269178728054
9451,0.27367754183815496
9452,0.34517026762014513
9453,0.3374721238021814
9454,0.36555618670088785
9455,0.4079268286762576
9456,0.3708014214807225
9457,0.35787577740313736
9458,0.37925018283646805
9459,0.3168175133793678
9460,0.32901232530824
9461,0.3149482067684337
9462,0.33597772851663343
9463,0.3025281074660775
9464,0.37581816297582815
9465,0.3627255324249097
9466,0.33718677158413923
9467,0.29258503282546133
9468,0.38307210385142554
9469,0.4271060907183064
9470,0.33469970312699093
9471,0.38547406156030783
9472,0.3663536136189207
9473,0.3878235780507797
9474,0.3051450121541026
9475,0.3429034332838312
9476,0.3587794985566468
9477,0.3518652948760135
9478,0.3398444940039975
9479,0.28441902681945486
9480,0.3517350249073896
9481,0.36206113045065047
9482,0.3486221194884882
9483,0.29811663434411706
9484,0.3846204329979477
9485,0.4486428669337821
9486,0.328432083197582
9487,0.3583916479801057
9488,0.3276589825124603
9489,0.2942963998620378
9490,0.3849502743649773
9491,0.3174828564712606
9492,0.3752037205971148
9493,0.36872222773294716
9494,0.36945029601887613
9495,0.37389304852122107
9496,0.39742165854667055
9497,0.324956351981728
9498,0.3934291632187268
9499,0.29787148589305446
9500,0.3503453669074883
9501,0.3467217093864412
9502,0.3733987602900366
9503,0.38435246259215905
9504,0.3497944846988785
9505,0.3075205373542018
9506,0.3435539335111182
9507,0.32509209163993136
9508,0.4039454582330384
9509,0.36310180831344985
9510,0.43038812448343267
9511,0.3849011702117284
9512,0.326669164018369
9513,0.3520893275846193
9514,0.3354782417877509
9515,0.34652852491129993
9516,0.3312316755174223
9517,0.36751536536813934
9518,0.35713994262125137
9519,0.32300563767550594
9520,0.3417637838372962
9521,0.40953503809280356
9522,0.40726889487453066
9523,0.29714378334381664
9524,0.3444998020392034
9525,0.45401689036101045
9526,0.3493709191692558
9527,0.4348448220142176
9528,0.4163622470898516
9529,0.36130838474990146
9530,0.32918187835893997
9531,0.3797206975744425
9532,0.40134735020403056
9533,0.40354823735538536
9534,0.32889686239883664
9535,0.3426216436917544
9536,0.4360893545440323
9537,0.32671166816966357
9538,0.3021094263064583
9539,0.30579408360217997
9540,0.39422497515954547
9541,0.29728279869646945
9542,0.40536129238388074
9543,0.3125696458948668
9544,0.2989671006181034
9545,0.30241418694155664
9546,0.2985059152901339
9547,0.37787925999463967
9548,0.3229173215997898
9549,0.3330290045284534
9550,0.3485814077845708
9551,0.36752472300014816
9552,0.3039705858958386
9553,0.3986717685247987
9554,0.41747243023398584
9555,0.3174983350519929
9556,0.3664893949774082
9557,0.3273715188878139
9558,0.36284475473649813
9559,0.3237147723078615
9560,0.3427960520109461
9561,0.4109459462383529
9562,0.35000822986148217
9563,0.31924392551193614
9564,0.3801484261723207
9565,0.35356514278221596
9566,0.3339748394212405
9567,0.3865685431854504
9568,0.303707247530963
9569,0.26860836922709286
9570,0.3034451335520485
9571,0.2836820475156743
9572,0.32068611675021197
9573,0.34813767617911484
9574,0.3289098575600553
9575,0.35163531101017
9576,0.3745606467993414
9577,0.2825175737928145
9578,0.3402785125075849
9579,0.3524493040310528
9580,0.30486899753102703
9581,0.32768650523012166
9582,0.333361979695201
9583,0.33340312708342745
9584,0.38097008536437826
9585,0.3865611460234919
9586,0.3275979606782844
9587,0.36859166976803337
9588,0.3826594363961413
9589,0.3330781677517969
9590,0.4362693426180444
9591,0.4125409712477497
9592,0.37058183504333364
9593,0.39053172706985917
9594,0.3315320597510367
9595,0.335916123497376
9596,0.3448146769098699
9597,0.3871100993162915
9598,0.3380053942744703
9599,0.32189374399798787
9600,0.3674875244970739
9601,0.4265190163802144
9602,0.3274843414316879
9603,0.3226586871753754
9604,0.3672619336995182
9605,0.37771855014956035
9606,0.35513392567591673
9607,0.45301914022727097
9608,0.3298740418383681
9609,0.33509029557086745
9610,0.36753980292063115
9611,0.29418106685230994
9612,0.3508867097820967
9613,0.3136089597740135
9614,0.3046605034010841
9615,0.31137609741955385
9616,0.3242495324101382
9617,0.30864996444534887
9618,0.3235499057326088
9619,0.3678089286302253
9620,0.33226031398883915
9621,0.38820598336733747
9622,0.35378621054704595
9623,0.4033540589979099
9624,0.3717414806274806
9625,0.33682958293322107
9626,0.3588768181434663
9627,0.3253802528428471
9628,0.2980635531597491
9629,0.31622361599262305
9630,0.3352013589860334
9631,0.3215156529226779
9632,0.3622680829613678
9633,0.35378106826672795
9634,0.4326384073012046
9635,0.34416938480348325
9636,0.40095738903597056
9637,0.33822464250798534
9638,0.3691939457586635
9639,0.4364378325603826
9640,0.3919236266495938
9641,0.3579361804448218
9642,0.30514918367088706
9643,0.29602115810239127
9644,0.348869998758341
9645,0.3693059044524136
9646,0.33137312788884543
9647,0.3459930843357695
9648,0.37434277799497595
9649,0.3436648838045495
9650,0.3679501061592254
9651,0.38884394583414394
9652,0.31192294726282377
9653,0.38105963398795817
9654,0.35920487035842585
9655,0.3723165514237876
9656,0.3277200451349107
9657,0.3507629986456311
9658,0.3693298818017152
9659,0.3649825052317377
9660,0.3676623531327712
9661,0.368836727550621
9662,0.31045985799710163
9663,0.359697866398462
9664,0.3004687843068692
9665,0.33223331330797023
9666,0.32448414930890523
9667,0.3288331832540847
9668,0.3673107201293684
9669,0.34606817397499423
9670,0.33933808605893523
9671,0.3292366563227995
9672,0.34088808410490845
9673,0.3351032602965276
9674,0.4285584634157038
9675,0.34048289836362633
9676,0.3707424010874645
9677,0.3734098222086608
9678,0.3522742010335471
9679,0.2973678822094912
9680,0.3566773865649657
9681,0.3183162385941678
9682,0.3974388544858538
9683,0.35762556204715024
9684,0.43421234039855827
9685,0.38451383597436006
9686,0.39327610593304696
9687,0.3657004310026215
9688,0.33333957585948726
9689,0.4331847600041301
9690,0.32227362764442313
9691,0.3214530850338986
9692,0.3923101028002369
9693,0.3679498594848605
9694,0.3963592171571415
9695,0.2644658556353794
9696,0.4078620201700516
9697,0.3281704208995655
9698,0.40189035911769544
9699,0.35549575254028687
9700,0.30888524282530216
9701,0.3384934210177186
9702,0.34579305740911526
9703,0.30968708023781044
9704,0.30587624694154947
9705,0.33806558693667466
9706,0.3552556342595454
9707,0.3314386151508111
9708,0.3408146499152056
9709,0.28907265273445315
9710,0.29008150713445113
9711,0.2662338195384306
9712,0.44060913437783356
9713,0.36270843919375073
9714,0.3227634037497662
9715,0.37644369154524915
9716,0.3548561566408521
9717,0.4390105884623514
9718,0.34235935821395547
9719,0.37139093338406015
9720,0.40107183413721037
9721,0.39981651217997705
9722,0.34509365629618705
9723,0.37710508621881367
9724,0.40180823293137236
9725,0.36193078249366106
9726,0.32845962828381436
9727,0.31007289337592336
9728,0.33521009757710507
9729,0.304725836661349
9730,0.3942382208450703
9731,0.3241514266824299
9732,0.3878362190141633
9733,0.29290221700414687
9734,0.3737121691439076
9735,0.36554808952219453
9736,0.3480882610480558
9737,0.3549605031098313
9738,0.39841390191208603
9739,0.3920988957715439
9740,0.3243137955400659
9741,0.3384569144071956
9742,0.37723112177995555
9743,0.39075615784219986
9744,0.3160936924875202
9745,0.3607760324501683
9746,0.33509106134251354
9747,0.37342748060287523
9748,0.3479886741291689
9749,0.4183642449956735
9750,0.2561286955336328
9751,0.29790568645970206
9752,0.35796650411374653
9753,0.347029854202209
9754,0.29911695368115554
9755,0.34225784244997026
9756,0.3541008930229115
9757,0.330003332309599
9758,0.40298536605652746
9759,0.34850088788606914
9760,0.3740190082342818
9761,0.3997583691155393
9762,0.27446192225572386
9763,0.3245964041296321
9764,0.40025294175842907
9765,0.3643069383836375
9766,0.3556868719057462
9767,0.35400955916679955
9768,0.35441624556209606
9769,0.4021662913583497
9770,0.2957878302922601
9771,0.35204629677014854
9772,0.3579710147479509
9773,0.3414158591404113
9774,0.33566568442971967
9775,0.3772683201694149
9776,0.34937844352907144
9777,0.35812443637181035
9778,0.3753326987283243
9779,0.3704232660028226
9780,0.3851139926772724
9781,0.3990259173120534
9782,0.31863290433728064
9783,0.3594112319173588
9784,0.3581576987049493
9785,0.33016039245085516
9786,0.301589102785472
9787,0.3071705422630373
9788,0.3413300082388542
9789,0.315254434869936
9790,0.3395616677495945
9791,0.3185128353080895
9792,0.2776915368941175
9793,0.3369982114932979
9794,0.3683873614476414
9795,0.3681024612819277
9796,0.38935327512290163
9797,0.292327725268295
9798,0.37127484116650544
9799,0.3677530412397938
9800,0.4117064241897568
9801,0.35975638780682573
9802,0.38815708975909313
9803,0.4084945963909643
9804,0.2903956643397372
9805,0.28505987376531694
9806,0.36962356237028393
9807,0.44534600896273924
9808,0.3505711688562494
9809,0.41228837490401427
9810,0.36337557232647466
9811,0.3324558308174037
9812,0.35338988251135195
9813,0.4094599878456804
9814,0.39381833526026755
9815,0.3221801885317461
9816,0.3607553563335797
9817,0.32239945430714867
9818,0.3265723384535879
9819,0.3164084668986513
9820,0.3823051997890743
9821,0.37905651331514356
9822,0.29132314314996854
9823,0.30376974477824437
9824,0.4500560433472116
9825,0.3944161556473338
9826,0.33337984747086225
9827,0.33304057803501674
9828,0.3932858129932715
9829,0.3379096393974734
9830,0.32175173104351407
9831,0.3396922461654013
9832,0.30963265927943295
9833,0.4102161070139889
9834,0.31443539845133106
9835,0.3168716349053975
9836,0.39224666167582
9837,0.2510405401611142
9838,0.36803465008567215
9839,0.3294361879098542
9840,0.3265445827174225
9841,0.3372093970986514
9842,0.37359057730335143
9843,0.4624745084773201
9844,0.349835491838419
9845,0.3784469926620275
9846,0.3690426130912785
9847,0.34493187912918444
9848,0.30911122641358535
9849,0.37847327643428663
9850,0.32730410010565336
9851,0.3308492406765633
9852,0.3765484176927787
9853,0.33493021864640005
9854,0.33082672672702396
9855,0.3546899350192265
9856,0.36541556207442927
9857,0.35507606108317313
9858,0.3554351896293353
9859,0.38260547920054844
9860,0.3471365495680345
9861,0.33798723945453224
9862,0.2971175971506512
9863,0.3697343339218597
9864,0.43980534953091155
9865,0.37708341738642037
9866,0.34443963824542756
9867,0.3552373638467077
9868,0.35465059771902885
9869,0.3487637657111149
9870,0.34797101766680605
9871,0.2790704385892635
9872,0.34158161374908946
9873,0.3723189232768247
9874,0.37337615260342805
9875,0.3722396149350917
9876,0.3029006396134828
9877,0.3640399480567047
9878,0.308262147680455
9879,0.3675521738769367
9880,0.30889132376730366
9881,0.38346291798099985
9882,0.33813635276016907
9883,0.32690523395707727
9884,0.33999162254468285
9885,0.374425051311301
9886,0.4287390955031434
9887,0.3782506134867165
9888,0.4020217790089613
9889,0.3242206367313094
9890,0.34526041805884766
9891,0.36448750828555676
9892,0.38182896993597737
9893,0.335391611319551
9894,0.4017274317617332
9895,0.3553203680269279
9896,0.34145729238946476
9897,0.33888707616562463
9898,0.3367520595232616
9899,0.32334079512389824
9900,0.35058765254797475
9901,0.3446865472912415
9902,0.26492152789771817
9903,0.3811728685610971
9904,0.369901857670369
9905,0.37700599144856106
9906,0.32206335188191026
9907,0.3062978738714395
9908,0.3645708894574349
9909,0.37386177919987773
9910,0.3666620402811178
9911,0.3675012307400882
9912,0.33358259687485603
9913,0.3353033025946197
9914,0.3664435168419029
9915,0.2531002723674427
9916,0.3662935311411344
9917,0.350302518322128
9918,0.37595275092253333
9919,0.33269887858699576
9920,0.2972936522312333
9921,0.36193984531012235
9922,0.3462317258532015
9923,0.3413436266994565
9924,0.41491985677590737
9925,0.3452529129093471
9926,0.3131242087866899
9927,0.39079010103930223
9928,0.35429091878748853
9929,0.3891412771006175
9930,0.3462299840126719
9931,0.35983000230427464
9932,0.3233592334199429
9933,0.36979895810095886
9934,0.3186014211515782
9935,0.3598895998711269
9936,0.3213596098543272
9937,0.4217296541811235
9938,0.38149403644524815
9939,0.3499322937148772
9940,0.44309509222861543
9941,0.41150759465418396
9942,0.3579663457619153
9943,0.3397265401662417
9944,0.37792724811143774
9945,0.28448811501359694
9946,0.33034097776454097
9947,0.3594697388218364
9948,0.37978081029792143
9949,0.34783949560461913
9950,0.31284018137371694
9951,0.335925746501716
9952,0.3451171903223944
9953,0.3610330995955331
9954,0.3554404510056841
9955,0.3114602402167961
9956,0.3227338007496092
9957,0.45996229229702124
9958,0.32390143855370557
9959,0.3076813919279622
9960,0.4395102868546017
9961,0.3599467386780777
9962,0.39208350995742514
9963,0.3901177427782163
9964,0.2956735560072179
9965,0.30200781016177514
9966,0.38276754181450334
9967,0.3358555498238629
9968,0.37601794283922274
9969,0.31351731634421354
9970,0.286134927580846
9971,0.38500540897382907
9972,0.36605061785892756
9973,0.31707447428561775
9974,0.32392853489770257
9975,0.40097920906471307
9976,0.37496793445164034
9977,0.36412957353654596
9978,0.3876451212671248
9979,0.3683802907679694
9980,0.3252614424715996
9981,0.33998819709724515
9982,0.34376724734508857
9983,0.3181402756496574
9984,0.37833613433286173
9985,0.3938025993915617
9986,0.4189857130185155
9987,0.313179781441534
9988,0.2973951592430746
9989,0.4018109013795623
9990,0.3197601773819443
9991,0.3601220227109483
9992,0.3358632874910059
9993,0.34493610372883143
9994,0.33094186358216193
9995,0.38932808553076903
9996,0.3453526749402247
9997,0.5105900870091524
9998,0.3082897952699466
9999,0.340276369666042
10000,0.3269611891625894
