draw,service_hhi,model_hhi,hhi_difference,hhi_ratio,service_top_share,model_top_share,top_share_difference,service_shannon_entropy,model_shannon_entropy,shannon_entropy_difference_model_minus_service
1,0.3794000612182431,0.14802911267557733,0.23137094854266577,2.5630097645031595,0.5757575757575758,0.23737373737373738,0.33838383838383845,1.3396410718295084,2.169456820565512,0.8298157487360034
2,0.3516222834404652,0.13152286047908945,0.22009942296137575,2.6734689479808638,0.5454545454545454,0.2222222222222222,0.3232323232323232,1.3428239978226169,2.3260743750871784,0.9832503772645615
3,0.340347923681257,0.1309446881837454,0.20940323549751158,2.599173195965543,0.5404040404040404,0.19696969696969696,0.3434343434343435,1.4490256448986218,2.293052032100473,0.844026387201851
4,0.3788899091929396,0.12952759922456894,0.24936230996837064,2.925167388735723,0.5757575757575758,0.1893939393939394,0.3863636363636364,1.3244787748581475,2.2615463973067502,0.9370676224486028
5,0.3788644015916744,0.13808114818215828,0.24078325340951612,2.7437807881773404,0.5707070707070707,0.20202020202020202,0.36868686868686873,1.307812924488832,2.238644205454738,0.9308312809659061
6,0.30912661973268035,0.1260727363420966,0.18305388339058376,2.4519704156644115,0.4898989898989899,0.19696969696969696,0.29292929292929293,1.4835621552100435,2.3526677323489973,0.8691055771389538
7,0.3601163146617692,0.11670010996610324,0.24341620469566594,3.08582669516223,0.5606060606060606,0.19696969696969696,0.3636363636363636,1.407700727919641,2.414142059495931,1.00644133157629
8,0.3071625344352617,0.14342640773617205,0.16373612669908966,2.1416037623997153,0.4898989898989899,0.1919191919191919,0.297979797979798,1.535807124950895,2.2152840298985237,0.6794769049476286
9,0.33124171002958874,0.11515406591164168,0.21608764411794706,2.8765090264702615,0.5303030303030303,0.17676767676767677,0.3535353535353535,1.4896386113891456,2.4113096048648797,0.9216709934757341
10,0.34856137128864395,0.12807508304141302,0.22048628824723093,2.721539295632834,0.5454545454545454,0.1994949494949495,0.3459595959595959,1.4256138827596248,2.392335337426198,0.9667214546665734
11,0.3483828180797877,0.1367646725390833,0.2116181455407044,2.5473158500067345,0.5353535353535354,0.1919191919191919,0.3434343434343434,1.385164507766689,2.2618987022710906,0.8767341945044016
12,0.4661769207223753,0.1549331700846852,0.3112437506376901,3.0088903523213704,0.6565656565656566,0.29292929292929293,0.36363636363636365,1.153603665048686,2.1946027327437725,1.0409990676950864
13,0.3657279869401081,0.1323561087870852,0.2333718781530229,2.7632119914346895,0.5656565656565656,0.20202020202020202,0.36363636363636365,1.3717841161272095,2.3157843888437966,0.944000272716587
14,0.298847056422814,0.12598771100454603,0.17285934541826797,2.372033383573662,0.4696969696969697,0.1919191919191919,0.2777777777777778,1.479088029139686,2.373717986986233,0.8946299578465469
15,0.2942811957963473,0.12859798886734913,0.16568320692899818,2.288381011151761,0.4696969696969697,0.2037037037037037,0.265993265993266,1.4949910945701397,2.3273179203716294,0.8323268258014898
16,0.3466993163962861,0.13553889058939567,0.21116042580689043,2.557932375635154,0.5353535353535354,0.25252525252525254,0.2828282828282828,1.3566735528445417,2.344512208949472,0.9878386561049302
17,0.312544638302214,0.10794816855422915,0.20459646974798487,2.8953213610586013,0.5,0.1919191919191919,0.30808080808080807,1.4481186874055165,2.50384076906735,1.0557220816618336
18,0.3315988164473012,0.15790905689895587,0.17368975954834534,2.0999353866034887,0.51010101010101,0.23905723905723902,0.27104377104377103,1.4321453846172454,2.0940090165490073,0.6618636319317619
19,0.3256300377512499,0.13785299685973085,0.18777704089151903,2.3621542162234404,0.5151515151515151,0.2676767676767677,0.24747474747474746,1.4517047929722688,2.3259979375178563,0.8742931445455875
20,0.3518518518518518,0.11587961545874004,0.23597223639311177,3.0363567436684478,0.5454545454545454,0.20707070707070707,0.33838383838383834,1.3904796165102826,2.4718832030856692,1.0814035865753866
21,0.3269054178145087,0.1265743858336451,0.2003310319808636,2.582713837886251,0.5151515151515151,0.21212121212121213,0.303030303030303,1.4527289365172371,2.4023239377120356,0.9495950011947984
22,0.37832874196510563,0.12625128955095286,0.2520774524141528,2.9966326942935395,0.5757575757575758,0.23063973063973067,0.34511784511784516,1.3395627571995483,2.4121998446441975,1.0726370874446491
23,0.3221099887766555,0.11412951059415707,0.2079804781824984,2.822319898681368,0.5202020202020202,0.21717171717171718,0.30303030303030304,1.4862880150973177,2.51662453433051,1.0303365192331921
24,0.40516273849607193,0.1344675713362582,0.27069516715981373,3.013088839709138,0.6111111111111112,0.22306397306397308,0.3880471380471381,1.3259346000851857,2.276139338991759,0.9502047389065731
25,0.3153759820426487,0.16153113627861104,0.15384484576403767,1.9524160437940834,0.48484848484848486,0.24242424242424243,0.24242424242424243,1.4415399408191796,2.092573300673175,0.6510333598539955
26,0.3209876543209876,0.15116938180911246,0.16981827251187512,2.1233642056320066,0.51010101010101,0.23737373737373738,0.2727272727272727,1.4398691072803833,2.180802102068024,0.7409329947876409
27,0.2990511172329354,0.14390254962645538,0.15514856760648005,2.0781502343719223,0.4595959595959596,0.24242424242424243,0.21717171717171718,1.4629518448035332,2.2567596701071917,0.7938078253036585
28,0.3627180899908173,0.13893990409141924,0.22377818589939805,2.610611345694878,0.5555555555555556,0.20707070707070707,0.3484848484848485,1.3487643861789853,2.245749804711146,0.8969854185321608
29,0.380114274053668,0.13784591141493496,0.24226836263873303,2.7575302753048097,0.5808080808080808,0.2003367003367003,0.38047138047138046,1.3669723447758537,2.257331769523148,0.8903594247472943
30,0.3519028670543821,0.14150766928544706,0.21039519776893506,2.4868112720062485,0.5454545454545454,0.23821548821548824,0.3072390572390572,1.410495804568111,2.2612306147567076,0.8507348101885965
31,0.29292929292929293,0.12273124057635844,0.1701980523529345,2.3867541104747825,0.47474747474747475,0.20202020202020202,0.2727272727272727,1.5377754994136048,2.4249146950807585,0.8871391956671537
32,0.36424854606672785,0.1254718906234058,0.23877665544332205,2.903029070949379,0.5656565656565656,0.21212121212121213,0.3535353535353535,1.3787642063369454,2.3216549410971865,0.9428907347602411
33,0.3112182430364248,0.12590551984491377,0.18531272319151104,2.471839546191248,0.51010101010101,0.2222222222222222,0.28787878787878785,1.5414114185398373,2.352890796281715,0.8114793777418778
34,0.35845832057953275,0.13898241676019457,0.21947590381933818,2.579163098005628,0.5555555555555556,0.21212121212121213,0.3434343434343434,1.3916379927527975,2.2741581274408715,0.882520134688074
35,0.32983879196000404,0.12186114795542406,0.20797764400457996,2.706677210037909,0.5353535353535354,0.18771043771043774,0.34764309764309764,1.4955713667360984,2.3484426032268817,0.8528712364907833
36,0.41335067850219376,0.14439853076216713,0.2689521477400266,2.8625684508037454,0.6111111111111112,0.21464646464646464,0.3964646464646465,1.2521180157818947,2.167133807308092,0.9150157915261974
37,0.3496326905417815,0.12937455361697786,0.22025813692480362,2.7024842271293377,0.5555555555555556,0.21212121212121213,0.3434343434343434,1.462524043560663,2.3578326790743622,0.8953086355136992
38,0.30700948882767065,0.1414311464816515,0.16557834234601915,2.170734639894193,0.4797979797979798,0.2407407407407407,0.23905723905723908,1.4195663415493383,2.1766316798386063,0.757065338289268
39,0.36060095908580764,0.12548039315716084,0.2351205659286468,2.873763382572165,0.5555555555555556,0.21212121212121213,0.3434343434343434,1.384125364693432,2.401810479939048,1.017685115245616
40,0.3957759412304866,0.15457606366697274,0.24119987756351385,2.56039603960396,0.5959595959595959,0.24242424242424243,0.3535353535353535,1.3022228995653085,2.161104918437686,0.8588820188723774
41,0.3436894194469952,0.11746250382614018,0.22622691562085503,2.925950054288817,0.5404040404040404,0.20202020202020202,0.33838383838383845,1.4273135283461733,2.4365921448232046,1.0092786164770313
42,0.308795020916233,0.1258686755319752,0.1829263453842578,2.453311116615253,0.4898989898989899,0.19696969696969696,0.29292929292929293,1.4542814498037675,2.354422644004909,0.9001411942011415
43,0.3236404448525661,0.11032746091668648,0.2133129839358796,2.933453214308652,0.5050505050505051,0.14646464646464646,0.3585858585858586,1.4049697855478014,2.4061878778270054,1.001218092279204
44,0.3476175900418325,0.13006042467321927,0.21755716536861325,2.67273915885814,0.5404040404040404,0.2079124579124579,0.3324915824915825,1.3917595428812308,2.315470316019345,0.923710773138114
45,0.32598714416896235,0.13150302123366098,0.19448412293530137,2.478932735619302,0.5050505050505051,0.19696969696969696,0.3080808080808081,1.3976956503175275,2.237535287423321,0.8398396371057935
46,0.32710947862463025,0.13213079164257618,0.19497868698205406,2.4756491243122665,0.5252525252525253,0.1826599326599327,0.3425925925925926,1.4985348757741652,2.300650040515119,0.8021151647409537
47,0.3689419446995204,0.11766231336938407,0.2512796313301363,3.1355999566426993,0.5656565656565656,0.20202020202020202,0.36363636363636365,1.3410764045634775,2.4198137405285687,1.0787373359650911
48,0.3226711560044893,0.12136800099763063,0.2013031550068587,2.6586180323657844,0.5151515151515151,0.20202020202020202,0.31313131313131315,1.4607458063597394,2.3355096518919782,0.8747638455322388
49,0.30782573206815633,0.11404731943452481,0.19377841263363152,2.699105367793241,0.494949494949495,0.17592592592592593,0.31902356902356904,1.52387823987445,2.4791863234686864,0.9553080835942365
50,0.32004387307417614,0.12984644424038366,0.19019742883379248,2.4647873489834002,0.5151515151515151,0.19444444444444445,0.3207070707070707,1.4967912567736525,2.3347524867053826,0.8379612299317301
51,0.3405774920926436,0.12282193426974573,0.21775555782289785,2.77293705002769,0.5454545454545454,0.20202020202020202,0.3434343434343434,1.4620630589707986,2.368320528075833,0.9062574691050345
52,0.33894500561167235,0.14681891870444058,0.19212608690723176,2.3085921664768456,0.5252525252525253,0.21969696969696967,0.30555555555555564,1.3633647567449794,2.16002675874223,0.7966620019972508
53,0.3734312825221916,0.15345939756714166,0.21997188495504993,2.433420751302035,0.5656565656565656,0.2727272727272727,0.29292929292929293,1.3190445820894507,2.2195582775493583,0.9005136954599076
54,0.3433323130292827,0.14613304764819918,0.1971992653810835,2.349450165823005,0.5303030303030303,0.23737373737373735,0.29292929292929293,1.3985254656405812,2.2545491506512767,0.8560236850106955
55,0.40449954086317724,0.11723293541475358,0.28726660544842364,3.450391644908617,0.6060606060606061,0.17845117845117842,0.42760942760942766,1.329374874263416,2.4018159884162387,1.0724411141528227
56,0.3819508213447608,0.14756997585280412,0.2343808454919567,2.5882691864484912,0.5707070707070707,0.22643097643097645,0.3442760942760943,1.2969749769477052,2.182743171519091,0.8857681945713856
57,0.3187684930109173,0.12884172816832754,0.18992676484258977,2.474109106907171,0.494949494949495,0.20202020202020202,0.29292929292929293,1.4315889815536973,2.3131300865291906,0.8815411049754933
58,0.3597592082440567,0.15475178269791068,0.20500742554614604,2.324750009157173,0.5606060606060606,0.25757575757575757,0.303030303030303,1.4032998044971272,2.1175716530202044,0.7142718485230772
59,0.3857769615345373,0.12415116371345328,0.26162579782108397,3.1073165163794085,0.5858585858585859,0.19612794612794615,0.3897306397306397,1.3257088948111209,2.401654186839834,1.0759452920287131
60,0.28242016120804,0.1276967202893129,0.15472344091872708,2.211647727272727,0.4393939393939394,0.23737373737373738,0.20202020202020202,1.4685956920232703,2.3759548437960425,0.9073591517727722
61,0.3486123864911743,0.13475807457288938,0.21385431191828494,2.58694989221305,0.5505050505050505,0.25252525252525254,0.29797979797979796,1.4285498063036677,2.3411349266370878,0.9125851203334201
62,0.3326191204979083,0.13847084764593182,0.1941482728519765,2.402087704037251,0.5303030303030303,0.23232323232323232,0.29797979797979796,1.454690013399818,2.2813558336127,0.8266658202128818
63,0.4030966227935924,0.14094933623553152,0.26214728655806085,2.859868897289471,0.5959595959595959,0.22727272727272727,0.3686868686868686,1.235125476566344,2.2732959881757533,1.0381705116094093
64,0.3581267217630854,0.12003877155392306,0.23808795020916235,2.9834254143646413,0.5505050505050505,0.17845117845117847,0.372053872053872,1.3586607546242064,2.3688114636610913,1.0101507090368849
65,0.3389960208142026,0.13228242016120803,0.20671360065299457,2.562668723486309,0.5303030303030303,0.23737373737373738,0.29292929292929293,1.3768350135405405,2.36016836289843,0.9833333493578893
66,0.2946383022140598,0.11297174891450985,0.18166655329954995,2.6080706463792476,0.4797979797979798,0.1717171717171717,0.30808080808080807,1.4913340081271467,2.45283229570002,0.9614982875728733
67,0.3212682379349046,0.12706186443560183,0.19420637349930278,2.5284395074946464,0.5151515151515151,0.21717171717171718,0.29797979797979796,1.4424712941302316,2.3674750608458393,0.9250037667156077
68,0.4078665442301806,0.13033250575338115,0.27753403847679947,3.1294306962988743,0.6060606060606061,0.2222222222222222,0.38383838383838387,1.2575010640508588,2.399061494284546,1.141560430233687
69,0.3798591980410162,0.13003775124987246,0.24982144679114374,2.9211455472734404,0.5656565656565656,0.1994949494949495,0.36616161616161613,1.2502399879954673,2.3069763279244073,1.05673633992894
70,0.3733037445158658,0.1240236257071274,0.2492801188087384,3.009940585009141,0.5757575757575758,0.18181818181818182,0.393939393939394,1.3915918772170375,2.3052639372197286,0.9136720600026911
71,0.3106315682073258,0.13325170900928476,0.17737985919804103,2.331163859111792,0.48484848484848486,0.21212121212121213,0.2727272727272727,1.4345519893101102,2.2955446531684416,0.8609926638583314
72,0.32165085195388227,0.12463580813749164,0.19701504381639062,2.5807258504638892,0.5151515151515151,0.20875420875420878,0.30639730639730633,1.4640096216850682,2.3975034825383577,0.9334938608532894
73,0.29935720844811753,0.1332262014080196,0.16613100704009792,2.2469844916714528,0.48484848484848486,0.20707070707070707,0.2777777777777778,1.5064811333785062,2.2946439582578395,0.7881628248793333
74,0.3152994592388531,0.10920087519414119,0.20609858404471193,2.88733454451077,0.51010101010101,0.1717171717171717,0.33838383838383834,1.4794928668513458,2.481071539426101,1.0015786725747553
75,0.344097541067238,0.12414549535761657,0.21995204570962143,2.771727963838093,0.5303030303030303,0.20707070707070707,0.3232323232323232,1.3635896467471116,2.4160975830576428,1.0525079363105312
76,0.3133863891439648,0.10490426146991803,0.20848212767404678,2.9873561355162903,0.5,0.19528619528619529,0.3047138047138047,1.444527436535017,2.5634892780152767,1.1189618414802598
77,0.3223650647893072,0.13427768141572854,0.18808738337357866,2.400734518130778,0.494949494949495,0.20454545454545456,0.29040404040404044,1.3634600948383797,2.2687134954230954,0.9052534005847157
78,0.35366289154167935,0.1274104683195592,0.22625242322212014,2.7757757757757755,0.5606060606060606,0.22727272727272727,0.33333333333333326,1.4367441896222193,2.3691244352116625,0.9323802455894432
79,0.33659830629527604,0.135373091181172,0.20122521511410404,2.486449141098515,0.5303030303030303,0.21717171717171718,0.3131313131313131,1.4198976440955642,2.3081045407364735,0.8882068966409093
80,0.31257014590347926,0.12227210375358524,0.19029804214989401,2.5563488016318203,0.494949494949495,0.19696969696969696,0.297979797979798,1.4034691534695827,2.3467629126127125,0.9432937591431299
81,0.36669727578818484,0.1349918942511535,0.23170538153703135,2.7164392189796347,0.5606060606060606,0.20707070707070704,0.3535353535353535,1.2908572812981356,2.30869817455988,1.0178408932617444
82,0.3138965411692684,0.1277193937126597,0.1861771474566087,2.4577045979052015,0.4898989898989899,0.18013468013468012,0.3097643097643098,1.4082812825754285,2.2892605871649847,0.8809793045895562
83,0.40322416079991846,0.14136454330057024,0.2618596174993482,2.8523712621670665,0.6111111111111112,0.21212121212121213,0.398989898989899,1.3594455742945937,2.265513171936847,0.9060675976422532
84,0.39962758902152834,0.12957861442709928,0.27004897459442906,3.0840551181102356,0.601010101010101,0.2474747474747475,0.3535353535353535,1.3004900999700664,2.381896815352146,1.0814067153820797
85,0.278236914600551,0.12185973086646489,0.1563771837340861,2.2832556138290325,0.42424242424242425,0.21212121212121213,0.21212121212121213,1.5007460484468993,2.4102903492931143,0.909544300846215
86,0.28134884195490256,0.12787102223129163,0.15347781972361094,2.200254890009419,0.4494949494949495,0.20707070707070707,0.24242424242424243,1.5547730826488915,2.3380424050840056,0.7832693224351142
87,0.34297520661157016,0.11674829099071524,0.22622691562085492,2.937732138955647,0.5454545454545454,0.18686868686868688,0.35858585858585856,1.4638795706949534,2.410398559935825,0.9465189892408716
88,0.2826497296194266,0.11537088052239568,0.1672788490970309,2.449922617731594,0.45454545454545453,0.19696969696969696,0.25757575757575757,1.5261508162338875,2.499113378443778,0.9729625622098905
89,0.3294306703397613,0.11181398723486266,0.21761668310489865,2.946238466997871,0.5252525252525253,0.17676767676767677,0.3484848484848485,1.4253527170957168,2.4405387263257334,1.0151860092300167
90,0.38511376390164265,0.12832023943135057,0.2567935244702921,3.001192684866153,0.5858585858585859,0.21212121212121213,0.3737373737373737,1.3605421647962834,2.316316838737959,0.9557746739416757
91,0.30272421181512094,0.14117040211316306,0.16155380970195787,2.1443886769724956,0.48484848484848486,0.23232323232323232,0.25252525252525254,1.4789531782937304,2.2145924953731346,0.7356393170794042
92,0.450005101520253,0.12271990386468501,0.327285197655568,3.6669284064665124,0.6414141414141414,0.20286195286195285,0.4385521885521886,1.150166203767145,2.377811419191421,1.227645215424276
93,0.4076114682175288,0.13394041424344455,0.27367105397408426,3.043229860978861,0.6111111111111112,0.22474747474747475,0.3863636363636364,1.3096328780172484,2.3096099999994846,0.9999771219822362
94,0.28591470258136925,0.1316277250620685,0.15428697751930076,2.172146502163943,0.4595959595959596,0.21212121212121213,0.2474747474747475,1.5396668031846141,2.318896129466192,0.7792293262815779
95,0.36917151311090707,0.15010373091181173,0.21906778219909534,2.459442619236434,0.5707070707070707,0.23232323232323232,0.3383838383838384,1.3763210015857672,2.201988602147378,0.8256676005616106
96,0.3747831853892461,0.13756532780101804,0.23721785758822805,2.7244014998557837,0.5707070707070707,0.19696969696969696,0.37373737373737376,1.3450498031898959,2.205868016002208,0.8608182128123123
97,0.4890827466585042,0.14911743699622487,0.33996530966227934,3.2798494697228873,0.6818181818181818,0.22895622895622897,0.4528619528619528,1.120906843458183,2.140730450098161,1.019823606639978
98,0.27716559534741353,0.13095602489541883,0.1462095704519947,2.1164783794312427,0.4444444444444444,0.20707070707070707,0.23737373737373735,1.5155137142399437,2.3526578937890186,0.8371441795490748
99,0.34919906132027345,0.13222857078075934,0.21697049053951412,2.640874504340371,0.5353535353535354,0.23232323232323232,0.30303030303030304,1.3952731826019489,2.3250585764055827,0.9297853938036338
100,0.3692735435159677,0.1350542461653573,0.2342192973506104,2.734260891463107,0.5656565656565656,0.20033670033670037,0.36531986531986527,1.3444017115601197,2.222501770658829,0.8781000590987094
101,0.29680644832159986,0.10196238479066763,0.19484406353093223,2.910940627084723,0.4797979797979798,0.16161616161616163,0.3181818181818181,1.5422731465279393,2.5472357639690566,1.0049626174411173
102,0.3237679828588919,0.13501173349658196,0.18875624936230995,2.398072926506707,0.5151515151515151,0.21296296296296294,0.30218855218855223,1.4508279067130003,2.248265405586606,0.7974374988736057
103,0.3947301295786145,0.14994643403734315,0.24478369554127133,2.632474270647274,0.5808080808080808,0.23232323232323232,0.34848484848484845,1.227490778952588,2.2227292865299084,0.9952385075773205
104,0.30354045505560656,0.12429570678728927,0.1792447482683173,2.4420831813206862,0.4898989898989899,0.19696969696969696,0.29292929292929293,1.5091524039302997,2.359499441162614,0.8503470372323143
105,0.372615039281706,0.12503826140189778,0.2475767778798082,2.9800081599347203,0.5808080808080808,0.23737373737373738,0.3434343434343434,1.4298971557886424,2.3744951718880496,0.9445980160994072
106,0.32920110192837476,0.14709950231835756,0.1821015996100172,2.2379484412932067,0.5252525252525253,0.24242424242424243,0.2828282828282829,1.423420190144241,2.2772906951059073,0.8538705049616664
107,0.34843383328231814,0.1385799634957884,0.20985386978652973,2.51431609947644,0.5202020202020202,0.20454545454545456,0.31565656565656564,1.281278766457617,2.2197019819620043,0.9384232155043872
108,0.4151107029894908,0.13631828951694272,0.27879241347254813,3.0451578028192436,0.6161616161616161,0.20707070707070707,0.40909090909090906,1.2965302848952662,2.2306701917384375,0.9341399068431713
109,0.3230282624222018,0.11201237968914735,0.21101588273305444,2.8838621527250647,0.5151515151515151,0.1734006734006734,0.34175084175084175,1.4248226122183496,2.466155247462237,1.0413326352438874
110,0.3480257116620753,0.18141006019793898,0.16661565146413632,1.9184476940382453,0.5404040404040404,0.32323232323232326,0.21717171717171718,1.3512071876874536,2.138855807723094,0.7876486200356405
111,0.2873686358534843,0.1503956512374021,0.13697298461608223,1.9107509657966641,0.4444444444444444,0.2415824915824916,0.20286195286195283,1.4861542542629922,2.281092993377915,0.794938739114923
112,0.3859810223446587,0.1516001768527021,0.2343808454919566,2.546045989904655,0.5858585858585859,0.22727272727272727,0.35858585858585856,1.336562224086244,2.1895941270153068,0.8530319029290627
113,0.3381287623711866,0.151101361539072,0.1870274008321146,2.237761188430806,0.5353535353535354,0.21212121212121213,0.3232323232323232,1.4257219070805929,2.1376124621047294,0.7118905550241366
114,0.3217018671564126,0.1289919395980002,0.19270992755841237,2.493968756179553,0.51010101010101,0.23063973063973062,0.2794612794612794,1.405681745569898,2.3763620244292034,0.9706802788593054
115,0.4984695439240894,0.13587615776167963,0.36259338616240977,3.6685578407242088,0.6868686868686869,0.21885521885521883,0.468013468013468,1.080299741889204,2.2776174215762857,1.1973176796870817
116,0.25275482093663915,0.12343128252219163,0.12932353841444752,2.047737135771854,0.4090909090909091,0.19696969696969696,0.21212121212121215,1.6123420960149748,2.321773063824565,0.7094309678095903
117,0.3027242118151209,0.1264270085818907,0.17629720323323017,2.3944583931133434,0.46464646464646464,0.1961279461279461,0.26851851851851855,1.4613360682138432,2.2912131485137106,0.8298770802998674
118,0.3359351086623814,0.12344970467866093,0.21248540398372048,2.7212305573093034,0.5303030303030303,0.20707070707070707,0.3232323232323232,1.3978580942389827,2.3597410299221036,0.9618829356831209
119,0.3650137741046832,0.14175565985330293,0.22325811425138029,2.5749502664120847,0.5707070707070707,0.20959595959595959,0.36111111111111116,1.4047327992513128,2.2450692598170785,0.8403364605657657
120,0.28221610039791856,0.1488510242718997,0.13336507612601886,1.8959634424980958,0.45454545454545453,0.23316498316498316,0.22138047138047137,1.537708626197286,2.2678484335792355,0.7301398073819494
121,0.3143811855933068,0.1415728553775692,0.1728083302157376,2.2206318065342727,0.4898989898989899,0.23232323232323232,0.25757575757575757,1.4019328617104434,2.2366268005315466,0.8346939388211032
122,0.33705744311804914,0.1494646237912231,0.18759281932682603,2.2550984612175626,0.5303030303030303,0.22727272727272727,0.303030303030303,1.417533944735588,2.185127006196645,0.7675930614610571
123,0.29537802265074997,0.12483986894761306,0.1705381537031369,2.3660552124954597,0.46464646464646464,0.19696969696969696,0.2676767676767677,1.475839378274356,2.4179707539202284,0.9421313756458725
124,0.3591980410162229,0.1404675259894115,0.21873051502681137,2.5571607279770796,0.5555555555555556,0.21717171717171718,0.3383838383838384,1.3561333270382818,2.2465207898415853,0.8903874628033035
125,0.3414192429343944,0.12663957192576722,0.2147796710086272,2.6959917642056257,0.5353535353535354,0.21717171717171718,0.3181818181818182,1.402945990874095,2.3294954898377243,0.9265494989636291
126,0.293082338536884,0.11256787856114457,0.1805144599757394,2.6036054181982977,0.46464646464646464,0.16498316498316498,0.29966329966329963,1.559941638135677,2.4421663240059037,0.8822246858702267
127,0.36149372513008876,0.14075944631500187,0.2207342788150869,2.568166717003926,0.5606060606060606,0.22053872053872053,0.34006734006734,1.3750398160750137,2.238993282486016,0.8639534664110025
128,0.4072288541985512,0.12237413415864593,0.2848547200399053,3.3277363472138597,0.6060606060606061,0.18181818181818182,0.42424242424242425,1.2578966587381966,2.3376565156424127,1.0797598569042162
129,0.31392204877053353,0.13464329036719608,0.17927875840333746,2.3315090407729384,0.51010101010101,0.25757575757575757,0.2525252525252525,1.479553213774106,2.3189425482868327,0.8393893345127266
130,0.29637281910009183,0.12654604405446157,0.16982677504563026,2.3420156774916014,0.4696969696969697,0.20707070707070707,0.26262626262626265,1.5091907183004787,2.35010535357897,0.8409146352784915
131,0.2915263748597082,0.13313975898150984,0.15838661587819838,2.1896267282577457,0.47474747474747475,0.23232323232323232,0.24242424242424243,1.523325499007876,2.2976254948905943,0.7742999958827184
132,0.309509233751658,0.13331689510140685,0.17619233865025116,2.321605476306895,0.494949494949495,0.22390572390572389,0.2710437710437711,1.4423663094933004,2.288241420397551,0.8458751109042508
133,0.4029180695847362,0.14356244827625303,0.25935562130848316,2.8065700635685227,0.5959595959595959,0.26262626262626265,0.33333333333333326,1.257745007984029,2.260060275579586,1.002315267595557
134,0.32958371594735236,0.13417848518858622,0.19540523075876615,2.4563082187440592,0.5202020202020202,0.21717171717171718,0.30303030303030304,1.4041229985461496,2.27635951791518,0.8722365193690302
135,0.46275890215284154,0.1445912548606151,0.31816764729222646,3.2004625909010724,0.6565656565656566,0.22727272727272727,0.4292929292929293,1.1606860435291033,2.2109691122385264,1.0502830687094231
136,0.37118661361085603,0.10980738926866873,0.2613792243421873,3.3803427627503613,0.5707070707070707,0.16161616161616163,0.40909090909090906,1.3812392933202369,2.4928941994508302,1.1116549061305934
137,0.37358432812978265,0.13742645308301876,0.2361578750467639,2.7184309843469645,0.5555555555555556,0.17424242424242425,0.3813131313131313,1.2951233861348124,2.1791411902211646,0.8840178040863522
138,0.24798489950005098,0.11248568740151231,0.13549921209853866,2.204590692635239,0.40404040404040403,0.17676767676767677,0.22727272727272727,1.5954129228057319,2.504359505543626,0.9089465827378942
139,0.3700642791551882,0.14428232946751465,0.22578194968767354,2.5648621041879465,0.5656565656565656,0.22727272727272727,0.33838383838383834,1.3491792800489018,2.1756917013308965,0.8265124212819948
140,0.4511019283746556,0.13239578727794216,0.31870614109671347,3.407222674144796,0.6515151515151515,0.20707070707070707,0.4444444444444444,1.2285486837981694,2.3493172700369627,1.1207685862387933
141,0.35225997347209465,0.11816537994989172,0.2340945935222029,2.981075959993284,0.5404040404040404,0.21717171717171718,0.32323232323232326,1.3530539657738663,2.459677560671248,1.106623594897382
142,0.3188450158147128,0.16355473931231507,0.15529027650239774,1.9494697442295696,0.4696969696969697,0.2727272727272727,0.19696969696969702,1.3550274939411908,2.1041603152276487,0.7491328212864579
143,0.36424854606672785,0.14104002992891884,0.223208516137809,2.582589823969134,0.5656565656565656,0.20202020202020202,0.36363636363636365,1.3765601608129374,2.225188410743068,0.8486282499301308
144,0.3190490766248341,0.12457912457912458,0.19446995204570955,2.5610155610155605,0.51010101010101,0.16666666666666666,0.3434343434343434,1.4668183965862727,2.336115390915204,0.8692969943289315
145,0.3503213957759412,0.1291194776043261,0.22120191817161508,2.713156854998024,0.5353535353535354,0.23232323232323232,0.30303030303030304,1.3529717712226745,2.3432101631886244,0.9902383919659499
146,0.3199673502703806,0.13335373941434547,0.18661361085603512,2.399387911247131,0.5151515151515151,0.24242424242424243,0.2727272727272727,1.4719241442410844,2.2909003598876687,0.8189762156465843
147,0.3853688399142944,0.15175322246029316,0.23361561745400122,2.5394441954280587,0.5656565656565656,0.23232323232323232,0.3333333333333333,1.2223366264199178,2.1554482241743274,0.9331115977544095
148,0.32624222018161414,0.14668287816435965,0.1795593420172545,2.224132934016037,0.5202020202020202,0.24242424242424243,0.2777777777777778,1.466284033727352,2.2576274711620035,0.7913434374346515
149,0.3192786450362207,0.14958791053067147,0.16969073450554925,2.1343880257673358,0.5,0.2777777777777778,0.2222222222222222,1.4615686162672266,2.2695268655030367,0.8079582492358102
150,0.32598714416896235,0.13081715017741954,0.1951699939915428,2.4919297181359275,0.5202020202020202,0.20202020202020202,0.31818181818181823,1.459327338608602,2.3326146831841195,0.8732873445755174
151,0.3767472706866647,0.12985211259622034,0.24689515809044435,2.9013564982047955,0.5757575757575758,0.20707070707070707,0.36868686868686873,1.3392869453901626,2.3002155648504066,0.960928619460244
152,0.3808795020916233,0.14269802401115533,0.23818147808046797,2.6691294762557347,0.5707070707070707,0.21717171717171718,0.35353535353535354,1.304357044505072,2.244040082979384,0.9396830384743118
153,0.45026017753290487,0.1582562436939541,0.29200393383895074,2.8451337338932823,0.6414141414141414,0.2727272727272727,0.36868686868686873,1.1716811042965962,2.172633478594364,1.0009523742977677
154,0.34794918885827975,0.1406489133761861,0.20730027548209365,2.4738846572361264,0.5303030303030303,0.1919191919191919,0.33838383838383834,1.3669137025011575,2.25464303285757,0.8877293303564127
155,0.3091776349352106,0.12304583432529562,0.186131800609915,2.512702982840031,0.51010101010101,0.22558922558922562,0.28451178451178444,1.560052694879471,2.4033970680767767,0.8433443731973056
156,0.3174165901438628,0.13888038635513383,0.17853620378872898,2.2855393657401732,0.51010101010101,0.20202020202020202,0.30808080808080807,1.4836758926165647,2.221289634951326,0.7376137423347611
157,0.3365472910927457,0.12780158487229193,0.2087457062204538,2.6333577273634496,0.5252525252525253,0.20707070707070707,0.31818181818181823,1.4135457742422606,2.379168789689454,0.9656230154471936
158,0.4056728905213754,0.13974764479814983,0.26592524572322557,2.902896081771721,0.601010101010101,0.18181818181818182,0.41919191919191917,1.2825927086145525,2.1469256556792415,0.864332947064689
159,0.3459851035608611,0.11781535897697515,0.22816974458388595,2.9366723198498894,0.5454545454545454,0.21717171717171718,0.32828282828282823,1.3987824183437216,2.402101993488001,1.0033195751442792
160,0.38475665748393023,0.16113718554795994,0.2236194719359703,2.3877583326004754,0.5858585858585859,0.24242424242424243,0.3434343434343434,1.3216466113449958,2.1270267814276336,0.8053801700826377
161,0.30338740944801557,0.14522327653640785,0.15816413291160772,2.0891100702576115,0.48484848484848486,0.2222222222222222,0.26262626262626265,1.4956133697297116,2.2072118826990965,0.7115985129693849
162,0.2983624119987756,0.12575955968211858,0.17260285231665703,2.372482956786298,0.4898989898989899,0.22138047138047134,0.26851851851851855,1.5410531481799512,2.366120776303288,0.8250676281233367
163,0.3630241812059994,0.12033636023535013,0.24268782097064925,3.0167455663110294,0.5505050505050505,0.20622895622895623,0.3442760942760943,1.35147856387379,2.4188708484632557,1.0673922845894657
164,0.3101214161820223,0.12273407475427678,0.18738734142774555,2.526775199168688,0.5050505050505051,0.21296296296296294,0.2920875420875422,1.5007654015120373,2.4232313346110086,0.9224659330989713
165,0.41164166921742684,0.12321021664456007,0.2884314525728668,3.340970257401146,0.6111111111111112,0.19696969696969696,0.4141414141414142,1.2459960122686424,2.3199562086389123,1.0739601963702698
166,0.36889092949699004,0.13612556541849472,0.23276536407849532,2.709931292941911,0.5656565656565656,0.2474747474747475,0.3181818181818181,1.3083508451468158,2.299575665123697,0.9912248199768812
167,0.3240995816753393,0.16562652337063108,0.15847305830470823,1.9568096647786588,0.5151515151515151,0.29292929292929293,0.2222222222222222,1.4467409151349577,2.1348656715541505,0.6881247564191928
168,0.33414957657381905,0.11191601763992336,0.22223355893389568,2.985717179902756,0.5252525252525253,0.18686868686868688,0.33838383838383845,1.4193016484485024,2.45664100063717,1.0373393521886678
169,0.37993572084481175,0.12848178757269668,0.25145393327211507,2.957117331745086,0.5808080808080808,0.20707070707070707,0.3737373737373737,1.325392066717713,2.3027544145160306,0.9773623477983175
170,0.3231813080297927,0.14173865478579284,0.18144265324399989,2.2801211745533427,0.51010101010101,0.22558922558922562,0.28451178451178444,1.4097473764991195,2.274360570357136,0.8646131938580164
171,0.3582797673706764,0.12609399267648427,0.23218577469419213,2.841370629684988,0.5454545454545454,0.21717171717171718,0.32828282828282823,1.342523804734597,2.3516441596332793,1.0091203548986822
172,0.3995510662177329,0.14871498373181874,0.25083608248591416,2.6866900442140573,0.601010101010101,0.2676767676767677,0.3333333333333333,1.2867393600823902,2.193223954315762,0.9064845942333719
173,0.31399857157432903,0.1257836501944246,0.18821492137990442,2.496338523241927,0.51010101010101,0.22727272727272727,0.28282828282828276,1.4847681401548458,2.373163443832635,0.8883953036777892
174,0.3568003264972962,0.1322965910507998,0.2245037354464964,2.6969729428651,0.5454545454545454,0.21464646464646464,0.3308080808080808,1.3505992025200517,2.296205700078211,0.9456064975581593
175,0.3816447301295786,0.15097665771066443,0.23066807241891418,2.527839309179651,0.5858585858585859,0.26262626262626265,0.3232323232323232,1.3575020765971653,2.2301514259649253,0.8726493493677601
176,0.33705744311804914,0.13012277658742305,0.2069346665306261,2.590303188708834,0.5353535353535354,0.20622895622895623,0.32912457912457915,1.430210206181796,2.2827959610261277,0.8525857548443316
177,0.28900112233445563,0.12015922411545307,0.16884189821900256,2.405151368627127,0.45454545454545453,0.23232323232323232,0.2222222222222222,1.498037504797608,2.4795468774802423,0.9815093726826343
178,0.3066013672074278,0.12417100295888174,0.18243036424854608,2.4691865242399342,0.48484848484848486,0.20202020202020202,0.2828282828282829,1.4674184830195285,2.3466331184988856,0.8792146354793571
179,0.31552902765023977,0.14437302316090192,0.17115600448933785,2.1855123674911665,0.5151515151515151,0.25757575757575757,0.25757575757575757,1.518462281180771,2.255378042068339,0.7369157608875678
180,0.30920314253647585,0.12482144679114378,0.18438169574533209,2.477163584346582,0.5,0.19696969696969696,0.30303030303030304,1.4849255555575733,2.373752117646534,0.8888265620889606
181,0.3682277318640956,0.13896257751476604,0.22926515434932954,2.6498337786298474,0.5707070707070707,0.2676767676767677,0.30303030303030304,1.3806186445912265,2.3527889418959536,0.972170297304727
182,0.40054586266707476,0.1448463308732669,0.2556995317938079,2.7653159058446004,0.5858585858585859,0.2281144781144781,0.35774410774410775,1.2276735553787925,2.1727967209542767,0.9451231655754841
183,0.3570043873074176,0.13580246913580246,0.22120191817161516,2.6288504883546207,0.5555555555555556,0.2154882154882155,0.3400673400673401,1.3627687002272102,2.2729986770668336,0.9102299768396234
184,0.38927150290786666,0.13517186454896896,0.2540996383588977,2.8798263914369886,0.5909090909090909,0.23737373737373738,0.3535353535353536,1.359156162223172,2.283195080287557,0.9240389180643851
185,0.3616977859402102,0.14149916675169202,0.22019861918851816,2.5561831510635735,0.5404040404040404,0.21717171717171718,0.32323232323232326,1.332768884179676,2.2694951139848474,0.9367262298051713
186,0.40717783899602084,0.15108152229364352,0.2560963167023773,2.695086949181158,0.601010101010101,0.24494949494949494,0.3560606060606061,1.234176190887236,2.1818377578601256,0.9476615669728896
187,0.3850372410978471,0.12904012062261222,0.2559971204752349,2.983856797715791,0.5808080808080808,0.25252525252525254,0.32828282828282823,1.2873976414808244,2.3946942385355685,1.1072965970547441
188,0.29318436894194466,0.1327500595177363,0.16043430942420836,2.2085441619163513,0.47474747474747475,0.19696969696969696,0.2777777777777778,1.5398195551900111,2.318729578317038,0.778910023127027
189,0.42664013876135093,0.13058191341019623,0.29605822535115467,3.267222294569606,0.6262626262626263,0.24242424242424243,0.38383838383838387,1.2176156192035752,2.318478342318634,1.100862723115059
190,0.343230282624222,0.12595086669160746,0.21727941593261454,2.7251125112511243,0.5303030303030303,0.17340067340067342,0.35690235690235683,1.3860809506171299,2.327760605843668,0.9416796552265383
191,0.34386797265585145,0.12785685134169983,0.21601112131415162,2.6894763092269325,0.5303030303030303,0.2474747474747475,0.28282828282828276,1.3701154521234935,2.4422208351088255,1.072105382985332
192,0.2931843689419447,0.14516517588908162,0.1480191930528631,2.019660480871543,0.4696969696969697,0.2685185185185185,0.20117845117845123,1.5106715788176712,2.2392831845140577,0.7286116056963865
193,0.36631466176920724,0.1432506887052342,0.22306397306397305,2.5571581196581192,0.5707070707070707,0.26262626262626265,0.30808080808080807,1.3883421958068174,2.2583536210438413,0.8700114252370239
194,0.37100806040199985,0.1141918625083608,0.2568161978936391,3.248988607877691,0.5707070707070707,0.17845117845117842,0.3922558922558923,1.3334438199275889,2.4885012280616357,1.1550574081340468
195,0.35333129272523206,0.13554739312315067,0.2177838996020814,2.606699284907791,0.5454545454545454,0.2222222222222222,0.3232323232323232,1.361704303630627,2.293127010878049,0.9314227072474217
196,0.3306295275992246,0.12198868596174993,0.20864084163747465,2.71032944565773,0.5,0.20202020202020202,0.297979797979798,1.3469275018155025,2.3518693050041795,1.004941803188677
197,0.34873992449750024,0.13261401897765535,0.2161259055198449,2.6297364877861127,0.5353535353535354,0.21632996632996634,0.319023569023569,1.3835914118583663,2.3331229611589994,0.9495315493006331
198,0.31200897867564537,0.11937840809894683,0.19263057057669852,2.6136131620806724,0.5,0.2222222222222222,0.2777777777777778,1.4903220583869214,2.438080786643159,0.9477587282562374
199,0.3491735537190082,0.1128314571075514,0.23634209661145683,3.0946472080580736,0.5454545454545454,0.17676767676767677,0.3686868686868686,1.3958794340774383,2.461042324022394,1.065162889944956
200,0.36965615753494546,0.13760500629187497,0.2320511512430705,2.686356895699457,0.5757575757575758,0.23232323232323232,0.3434343434343435,1.4026195349125232,2.2899671670097232,0.8873476320972
201,0.33876645240281605,0.14342640773617205,0.195340044666644,2.3619531280875785,0.5151515151515151,0.2222222222222222,0.29292929292929293,1.3584369917445562,2.2367463137689154,0.8783093220243592
202,0.29818385878991943,0.11547291092745637,0.18271094786246306,2.582284073337752,0.4696969696969697,0.18181818181818182,0.2878787878787879,1.4908824251578854,2.490495528307471,0.9996131031495854
203,0.3735333129272523,0.1319479871668424,0.2415853257604099,2.8309133087034963,0.5505050505050505,0.20202020202020202,0.3484848484848485,1.277948009967402,2.2978108314635115,1.0198628214961094
204,0.3481277420671359,0.12949075491163034,0.21863698715550559,2.688437041738711,0.5454545454545454,0.2222222222222222,0.3232323232323232,1.4205936468852833,2.34321019277816,0.9226165458928768
205,0.2703805734108764,0.12595653504744414,0.14442403836343226,2.1466180639935195,0.45454545454545453,0.17676767676767677,0.2777777777777778,1.608128395868485,2.328662591584412,0.720534195715927
206,0.3682787470666259,0.12346812683513023,0.24481062023149566,2.9827839500505,0.5555555555555556,0.17508417508417512,0.38047138047138046,1.313268667808976,2.3700815592025855,1.0568128913936095
207,0.3684317926742169,0.14325068870523416,0.22518110396898272,2.571937321937322,0.5656565656565656,0.26262626262626265,0.303030303030303,1.3135377233495957,2.2654764022088796,0.9519386788592838
208,0.3355780022446689,0.14561014182226303,0.18996786042240585,2.304633441359376,0.5151515151515151,0.23232323232323232,0.2828282828282828,1.3827777414914089,2.2536888597522498,0.8709111182608409
209,0.37761452912968074,0.10504880454375404,0.2725657245859267,3.5946580331849463,0.5757575757575758,0.14562289562289563,0.43013468013468015,1.3581031835785369,2.4738466245326256,1.1157434409540887
210,0.39309764309764317,0.13963427768141573,0.25346336541622744,2.815194446699684,0.5909090909090909,0.23737373737373738,0.3535353535353536,1.340549508122983,2.2352076854130134,0.8946581772900304
211,0.3120855014794409,0.13051389314015577,0.18157160833928515,2.3912052117263847,0.48484848484848486,0.19612794612794615,0.2887205387205387,1.4394205515411242,2.312233114827196,0.8728125632860719
212,0.371033568003265,0.1337264338106089,0.2373071341926561,2.7745716193160748,0.5606060606060606,0.2474747474747475,0.31313131313131304,1.3038769450888226,2.3309577045658645,1.027080759477042
213,0.2910927456382002,0.12412849029010646,0.16696425534809373,2.3450921295979175,0.4797979797979798,0.20202020202020202,0.2777777777777778,1.5726024517236776,2.305201547769472,0.7325990960457942
214,0.30343842465054593,0.12877370789828702,0.17466471675225892,2.3563693987146763,0.494949494949495,0.1919191919191919,0.3030303030303031,1.515542860110159,2.306183549887978,0.7906406897778191
215,0.3146362616059586,0.12446008910655376,0.19017617249940483,2.528009290886733,0.4898989898989899,0.20202020202020202,0.28787878787878785,1.447307415284623,2.4152312603649664,0.9679238450803433
216,0.3323130292827263,0.11974118287249601,0.2125718464102303,2.775260952921963,0.5404040404040404,0.18686868686868688,0.3535353535353536,1.5134544377580457,2.4294107538329026,0.915956316074857
217,0.34669931639628604,0.13091918058248025,0.21578013581380578,2.648193449223908,0.5404040404040404,0.22727272727272727,0.31313131313131315,1.3827106350349125,2.3549450926051567,0.9722344575702442
218,0.3981226405468829,0.12464714484916503,0.2734754956977179,3.1939972714870395,0.5959595959595959,0.1919191919191919,0.404040404040404,1.2983700582006779,2.3369960312469007,1.0386259730462228
219,0.354887256402408,0.13714161820222426,0.21774563820018372,2.5877429554542926,0.5555555555555556,0.20117845117845118,0.3543771043771044,1.3893703453960968,2.292383379038896,0.9030130336427991
220,0.4106468727680848,0.14979338842975207,0.2608534843383328,2.741421881651766,0.6161616161616161,0.30303030303030304,0.3131313131313131,1.3254224061686413,2.3517956016264963,1.026373195457855
221,0.31573308846036113,0.13340475461687581,0.18232833384348532,2.3667304015296367,0.51010101010101,0.21717171717171718,0.2929292929292929,1.4987028340568584,2.287220192581862,0.7885173585250036
222,0.3025711662075298,0.13857996349578844,0.16399120271174134,2.1833687827225123,0.4797979797979798,0.18013468013468015,0.29966329966329963,1.47811179204436,2.2329305638065056,0.7548187717621455
223,0.29545454545454547,0.12004869117663731,0.17540585427790817,2.461122587499262,0.4898989898989899,0.20202020202020202,0.28787878787878785,1.556667454369999,2.4471797318734483,0.8905122775034493
224,0.42740536679930613,0.13722522645081567,0.2901801403484905,3.114626791689041,0.6313131313131313,0.23232323232323232,0.39898989898989895,1.2923607946863374,2.298563556887925,1.0062027622015874
225,0.23150698908274667,0.11947477014817082,0.11203221893457585,1.9377060846874632,0.3686868686868687,0.1994949494949495,0.16919191919191917,1.6657869388174658,2.4058652335744055,0.7400782947569398
226,0.33119069482705843,0.11731512657438585,0.21387556825267257,2.8230860290387256,0.5303030303030303,0.17676767676767677,0.3535353535353535,1.440672868619702,2.422897683892204,0.9822248152725022
227,0.36886542189572497,0.1268818941377864,0.24198352775793858,2.9071557009951197,0.5505050505050505,0.1877104377104377,0.3627946127946128,1.3171562007325177,2.3142037991660453,0.9970475984335276
228,0.2943577186001428,0.12729993538074347,0.16705778321939935,2.3123163238044344,0.48484848484848486,0.18181818181818182,0.30303030303030304,1.5552510822165082,2.313497452218213,0.7582463700017048
229,0.36121314151617184,0.12206804294346384,0.239145098572708,2.9591130717436727,0.5555555555555556,0.23737373737373738,0.31818181818181823,1.3571444414565543,2.396628751275922,1.0394843098193678
230,0.36690133659830626,0.12020882222902426,0.246692514369282,3.052199745367095,0.5606060606060606,0.16666666666666666,0.3939393939393939,1.3283680011646282,2.399613625141545,1.071245623976917
231,0.43204775022956843,0.15597898173655753,0.2760687684930109,2.7699100572363036,0.6262626262626263,0.21801346801346805,0.40824915824915825,1.22544672141426,2.105074989068277,0.8796282676540172
232,0.34761759004183246,0.12079833123604167,0.2268192588057908,2.877668809534982,0.5505050505050505,0.21717171717171718,0.3333333333333333,1.4477826985854827,2.4093061905551507,0.961523491969668
233,0.3175696357514539,0.1205744311804918,0.19699520457096212,2.6338057964882586,0.5151515151515151,0.21212121212121213,0.303030303030303,1.5053217572121835,2.3978745096913876,0.8925527524792041
234,0.26859504132231404,0.1388747179992971,0.12972032332301695,1.9340816326530614,0.4494949494949495,0.20707070707070707,0.24242424242424243,1.6223065637036607,2.2383636266899956,0.6160570629863349
235,0.34726048362412,0.14393089140563886,0.20332959221848113,2.4126890359168245,0.5353535353535354,0.23316498316498316,0.30218855218855223,1.3885573655951553,2.197486288103356,0.8089289225082006
236,0.33004285277012546,0.11729953859583489,0.21274331417429057,2.813675626698882,0.5353535353535354,0.18602693602693604,0.3493265993265993,1.5170562353392274,2.4414305330207497,0.9243742976815223
237,0.31274869911233544,0.13628711355984086,0.17646158555249458,2.294778214486243,0.5,0.21212121212121213,0.28787878787878785,1.4943742647866378,2.2369820822437827,0.7426078174571449
238,0.3134374043464953,0.12243790316180889,0.19099950118468642,2.559970370713302,0.5,0.16666666666666666,0.33333333333333337,1.4891791587503338,2.384062729286279,0.8948835705359452
239,0.40740740740740744,0.1475586391411307,0.25984876826627673,2.760986478180701,0.6060606060606061,0.22727272727272727,0.3787878787878788,1.2242816955967533,2.2006543025105456,0.9763726069137924
240,0.37200285685134166,0.13131313131313133,0.24068972553821033,2.832944832944832,0.5606060606060606,0.2474747474747475,0.31313131313131304,1.2866655941901173,2.3441531112237515,1.0574875170336342
241,0.32654831139679624,0.12819836978086135,0.1983499416159349,2.5472111069352024,0.5303030303030303,0.18181818181818182,0.34848484848484845,1.5246341751180856,2.297296032700464,0.7726618575823783
242,0.3403224160799918,0.14254781258148264,0.19777460349850917,2.3874264355018284,0.5353535353535354,0.21548821548821548,0.31986531986531985,1.3967899153296235,2.230540673944436,0.8337507586148123
243,0.4232986429956127,0.1541140926662812,0.26918455032933153,2.746657594203432,0.6212121212121212,0.25252525252525254,0.3686868686868687,1.2629731946749243,2.181355576109778,0.9183823814348537
244,0.36455463728191,0.15596197666904738,0.20859266061286263,2.337458431009104,0.5505050505050505,0.25252525252525254,0.29797979797979796,1.315482007265878,2.1166562849753405,0.8011742777094626
245,0.44944393429241913,0.15302860252355202,0.29641533176886714,2.9369929992221357,0.6464646464646465,0.26262626262626265,0.38383838383838387,1.1995383776484705,2.2236431410079707,1.0241047633595002
246,0.2975206611570248,0.10829818952714576,0.18922247162987904,2.7472357798045093,0.4696969696969697,0.17676767676767677,0.29292929292929293,1.491328722189385,2.5117811942729333,1.0204524720835484
247,0.3318794000612182,0.11878039655817434,0.21309900350304384,2.7940586972083032,0.5303030303030303,0.18686868686868688,0.3434343434343434,1.4704870237023464,2.441040926265094,0.9705539025627477
248,0.3044587287011529,0.12960270493940526,0.17485602376174766,2.3491695550914637,0.4595959595959596,0.2222222222222222,0.2373737373737374,1.4502156224732232,2.3651476397493334,0.9149320172761102
249,0.324915824915825,0.1720572730673741,0.1528585518484509,1.8884166831389606,0.5202020202020202,0.29629629629629634,0.22390572390572389,1.480586504338858,2.061218096443107,0.5806315921042491
250,0.352157943067034,0.12842935528120714,0.22372858778582688,2.7420362135740217,0.5505050505050505,0.23737373737373738,0.31313131313131315,1.4172972418611298,2.4042632358855296,0.9869659940243998
251,0.30246913580246915,0.12005577662143321,0.18241335918103593,2.5194050991501413,0.494949494949495,0.16161616161616163,0.33333333333333337,1.5305766290135472,2.389293229357233,0.8587166003436859
252,0.3300173451688603,0.12307984446031583,0.20693750070854444,2.68132728486886,0.5303030303030303,0.17508417508417512,0.35521885521885516,1.4994593138173238,2.333310875019604,0.8338515612022801
253,0.3134374043464952,0.10483340702195922,0.208603997324536,2.9898618508205135,0.5151515151515151,0.16666666666666666,0.3484848484848485,1.5367508474668996,2.568586859709516,1.0318360122426162
254,0.415263748597082,0.1394245485154576,0.2758392000816244,2.9784120014635938,0.6111111111111112,0.20707070707070707,0.4040404040404041,1.2482204519275002,2.2015546215645423,0.9533341696370421
255,0.3735843281297826,0.1349068689136029,0.2386774592161797,2.7692016806722686,0.5656565656565656,0.2222222222222222,0.3434343434343434,1.3303262340398785,2.259517717673354,0.9291914836334754
256,0.32889501071319255,0.13159654910496665,0.1972984616082259,2.499267746381805,0.494949494949495,0.1936026936026936,0.30134680134680136,1.4179390368589027,2.3075862418917277,0.889647205032825
257,0.3541220283644526,0.14011041957169904,0.21401160879275358,2.527449631847237,0.5505050505050505,0.2222222222222222,0.3282828282828283,1.4151914005327197,2.2525067859846573,0.8373153854519375
258,0.43495561677379857,0.1378374088811799,0.29711820789261867,3.155570177242259,0.6363636363636364,0.21885521885521883,0.4175084175084175,1.2471275948562828,2.2685841314152757,1.021456536558993
259,0.35631568207325787,0.13343309639605938,0.22288258567719849,2.6703695836873407,0.5555555555555556,0.21885521885521886,0.3367003367003367,1.4055350691631163,2.3538582126116396,0.9483231434485233
260,0.31486583001734514,0.10425806890453354,0.2106077611128116,3.0200619801011253,0.51010101010101,0.17676767676767677,0.33333333333333326,1.4923838177151596,2.5311828860165173,1.0387990683013577
261,0.388327721661055,0.1172329354147536,0.2710947862463014,3.3124456048738034,0.5858585858585859,0.16161616161616163,0.4242424242424242,1.2954489110502982,2.373232283921384,1.0777833728710857
262,0.26936026936026936,0.13130604586833544,0.13805422349193391,2.0513927411260644,0.4292929292929293,0.25252525252525254,0.17676767676767674,1.5455540206150458,2.398413354761802,0.8528593341467561
263,0.395112743597592,0.16346687979684615,0.23164586380074587,2.417081332246822,0.5959595959595959,0.30303030303030304,0.2929292929292929,1.3187578651582907,2.1472766346320094,0.8285187694737186
264,0.3556779920416284,0.13684828078767475,0.21882971125395367,2.599068033550792,0.5454545454545454,0.23737373737373738,0.30808080808080807,1.3684677967864363,2.33208375117652,0.9636159543900837
265,0.3132333435363739,0.13937920166876397,0.17385414186760992,2.247346374395055,0.5,0.23232323232323232,0.2676767676767677,1.4882524620615607,2.3066052474644763,0.8183527854029156
266,0.3516732986429956,0.13289601968053144,0.21877727896246418,2.6462289802838534,0.5404040404040404,0.218013468013468,0.32239057239057245,1.344414104311077,2.3029516015216283,0.9585374972105511
267,0.3918732782369146,0.1573280504256935,0.23454522781122109,2.4908036245068548,0.5808080808080808,0.28198653198653195,0.2988215488215488,1.239343139112934,2.092610339545275,0.8532672004323412
268,0.336317722681359,0.12070196918681766,0.21561575349454135,2.7863482671174977,0.5303030303030303,0.20202020202020202,0.3282828282828283,1.4297303755865869,2.4460873011070565,1.0163569255204696
269,0.3850882563003775,0.15692843133920573,0.2281598249611718,2.4539100595990613,0.5707070707070707,0.23737373737373735,0.33333333333333337,1.2481607124610865,2.0694645470973745,0.821303834636288
270,0.2944087338026733,0.11777709757507737,0.17663163622759592,2.4997112330349416,0.46464646464646464,0.20202020202020202,0.26262626262626265,1.4850328242693516,2.425523019855607,0.9404901955862555
271,0.322467095194368,0.1206339489167772,0.2018331462775908,2.6731040315759804,0.5050505050505051,0.20707070707070707,0.297979797979798,1.427133779425196,2.4249622994538536,0.9978285200286576
272,0.3044587287011529,0.13210670113027015,0.17235202757088278,2.304642581309534,0.4595959595959596,0.20707070707070707,0.25252525252525254,1.4149877005488418,2.31149810565136,0.8965104051025181
273,0.3593510866238138,0.1118479973698829,0.2475030892539309,3.212852219744576,0.5606060606060606,0.1994949494949495,0.36111111111111105,1.373283334549381,2.484979406917938,1.1116960723685572
274,0.3795786144270993,0.1501207359793218,0.22945787844777749,2.528488898957862,0.5808080808080808,0.2584175084175084,0.3223905723905724,1.367234281978166,2.2022406059160002,0.8350063239378342
275,0.39751045811651864,0.14298994433674567,0.25452051377977297,2.7799889003409177,0.601010101010101,0.23232323232323232,0.3686868686868687,1.3447855985002874,2.2695708564123875,0.9247852579121001
276,0.35149474543413933,0.11563445906880251,0.23586028636533682,3.0397058823529406,0.5454545454545454,0.16666666666666666,0.3787878787878788,1.3751948648493855,2.4188459237706774,1.043651058921292
277,0.2959391898785838,0.13489836637984787,0.16104082349873594,2.1937937264953673,0.4797979797979798,0.21212121212121213,0.2676767676767676,1.5131333763348804,2.3474265538180843,0.8342931774832039
278,0.31527395163758803,0.10849799907038966,0.20677595256719838,2.905804294446476,0.5050505050505051,0.1851851851851852,0.31986531986531985,1.4743821356710405,2.516761672457742,1.0423795367867017
279,0.3157841036628916,0.12680112006711333,0.18898298359577828,2.490388913723738,0.5202020202020202,0.234006734006734,0.2861952861952862,1.5627914370172327,2.406383037706985,0.8435916006897524
280,0.3580246913580247,0.12853847113106373,0.229486220226961,2.785350472956585,0.5555555555555556,0.2112794612794613,0.3442760942760943,1.370874084994813,2.3675301647879694,0.9966560797931565
281,0.4062850729517396,0.1389314015576642,0.2673536713940754,2.9243574051407584,0.6060606060606061,0.22306397306397308,0.382996632996633,1.2698134643765644,2.3346336946973962,1.0648202303208318
282,0.3379502091623305,0.1425619834710744,0.19538822569125608,2.3705492932546077,0.5252525252525253,0.23737373737373738,0.28787878787878796,1.4160822371488713,2.25340819093613,0.8373259537872586
283,0.3866952351800837,0.15427138954074981,0.23242384563933388,2.506590731640105,0.5757575757575758,0.26851851851851855,0.30723905723905726,1.2966978750233085,2.1204108646150597,0.8237129895917512
284,0.3066013672074278,0.12919883458603998,0.17740253262138783,2.3730970034659764,0.48484848484848486,0.2037037037037037,0.28114478114478114,1.4783902721663902,2.359397169927756,0.8810068977613656
285,0.4141414141414142,0.14764083030076297,0.26650058384065123,2.8050601808304383,0.6111111111111112,0.2457912457912458,0.3653198653198654,1.2352909503195617,2.2818714794022203,1.0465805290826586
286,0.3543005815733088,0.1268748086929905,0.2274257728803183,2.792521109770808,0.5454545454545454,0.1919191919191919,0.3535353535353535,1.33979203880944,2.2967651857180758,0.9569731469086358
287,0.43174165901438627,0.14537632214399893,0.28636533687038734,2.9698210316996136,0.6313131313131313,0.2222222222222222,0.40909090909090906,1.2518250640551494,2.187643945513958,0.9358188814588084
288,0.36134067952249765,0.12117385981022347,0.2401668197122742,2.982001894537416,0.5606060606060606,0.18686868686868688,0.3737373737373737,1.409101830371868,2.421472635531831,1.0123708051599627
289,0.35792266095296393,0.1243240485664728,0.23359861238649113,2.8789495281083295,0.5454545454545454,0.20202020202020202,0.3434343434343434,1.3030550442043403,2.3457517720517282,1.042696727847388
290,0.3711866136108561,0.13927575417474405,0.23191085943611203,2.665120112328684,0.5707070707070707,0.22306397306397308,0.34764309764309764,1.3911513793371177,2.3412949464707307,0.9501435671336129
291,0.3312927252321192,0.12533301590540646,0.20595970932671276,2.6432997150739457,0.5252525252525253,0.18181818181818182,0.3434343434343435,1.4246333334717525,2.338771715520638,0.9141383820488853
292,0.3196357514539332,0.12460888344726728,0.1950268680066659,2.565112073965405,0.51010101010101,0.19276094276094274,0.3173400673400673,1.4858528028611766,2.3872945213882355,0.9014417185270589
293,0.2706356494235282,0.1106307179539503,0.1600049314695779,2.4462975060523378,0.41414141414141414,0.18181818181818182,0.23232323232323232,1.5448500051913912,2.5246633283277804,0.9798133231363892
294,0.34976022854810734,0.1488070945141652,0.20095313403394213,2.350427106248036,0.5353535353535354,0.23232323232323232,0.30303030303030304,1.3740892199735715,2.2262546159968677,0.8521653960232962
295,0.35782063054790325,0.1390135927172964,0.21880703783060684,2.5739974311402882,0.5606060606060606,0.20707070707070704,0.3535353535353535,1.4357674507956688,2.27425440501501,0.8384869542193412
296,0.31904907662483417,0.10240451654593069,0.21664456007890348,3.1155762205247424,0.5202020202020202,0.2037037037037037,0.3164983164983165,1.5169595883289653,2.6078858776966043,1.090926289367639
297,0.4161820222426283,0.13443356120123795,0.28174846104139034,3.095819366263994,0.6161616161616161,0.25757575757575757,0.35858585858585856,1.2732713166995593,2.333479602227726,1.0602082855281667
298,0.2902509947964494,0.13730458343252955,0.15294641136391984,2.113920653923957,0.4797979797979798,0.2222222222222222,0.25757575757575757,1.5541646656001964,2.258947124912615,0.7047824593124186
299,0.3608560350984593,0.12414266117969822,0.2367133739187611,2.9067850783069265,0.5656565656565656,0.20202020202020202,0.36363636363636365,1.405417672276595,2.330486470488143,0.9250687982115482
300,0.38011427405366793,0.14603243433209764,0.2340818397215703,2.602944173273427,0.5808080808080808,0.25252525252525254,0.32828282828282823,1.314693370575503,2.193657484498167,0.8789641139226638
301,0.3060146923783288,0.12020315387318756,0.18581153850514123,2.5458125058945584,0.5,0.18181818181818182,0.3181818181818182,1.5202916436673561,2.3751210079143306,0.8548293642469744
302,0.341648811345781,0.11850406421113491,0.2231447471346461,2.883013452914798,0.5353535353535354,0.20959595959595959,0.3257575757575758,1.4415845565968777,2.4173518417690945,0.9757672851722168
303,0.320171411080502,0.13255450124136994,0.18761690983913207,2.415394483643361,0.494949494949495,0.21212121212121213,0.2828282828282829,1.4014735310919406,2.2931951023467168,0.8917215712547761
304,0.3108866442199775,0.12416250042512668,0.18672414379485086,2.503869067999726,0.494949494949495,0.20707070707070707,0.2878787878787879,1.4354126501008464,2.3625125579241293,0.9270999078232829
305,0.31496786042240593,0.11576483125304673,0.1992030291693592,2.720756010380454,0.5151515151515151,0.15824915824915825,0.3569023569023569,1.5214631149802198,2.4118633553523137,0.8904002403720939
306,0.40753494541373336,0.16836433923976013,0.23917060617397323,2.4205538254355696,0.6111111111111112,0.3333333333333333,0.27777777777777785,1.3195866751561183,2.2326736027800043,0.913086927623886
307,0.3388429752066116,0.12927252321191715,0.20957045199469446,2.621152328334649,0.5404040404040404,0.20202020202020202,0.33838383838383845,1.4362031684036611,2.285163334579919,0.848960166176258
308,0.3510866238138965,0.11100341235021369,0.2400832114636828,3.162845325026809,0.5303030303030303,0.1978114478114478,0.3324915824915825,1.360078508075719,2.497335596248682,1.1372570881729631
309,0.37965513723089483,0.13494654740445988,0.24470858982643495,2.8133742176670724,0.5757575757575758,0.20202020202020202,0.3737373737373738,1.3310961649105923,2.2647616032758755,0.9336654383652832
310,0.4405162738496072,0.1503644752803002,0.29015179856930695,2.929656576318468,0.6363636363636364,0.23737373737373738,0.398989898989899,1.1755492763397533,2.1685422674020667,0.9929929910623134
311,0.35861136618712375,0.1343116915507488,0.22429967463637496,2.669993669550538,0.5656565656565656,0.22727272727272727,0.33838383838383834,1.4265731853462669,2.374986820270299,0.9484136349240322
312,0.3183858789919396,0.13295553741681687,0.18543034157512273,2.3946793430182365,0.5,0.20202020202020202,0.297979797979798,1.426432104136433,2.3304667867752005,0.9040346826387675
313,0.3312927252321192,0.136842612431838,0.1944501128002812,2.4209763270716405,0.5202020202020202,0.22727272727272727,0.29292929292929293,1.412096752495176,2.2776671635923393,0.8655704110971634
314,0.37197734925007647,0.11108135224296842,0.2608959970071081,3.3486930230778054,0.5656565656565656,0.17676767676767677,0.38888888888888884,1.3431006855588443,2.480875364797079,1.1377746792382346
315,0.34389348025711663,0.1323135961183099,0.21157988413880674,2.5990789332762136,0.5303030303030303,0.22727272727272727,0.303030303030303,1.3434668249101611,2.3298413678588896,0.9863745429487285
316,0.4362309968370574,0.14263850627486993,0.2935924905621875,3.0582975679542197,0.6313131313131313,0.2474747474747475,0.38383838383838376,1.1784569405521914,2.174133181409164,0.9956762408569726
317,0.409805121926334,0.12813743495561677,0.2816676869707172,3.1981686075445404,0.601010101010101,0.20791245791245794,0.39309764309764306,1.2476073375919632,2.2884854523970515,1.0408781148050883
318,0.33006836037139076,0.12464431067124668,0.20542404970014408,2.6480820391550526,0.5252525252525253,0.20202020202020202,0.3232323232323233,1.4386250024712903,2.377949583139263,0.9393245806679729
319,0.4107744107744108,0.13483034610980738,0.2759440646646034,3.0466020641960783,0.6060606060606061,0.21717171717171718,0.3888888888888889,1.2589225927911225,2.30883121973043,1.0499086269393074
320,0.37929803081318236,0.15276218979922684,0.22653584101395552,2.482931354359926,0.5707070707070707,0.20033670033670037,0.37037037037037035,1.2990518538778806,2.127754174577797,0.8287023206999165
321,0.2942046729925518,0.12301749254611208,0.17118718044643974,2.391567791729064,0.48484848484848486,0.21717171717171718,0.2676767676767677,1.5480780295422603,2.46769747917613,0.9196194496338699
322,0.3413427201305989,0.1430012810484191,0.1983414390821798,2.386990645314729,0.5353535353535354,0.2222222222222222,0.31313131313131315,1.4284071367551174,2.233928940998786,0.8055218042436687
323,0.33522089582695647,0.13193098209933224,0.20328991372762423,2.540880773361977,0.5303030303030303,0.19696969696969696,0.3333333333333333,1.445765912330731,2.275645561993776,0.829879649663045
324,0.37070196918681764,0.13724789987416247,0.23345406931265517,2.700966422995912,0.5606060606060606,0.21632996632996632,0.34427609427609424,1.2931510932858052,2.2609636984501624,0.9678126051643572
325,0.313973063973064,0.12689748211633733,0.18707558185672668,2.4742261133693666,0.494949494949495,0.202020202020202,0.292929292929293,1.4266178278558361,2.3761508364892174,0.9495330086333813
326,0.4113610856035099,0.12008128422269837,0.29127980138081155,3.425688593075126,0.6111111111111112,0.20707070707070707,0.4040404040404041,1.287434422215162,2.379206036388449,1.0917716141732872
327,0.34639322518110394,0.12635898831185025,0.2200342368692537,2.7413421855374125,0.5303030303030303,0.19865319865319864,0.33164983164983164,1.371514208271894,2.3731186532705784,1.0016044449986843
328,0.36807468625650447,0.1493214978063463,0.21875318845015818,2.46498120942945,0.5555555555555556,0.23232323232323232,0.32323232323232326,1.29432540484364,2.2757205718623554,0.9813951670187155
329,0.28502193653708807,0.12247474747474746,0.1625471890623406,2.3271894199729255,0.45454545454545453,0.22727272727272727,0.22727272727272727,1.5237107082712527,2.427978591348929,0.9042678830776762
330,0.3457300275482093,0.11959238853178247,0.22613763901642683,2.8909032739682194,0.5454545454545454,0.20202020202020202,0.3434343434343434,1.4176503704283947,2.4657149939923637,1.048064623563969
331,0.3077492092643608,0.12653187316486977,0.181217336099491,2.43218725501176,0.48484848484848486,0.1919191919191919,0.29292929292929293,1.4520787182901327,2.367669482738506,0.9155907644483732
332,0.3654984185287216,0.15169512181296696,0.21380329671575465,2.4094276345904135,0.5555555555555556,0.23737373737373738,0.31818181818181823,1.3650928655060328,2.150168009777998,0.785075144271965
333,0.3441230486685032,0.1467650693239919,0.1973579793445113,2.3447203769504092,0.5303030303030303,0.23737373737373738,0.29292929292929293,1.3754461374836846,2.2385958817497347,0.8631497442660501
334,0.33593510866238135,0.1372705732975093,0.19866453536487205,2.4472478011314367,0.5303030303030303,0.21380471380471378,0.3164983164983165,1.434611536672731,2.330641796720885,0.8960302600481538
335,0.30292827262524236,0.11888384405219421,0.18404442857304815,2.5481029406505913,0.494949494949495,0.18434343434343434,0.31060606060606066,1.5200593797592086,2.3909271856048697,0.8708678058456611
336,0.29869401081522295,0.12466981827251186,0.1740241925427111,2.3958806947349283,0.4898989898989899,0.2222222222222222,0.2676767676767677,1.5158569151951298,2.3832539426502124,0.8673970274550826
337,0.3877155392306908,0.13975898150982324,0.24795655772086755,2.7741726151849457,0.5909090909090909,0.2474747474747475,0.3434343434343434,1.346315693211693,2.2524294332822405,0.9061137400705475
338,0.26994694418936843,0.12921867383146846,0.14072827035789998,2.0890706906762,0.4494949494949495,0.18686868686868688,0.26262626262626265,1.6113373069771157,2.266706508318687,0.6553692013415711
339,0.26374859708193044,0.11485647723021461,0.14889211985171583,2.2963319391494244,0.4292929292929293,0.18686868686868688,0.2424242424242424,1.5940433555637221,2.4444316892743956,0.8503883337106735
340,0.32239057239057245,0.1381491684521987,0.18424140393837374,2.3336410635155107,0.5202020202020202,0.19276094276094274,0.3274410774410775,1.4942531455835957,2.2352755142380656,0.7410223686544699
341,0.30389756147331903,0.12039587797163556,0.18350168350168347,2.524152542372881,0.494949494949495,0.1919191919191919,0.3030303030303031,1.4987855298029729,2.389622428956732,0.8908368991537592
342,0.25951433527191103,0.1121370835175549,0.14737725175435612,2.3142597179396454,0.4393939393939394,0.1717171717171717,0.2676767676767677,1.651383759770445,2.477103245100435,0.8257194853299901
343,0.3302214059789818,0.13532916142343754,0.19489224455554427,2.440134871934491,0.5202020202020202,0.1936026936026936,0.3265993265993266,1.4262288877149651,2.2440441726076097,0.8178152848926445
344,0.30991735537190085,0.1269938441655613,0.18292351120633954,2.4404124263524376,0.494949494949495,0.19107744107744104,0.30387205387205396,1.444903686547205,2.3110246630309073,0.8661209764837023
345,0.2477808386899296,0.1241199877563514,0.12366085093357819,1.9963008631319357,0.40404040404040403,0.2222222222222222,0.18181818181818182,1.6697329078603502,2.383525344166563,0.7137924363062127
346,0.36608509335782063,0.11443843598725753,0.25164665737056313,3.198969735994849,0.5707070707070707,0.19696969696969696,0.37373737373737376,1.3917909940860302,2.447872379621503,1.0560813855354727
347,0.353892459953066,0.13061167227833895,0.22328078767472706,2.709501025290499,0.5606060606060606,0.22727272727272727,0.33333333333333326,1.464144525902625,2.3267498925258683,0.8626053666232434
348,0.320451994694419,0.13556439819066082,0.18488759650375816,2.3638359257400907,0.5151515151515151,0.2239057239057239,0.2912457912457912,1.5064290136521978,2.28772084207303,0.7812918284208323
349,0.3636363636363636,0.12296931152150009,0.2406670521148635,2.957131003964229,0.5606060606060606,0.18181818181818182,0.37878787878787873,1.3646758888944113,2.3863496811735887,1.0216737922791774
350,0.32157432915008677,0.12457629040120624,0.19699803874888053,2.581344556933227,0.5050505050505051,0.21212121212121213,0.29292929292929293,1.4333678640103436,2.3724319904633235,0.93906412645298
351,0.2912968064483216,0.1245295264655534,0.16676727998276822,2.339178624668571,0.47474747474747475,0.18181818181818182,0.29292929292929293,1.5275270678055937,2.3417421588867717,0.8142150910811781
352,0.31583511886542187,0.14370415717217064,0.17213096169325123,2.1978147680656357,0.5,0.2222222222222222,0.2777777777777778,1.4820807554217483,2.2268641743490836,0.7447834189273352
353,0.3544026119783696,0.13253749617385982,0.22186511580450977,2.673979984603541,0.5555555555555556,0.21717171717171718,0.3383838383838384,1.4130974877373683,2.3142621677731245,0.9011646800357562
354,0.3740179573512907,0.1278951127435976,0.24612284460769307,2.924411647387315,0.5808080808080808,0.22727272727272727,0.3535353535353535,1.3991236518679042,2.4621238468564295,1.0630001949885253
355,0.3177736965615754,0.1199112335475972,0.1978624630139782,2.6500744522442035,0.5050505050505051,0.18434343434343434,0.3207070707070707,1.4079179788317155,2.3901890483860497,0.9822710695543342
356,0.365421895724926,0.13521862848462177,0.23020326724030424,2.7024523160762937,0.5656565656565656,0.20875420875420878,0.35690235690235683,1.36200863942189,2.2988321789515176,0.9368235395296276
357,0.3324660748903174,0.1342209978573615,0.19824507703295588,2.4770049410870394,0.5252525252525253,0.22727272727272727,0.297979797979798,1.4451191173439644,2.3207149252255306,0.8755958078815662
358,0.35481073359861237,0.11564296160255756,0.23916777199605482,3.068156753179913,0.5606060606060606,0.19696969696969696,0.3636363636363636,1.4497140177419432,2.4527536796049785,1.0030396618630353
359,0.2971890623405775,0.11992540443718896,0.17726365790338855,2.4781159899796754,0.4898989898989899,0.21212121212121213,0.2777777777777778,1.5149400473813746,2.4259430147908345,0.91100296740946
360,0.39975512702785426,0.12835424956637076,0.2714008774614835,3.114467408585056,0.601010101010101,0.19696969696969696,0.40404040404040403,1.2966604197429301,2.2975143600856267,1.0008539403426966
361,0.3369299051117234,0.11145121246131345,0.22547869265040993,3.0231156545621007,0.5252525252525253,0.1919191919191919,0.33333333333333337,1.3959956527606745,2.5132706722684954,1.117275019507821
362,0.3948066523824099,0.1371288644015917,0.2576777879808182,2.8790922619047614,0.5858585858585859,0.21717171717171718,0.3686868686868687,1.2457321585269243,2.254879388418777,1.0091472298918527
363,0.2956330986634017,0.10672522078245983,0.18890787788094188,2.7700397009812385,0.47474747474747475,0.1919191919191919,0.2828282828282829,1.528060244342667,2.578273949798148,1.050213705455481
364,0.3197122742577288,0.13834472672856513,0.18136754752916368,2.3109827300104477,0.5151515151515151,0.20707070707070707,0.30808080808080807,1.494227710166894,2.276569266807766,0.782341556640872
365,0.3822569125599429,0.14717602512215305,0.23508088743778982,2.597277051358586,0.5707070707070707,0.25336700336700335,0.31734006734006737,1.2827239515113082,2.2194349474227635,0.9367109959114552
366,0.3031068258340986,0.1401118366606582,0.16299498917344038,2.1633206234260114,0.494949494949495,0.2727272727272727,0.22222222222222227,1.5322128279091423,2.3412674000731033,0.809054572163961
367,0.37289562289562295,0.12980393157160833,0.24309169132401462,2.8727606196574205,0.5757575757575758,0.21212121212121213,0.36363636363636365,1.375426827409714,2.3663720285401264,0.9909452011304125
368,0.42107948168554227,0.1543649174120555,0.2667145642734868,2.727818527324636,0.6212121212121212,0.2474747474747475,0.3737373737373737,1.279483782727896,2.0974949313936597,0.8180111486657637
369,0.32802775227017655,0.1290344522667755,0.19899330000340104,2.5421718502899315,0.5252525252525253,0.1952861952861953,0.32996632996633,1.4591932684676685,2.297409243301433,0.8382159748337643
370,0.3258851137639016,0.124686823340022,0.2011982904238796,2.6136291312451694,0.5151515151515151,0.21212121212121213,0.303030303030303,1.430935429157615,2.4021766052651543,0.9712411761075392
371,0.28915416794204674,0.12138075479826321,0.16777341314378352,2.382207693654778,0.47474747474747475,0.1919191919191919,0.2828282828282829,1.5514723160183372,2.4012683795735263,0.8497960635551891
372,0.34565350474441375,0.12030801845616661,0.22534548628824713,2.8730712148696074,0.5454545454545454,0.19444444444444442,0.351010101010101,1.4137494522231346,2.352256215677633,0.9385067634544986
373,0.33644526068768493,0.12008128422269837,0.21636397646498656,2.801812646038377,0.5404040404040404,0.23232323232323232,0.3080808080808081,1.4780468717714212,2.4227274374432124,0.9446805656717912
374,0.29963779206203456,0.1343230282624222,0.16531476379961235,2.2307254082795294,0.48484848484848486,0.21717171717171718,0.2676767676767677,1.4915669373204807,2.2652681859616273,0.7737012486411465
375,0.37552290582593617,0.11830425466789103,0.25721865115804515,3.174213022854679,0.5757575757575758,0.18686868686868688,0.38888888888888895,1.3434222120981547,2.418504734264637,1.0750825221664824
376,0.2854810733598612,0.11600857055402511,0.16947250280583612,2.460861917326297,0.46464646464646464,0.20202020202020202,0.26262626262626265,1.541127631180011,2.4739932342467004,0.9328656030666893
377,0.2734414855626977,0.14286524050833815,0.13057624505435955,1.913981907633709,0.4292929292929293,0.19696969696969696,0.23232323232323232,1.5380646114772856,2.1465855052379665,0.608520893760681
378,0.426793184368942,0.14699747191329682,0.27979571245564516,2.903404928083909,0.6212121212121212,0.23232323232323232,0.3888888888888889,1.2271138553511756,2.221856946250588,0.9947430908994124
379,0.33670033670033667,0.11723293541475359,0.21946740128558306,2.8720626631853783,0.5353535353535354,0.1919191919191919,0.3434343434343434,1.4292702615823933,2.4762675940359498,1.0469973324535564
380,0.4358738904193449,0.14776836830708884,0.28810552211225604,2.9497103839809733,0.6313131313131313,0.22727272727272727,0.404040404040404,1.1987935023771057,2.136321580767254,0.9375280783901483
381,0.3213957759412304,0.10946870500742555,0.21192707093380486,2.9359603360561297,0.51010101010101,0.16161616161616163,0.3484848484848484,1.4369984668978497,2.4423095989054873,1.0053111320076376
382,0.3634833180287726,0.12484553730344976,0.23863778072532282,2.9114642451759365,0.5606060606060606,0.1851851851851852,0.3754208754208753,1.3489832275151765,2.3308050492681596,0.981821821752983
383,0.4015406591164166,0.150884546928318,0.25065611218809863,2.661244423573608,0.5959595959595959,0.26262626262626265,0.33333333333333326,1.2656036080387811,2.2002176998275984,0.9346140917888173
384,0.30578512396694213,0.12714972395107074,0.1786354000158714,2.404921650357756,0.4797979797979798,0.20202020202020202,0.2777777777777778,1.4990687510110303,2.3262405846479783,0.827171833636948
385,0.3989388837873686,0.11434207393803354,0.28459680984933505,3.488994646044021,0.5959595959595959,0.1717171717171717,0.4242424242424242,1.2558468361586381,2.4283026870046434,1.1724558508460052
386,0.31216202428323647,0.10820324456688094,0.20395877971635554,2.8849599245638853,0.494949494949495,0.17676767676767677,0.31818181818181823,1.4535169851237948,2.513860469777107,1.0603434846533124
387,0.2900214263850628,0.11567980591549615,0.17434162046956664,2.507105056840455,0.4696969696969697,0.19696969696969696,0.27272727272727276,1.5483853058530639,2.452400530048766,0.9040152241957022
388,0.3308846036118764,0.11719325692389664,0.21369134668797973,2.823409915356712,0.5252525252525253,0.19107744107744104,0.33417508417508424,1.448617694782846,2.471162437833155,1.0225447430503092
389,0.3367258443016019,0.12864616989196112,0.20807967440964079,2.617457205172832,0.5202020202020202,0.2264309764309764,0.2937710437710438,1.3594484924938217,2.373574441754886,1.0141259492610644
390,0.4416896235078053,0.13040052602342164,0.3112890974843836,3.387176700717235,0.6363636363636364,0.1919191919191919,0.4444444444444444,1.1901518216333695,2.3224458845394875,1.132294062906118
391,0.2992041628405264,0.11366895668242469,0.18553520615810173,2.6322416565893305,0.4797979797979798,0.16750841750841752,0.3122895622895623,1.5277018066065045,2.443128385806517,0.9154265792000127
392,0.3749107233955719,0.12552715709281367,0.24938356630275824,2.9866901480001355,0.5707070707070707,0.19696969696969696,0.37373737373737376,1.3303315341639133,2.388198958687251,1.0578674245233377
393,0.322620140801959,0.1344023852441361,0.18821775555782289,2.4004048753742984,0.5050505050505051,0.21717171717171718,0.2878787878787879,1.3975587581877384,2.28145873370839,0.8838999755206514
394,0.35761656973778183,0.12841660148057454,0.2291999682572073,2.784815713970426,0.5454545454545454,0.23737373737373738,0.30808080808080807,1.3546586412613557,2.384072467109111,1.0294138258477554
395,0.28787878787878785,0.12928527701254972,0.15859351086623813,2.226694288250962,0.4696969696969697,0.186026936026936,0.28367003367003374,1.5416968774098323,2.3232441711571123,0.78154729374728
396,0.3541475359657178,0.14270936072282875,0.21143817524288905,2.4815999046730086,0.5303030303030303,0.2441077441077441,0.28619528619528617,1.2990783603639526,2.2696377917852995,0.9705594314213468
397,0.3967197224772982,0.13312558809191805,0.26359413438538015,2.980041088745303,0.601010101010101,0.21717171717171718,0.3838383838383838,1.3522244904731884,2.283197477199185,0.9309729867259966
398,0.39608203244566886,0.1367037377138387,0.25937829473183016,2.8973752954347565,0.5909090909090909,0.21717171717171718,0.37373737373737376,1.2496895856746681,2.240977882126311,0.991288296451643
399,0.3336649321497806,0.1334954483102631,0.2001694838395175,2.4994480064540783,0.5353535353535354,0.21632996632996634,0.319023569023569,1.4466288751428065,2.2915878823616125,0.844959007218806
400,0.30537700234669923,0.1344987472933601,0.17087825505333915,2.270482130815913,0.4898989898989899,0.24242424242424243,0.24747474747474746,1.4621378769872022,2.348162406773097,0.8860245297858946
401,0.3155800428527701,0.1562312235712909,0.15934881928147918,2.0199550105217328,0.5151515151515151,0.22390572390572389,0.29124579124579125,1.5218203675750261,2.0713483969893676,0.5495280294143414
402,0.38082848688909304,0.11270958745706222,0.2681188994320308,3.3788473144236577,0.5757575757575758,0.18181818181818182,0.393939393939394,1.266054404360569,2.398046902836388,1.1319924984758192
403,0.3452198755229058,0.13807264564840324,0.20714722987450254,2.500277110659523,0.5404040404040404,0.2474747474747475,0.29292929292929293,1.4177517727018412,2.3090348565564565,0.8912830838546153
404,0.3499387817569637,0.14979480551871122,0.20014397623825247,2.33612093920875,0.5555555555555556,0.29797979797979796,0.2575757575757576,1.4552316438852957,2.2895216189571856,0.83428997507189
405,0.29905111723293537,0.11344789080479314,0.18560322642814223,2.6360218344429596,0.47474747474747475,0.17087542087542085,0.3038720538720539,1.5036913932663996,2.4284056301116097,0.9247142368452101
406,0.3501683501683502,0.14018977655341291,0.20997857361493727,2.497816593886463,0.5555555555555556,0.2348484848484848,0.3207070707070708,1.456282713348507,2.2605230009986315,0.8042402876501245
407,0.3212937455361698,0.12126313641465156,0.20003060912151824,2.64955826672276,0.5151515151515151,0.23737373737373738,0.2777777777777778,1.4581241987351135,2.3997089575048913,0.9415847587697779
408,0.34766860524436277,0.15211032887800566,0.19555827636635711,2.285634432643935,0.5404040404040404,0.25757575757575757,0.2828282828282829,1.35717084043444,2.1978312215190003,0.8406603810845603
409,0.3609835731047852,0.1405582196827988,0.22042535342198638,2.5682138968423596,0.5454545454545454,0.20875420875420878,0.3367003367003366,1.3374372359949351,2.252381332023604,0.9149440960286688
410,0.30746862565044386,0.1346191998548901,0.17284942579555376,2.283987915407855,0.46464646464646464,0.2222222222222222,0.24242424242424243,1.42269685637641,2.353937518056254,0.9312406616798441
411,0.34412304866850313,0.13509675883413258,0.20902628983437055,2.547233935427024,0.5454545454545454,0.24242424242424243,0.303030303030303,1.450767038864907,2.329089184940046,0.8783221460751391
412,0.42158963371084585,0.14698188393474587,0.2746077497761,2.8683101782666967,0.6161616161616161,0.24242424242424243,0.3737373737373737,1.241967239397911,2.215422593137865,0.9734553537399537
413,0.2396439138863381,0.10865246176693988,0.13099145211939822,2.205600406922906,0.398989898989899,0.18686868686868688,0.21212121212121213,1.6627759985181498,2.4959843211790282,0.8332083226608784
414,0.3891439649015407,0.11172896189731207,0.2774150030042286,3.482928314139313,0.5909090909090909,0.16329966329966328,0.42760942760942766,1.341055494569931,2.4864733257018505,1.1454178311319196
415,0.33142026323844515,0.12230894806652383,0.20911131517192133,2.709697601668405,0.5252525252525253,0.2222222222222222,0.3030303030303031,1.403298387245926,2.4180345853333307,1.0147361980874048
416,0.39062340577492094,0.12596220340328085,0.2646612023716401,3.1011160111601117,0.5858585858585859,0.19696969696969696,0.3888888888888889,1.26022824641222,2.3526039202606883,1.0923756738484682
417,0.32884399551066223,0.1497863029849562,0.17905769252570602,2.1954210028382213,0.494949494949495,0.26262626262626265,0.23232323232323232,1.3512486217587567,2.230940664580093,0.8796920428213364
418,0.3321599836751352,0.1348232606650115,0.19733672301012373,2.463669711270641,0.5,0.23148148148148145,0.26851851851851855,1.3733544702653335,2.3487249090599183,0.9753704387945847
419,0.2950464238343026,0.1125777981838588,0.18246862565044378,2.620822476492579,0.48484848484848486,0.18181818181818182,0.30303030303030304,1.559041844809229,2.4874154156186603,0.9283735708094314
420,0.45214774002652786,0.13187996689680193,0.32026777312972593,3.428479326055187,0.6515151515151515,0.20033670033670037,0.4511784511784511,1.2038441120332393,2.2609397533466913,1.057095641313452
421,0.26849301091725336,0.12212189232391252,0.14637111859334084,2.1985657592424985,0.4444444444444444,0.1776094276094276,0.2668350168350168,1.5664025014419751,2.3499326062077674,0.7835301047657923
422,0.4382205897357413,0.13602070083551565,0.30219988890022564,3.2217198341424793,0.6212121212121212,0.20622895622895623,0.414983164983165,1.1083536521108117,2.2694139540424265,1.1610603019316148
423,0.3384093459851036,0.10812388758516704,0.23028545839993653,3.1298296199213635,0.5404040404040404,0.1919191919191919,0.3484848484848485,1.4644940138537055,2.5334301583221452,1.0689361444684398
424,0.29259769411284564,0.12368635853484339,0.16891133557800225,2.3656424004949472,0.4797979797979798,0.22727272727272727,0.2525252525252525,1.5601451256428942,2.374289429489156,0.8141443038462617
425,0.3424650545862667,0.13655636046208433,0.20590869412418236,2.5078660080528006,0.5303030303030303,0.19696969696969696,0.3333333333333333,1.3739228011297722,2.294755122993621,0.9208323218638488
426,0.41687072747678816,0.138761350882563,0.2781093765942252,3.004227941176471,0.6111111111111112,0.23232323232323232,0.37878787878787884,1.236749428157673,2.2710196402723515,1.0342702121146785
427,0.31078461381491684,0.12231745060027888,0.18846716321463797,2.5408035590157096,0.5,0.1978114478114478,0.30218855218855223,1.446423891225397,2.3612441411192924,0.9148202498938953
428,0.2632894602591572,0.12484270312553142,0.1384467571336258,2.1089695566301163,0.398989898989899,0.19696969696969696,0.20202020202020204,1.5377193408883865,2.395575333750826,0.8578559928624396
429,0.35501479440873385,0.12769105193347619,0.22732374247525766,2.7802636835797045,0.5505050505050505,0.20202020202020202,0.3484848484848485,1.3802547788573203,2.3161112694057717,0.9358564905484514
430,0.35833078257320683,0.12530750830414134,0.2330232742690655,2.859611426503516,0.5505050505050505,0.20370370370370372,0.3468013468013468,1.353614931880638,2.4008014993246083,1.0471865674439702
431,0.28991939598000205,0.14004239930165857,0.14987699667834348,2.070225856067352,0.45454545454545453,0.19696969696969696,0.25757575757575757,1.5032848546788813,2.2124998109819565,0.7092149563030752
432,0.4091419242934395,0.11951161446110942,0.28963030983233007,3.42344906089926,0.6060606060606061,0.18181818181818182,0.42424242424242425,1.2559343282622208,2.387812079151198,1.131877750888977
433,0.27134986225895313,0.12262637599337937,0.14872348626557375,2.2128180830656152,0.4444444444444444,0.17676767676767677,0.2676767676767676,1.5733544794550207,2.3023580495003477,0.729003570045327
434,0.27201305989184776,0.10774410774410773,0.16426895214774004,2.5246212121212124,0.4696969696969697,0.1919191919191919,0.2777777777777778,1.652108437637086,2.5085730220120093,0.8564645843749232
435,0.34016937047240076,0.16660148057454457,0.17356788989785618,2.041814810404368,0.5303030303030303,0.23232323232323232,0.29797979797979796,1.4234154741835259,2.009034237803759,0.5856187636202332
436,0.3638149168452199,0.11978086136335295,0.24403405548186693,3.037337623926366,0.5606060606060606,0.17760942760942763,0.3829966329966329,1.348346588286944,2.405380630630394,1.05703404234345
437,0.3513416998265483,0.13101554263170426,0.22032615719484402,2.681679537932377,0.5404040404040404,0.20707070707070707,0.33333333333333337,1.3759031578722731,2.286443371762329,0.910540213890056
438,0.3667227833894501,0.12724892017821313,0.23947386321123695,2.8819323800614725,0.5757575757575758,0.2222222222222222,0.3535353535353536,1.4272507720534737,2.3303778131731896,0.9031270411197159
439,0.31680440771349866,0.12262921017129771,0.19417519754220094,2.583433484330221,0.5050505050505051,0.20707070707070707,0.297979797979798,1.461333817730249,2.39429804940063,0.9329642316703808
440,0.32445668809305184,0.11435907900554365,0.21009760908750819,2.837174721189592,0.5252525252525253,0.16414141414141414,0.36111111111111116,1.510105099830273,2.4751644639772445,0.9650593641469716
441,0.3262932353841444,0.13119976419639717,0.19509347118774722,2.486995593191048,0.51010101010101,0.20202020202020202,0.30808080808080807,1.414067867555596,2.3359081172764276,0.9218402497208316
442,0.3470309152127334,0.1375369860218345,0.20949392919089888,2.5231824925816024,0.5404040404040404,0.25757575757575757,0.2828282828282829,1.3927571267245806,2.334253296422717,0.9414961696981363
443,0.32315580042852776,0.1362516863358614,0.18690411409266636,2.3717563365193612,0.5252525252525253,0.23232323232323232,0.292929292929293,1.5118968026444055,2.2944925155171765,0.782595712872771
444,0.379833690439751,0.12781575576188373,0.25201793467786726,2.971728236285422,0.5707070707070707,0.19696969696969696,0.37373737373737376,1.3057922194894143,2.3181129658328246,1.0123207463434103
445,0.2886950311192735,0.1388633812876237,0.14983164983164982,2.078986039676708,0.47474747474747475,0.20707070707070707,0.2676767676767677,1.5626876023708394,2.259206294050676,0.6965186916798367
446,0.35562697683909805,0.12065662234012403,0.23497035449897402,2.9474302358357605,0.5454545454545454,0.19696969696969693,0.3484848484848485,1.311587250309525,2.372492775539791,1.060905525230266
447,0.3250178553208857,0.12328957362627396,0.2017282816946117,2.636215259419324,0.5050505050505051,0.218013468013468,0.2870370370370371,1.3970978972834658,2.4309534379837237,1.0338555407002579
448,0.3516222834404652,0.1254534684669365,0.2261688149735287,2.8028103785200322,0.5454545454545454,0.17255892255892258,0.37289562289562284,1.3834634906381928,2.3048498942982265,0.9213864036600337
449,0.37478318538924593,0.12560793116348673,0.2491752542257592,2.9837541460773025,0.5656565656565656,0.2222222222222222,0.3434343434343434,1.3238434485228905,2.4134658359890007,1.0896223874661102
450,0.30910111213141517,0.13516477910417304,0.17393633302724212,2.286846574825439,0.494949494949495,0.20202020202020202,0.29292929292929293,1.5166684242223845,2.299634067873426,0.7829656436510417
451,0.38557290072441586,0.1219716808942398,0.26360121983017604,3.161167394739288,0.5808080808080808,0.22727272727272727,0.3535353535353535,1.298573834798282,2.4459454350656102,1.1473716002673282
452,0.34907152331394753,0.14759973472094684,0.2014717885930007,2.3649874708372938,0.5353535353535354,0.24494949494949494,0.29040404040404044,1.364083752537214,2.284837273296277,0.9207535207590631
453,0.36455463728191,0.12012379689147365,0.24443084039043636,3.0348244620611555,0.5505050505050505,0.20707070707070707,0.3434343434343434,1.324862251381457,2.4555066374582717,1.1306443860768147
454,0.2382920110192837,0.12864333571404277,0.10964867530524094,1.8523463317911435,0.3838383838383838,0.2222222222222222,0.1616161616161616,1.6322064065339756,2.2990602594036904,0.6668538528697148
455,0.38855729007244166,0.14941785985557032,0.23913943021687134,2.6004742033383916,0.5909090909090909,0.23232323232323232,0.3585858585858586,1.3499695894876433,2.1799268112687242,0.8299572217810809
456,0.3267778798081829,0.13085399449035812,0.1959238853178248,2.4972709551656926,0.5202020202020202,0.24242424242424243,0.2777777777777778,1.4739284334069502,2.330386245537742,0.8564578121307918
457,0.36144270992755834,0.12548464442403837,0.23595806550351997,2.880374021750177,0.5606060606060606,0.18686868686868688,0.3737373737373737,1.3863664085577043,2.355378742819506,0.9690123342618016
458,0.3148658300173452,0.11884841682821481,0.19601741318913038,2.649306052368007,0.494949494949495,0.1919191919191919,0.3030303030303031,1.4561024482746763,2.4147812025307527,0.9586787542560764
459,0.3676155494337313,0.1343967168882994,0.2332188325454319,2.735301560522986,0.5555555555555556,0.21212121212121213,0.3434343434343434,1.285875474873063,2.2498941860608417,0.9640187111877787
460,0.3767472706866646,0.11971850944914919,0.2570287612375154,3.1469425439738634,0.5808080808080808,0.2079124579124579,0.37289562289562284,1.387422741788646,2.4487354587775414,1.0613127169888954
461,0.27576267727782877,0.14889637111859333,0.12686630615923544,1.852044312471448,0.4393939393939394,0.2676767676767677,0.1717171717171717,1.5641887358146687,2.2576364977885186,0.6934477619738499
462,0.3175696357514539,0.11448094865603284,0.20308868709542108,2.7739954942688088,0.5151515151515151,0.1978114478114478,0.31734006734006737,1.490504411743162,2.450134948731715,0.9596305369885527
463,0.36537088052239564,0.12489796959493929,0.24047291092745635,2.925354845297661,0.5656565656565656,0.1893939393939394,0.37626262626262624,1.3972465630324824,2.3937935542509616,0.9965469912184792
464,0.4263850627486991,0.18488476232583975,0.24150030042285933,2.306220682466199,0.6161616161616161,0.30303030303030304,0.3131313131313131,1.1895988983874386,1.9735554013039747,0.7839565029165361
465,0.33986327925721876,0.13136839778253923,0.20849488147467954,2.5871007410763407,0.5252525252525253,0.19781144781144783,0.3274410774410775,1.413064503733765,2.292461588780999,0.8793970850472339
466,0.2960667278849097,0.12989887653187315,0.16616785135303652,2.2792093033403877,0.47474747474747475,0.20202020202020202,0.2727272727272727,1.515022638058901,2.351299661291552,0.8362770232326513
467,0.3443526170798898,0.14253647586980922,0.20181614121008057,2.415891195418754,0.494949494949495,0.2474747474747475,0.2474747474747475,1.3201685976356463,2.269616391601188,0.9494477939655417
468,0.32300275482093666,0.11665476311940959,0.20634799170152707,2.7688775510204082,0.5151515151515151,0.16666666666666666,0.3484848484848485,1.4438131039552624,2.3936519102282725,0.9498388062730101
469,0.3278236914600552,0.13176943395798615,0.19605425750206903,2.487858387284108,0.5252525252525253,0.20202020202020202,0.3232323232323233,1.4472164330247361,2.3041167709229624,0.8569003378982263
470,0.2752525252525252,0.11075400469339863,0.16449852055912656,2.485260248733302,0.4444444444444444,0.20202020202020202,0.2424242424242424,1.554961966108679,2.490344413230101,0.935382447121422
471,0.3013978165493318,0.13831921912729994,0.16307859742203185,2.1790017211703963,0.48484848484848486,0.19696969696969696,0.2878787878787879,1.4927544685774201,2.2162702581757054,0.7235157895982853
472,0.29236812570145904,0.13283650194424604,0.159531623757213,2.200962246236892,0.46464646464646464,0.19781144781144783,0.2668350168350168,1.4909035212081472,2.3171859783800457,0.8262824571718985
473,0.37470666258545043,0.141499166751692,0.23320749583375844,2.6481192164403318,0.5808080808080808,0.2676767676767677,0.3131313131313131,1.3956357021022947,2.311344850356221,0.9157091482539264
474,0.3305019895928988,0.13097869831876566,0.19952329127413312,2.5233262647682526,0.5252525252525253,0.21212121212121213,0.31313131313131315,1.4446165229257102,2.330334015421861,0.8857174924961506
475,0.3542495663707785,0.15451938010860572,0.19973018626217276,2.292589875275128,0.5404040404040404,0.2878787878787879,0.25252525252525254,1.3374432570636592,2.2122170727148918,0.8747738156512326
476,0.2771655953474136,0.12358999648561939,0.1535755988617942,2.242621597449951,0.4696969696969697,0.21717171717171718,0.25252525252525254,1.6199993893483666,2.444453061881551,0.8244536725331846
477,0.2977247219671462,0.10985840447119909,0.18786631749594712,2.710076879417987,0.4898989898989899,0.1919191919191919,0.297979797979798,1.5545204345032848,2.5162509205956476,0.9617304860923628
478,0.3230282624222019,0.13427201305989184,0.18875624936231006,2.405775075987843,0.5202020202020202,0.24242424242424243,0.2777777777777778,1.483730527251823,2.3377949674069614,0.8540644401551383
479,0.31670237730843787,0.1199934247072294,0.19670895260120846,2.6393310973593462,0.5151515151515151,0.22727272727272727,0.28787878787878785,1.517144223066114,2.4965877807858248,0.9794435577197107
480,0.3461381491684522,0.14221054540919859,0.20392760375925362,2.4339836977101066,0.5505050505050505,0.2222222222222222,0.3282828282828283,1.4468641535539957,2.2468057012098894,0.7999415476558938
481,0.43485358636873783,0.16036628915416792,0.2744872972145699,2.7116271671703513,0.6363636363636364,0.2727272727272727,0.36363636363636365,1.2646003055912878,2.157136966777429,0.8925366611861414
482,0.30354045505560656,0.14542166899069256,0.158118786064914,2.08731241473397,0.5,0.2777777777777778,0.2222222222222222,1.5407363576045705,2.2865865881287726,0.7458502305242021
483,0.3370064279155188,0.11641669217426794,0.2205897357412509,2.894829097283085,0.5353535353535354,0.17929292929292928,0.3560606060606061,1.4653257277665221,2.404498790906255,0.9391730631397328
484,0.37261503928170603,0.13880528064029746,0.23380975864140857,2.6844442629478014,0.5757575757575758,0.23316498316498316,0.34259259259259267,1.370070992626178,2.3065194101144417,0.9364484174882637
485,0.34353637383940416,0.1282026210477389,0.21533375279166525,2.6796361184494133,0.5404040404040404,0.18434343434343434,0.3560606060606061,1.3806399890389311,2.3017055933503525,0.9210656043114214
486,0.3511886542189573,0.14264134045278826,0.20854731376616903,2.4620397782590557,0.5505050505050505,0.22727272727272727,0.3232323232323232,1.381342882355432,2.229335840796738,0.847992958441306
487,0.38312417100295887,0.13058758176603294,0.2525365892369259,2.933848424342391,0.5808080808080808,0.23737373737373738,0.3434343434343434,1.283273116695297,2.298579802891897,1.0153066861966
488,0.37302316090194876,0.13807547982632157,0.2349476810756272,2.7015887351697523,0.5656565656565656,0.23737373737373738,0.3282828282828283,1.299224400325677,2.2435560497605307,0.9443316494348537
489,0.4017447199265381,0.12189232391252594,0.27985239601401213,3.2958984374999996,0.5858585858585859,0.20202020202020202,0.38383838383838387,1.1820568391593982,2.394115731650738,1.2120588924913398
490,0.44786246301397825,0.152064982031312,0.2957974809826662,2.9452044581951027,0.6464646464646465,0.2727272727272727,0.3737373737373738,1.241655410457572,2.210623488324244,0.968968077866672
491,0.38388939904091424,0.13769569998526227,0.24619369905565197,2.787954882265767,0.5858585858585859,0.22727272727272727,0.35858585858585856,1.3472130520070495,2.2910835218525842,0.9438704698455347
492,0.28798081828384864,0.12701084923307143,0.1609699690507772,2.2673718034542785,0.46464646464646464,0.22727272727272727,0.23737373737373738,1.5045654922192893,2.385767720758838,0.8812022285395487
493,0.25201510049994896,0.12829473183008536,0.1237203686698636,1.9643448870037776,0.3787878787878788,0.23737373737373738,0.1414141414141414,1.5562593625734855,2.373292011235768,0.8170326486622825
494,0.30481583511886545,0.1276116949517623,0.17720414016710315,2.3886199084973128,0.5050505050505051,0.24242424242424243,0.26262626262626265,1.5546590244372882,2.3953209414717667,0.8406619170344785
495,0.332568105295378,0.14078495391626705,0.19178315137911095,2.3622418166445223,0.5151515151515151,0.1919191919191919,0.3232323232323232,1.4192033030460673,2.1880543294161745,0.7688510263701072
496,0.3372615039281705,0.13498339171739845,0.20227811221077205,2.498540743695802,0.5303030303030303,0.20707070707070707,0.3232323232323232,1.4106495429116306,2.3157996263193654,0.9051500834077348
497,0.287317620650954,0.1279801380811482,0.15933748256980582,2.245017273452033,0.46464646464646464,0.21717171717171718,0.24747474747474746,1.5425970050566367,2.369705467477871,0.8271084624212341
498,0.3696561575349454,0.12526924690224356,0.24438691063270185,2.950893109650561,0.5707070707070707,0.21717171717171718,0.35353535353535354,1.3423622869543526,2.3666326855126925,1.02427039855834
499,0.38447607387001326,0.13971363466312964,0.24476243920688362,2.751886562804284,0.5808080808080808,0.24074074074074073,0.3400673400673401,1.2980306109319129,2.298265039329141,1.0002344283972282
500,0.35256606468727686,0.1335578002244669,0.21900826446280997,2.639801375095493,0.5404040404040404,0.17508417508417512,0.3653198653198653,1.404718826011078,2.273848526228545,0.8691297002174669
501,0.286883991429446,0.13186579600721016,0.15501819542223583,2.1755754723064027,0.47474747474747475,0.23232323232323232,0.24242424242424243,1.5563860459175063,2.3112471546292395,0.7548611087117332
502,0.2925976941128456,0.1429757734471539,0.1496219206656917,2.046484429202926,0.4393939393939394,0.22727272727272727,0.21212121212121213,1.4658068065887662,2.22113736795371,0.7553305613649437
503,0.36848280787674725,0.12623853575032026,0.242244272126427,2.9189407631085613,0.5656565656565656,0.22306397306397308,0.34259259259259256,1.3490316507701474,2.375976143503607,1.0269444927334594
504,0.3816447301295786,0.11322540783820247,0.26841932229137616,3.3706633291614514,0.5808080808080808,0.18181818181818182,0.39898989898989895,1.339801806473896,2.469753563374354,1.1299517569004582
505,0.33310376492194677,0.14760965434366108,0.1854941105782857,2.2566529703160403,0.5202020202020202,0.2676767676767677,0.25252525252525254,1.4311936109120837,2.212851440440496,0.7816578295284125
506,0.33721048872564025,0.13064426532440002,0.20656622340124023,2.5811350225616105,0.5151515151515151,0.18686868686868688,0.3282828282828283,1.3584054267786634,2.314776951563017,0.9563715247843536
507,0.3586878889909193,0.12642417440397238,0.23226371458694692,2.837178021386778,0.5454545454545454,0.23232323232323232,0.3131313131313131,1.31824854364051,2.35328757600043,1.03503903235992
508,0.37098255280073456,0.1386210590756045,0.23236149372513004,2.67623516422854,0.5656565656565656,0.2348484848484848,0.33080808080808083,1.3512664024747862,2.2793908473828903,0.9281244449081041
509,0.3556269768390981,0.13195507261163827,0.22367190422745983,2.695061052224621,0.5404040404040404,0.1717171717171717,0.36868686868686873,1.370875563970641,2.323289982847345,0.9524144188767039
510,0.3670543822058973,0.10926889546418164,0.25778548674171564,3.3591845204129274,0.5606060606060606,0.186026936026936,0.37457912457912457,1.33273489497147,2.4773922755991498,1.1446573806276799
511,0.36894194469952046,0.12944824224285506,0.2394937024566654,2.8501116609011685,0.5606060606060606,0.24242424242424243,0.3181818181818181,1.3153043982578811,2.331705754513044,1.0164013562551628
512,0.3726405468829711,0.13980149417859855,0.23283905270437255,2.665497597664565,0.5656565656565656,0.21127946127946126,0.35437710437710435,1.322846208074826,2.314038651886942,0.9911924438121158
513,0.34022038567493107,0.11839778253919668,0.22182260313573438,2.8735368043087965,0.5353535353535354,0.20033670033670037,0.335016835016835,1.3971853903109464,2.4615473281855,1.0643619378745537
514,0.3304764819916336,0.1537824938498339,0.1766939881417997,2.14898636196093,0.5252525252525253,0.23148148148148148,0.2937710437710438,1.4403144431966663,2.1512107379608336,0.7108962947641673
515,0.3827670645852464,0.13688795927853165,0.24587910530671475,2.7962069608066424,0.5808080808080808,0.23737373737373738,0.3434343434343434,1.3150831782593089,2.2393079719420035,0.9242247936826946
516,0.3266503418018569,0.14821333424027028,0.17843700756158665,2.2039200688402327,0.5151515151515151,0.20707070707070707,0.30808080808080807,1.4360803753285782,2.154866276994974,0.7187859016663956
517,0.3171870217324763,0.10896138716004036,0.20822563457243595,2.9110038886215555,0.5050505050505051,0.16582491582491585,0.3392255892255892,1.4908564077977307,2.4798621961074305,0.9890057883096999
518,0.3212427303336394,0.15614619823374032,0.1650965320998991,2.057320216357498,0.5151515151515151,0.26262626262626265,0.2525252525252525,1.4907277836976938,2.167450490156624,0.6767227064589301
519,0.33369043975104573,0.13410196238479066,0.19958847736625507,2.488333756023332,0.5303030303030303,0.21212121212121213,0.3181818181818181,1.4156394428065633,2.343221833350005,0.9275823905434415
520,0.3119069482705847,0.1301015202530354,0.1818054280175493,2.3974120184295664,0.5050505050505051,0.23737373737373738,0.26767676767676774,1.5121209021655582,2.3682271913258455,0.8561062891602873
521,0.3859555147433936,0.14719586436758153,0.2387596503758121,2.622054066543439,0.5757575757575758,0.25757575757575757,0.31818181818181823,1.2722462194767443,2.191196622901222,0.9189504034244775
522,0.34164881134578096,0.12116252309855005,0.2204862882472309,2.8197564940760915,0.5303030303030303,0.21296296296296294,0.31734006734006737,1.4024430799617296,2.4532996059919325,1.050856526030203
523,0.33782267115600456,0.1646430636329626,0.17317960752304196,2.05184879157199,0.5252525252525253,0.2676767676767677,0.2575757575757576,1.3671795527348387,2.173496354407512,0.8063168016726732
524,0.35363738394041433,0.13146617692072238,0.22217120701969195,2.689949553744665,0.5555555555555556,0.23737373737373738,0.31818181818181823,1.4162724630236858,2.381850613833473,0.9655781508097872
525,0.29025099479644934,0.12844494325975808,0.16180605153669125,2.259730803177405,0.4696969696969697,0.20707070707070707,0.26262626262626265,1.518761408959043,2.3778079648362804,0.8590465558772373
526,0.36057545148454245,0.12478318538924599,0.23579226609529647,2.889615699100573,0.5555555555555556,0.2255892255892256,0.32996632996633,1.3814474544753037,2.365440912816146,0.9839934583408425
527,0.36873788388939904,0.12511478420569327,0.24362309968370577,2.9471967380224267,0.5707070707070707,0.2222222222222222,0.3484848484848485,1.381466572231635,2.3799276791278254,0.9984611068961904
528,0.3885827976737068,0.13295128614993937,0.2556315115237674,2.922745683223193,0.5858585858585859,0.19696969696969696,0.3888888888888889,1.3471929827693379,2.2589452508497363,0.9117522680803984
529,0.3497857361493726,0.12342419707739573,0.22636153907197687,2.83401265255979,0.5505050505050505,0.2222222222222222,0.3282828282828283,1.4334004886921825,2.4154110154276167,0.9820105267354342
530,0.399857157432915,0.1461812286728112,0.2536759287601038,2.735352281980689,0.601010101010101,0.26262626262626265,0.33838383838383834,1.2609879244880287,2.165893672426034,0.9049057479380054
531,0.3100704009794919,0.13067544128150188,0.17939495969799002,2.37282842084716,0.494949494949495,0.2474747474747475,0.2474747474747475,1.4849384066212357,2.3415291353808407,0.8565907287596051
532,0.3676665646362617,0.13802729880170955,0.22963926583455213,2.663723537504364,0.5707070707070707,0.23232323232323232,0.3383838383838384,1.3759147408833343,2.287775722563006,0.9118609816796719
533,0.3321599836751351,0.13471414481515492,0.19744583885998018,2.4656652360515015,0.51010101010101,0.19696969696969696,0.3131313131313131,1.398702122339601,2.2791069376559845,0.8804048153163835
534,0.28537904295480043,0.1119741182872496,0.17340492466755084,2.548616120581646,0.46464646464646464,0.19696969696969696,0.2676767676767677,1.5496344806987035,2.4873550567917126,0.9377205760930092
535,0.323206815631058,0.1496956092915689,0.17351120633948913,2.15909349085539,0.5,0.24410774410774408,0.25589225589225595,1.4451398786733416,2.198919272957816,0.7537793942844744
536,0.39965309662279364,0.13296262286161276,0.2666904737611809,3.005755211663896,0.6060606060606061,0.2255892255892256,0.3804713804713805,1.3368815946029318,2.333183553534106,0.9963019589311743
537,0.33445566778900104,0.13884354204219523,0.1956121257468058,2.408867296740084,0.51010101010101,0.21717171717171718,0.2929292929292929,1.370667236910285,2.290613298737073,0.9199460618267878
538,0.350729517396184,0.13090784387080684,0.21982167352537718,2.6792093355560844,0.5454545454545454,0.23232323232323232,0.3131313131313131,1.3840642115279116,2.3221281182761437,0.9380639067482321
539,0.34562799714314857,0.13127345282227437,0.2143545443208742,2.6328857031823474,0.5303030303030303,0.23063973063973067,0.29966329966329963,1.3395356939372192,2.3108330150772427,0.9712973211400235
540,0.2991531476379961,0.12685496944756203,0.17229817819043408,2.358229629795125,0.46464646464646464,0.18434343434343434,0.2803030303030303,1.4880878113595457,2.365068492988717,0.8769806816291712
541,0.3888378736863586,0.12198301760591322,0.26685485608044535,3.1876394052044614,0.5707070707070707,0.1919191919191919,0.3787878787878788,1.2204136218365582,2.3105621542251726,1.0901485323886144
542,0.3470054076114682,0.1463498622589532,0.200655545352515,2.3710675381263613,0.5454545454545454,0.21717171717171718,0.32828282828282823,1.4140443118270796,2.1679834347874642,0.7539391229603847
543,0.3124171002958882,0.1376730265619155,0.17474407373397272,2.2692687747035567,0.494949494949495,0.21212121212121213,0.2828282828282829,1.4606753492703546,2.192151375423572,0.7314760261532176
544,0.31971227425772886,0.1296636397646499,0.19004863449307896,2.465704918032787,0.5151515151515151,0.22727272727272727,0.28787878787878785,1.4898232284442239,2.3615224679693725,0.8716992395251486
545,0.37955310682583404,0.13459510934258406,0.24495799748324998,2.819962097283639,0.5808080808080808,0.19696969696969696,0.3838383838383838,1.316554508668172,2.2787902954243515,0.9622357867561795
546,0.3096112641567187,0.1175347753630582,0.1920764887936605,2.6342098600209782,0.494949494949495,0.2112794612794613,0.2836700336700337,1.4408807061477837,2.4118543258396095,0.9709736196918257
547,0.31177941026425865,0.11517815642394767,0.19660125384031096,2.706931765053273,0.51010101010101,0.17340067340067342,0.3367003367003366,1.5160771151365369,2.4166657552664303,0.9005886401298935
548,0.34136822773186415,0.1348558537110726,0.20651237402079156,2.5313563952755245,0.5252525252525253,0.24242424242424243,0.2828282828282829,1.3684166381284941,2.280701647491893,0.912285009363399
549,0.35391796755433114,0.12109308573955037,0.23282488181478078,2.9226934419323127,0.5454545454545454,0.23232323232323232,0.3131313131313131,1.367188477441828,2.4634933441627154,1.0963048667208874
550,0.2973166003469033,0.12991021324354657,0.16740638710335676,2.2886314549381503,0.47474747474747475,0.2222222222222222,0.25252525252525254,1.5183757600583179,2.36389936916699,0.845523609108672
551,0.34014386287113557,0.12283610515933749,0.21730775771179808,2.7690870076832557,0.5404040404040404,0.20202020202020202,0.33838383838383845,1.4523286999126548,2.3808586449832347,0.92852994507058
552,0.33815426997245185,0.121081749027877,0.21707252094457485,2.7927765554047097,0.5404040404040404,0.18686868686868688,0.3535353535353536,1.4579040784320247,2.336977309340527,0.8790732309085023
553,0.3447097234976022,0.1300774297407294,0.21463229375687282,2.6500348614258322,0.5303030303030303,0.20202020202020202,0.3282828282828283,1.405129720690194,2.3281005594010487,0.9229708387108546
554,0.27415569839812265,0.12479735627883776,0.1493583421192849,2.1968069402493584,0.4444444444444444,0.20202020202020202,0.2424242424242424,1.5562645601242695,2.4125076094389826,0.8562430493147131
555,0.33297622691562073,0.1368029339409811,0.19617329297463965,2.4339845449460307,0.5303030303030303,0.19781144781144783,0.33249158249158245,1.4666291570890735,2.182781239346016,0.7161520822569427
556,0.4315375982042648,0.1391524674352957,0.2923851307689691,3.101185384333374,0.6313131313131313,0.2727272727272727,0.35858585858585856,1.243810957662429,2.3096150659742976,1.0658041083118686
557,0.34220997857361496,0.11709689487467266,0.22511308369894228,2.9224513505663667,0.5404040404040404,0.2222222222222222,0.31818181818181823,1.4175260883700602,2.4450564740590157,1.0275303856889555
558,0.3529231711049893,0.13395458513303632,0.21896858597195296,2.634647935003385,0.5454545454545454,0.2474747474747475,0.2979797979797979,1.3402597731005812,2.3533201699535757,1.0130603968529945
559,0.37531884501581475,0.13809957033862758,0.23721927467718718,2.717740859696469,0.5757575757575758,0.21717171717171718,0.3585858585858586,1.3350031806610283,2.268460040982324,0.9334568603212956
560,0.3329507193143557,0.11673978845696019,0.2162109308573955,2.8520757465404225,0.5202020202020202,0.16666666666666666,0.3535353535353536,1.4028202981104227,2.4286597280741384,1.0258394299637157
561,0.3455514743393531,0.13307882415626526,0.21247265018308786,2.596592482163773,0.5404040404040404,0.2474747474747475,0.29292929292929293,1.3829776838095564,2.3011701993801763,0.9181925155706199
562,0.3061167227833895,0.12165425296738427,0.18446246981600525,2.516284596030194,0.5050505050505051,0.18181818181818182,0.32323232323232326,1.559283271448729,2.408130609805003,0.8488473383562738
563,0.32323232323232315,0.13411896745230079,0.18911335578002236,2.4100418410041833,0.51010101010101,0.24242424242424243,0.2676767676767676,1.430408550623648,2.3221293711490127,0.8917208205253648
564,0.3718498112437506,0.11918568400049882,0.25266412724325177,3.1199201008251487,0.5656565656565656,0.18686868686868688,0.3787878787878788,1.3430333920049131,2.315999894623528,0.9729665026186147
565,0.37608407305377,0.13452425489462527,0.24155981815914473,2.795659959970504,0.5808080808080808,0.23737373737373738,0.3434343434343434,1.3508075113836933,2.3362249299863276,0.9854174186026343
566,0.3726150392817059,0.15467809407203345,0.21793694520967247,2.4089709762532983,0.5707070707070707,0.24242424242424243,0.3282828282828283,1.3445846532554881,2.1839046999056646,0.8393200466501765
567,0.3173145597388022,0.14459125486061514,0.17272330487818705,2.194562596781465,0.5050505050505051,0.22053872053872053,0.28451178451178455,1.4875483946473986,2.193468630619101,0.7059202359717025
568,0.37353331292725234,0.13662863199900238,0.23690468092824996,2.7339314422029766,0.5707070707070707,0.21717171717171718,0.35353535353535354,1.3504444738070724,2.323725069923691,0.9732805961166184
569,0.36353433323130296,0.16486979786643088,0.19866453536487208,2.204978340094891,0.5505050505050505,0.23737373737373738,0.31313131313131315,1.307127625500374,2.0147725094388864,0.7076448839385123
570,0.366850321395776,0.13483318028772576,0.23201714110805025,2.7207718501702614,0.5505050505050505,0.21717171717171718,0.3333333333333333,1.2979923873723513,2.240885251010903,0.9428928636385518
571,0.3575145393327212,0.12791211781110773,0.22960242152161348,2.7950013294336613,0.5505050505050505,0.18855218855218855,0.3619528619528619,1.3470195162329646,2.3600151225633854,1.0129956063304209
572,0.42128354249566374,0.138616807808727,0.2826667346869367,3.0391952401398514,0.6262626262626263,0.21717171717171718,0.4090909090909091,1.305216849453143,2.3215125081968995,1.0162956587437564
573,0.37891541679420476,0.13485585371107256,0.2440595630831322,2.8097810096254894,0.5757575757575758,0.23737373737373738,0.33838383838383845,1.3242541228877203,2.3195074677085006,0.9952533448207803
574,0.2585195388225691,0.12277658742305209,0.13574295139951703,2.105609418282548,0.40404040404040403,0.18181818181818182,0.2222222222222222,1.560275994807655,2.3358483913819104,0.7755723965742554
575,0.2508162432404856,0.12142185037807936,0.12939439286240628,2.0656598664861576,0.41919191919191917,0.18686868686868688,0.2323232323232323,1.6231332881483453,2.4132724474360443,0.790139159287699
576,0.30764717885930015,0.13102404516545932,0.17662313369384083,2.348020765736535,0.494949494949495,0.18181818181818182,0.31313131313131315,1.503853564958517,2.3142232607425037,0.8103696957839868
577,0.33261912049790826,0.14541033227901914,0.18720878821888912,2.287451760028066,0.51010101010101,0.26262626262626265,0.2474747474747474,1.3348134772020697,2.2059472260162774,0.8711337488142077
578,0.3415467809407203,0.12062261220510379,0.2209241687356165,2.8315319548872178,0.5454545454545454,0.20202020202020202,0.3434343434343434,1.438840202631788,2.4526380256573663,1.0137978230255784
579,0.31986531986531974,0.16007295173961839,0.15979236812570136,1.9982471516213842,0.51010101010101,0.2601010101010101,0.24999999999999994,1.4900409458413477,2.1659335026186124,0.6758925567772647
580,0.4016426895214774,0.11795848496185193,0.2836842045596255,3.4049495434887085,0.5909090909090909,0.17845117845117842,0.4124579124579125,1.2377576928378633,2.428229546284485,1.1904718534466219
581,0.24711764105703496,0.11193585688535185,0.1351817841716831,2.207671857197113,0.3838383838383838,0.1826599326599327,0.20117845117845112,1.5929242546824058,2.449075374492714,0.856151119810308
582,0.32670135700438735,0.13470847645931822,0.19199288054506913,2.425247212286977,0.5252525252525253,0.21717171717171718,0.3080808080808081,1.4654350961084612,2.2784245721282437,0.8129894760197824
583,0.3601928374655647,0.15136777426339715,0.20882506320216754,2.379587327741162,0.5606060606060606,0.2474747474747475,0.31313131313131304,1.404877949197515,2.183457269994347,0.7785793207968321
584,0.3606519742883379,0.14786473035631287,0.21278724393202503,2.4390669324541894,0.5656565656565656,0.20707070707070707,0.35858585858585856,1.4255605767743444,2.1344630959185062,0.7089025191441618
585,0.29313335373941435,0.13072929066195058,0.16240406307746377,2.242292850019512,0.4797979797979798,0.23063973063973062,0.24915824915824916,1.5432620419433427,2.3376137293025057,0.794351687359163
586,0.3060657075808591,0.12829189765216703,0.17777380992869207,2.3856978747846065,0.5050505050505051,0.26262626262626265,0.24242424242424243,1.5410227251962223,2.3506521319638263,0.809629406767604
587,0.3325681052953781,0.13916947250280584,0.19339863279257227,2.389662756598241,0.5252525252525253,0.25252525252525254,0.27272727272727276,1.427602977153287,2.3825623183099203,0.9549593411566333
588,0.3274155698398123,0.11265290389869514,0.21476266594111715,2.906410385428198,0.5202020202020202,0.1826599326599327,0.33754208754208753,1.4389424113964697,2.5014867532929714,1.0625443418965017
589,0.40949903071115196,0.1569312655171241,0.25256776519402785,2.609416481551715,0.6060606060606061,0.265993265993266,0.3400673400673401,1.243526230773172,2.180510412486894,0.9369841817137219
590,0.31920212223242517,0.13112607557052003,0.18807604666190514,2.434314615484372,0.51010101010101,0.21212121212121213,0.2979797979797979,1.427100602362835,2.3432412601007777,0.9161406577379427
591,0.4573002754820936,0.15917168316158214,0.2981285923205115,2.873000186960818,0.6515151515151515,0.2727272727272727,0.3787878787878788,1.1561385583478043,2.1721544258912773,1.016015867543473
592,0.32445668809305167,0.15344522667754992,0.17101146141550175,2.114478860752479,0.4898989898989899,0.2474747474747475,0.2424242424242424,1.3930171680401733,2.2151803329629693,0.8221631649227961
593,0.3331037649219467,0.13993470054076115,0.19316906438118556,2.380422894640904,0.5050505050505051,0.2079124579124579,0.29713804713804715,1.3551322287214094,2.2167106576645734,0.861578428943164
594,0.3082593612896643,0.12422201816141212,0.18403734312825218,2.481519507186858,0.5,0.19696969696969696,0.30303030303030304,1.529963683566453,2.4028801368828407,0.8729164533163878
595,0.35233649627589025,0.13572311215408858,0.21661338412180167,2.5959948212495827,0.5505050505050505,0.23232323232323232,0.3181818181818182,1.3860366476682997,2.348134839366333,0.9620981916980331
596,0.3585348433833282,0.13912837692298968,0.2194064664603385,2.577007302987401,0.5454545454545454,0.2196969696969697,0.3257575757575757,1.3702225706829894,2.298672869091476,0.9284502984084866
597,0.3696051423324151,0.1259055198449138,0.2436996224875013,2.935575364667747,0.5707070707070707,0.18686868686868688,0.38383838383838387,1.3577817033359132,2.3087609999504815,0.9509792966145683
598,0.4210794816855424,0.14579011212007845,0.2752893695654639,2.888258164852256,0.6212121212121212,0.2457912457912458,0.37542087542087543,1.2682490510827775,2.2608157517172733,0.9925667006344958
599,0.39016426895214773,0.13675475291636907,0.25340951603577866,2.8530216364088536,0.5808080808080808,0.26936026936026936,0.3114478114478114,1.30112724216912,2.3044188962730074,1.0032916541038874
600,0.3400163248648097,0.10600959085807574,0.23400673400673397,3.2074109720885455,0.5303030303030303,0.18181818181818182,0.34848484848484845,1.405907169562692,2.4761037876892114,1.0701966181265194
601,0.29430670339761245,0.12196601253840313,0.17234069085920933,2.413022261467676,0.47474747474747475,0.18181818181818182,0.29292929292929293,1.4617728724223815,2.3233027107524102,0.8615298383300287
602,0.45796347311498825,0.18934575836932738,0.2686177147456609,2.418662435636451,0.6565656565656566,0.30808080808080807,0.3484848484848485,1.206156531337634,2.0075677637834124,0.8014112324457785
603,0.2798694010815223,0.11412667641623872,0.1657427246652836,2.45226979239098,0.46464646464646464,0.18686868686868688,0.2777777777777778,1.5658202877228153,2.473039341611622,0.9072190538888067
604,0.3152229364350576,0.11382908773481165,0.20139384870024596,2.769265244130169,0.51010101010101,0.1717171717171717,0.33838383838383834,1.4813192890333478,2.450280664088712,0.9689613750553641
605,0.30065809611264166,0.12164291625571086,0.1790151798569308,2.4716449207828526,0.494949494949495,0.1717171717171717,0.32323232323232326,1.565715890143282,2.325751710276155,0.7600358201328732
606,0.3095602489541883,0.12181863528664878,0.18774161366753955,2.5411567632962626,0.4898989898989899,0.21717171717171718,0.2727272727272727,1.4648998378160023,2.4167878527265008,0.9518880149104985
607,0.3524895418834813,0.13660170730877802,0.21588783457470329,2.580418274617204,0.5404040404040404,0.2222222222222222,0.31818181818181823,1.3810962080691047,2.285190915448294,0.9040947073791894
608,0.31484032241608,0.13010577151991293,0.18473455089616708,2.4198797542804864,0.47474747474747475,0.18686868686868688,0.28787878787878785,1.3889945587760815,2.3458009605241696,0.9568064017480882
609,0.3171104989286808,0.13778072532281285,0.17932977360586796,2.3015592216234015,0.5050505050505051,0.2196969696969697,0.28535353535353536,1.46981194270253,2.3122036405609463,0.8423916978584163
610,0.3569533721048873,0.12808641975308643,0.22886695235180088,2.786816688240566,0.5555555555555556,0.23737373737373738,0.31818181818181823,1.414339848728856,2.3851858353769746,0.9708459866481185
611,0.37332925211713097,0.1148026278497659,0.25852662426736506,3.251922530951823,0.5757575757575758,0.18181818181818182,0.393939393939394,1.3721701262655517,2.4368851140907175,1.0647149878251658
612,0.3788899091929396,0.14779671008627238,0.2310931991066672,2.563588248830253,0.5757575757575758,0.25757575757575757,0.31818181818181823,1.3120275366069225,2.22505999545443,0.9130324588475074
613,0.33659830629527604,0.13372785089956807,0.20287045539570797,2.517039674465921,0.5252525252525253,0.20707070707070707,0.31818181818181823,1.3663305439655538,2.2693198903881084,0.9029893464225547
614,0.391643709825528,0.13564658935029306,0.25599712047523493,2.8872359541171306,0.5808080808080808,0.20707070707070707,0.3737373737373737,1.2539023982181734,2.2315838874404217,0.9776814892222483
615,0.3770533619018468,0.1284548628824723,0.2485984990193745,2.935298465475968,0.5757575757575758,0.19360269360269358,0.38215488215488225,1.338146457598667,2.3137062919668683,0.9755598343682013
616,0.3379247015610652,0.14335271911029487,0.19457198245077031,2.3572953736654805,0.5353535353535354,0.1952861952861953,0.3400673400673401,1.4549456872156352,2.220475738555702,0.7655300513400667
617,0.45459646974798495,0.14323935199356078,0.3113571177544242,3.1736842105263157,0.6464646464646465,0.26262626262626265,0.38383838383838387,1.1467638512421665,2.2739665695904074,1.127202718348241
618,0.3149423528211407,0.09931101134804839,0.21563134147309232,3.171273240964027,0.5,0.15151515151515152,0.3484848484848485,1.4377088443483776,2.5759216496574786,1.138212805309101
619,0.35741250892766047,0.14766066954619142,0.20975183938146905,2.420499040307102,0.5505050505050505,0.20707070707070707,0.3434343434343434,1.3489562825996169,2.2264281180328434,0.8774718354332265
620,0.2977247219671462,0.12256118990125725,0.17516353206588897,2.4291924891314403,0.45454545454545453,0.19696969696969696,0.25757575757575757,1.4629288275812489,2.386529651321387,0.9236008237401381
621,0.3295582083460872,0.11881865796007209,0.2107395503860151,2.773623385452074,0.5202020202020202,0.1994949494949495,0.3207070707070707,1.4426648140739642,2.443806900992352,1.001142086918388
622,0.35435159677583916,0.1501717511818522,0.20417984559398697,2.3596421696297134,0.5454545454545454,0.25757575757575757,0.28787878787878785,1.3425923633940002,2.187782727074018,0.845190363680018
623,0.3820528517498214,0.1597115940550284,0.222341257694793,2.3921422487223163,0.5858585858585859,0.2828282828282828,0.30303030303030304,1.3580447713119697,2.1621562304813904,0.8041114591694207
624,0.30088766452402815,0.12227210375358522,0.17861556077044294,2.4608038570302724,0.4797979797979798,0.1919191919191919,0.28787878787878785,1.4716910629921003,2.3814450993800174,0.9097540363879171
625,0.3288950107131925,0.15649480211769776,0.17240020859549474,2.1016353659199156,0.5151515151515151,0.21717171717171718,0.29797979797979796,1.3930763897389309,2.072204753736889,0.6791283639979582
626,0.4848484848484849,0.1450872359963269,0.339761248852158,3.341772151898735,0.6767676767676768,0.19696969696969696,0.47979797979797983,1.1209520601236824,2.149982561641903,1.0290305015182204
627,0.3201714110805019,0.12737362400662067,0.19279778707388123,2.5136398024119964,0.51010101010101,0.23737373737373738,0.2727272727272727,1.469627527457058,2.3949917989478764,0.9253642714908183
628,0.3091776349352107,0.11927354351596776,0.18990409141924297,2.592172797262618,0.4898989898989899,0.19696969696969696,0.29292929292929293,1.455532455333358,2.4679299665336965,1.0123975112003385
629,0.35442811957963466,0.1423380834155245,0.21209003616411015,2.490044203735414,0.5303030303030303,0.25,0.2803030303030303,1.3101952148679792,2.2765197990588923,0.9663245841909132
630,0.3436894194469952,0.12122629210171298,0.22246312734528223,2.8351062586210927,0.5404040404040404,0.18350168350168353,0.35690235690235694,1.4270442306281337,2.366355919571744,0.9393116889436104
631,0.2637485970819304,0.11340396104705869,0.1503446360348717,2.3257441331567237,0.41919191919191917,0.20707070707070707,0.2121212121212121,1.5843823668823183,2.4906487825956916,0.9062664157133733
632,0.37399244975002555,0.10287215590245893,0.27112029384756664,3.6355070666997276,0.5757575757575758,0.18181818181818182,0.393939393939394,1.368452208205305,2.528061265295162,1.159609057089857
633,0.33221099887766553,0.12787385640920998,0.20433714246845555,2.597958708733667,0.5353535353535354,0.20622895622895623,0.32912457912457915,1.484168233184526,2.3743466597885914,0.8901784266040653
634,0.2911947760432609,0.11438742078472719,0.1768073552585337,2.545688800792864,0.47474747474747475,0.1910774410774411,0.28367003367003363,1.5115490416851192,2.514497555049953,1.002948513364834
635,0.31216202428323647,0.11932455871849812,0.19283746556473835,2.6160752458315524,0.494949494949495,0.1919191919191919,0.3030303030303031,1.4712844116255683,2.3900603526192112,0.9187759409936429
636,0.4028925619834711,0.14349301091725333,0.2593995510662178,2.807750422184695,0.5909090909090909,0.25757575757575757,0.33333333333333337,1.2472816511853226,2.2345356109951533,0.9872539598098307
637,0.3064738292011019,0.14190445419401648,0.1645693750070854,2.159719586969981,0.4898989898989899,0.21969696969696967,0.2702020202020202,1.484010062328671,2.243131700464875,0.759121638136204
638,0.3168044077134987,0.11523767416023309,0.20156673355326563,2.749139203148058,0.5050505050505051,0.18686868686868688,0.31818181818181823,1.4535356792724747,2.429163455469286,0.9756277761968111
639,0.37230894806652376,0.14874332551100228,0.22356562255552148,2.5030296101520517,0.5656565656565656,0.2222222222222222,0.3434343434343434,1.3417650605743712,2.201916156240714,0.8601510956663427
640,0.40263748597081933,0.14567957918126268,0.25695790678955666,2.76385673430478,0.5909090909090909,0.23989898989898986,0.3510101010101011,1.2217127012901945,2.2312751624998253,1.0095624612096308
641,0.32853790429548,0.1419271276173633,0.1866107766781167,2.3148351538630507,0.5,0.25841750841750843,0.24158249158249157,1.363517406213462,2.270569488250568,0.907052082037106
642,0.3285889194980105,0.12445158657279867,0.20413733292521183,2.640295142447224,0.5252525252525253,0.2264309764309764,0.2988215488215489,1.4387906331077855,2.433497123769905,0.9947064906621195
643,0.40562187531884497,0.1258219115963224,0.2797999637225226,3.223777720213089,0.5959595959595959,0.17676767676767677,0.4191919191919191,1.2298623134113096,2.334592790730552,1.1047304773192423
644,0.46097337006427913,0.15301726581187858,0.30795610425240055,3.012557881089091,0.6565656565656566,0.2676767676767677,0.3888888888888889,1.1733922052079477,2.200075647496256,1.0266834422883084
645,0.35646872768084886,0.14084022038567492,0.21562850729517394,2.531015122702164,0.5555555555555556,0.2727272727272727,0.2828282828282829,1.4015797798099727,2.370430911365318,0.9688511315553454
646,0.39664319967350264,0.12825221916131008,0.26839098051219257,3.0926809864757354,0.5959595959595959,0.2222222222222222,0.3737373737373737,1.3016533722955779,2.3680707049417875,1.0664173326462096
647,0.3057341087644118,0.1511963064993368,0.15453780226507502,2.0221003795866723,0.48484848484848486,0.24242424242424243,0.24242424242424243,1.4607068430541612,2.23849367675548,0.777786833701319
648,0.3557800224466892,0.11934156378600821,0.236438458660681,2.9811912225705344,0.5555555555555556,0.16077441077441076,0.3947811447811448,1.3683287207954435,2.341594250417604,0.9732655296221606
649,0.34078155290276496,0.11541906154700766,0.2253624913557573,2.952558687751694,0.5303030303030303,0.1919191919191919,0.33838383838383834,1.3623098388276702,2.4436031305918844,1.0812932917642142
650,0.42419140903989394,0.14668287816435965,0.2775085308755343,2.8918945029465752,0.6212121212121212,0.25757575757575757,0.36363636363636365,1.2437065027031893,2.2501099617334144,1.006403459030225
651,0.3010407101316192,0.15579476017186455,0.14524594995975465,1.9322903401855556,0.4444444444444444,0.2474747474747475,0.19696969696969693,1.3864603440908079,2.2039203902961915,0.8174600462053836
652,0.3622079379655137,0.1442256459091476,0.2179822920563661,2.5113975789970127,0.5454545454545454,0.2222222222222222,0.3232323232323232,1.3425318506296788,2.2020884701181207,0.8595566194884419
653,0.38072645648403225,0.11289380902175514,0.2678326474622771,3.3724298948108355,0.5808080808080808,0.18097643097643099,0.39983164983164976,1.3527686915708301,2.4756383818615126,1.1228696902906825
654,0.3929956126925824,0.13477082837352194,0.25822478431906043,2.9160287685060573,0.5858585858585859,0.2222222222222222,0.36363636363636365,1.2668294477070126,2.2825489870142155,1.015719539307203
655,0.325374961738598,0.12171093652575135,0.20366402521284663,2.6733420268256323,0.51010101010101,0.20202020202020202,0.30808080808080807,1.4163959567817244,2.411183049551626,0.9947870927699018
656,0.3176716661565146,0.12478318538924599,0.1928884807672686,2.545789043336059,0.494949494949495,0.1919191919191919,0.3030303030303031,1.4048161577039426,2.3260830535564723,0.9212668958525296
657,0.3230792776247322,0.1328152456098584,0.1902640320148738,2.432546626264351,0.48484848484848486,0.22727272727272727,0.25757575757575757,1.3970257443696434,2.3665122889956165,0.9694865446259731
658,0.3962860932557902,0.12461030053622646,0.2716757927195637,3.1802033343189207,0.601010101010101,0.18686868686868688,0.41414141414141414,1.327075458503979,2.3262867898626167,0.9992113313586377
659,0.4005203550658095,0.13163622759582355,0.26888412746998597,3.0426301511432627,0.601010101010101,0.1978114478114478,0.4031986531986532,1.2979268894560327,2.2997440640185896,1.0018171745625568
660,0.3053259871441689,0.12111009080706049,0.18421589633710844,2.52106149957877,0.4898989898989899,0.1919191919191919,0.297979797979798,1.4994705915145865,2.394732711157759,0.8952621196431727
661,0.32649729619426593,0.1305535716310127,0.19594372456325324,2.500868357068427,0.5202020202020202,0.23737373737373738,0.2828282828282829,1.4635253569109505,2.371496551753579,0.9079711948426283
662,0.338485868788899,0.12081675339251095,0.21766911539638806,2.801646785601182,0.5353535353535354,0.20202020202020202,0.33333333333333337,1.43358105337975,2.3492399263786856,0.9156588729989357
663,0.30721354963779207,0.14622657551950483,0.16098697411828725,2.1009419699965113,0.4898989898989899,0.2222222222222222,0.2676767676767677,1.4384688786139925,2.1570838570615827,0.7186149784475901
664,0.3106825834098561,0.14272353161242052,0.1679590517974356,2.1768140116763965,0.5050505050505051,0.26262626262626265,0.24242424242424243,1.50555409420352,2.2668839236648894,0.7613298294613695
665,0.36677379859198034,0.12154088585065015,0.2452329127413302,3.017698908683891,0.5656565656565656,0.21212121212121213,0.3535353535353535,1.3452489207646403,2.4308792167450295,1.0856302959803892
666,0.3198143046627895,0.12007845004478002,0.19973585461800947,2.663378021148036,0.51010101010101,0.18181818181818182,0.32828282828282823,1.472793779819723,2.4160715795909162,0.9432777997711932
667,0.3533312927252321,0.14859453117028873,0.2047367615549434,2.377821646210626,0.5404040404040404,0.22306397306397305,0.31734006734006737,1.365473157589522,2.1988092307284077,0.8333360731388857
668,0.4334506682991531,0.14288224557584825,0.29056842272330485,3.0336216130439957,0.6313131313131313,0.22727272727272727,0.404040404040404,1.216484552052244,2.2402397773905482,1.0237552253383042
669,0.36922252831343744,0.1319097257649446,0.23731280254849282,2.799054627491003,0.5656565656565656,0.2196969696969697,0.3459595959595959,1.35345364846401,2.286840615127233,0.9333869666632229
670,0.38945005611672273,0.15736489473863208,0.23208516137809065,2.474821698724876,0.5858585858585859,0.25252525252525254,0.3333333333333333,1.3038050975367583,2.0833614787755423,0.779556381238784
671,0.3187429854096521,0.1270505277239284,0.1916924576857237,2.508789149638619,0.5050505050505051,0.18686868686868688,0.31818181818181823,1.4365415825991443,2.342336031939851,0.9057944493407069
672,0.3079532700744822,0.14320817603645886,0.16474509403802334,2.1503888855904534,0.46464646464646464,0.23737373737373738,0.22727272727272727,1.4106077155732701,2.2538909475931033,0.8432832320198331
673,0.2548209366391184,0.10229398360711495,0.15252695303200348,2.491064749397389,0.40404040404040403,0.17424242424242425,0.22979797979797978,1.5711422362889098,2.5578917707182502,0.9867495344293404
674,0.3809815324966841,0.154080082531261,0.2269014499654231,2.472620252000368,0.5757575757575758,0.2727272727272727,0.3030303030303031,1.3112629212249356,2.19000532460699,0.8787424033820543
675,0.3415722885419855,0.12293530138647986,0.21863698715550567,2.7784719660641826,0.5454545454545454,0.16666666666666666,0.3787878787878788,1.476561397614891,2.33147746954875,0.8549160719338591
676,0.40965207631874295,0.1444807219217994,0.26517135439694356,2.835340735219113,0.601010101010101,0.2474747474747475,0.3535353535353535,1.2313288635405841,2.2335208543579532,1.002191990817369
677,0.37019181716151417,0.11198262082100467,0.2582091963405095,3.3057970464295203,0.5707070707070707,0.15656565656565657,0.41414141414141414,1.3547780130850757,2.448620020859387,1.0938420077743114
678,0.267574737271707,0.13314967860422405,0.13442505866748294,2.009578544061303,0.42424242424242425,0.21212121212121213,0.21212121212121213,1.5251106636538658,2.291952457076024,0.7668417934221581
679,0.26206509539842876,0.10140121756283374,0.16066387783559502,2.584437363743082,0.42424242424242425,0.14562289562289563,0.27861952861952866,1.5753511272198004,2.5690392649719547,0.9936881377521543
680,0.32091113151719214,0.11398780169823941,0.20692332981895273,2.8153111713369303,0.5151515151515151,0.19696969696969696,0.3181818181818182,1.4499038315687014,2.433060645016573,0.9831568134478714
681,0.3427456382001836,0.12122629210171301,0.2215193460984706,2.827320973511326,0.5454545454545454,0.21212121212121213,0.33333333333333326,1.4452842650161009,2.399859421234458,0.9545751562183573
682,0.3223140495867769,0.12469816005169539,0.19761588953508152,2.584753852447839,0.5050505050505051,0.20202020202020202,0.3030303030303031,1.409204583759766,2.3103267629310595,0.9011221791712936
683,0.3573870013263953,0.1485052545658606,0.20888174676053467,2.4065613191343185,0.5555555555555556,0.2727272727272727,0.2828282828282829,1.3744257296001832,2.201186365476523,0.82676063587634
684,0.29859198041016227,0.12376288133863891,0.17482909907152336,2.4126133553173954,0.48484848484848486,0.21717171717171718,0.2676767676767677,1.505524394396584,2.3362405031226454,0.8307161087260615
685,0.30802979287827764,0.11794714825017855,0.1900826446280991,2.6115916955017298,0.4898989898989899,0.20202020202020202,0.28787878787878785,1.439753581384911,2.3493950107819903,0.9096414293970794
686,0.3069074584226099,0.13403961047058688,0.17286784795202303,2.289677337505815,0.4898989898989899,0.20202020202020202,0.28787878787878785,1.4266195693995718,2.277075721011784,0.8504561516122122
687,0.37664524028160384,0.16154530716820278,0.21509993311340106,2.3315145879752275,0.5656565656565656,0.2676767676767677,0.29797979797979796,1.2886321602072204,2.0522373129001763,0.7636051526929559
688,0.32165085195388216,0.1383872393973404,0.18326361255654175,2.324281150159744,0.51010101010101,0.2222222222222222,0.28787878787878785,1.4349144373959308,2.224269366001118,0.7893549286051871
689,0.4222018161412101,0.13877268759423644,0.28342912854697366,3.042398496854832,0.6262626262626263,0.24242424242424243,0.38383838383838387,1.2985447498262035,2.3052262750199177,1.0066815251937142
690,0.2814508723599633,0.11812286728111643,0.16332800507884687,2.3826959067133746,0.4696969696969697,0.17676767676767677,0.29292929292929293,1.5861435546299472,2.400826169625285,0.8146826149953377
691,0.3033619018467504,0.11619704338559558,0.1871648584611548,2.6107540519775116,0.494949494949495,0.2146464646464646,0.2803030303030304,1.5214422270013064,2.4967174890718384,0.9752752620705321
692,0.3348637894092439,0.12749549365710983,0.20736829575213406,2.6264754918306097,0.5303030303030303,0.1994949494949495,0.3308080808080808,1.4371985512924068,2.3592953569619284,0.9220968056695216
693,0.37610958065503525,0.12525649310161097,0.2508530875534243,3.0027152392804615,0.5707070707070707,0.20202020202020202,0.36868686868686873,1.3181622127770705,2.318962061456445,1.0007998486793743
694,0.4278134884195491,0.13521296012878506,0.292600528290764,3.163997652385344,0.6262626262626263,0.21212121212121213,0.41414141414141414,1.270409693682268,2.2702280973744493,0.9998184036921813
695,0.23283338434853587,0.11613610856035098,0.1166972757881849,2.0048319789150013,0.3888888888888889,0.18181818181818182,0.20707070707070707,1.686779305775671,2.4266523871771444,0.7398730814014733
696,0.39863279257218653,0.13999138409912823,0.2586414084730583,2.8475523342916143,0.6060606060606061,0.21717171717171718,0.3888888888888889,1.3424612646921033,2.238007100455839,0.8955458357637356
697,0.33108866442199775,0.13324320647552973,0.19784545794646802,2.484844617446238,0.5151515151515151,0.24242424242424243,0.2727272727272727,1.3978250613749035,2.313004260121676,0.9151791987467726
698,0.3123660850933577,0.1369049643460418,0.17546112074731593,2.281627160749404,0.51010101010101,0.23232323232323232,0.27777777777777773,1.5299671704396531,2.3106052303095357,0.7806380598698826
699,0.29134782165085193,0.11021551088891154,0.1811323107619404,2.643437564287184,0.47474747474747475,0.18181818181818182,0.29292929292929293,1.525534002114945,2.425295439501396,0.8997614373864509
700,0.38567493112947654,0.13403394211475017,0.25164098901472637,2.877442273534636,0.5858585858585859,0.25757575757575757,0.3282828282828283,1.3494238098938003,2.3450521250209393,0.995628315127139
701,0.3284613814916845,0.12726309106780487,0.20119829042387966,2.5809634100171484,0.5303030303030303,0.2222222222222222,0.30808080808080807,1.5096406555957493,2.2961116839928595,0.7864710283971101
702,0.41549331700846853,0.1388350395084402,0.27665827750002836,2.99271220348671,0.6212121212121212,0.21212121212121213,0.40909090909090906,1.2991247983005985,2.301021651405571,1.0018968531049723
703,0.42722681359045,0.12334200591776348,0.30388480767268655,3.4637576258918426,0.6262626262626263,0.1994949494949495,0.4267676767676768,1.2526306647400418,2.4133611167541957,1.160730452014154
704,0.363687378838894,0.13581947420331258,0.22786790463558143,2.677726305246025,0.5505050505050505,0.2222222222222222,0.3282828282828283,1.336348500906235,2.3437130129833976,1.0073645120771626
705,0.3714161820222427,0.122334455667789,0.2490817263544537,3.0360717264386996,0.5707070707070707,0.19696969696969696,0.37373737373737376,1.3276205343936973,2.3511693015885093,1.023548767194812
706,0.32103866952351806,0.1379706152433425,0.18306805428017556,2.32686263634683,0.5202020202020202,0.23737373737373738,0.2828282828282829,1.502500428547346,2.2645728893549197,0.7620724608075737
707,0.2718089990817264,0.12874536611910348,0.14306363296262292,2.1112138422929605,0.42424242424242425,0.21212121212121213,0.21212121212121213,1.5444630455637667,2.3514778497877917,0.807014804224025
708,0.3590449954086317,0.12137366935346734,0.2376713260551644,2.9581786339754808,0.5454545454545454,0.18686868686868688,0.35858585858585856,1.3369980510984405,2.402875110426218,1.0658770593277773
709,0.2609937761452913,0.11158300173451688,0.1494107744107744,2.3390101725911534,0.4292929292929293,0.1919191919191919,0.23737373737373738,1.5918502464069684,2.5020451627381712,0.9101949163312029
710,0.31124375063769,0.11887392442947997,0.19236982620821003,2.6182676489521493,0.5050505050505051,0.2045454545454545,0.3005050505050506,1.4917837954533177,2.4562063668532637,0.9644225713999459
711,0.3515967758392001,0.12690315047217401,0.2246936253670261,2.770591388243703,0.5555555555555556,0.1919191919191919,0.36363636363636365,1.4406714265802512,2.3474960151605595,0.9068245885803083
712,0.302443628201204,0.10064165788071512,0.2018019703204889,3.005153477893552,0.48484848484848486,0.16666666666666666,0.31818181818181823,1.5108573321872005,2.5913210783108247,1.0804637461236242
713,0.38184879093970003,0.13000374111485224,0.2518450498248478,2.937213865271419,0.5858585858585859,0.25252525252525254,0.3333333333333333,1.3465692079987868,2.39376517926591,1.047195971267123
714,0.3162432404856648,0.12564477547642533,0.1905984650092395,2.5169629161779303,0.5050505050505051,0.18181818181818182,0.32323232323232326,1.4481658656725322,2.339861622050755,0.8916957563782226
715,0.3935567799204163,0.14367581539298713,0.2498809645274292,2.7391999053142384,0.5909090909090909,0.23232323232323232,0.3585858585858586,1.266713429702682,2.2414209479159495,0.9747075182132674
716,0.3214467911437608,0.14300836649321497,0.17843842465054582,2.247748149469366,0.5151515151515151,0.22727272727272727,0.28787878787878785,1.490212937781534,2.2175454211408434,0.7273324833593093
717,0.30619324558718497,0.11886542189572492,0.18732782369146006,2.5759656652360516,0.5,0.20707070707070707,0.29292929292929293,1.5293878008480633,2.450215625845411,0.9208278249973478
718,0.31853892459953076,0.12484695439240895,0.1936919702071218,2.551435284503014,0.5050505050505051,0.21212121212121213,0.29292929292929293,1.467560242422162,2.387220161542933,0.9196599191207708
719,0.304458728701153,0.10907617136573365,0.19538255733541932,2.791248765784961,0.5050505050505051,0.17003367003367006,0.335016835016835,1.5658278691139467,2.4770050961385013,0.9111772270245546
720,0.3373890419344965,0.11827591288870751,0.21911312904578897,2.852559187194479,0.5050505050505051,0.17676767676767677,0.3282828282828283,1.3645147647908995,2.4135157227309243,1.0490009579400248
721,0.3217018671564127,0.12387624845537305,0.19782561870103965,2.596961654617004,0.5252525252525253,0.20370370370370372,0.3215488215488216,1.5138551676632943,2.3743838651740643,0.86052869751077
722,0.22324252627282928,0.11786779126846467,0.10537473500436462,1.894007886890449,0.3383838383838384,0.1919191919191919,0.1464646464646465,1.7147416914027724,2.448229719319519,0.7334880279167466
723,0.2676257524742373,0.12915348773934632,0.138472264734891,2.0721527320605664,0.4292929292929293,0.18181818181818182,0.24747474747474746,1.585806510971826,2.3540714726924574,0.7682649617206314
724,0.3443526170798898,0.12460179800247141,0.2197508190774184,2.763624783914111,0.5353535353535354,0.17676767676767677,0.35858585858585856,1.3466617371889056,2.320949942363865,0.9742882051749593
725,0.2996632996632997,0.1300944348082395,0.16956886485506018,2.303429044486079,0.48484848484848486,0.23737373737373738,0.2474747474747475,1.497438104771936,2.3169115322899283,0.8194734275179922
726,0.3465972859912254,0.13767869491775217,0.20891859107347324,2.5174358763226152,0.5252525252525253,0.26262626262626265,0.26262626262626265,1.3819988923576545,2.3266463360550236,0.9446474436973691
727,0.3571574329150087,0.14730781439535648,0.2098496185196522,2.4245654202460774,0.5505050505050505,0.21717171717171718,0.3333333333333333,1.3673621969954053,2.1851292771736492,0.817767080178244
728,0.3818998061422304,0.12301607545715287,0.25888373068507753,3.104470734601252,0.5808080808080808,0.21212121212121213,0.3686868686868686,1.3317741210557785,2.4058214583594215,1.074047337303643
729,0.34573002754820936,0.1281445204004127,0.21758550714779668,2.6979696554164634,0.5505050505050505,0.22727272727272727,0.3232323232323232,1.4535312698075453,2.3452472876388586,0.8917160178313133
730,0.33917457402305884,0.14451756623473794,0.1946570077883209,2.3469435782785197,0.5353535353535354,0.2222222222222222,0.31313131313131315,1.4402717878029894,2.233227281941484,0.7929554941384944
731,0.3968982756861545,0.12154088585065018,0.2753573898355043,3.265553586419177,0.601010101010101,0.23232323232323232,0.3686868686868687,1.3205296403308442,2.3984278747716328,1.0778982344407886
732,0.3076216712580349,0.12421351562765706,0.18340815563037785,2.4765555479498937,0.494949494949495,0.17845117845117847,0.3164983164983165,1.467416051250181,2.3232903526480224,0.8558743013978414
733,0.3359861238649117,0.12279075831264386,0.21319536555226787,2.7362492787074433,0.5404040404040404,0.21212121212121213,0.3282828282828283,1.4824862491862225,2.3959671939585268,0.9134809447723042
734,0.3670543822058973,0.13341609132854926,0.23363829087734805,2.751200237923269,0.5606060606060606,0.21717171717171718,0.34343434343434337,1.345599480199731,2.3010911097986404,0.9554916295989093
735,0.34470972349760226,0.12847186794998244,0.21623785554761982,2.6831533548792725,0.5454545454545454,0.2516835016835017,0.29377104377104374,1.4495276387742697,2.449475864210546,0.9999482254362762
736,0.370166309560249,0.13076046661905247,0.23940584294119652,2.8308732687430918,0.5707070707070707,0.22895622895622894,0.3417508417508418,1.3867689908120042,2.3552129645321522,0.968443973720148
737,0.30800428527701257,0.11075258760443946,0.1972516976725731,2.781012091356919,0.48484848484848486,0.18097643097643099,0.30387205387205385,1.4608396043421052,2.450005143576869,0.9891655392347638
738,0.3620038771553923,0.11459431577276696,0.24740956138262532,3.1590037840377905,0.5656565656565656,0.1919191919191919,0.3737373737373737,1.4073033781954445,2.491589245615223,1.0842858674197786
739,0.3273135394347516,0.1294199004636715,0.19789363897108012,2.529081990189209,0.5050505050505051,0.19360269360269358,0.31144781144781153,1.3840176281705405,2.2586413957594877,0.8746237675889472
740,0.30466278951127435,0.1499946150619551,0.15466817444931924,2.0311581811482613,0.4696969696969697,0.23232323232323232,0.2373737373737374,1.4701147948752487,2.147423100666556,0.6773083057913072
741,0.3738394041424345,0.12830323436384042,0.24553616977859408,2.9137176938369787,0.5757575757575758,0.21212121212121213,0.36363636363636365,1.389013668957397,2.357271456783342,0.9682577878259451
742,0.3524130190796858,0.12845344579351314,0.22395957328617266,2.7435077113165502,0.5555555555555556,0.25757575757575757,0.297979797979798,1.4111661830101416,2.4102524664669183,0.9990862834567766
743,0.38526680950923375,0.1332687140767949,0.2519980954324389,2.8909021309174427,0.5858585858585859,0.2222222222222222,0.36363636363636365,1.3342973107532115,2.3581198296321966,1.0238225188789851
744,0.40648913376186097,0.13522996519629518,0.27125916856556576,3.0059102150312267,0.5959595959595959,0.19696969696969696,0.39898989898989895,1.224370243226649,2.2819567156418623,1.0575864724152133
745,0.4140648913376186,0.1319224795655772,0.28214241177204136,3.1386985197757107,0.6161616161616161,0.23737373737373738,0.3787878787878788,1.3021509828864413,2.3072255869936664,1.0050746041072252
746,0.29915314763799616,0.1267557732204197,0.17239737441757647,2.36007512744835,0.47474747474747475,0.21212121212121213,0.26262626262626265,1.5056467603140975,2.3414410079843027,0.8357942476702052
747,0.34720946842158956,0.13139532247276356,0.215814145948826,2.6424796704126305,0.5454545454545454,0.2222222222222222,0.3232323232323232,1.4240641132471923,2.32065623167279,0.8965921184255976
748,0.3421079481685542,0.14348734256141663,0.1986206056071376,2.384237815416523,0.5151515151515151,0.2281144781144781,0.28703703703703703,1.347737923540757,2.242025869702985,0.8942879461622282
749,0.3723599632690541,0.14602534888730176,0.2263346143817523,2.549967975467266,0.5656565656565656,0.23737373737373738,0.3282828282828283,1.3270782823095884,2.147705634642885,0.8206273523332968
750,0.38990919293949605,0.1483267013570044,0.24158249158249165,2.6287188306104903,0.5909090909090909,0.24242424242424243,0.3484848484848485,1.353821332200816,2.20362629165327,0.8498049594524539
751,0.41449852055912656,0.13962860932557902,0.27486991123354754,2.9685787358421627,0.6161616161616161,0.22727272727272727,0.38888888888888884,1.259692878992997,2.2595098349827167,0.9998169559897196
752,0.3593255790225487,0.12563060458683353,0.23369497443571516,2.8601755137952036,0.5656565656565656,0.20202020202020202,0.36363636363636365,1.425228685560617,2.3598633520875567,0.9346346665269396
753,0.34613814916845215,0.13359322744844632,0.21254492172000583,2.590985754139573,0.5353535353535354,0.1893939393939394,0.34595959595959597,1.3684572037562668,2.256423024159062,0.8879658204027954
754,0.3857259463320069,0.11835526987042137,0.2673706764615855,3.2590517241379313,0.5707070707070707,0.20707070707070707,0.36363636363636365,1.2841471794162227,2.440071028796348,1.1559238493801254
755,0.3577186001428425,0.1244090739040234,0.23330952623881912,2.875341716785128,0.5454545454545454,0.18181818181818182,0.3636363636363636,1.3522482194301682,2.3035089232907735,0.9512607038606054
756,0.30175492296704415,0.11944926254690565,0.18230566042013852,2.526218383713757,0.46464646464646464,0.16161616161616163,0.303030303030303,1.4285726162756025,2.3440870886816487,0.9155144724060462
757,0.34603611876339146,0.12353331292725234,0.22250280583613913,2.801156308073508,0.5454545454545454,0.21717171717171718,0.32828282828282823,1.4246662448684295,2.405347655283681,0.9806814104152515
758,0.306193245587185,0.12379689147365915,0.1823963541135259,2.473351648351649,0.48484848484848486,0.18013468013468012,0.3047138047138047,1.4627616215895454,2.308768307890247,0.8460066863007014
759,0.3660850933578206,0.12926118650024374,0.23682390685757684,2.832134713208209,0.5606060606060606,0.17592592592592593,0.3846801346801346,1.3331097462748305,2.2663933337177307,0.9332835874429002
760,0.37659422507907364,0.13126211611060096,0.24533210896847268,2.8690244850369226,0.5757575757575758,0.22727272727272727,0.3484848484848485,1.3198281948501405,2.365425858406387,1.0455976635562465
761,0.33430262218141005,0.126854969447562,0.20744765273384805,2.635313568220917,0.5303030303030303,0.19949494949494945,0.33080808080808083,1.440610409010494,2.296575389524436,0.855964980513942
762,0.3407050300989695,0.1344193903116462,0.2062856397873233,2.534641983638357,0.5353535353535354,0.21212121212121213,0.3232323232323232,1.4140700163512716,2.2417033577856498,0.8276333414343782
763,0.42158963371084585,0.14723554285843848,0.27435409085240736,2.863368623676612,0.6060606060606061,0.2777777777777778,0.3282828282828283,1.1631209912198996,2.251052638929621,1.0879316477097212
764,0.314406693194572,0.15282454171343063,0.16158215148114136,2.0573049961054855,0.5202020202020202,0.26262626262626265,0.25757575757575757,1.5481306436889846,2.2039693062016545,0.65583866251267
765,0.3564942352821141,0.12172794159326145,0.23476629368885266,2.92861466821886,0.5555555555555556,0.17676767676767677,0.3787878787878788,1.415310101342763,2.3797918917185896,0.9644817903758267
766,0.3027497194163861,0.1477230214603952,0.15502669795599092,2.049441694486014,0.4696969696969697,0.2239057239057239,0.2457912457912458,1.446560261107904,2.1832320883817857,0.7366718272738817
767,0.3623099683705744,0.13186154474033263,0.23044842363024176,2.747654512041783,0.5606060606060606,0.20454545454545456,0.35606060606060597,1.3910830369030756,2.2862768494079173,0.8951938125048418
768,0.3112692582389552,0.12481861261322542,0.18645064562572977,2.493772777329957,0.5,0.1919191919191919,0.30808080808080807,1.482061574696971,2.377013398418651,0.8949518237216798
769,0.34404652586470774,0.14037683229602424,0.2036696935686835,2.450878255602665,0.5252525252525253,0.21717171717171718,0.3080808080808081,1.3341446986757965,2.2675059796527357,0.9333612809769392
770,0.37118661361085603,0.13235894296500358,0.23882767064585245,2.804393910194642,0.5606060606060606,0.17760942760942763,0.3829966329966329,1.321630038472276,2.236809842895254,0.9151798044229782
771,0.38595551474339357,0.12884456234624586,0.2571109523971477,2.995512637205517,0.5909090909090909,0.2079124579124579,0.382996632996633,1.3551709590323353,2.2909447354945307,0.9357737764621954
772,0.3763646566676869,0.12172794159326146,0.2546367150744255,3.0918509895227,0.5808080808080808,0.22222222222222218,0.35858585858585856,1.3628741141819074,2.441226132800473,1.0783520186185658
773,0.3175696357514539,0.12625695790678954,0.19131267784466438,2.5152644338690853,0.5,0.2222222222222222,0.2777777777777778,1.4055495164354328,2.352124601892839,0.9465750854574062
774,0.28981736557494137,0.122430817717013,0.16738654785792836,2.3671929255984074,0.46464646464646464,0.21212121212121213,0.2525252525252525,1.5305299454078918,2.404935389021435,0.8744054436135433
775,0.34032241607999186,0.1140118922105454,0.22631052386944644,2.9849729662544284,0.5151515151515151,0.17676767676767677,0.33838383838383834,1.3565127356733484,2.4738376861854636,1.1173249505121152
776,0.33351188654218955,0.12534718679499823,0.20816469974719132,2.6607049992086282,0.5151515151515151,0.23232323232323232,0.2828282828282828,1.379996842303797,2.3817789674711087,1.0017821251673118
777,0.42026323844505664,0.13674341620469566,0.283519822240361,3.0733709169291994,0.6111111111111112,0.20707070707070707,0.4040404040404041,1.2282326820804834,2.2906312291260207,1.0623985470455373
778,0.37702785430058167,0.11840061671711503,0.2586272375834666,3.1843402910762166,0.5757575757575758,0.17845117845117847,0.39730639730639733,1.3309243700001618,2.4197827003081716,1.0888583303080097
779,0.33675135190286704,0.12948225237787528,0.20726909952499176,2.600752965897649,0.5353535353535354,0.23232323232323232,0.30303030303030304,1.4382190726325996,2.362363862791816,0.9241447901592164
780,0.3608560350984593,0.1413347844324275,0.21952125066603181,2.553200449185851,0.5454545454545454,0.18855218855218853,0.3569023569023569,1.3174997642064683,2.2106207144336945,0.8931209502272262
781,0.39970411182532395,0.15247310365155484,0.2472310081737691,2.621472917208818,0.601010101010101,0.24242424242424243,0.35858585858585856,1.297743762131996,2.178470259798069,0.8807264976660731
782,0.3516988062442608,0.14310331145347976,0.20859549479078104,2.4576566584805524,0.5353535353535354,0.22727272727272724,0.3080808080808081,1.3214736895472265,2.183829689080793,0.8623559995335666
783,0.37598204264870927,0.12701084923307146,0.2489711934156378,2.9602356406480115,0.5656565656565656,0.2474747474747475,0.3181818181818181,1.3002769861178087,2.3917336489620826,1.091456662844274
784,0.35141822263034384,0.13191397703182214,0.2195042455985217,2.663995359229976,0.5353535353535354,0.19191919191919188,0.3434343434343435,1.3498575419362788,2.257734082053643,0.9078765401173643
785,0.34368941944699516,0.11716208096679476,0.2265273384802004,2.9334526718111227,0.5404040404040404,0.20202020202020202,0.33838383838383845,1.4130062914567083,2.486499274809934,1.0734929833532258
786,0.2719365370880523,0.11453904930335908,0.15739748778469326,2.3741818946639124,0.43434343434343436,0.16414141414141414,0.2702020202020202,1.563092001263588,2.4630168647650663,0.8999248635014783
787,0.3096112641567187,0.12691023591696993,0.18270102823974876,2.439608294159027,0.5,0.21969696969696967,0.28030303030303033,1.4819131195140918,2.349478399624391,0.8675652801102991
788,0.3300683603713907,0.14008491197043385,0.18998344840095685,2.356202075788537,0.5202020202020202,0.21212121212121213,0.30808080808080807,1.405931246129206,2.2213205303191574,0.8153892841899515
789,0.3268033874094479,0.17440964073960707,0.15239374666984085,1.873769053267899,0.51010101010101,0.2676767676767677,0.24242424242424238,1.3945355266055386,2.0933183999069525,0.6987828733014139
790,0.3423885317824712,0.13971221757417043,0.20267631420830076,2.4506699394468057,0.5404040404040404,0.21717171717171718,0.32323232323232326,1.4314050895272838,2.2313260553387697,0.7999209658114859
791,0.39210284664830125,0.13776938861113946,0.2543334580371618,2.846081053281218,0.5909090909090909,0.21212121212121213,0.3787878787878788,1.3054444709324335,2.2726023487182045,0.967157877785771
792,0.3027752270176513,0.13845525966738087,0.16431996735027043,2.18680913780398,0.46464646464646464,0.23737373737373738,0.22727272727272727,1.434886803440399,2.2971032027195672,0.8622163992791683
793,0.3441485562697684,0.1263873300910338,0.2177612261787346,2.7229672153204465,0.5353535353535354,0.20202020202020202,0.33333333333333337,1.3509127079810057,2.353997363956049,1.0030846559750433
794,0.39633710845832065,0.13140665918443695,0.2649304492738837,3.0161112908443877,0.5909090909090909,0.20875420875420872,0.38215488215488225,1.2999870391498176,2.319561848159581,1.0195748090097634
795,0.4251606978879706,0.13049688807264564,0.294663809815325,3.258014073494918,0.6212121212121212,0.21212121212121213,0.40909090909090906,1.2521919509189687,2.3726986604705935,1.1205067095516248
796,0.3911845730027548,0.1424769581335238,0.248707614869231,2.7455988542101806,0.5858585858585859,0.21717171717171718,0.3686868686868687,1.2869417580700917,2.254070530856207,0.9671287727861153
797,0.359504132231405,0.13938487002460068,0.2201192622068043,2.5792191947946317,0.5555555555555556,0.24242424242424243,0.31313131313131315,1.3474963151500083,2.3275370346317685,0.9800407194817602
798,0.372334455667789,0.1320981985965151,0.2402362570712739,2.8186187217061085,0.5606060606060606,0.22306397306397308,0.3375420875420875,1.3495864300611815,2.3277153665911454,0.9781289365299639
799,0.3697071727374758,0.12868726547177728,0.2410199072656985,2.8729118719097904,0.5303030303030303,0.1826599326599327,0.3476430976430976,1.2246344936177267,2.288715699492565,1.0640812058748383
800,0.30257116620752983,0.12523948803410082,0.177331678173429,2.415940618706013,0.48484848484848486,0.2222222222222222,0.26262626262626265,1.4693298266983044,2.3714391235357106,0.9021092968374063
801,0.29157739006223854,0.14296160255756213,0.1486157875046764,2.0395503746877606,0.48484848484848486,0.23063973063973062,0.2542087542087542,1.5605512662828092,2.199518367588861,0.6389671013060518
802,0.2899959187837976,0.1298591980410162,0.1601367207427814,2.2331565507758797,0.46464646464646464,0.1919191919191919,0.2727272727272727,1.5173610273743865,2.3042667791461677,0.7869057517717812
803,0.3681767166615652,0.14489451189787886,0.22328220476368635,2.540998356936078,0.5757575757575758,0.22727272727272727,0.3484848484848485,1.413351650592301,2.1719332425114457,0.7585815919191448
804,0.33858789919395976,0.12851296352979852,0.21007493566416124,2.6346594918842627,0.5353535353535354,0.21717171717171718,0.3181818181818182,1.4264871441659344,2.3573703320981245,0.9308831879321902
805,0.30828486889092954,0.11920268906800893,0.1890821798229206,2.5862241137449775,0.5050505050505051,0.1919191919191919,0.31313131313131315,1.52776555094166,2.4477010767488485,0.9199355258071884
806,0.38554739312315073,0.16045981702547357,0.22508757609767716,2.402766002543451,0.5808080808080808,0.2777777777777778,0.303030303030303,1.3473814695637185,2.0905939566717375,0.743212487108019
807,0.35195388225691254,0.13963427768141573,0.2123196045754968,2.520540716083462,0.5454545454545454,0.25252525252525254,0.2929292929292929,1.3878563415819039,2.262012748803022,0.8741564072211183
808,0.3609070503009897,0.11567130338174109,0.2452357469192486,3.120108788866293,0.5606060606060606,0.1961279461279461,0.36447811447811446,1.362196210199062,2.483938753642858,1.1217425434437962
809,0.3427201305989184,0.1306244260789715,0.21209570451994691,2.6237063073618434,0.5303030303030303,0.17929292929292928,0.351010101010101,1.3693599076249308,2.2692311421415567,0.899871234516626
810,0.3169574533210897,0.1443645206271469,0.17259293269394282,2.195535661699747,0.5050505050505051,0.20707070707070707,0.297979797979798,1.4405454526635744,2.170552101171448,0.7300066485078736
811,0.32190592796653406,0.12964663469713975,0.1922592932693943,2.482948583420777,0.5202020202020202,0.18350168350168353,0.3367003367003367,1.4664855401106691,2.2959052185633295,0.8294196784526604
812,0.32014590347923677,0.12214031448038182,0.19800558899885495,2.621132136766019,0.51010101010101,0.21212121212121213,0.2979797979797979,1.4590690213489441,2.438539159460796,0.979470138111852
813,0.4542393633302725,0.14543583988028433,0.3088035234499882,3.123297281496639,0.6464646464646465,0.26262626262626265,0.38383838383838387,1.17061379593637,2.222190407820631,1.0515766118842609
814,0.3640444852566065,0.12082100465938848,0.243223480597218,3.0130893736805073,0.5505050505050505,0.1919191919191919,0.35858585858585856,1.3109946750100443,2.376703857547545,1.0657091825375007
815,0.3343281297826752,0.11052443628201204,0.22380369350066315,3.0249249942303247,0.5303030303030303,0.15404040404040403,0.37626262626262624,1.4350923747384843,2.47569311964643,1.0406007449079455
816,0.3280787674727069,0.13114874899386686,0.19693001847884006,2.501577559752777,0.5252525252525253,0.21717171717171718,0.3080808080808081,1.4854358000361765,2.359028742635797,0.8735929425996207
817,0.3733802673196613,0.125554081783038,0.24782618553662328,2.973860045146727,0.5707070707070707,0.18686868686868688,0.38383838383838387,1.2960977172866954,2.306941201755983,1.0108434844692877
818,0.3262932353841445,0.11896745230078565,0.20732578308335886,2.742710120068611,0.5202020202020202,0.23737373737373738,0.2828282828282829,1.4217068089335085,2.4661170513718735,1.044410242438365
819,0.3342005917763493,0.12300615583443866,0.21119443594191065,2.716942005944563,0.5303030303030303,0.18686868686868688,0.3434343434343434,1.411397558433435,2.317691213951365,0.90629365551793
820,0.33228752168146114,0.11846296863131879,0.21382455305014236,2.8049906694100204,0.5404040404040404,0.18686868686868688,0.3535353535353536,1.5159942827577153,2.4372864341870137,0.9212921514292984
821,0.37567595143352717,0.11790746975932162,0.2577684816742055,3.1861929714917547,0.5808080808080808,0.18013468013468012,0.4006734006734006,1.368049998697098,2.4126361971912993,1.0445861984942013
822,0.31869197020712176,0.1284789533947783,0.19021301681234346,2.48049942645372,0.5151515151515151,0.20202020202020202,0.31313131313131315,1.5133755255458936,2.3082814044468343,0.7949058789009407
823,0.4161054994388328,0.13463478783344104,0.2814707116053917,3.0906239474570563,0.6111111111111112,0.2222222222222222,0.38888888888888895,1.2390079984027924,2.2884338273858784,1.049425828983086
824,0.41960004081216207,0.16001343400333298,0.25958660680882906,2.6222800818300174,0.6060606060606061,0.28198653198653195,0.3240740740740741,1.2070664515634304,2.1551481689156784,0.948081717352248
825,0.3403989388837873,0.10838746613157388,0.23201147275221343,3.140574745705096,0.5353535353535354,0.1826599326599327,0.35269360269360267,1.3876164623114313,2.5065491591482596,1.1189326968368283
826,0.32267115600448937,0.13191397703182217,0.1907571789726672,2.446072533516672,0.5151515151515151,0.24242424242424243,0.2727272727272727,1.4273835983944778,2.3356657333186615,0.9082821349241836
827,0.34042444648505255,0.13121393508598894,0.2092105113990636,2.594422964770936,0.5202020202020202,0.20707070707070707,0.31313131313131315,1.3395680493573243,2.3030155250175577,0.9634474756602334
828,0.3326956433017038,0.11822348059721799,0.21447216270448582,2.8141249235858883,0.51010101010101,0.16666666666666666,0.3434343434343434,1.3942023599168343,2.4108004488260506,1.0165980889092163
829,0.31843689419446997,0.10323209649808976,0.2152047976963802,3.0846694487151334,0.5202020202020202,0.20202020202020202,0.31818181818181823,1.524408160420608,2.5605275148279585,1.0361193544073506
830,0.40059687786960513,0.14057805892822728,0.26001881894137785,2.8496401282232213,0.6060606060606061,0.23232323232323232,0.37373737373737376,1.3289485674265495,2.2824315105195945,0.9534829430930449
831,0.31211100908070605,0.14049586776859505,0.171615141312111,2.221496005809731,0.5,0.2222222222222222,0.2777777777777778,1.4625315008745567,2.208134609637595,0.7456031087630381
832,0.3103509845934089,0.1355303880556406,0.17482059653776827,2.2898996235884566,0.494949494949495,0.2474747474747475,0.2474747474747475,1.4762930043671783,2.3254054468337424,0.8491124424665641
833,0.3709825528007346,0.12469249169585868,0.24629006110487595,2.975179561778344,0.5656565656565656,0.20202020202020202,0.36363636363636365,1.3263400738814797,2.3862806966125665,1.0599406227310868
834,0.31978879706152435,0.11123581493951863,0.20855298212200574,2.8748726049735023,0.5050505050505051,0.1919191919191919,0.31313131313131315,1.453507506319479,2.5327564824923647,1.0792489761728858
835,0.3195592286501377,0.12904295480053057,0.19051627384960712,2.4763787309745,0.494949494949495,0.21212121212121213,0.2828282828282829,1.4144189208927198,2.2910051111737433,0.8765861902810235
836,0.2970105091317213,0.11592779648335205,0.18108271264836923,2.562030144119696,0.4797979797979798,0.23232323232323232,0.24747474747474746,1.4793873475545893,2.4772205329684938,0.9978331854139044
837,0.3253239465360677,0.1321690530444739,0.19315489349159382,2.461422996097268,0.5151515151515151,0.2222222222222222,0.29292929292929293,1.4644847174504547,2.300225451291076,0.8357407338406211
838,0.3923324150596877,0.11827874706662585,0.27405366799306186,3.3170153116238943,0.5959595959595959,0.21212121212121213,0.38383838383838376,1.3369577133868211,2.4465544425271695,1.1095967291403483
839,0.2592082440567289,0.14330170390776453,0.11590654014896434,1.8088287646849408,0.4292929292929293,0.2474747474747475,0.1818181818181818,1.5880108161017135,2.1954113765732206,0.6074005604715071
840,0.36771757983879194,0.11991973608135223,0.2477978437574397,3.0663641520136133,0.5606060606060606,0.18181818181818182,0.37878787878787873,1.28504998559263,2.391103754202844,1.1060537686102139
841,0.358509335782063,0.128267807139861,0.23024152864220201,2.795006352538253,0.5656565656565656,0.20707070707070707,0.35858585858585856,1.434020088754971,2.369958440827098,0.935938352072127
842,0.31782471176410565,0.12995414300128105,0.1878705687628246,2.4456681751267646,0.51010101010101,0.20538720538720537,0.3047138047138047,1.4720600329650901,2.316042519663741,0.8439824866986507
843,0.31769717375777984,0.11758153929871101,0.20011563445906883,2.70193072528744,0.5151515151515151,0.1919191919191919,0.3232323232323232,1.5168134256265282,2.4591414761078463,0.9423280504813181
844,0.3340475461687583,0.1286915167386548,0.2053560294301035,2.5957231263902036,0.5454545454545454,0.2138047138047138,0.33164983164983164,1.5323922529584482,2.3730849069628652,0.8406926540044171
845,0.35419855116824805,0.14238343026221814,0.2118151209060299,2.487638839125761,0.5454545454545454,0.21717171717171718,0.32828282828282823,1.3755434040074581,2.2475863105685874,0.8720429065611293
846,0.35654525048464447,0.13409345985103563,0.22245179063360884,2.658930949210576,0.5555555555555556,0.23232323232323232,0.32323232323232326,1.4142614527855812,2.304071228846875,0.889809776061294
847,0.30063258851137636,0.12833724449886066,0.1722953440125157,2.3425202067046507,0.494949494949495,0.1919191919191919,0.3030303030303031,1.5154895210695005,2.262744595674895,0.7472550746053943
848,0.39396490154065905,0.14489167771996056,0.2490732238206985,2.719030573323161,0.5959595959595959,0.23232323232323232,0.3636363636363636,1.348269004645894,2.2371508554600426,0.8888818508141485
849,0.3530762167125803,0.13447040551417658,0.21860581119840375,2.625679720102853,0.5353535353535354,0.21717171717171718,0.3181818181818182,1.3414288279916593,2.2838089198628695,0.9423800918712102
850,0.4286807468625649,0.15239374666984093,0.276287000192724,2.812981216291612,0.6313131313131313,0.23316498316498316,0.39814814814814814,1.2896917470291596,2.144060544391017,0.8543687973618572
851,0.3478981736557493,0.13322336723010125,0.21467480642564807,2.6113900353146398,0.5353535353535354,0.21717171717171718,0.3181818181818182,1.3447945820503424,2.303311890590452,0.9585173085401095
852,0.28145087235996324,0.11771049439399608,0.16374037796596716,2.3910431589718892,0.4494949494949495,0.18686868686868688,0.26262626262626265,1.5387144045334258,2.4702188211108806,0.9315044165774549
853,0.4029690847872666,0.14031731455973884,0.2626517702275278,2.87184148336666,0.6060606060606061,0.26262626262626265,0.3434343434343434,1.2916532906152618,2.2979526930724816,1.0062994024572198
854,0.3977655341291705,0.1456313981566507,0.25213413597251977,2.731317141522653,0.5858585858585859,0.20959595959595959,0.3762626262626263,1.230487574485458,2.1993908154982336,0.9689032410127756
855,0.37383940414243444,0.14163237311385457,0.23220703102857987,2.6395053328797555,0.5505050505050505,0.24494949494949492,0.3055555555555556,1.2586516216290498,2.237097950904121,0.9784463292750714
856,0.3499132741556984,0.12003452028704555,0.22987875386865286,2.9151053656808923,0.5404040404040404,0.21717171717171718,0.32323232323232326,1.3610650631425731,2.4882429465539833,1.1271778834114101
857,0.3709570451994694,0.1558769513314968,0.21508009386797264,2.3798069055801014,0.5757575757575758,0.30303030303030304,0.27272727272727276,1.390805505299002,2.2649327142372155,0.8741272089382135
858,0.4126364656667687,0.12999523858109718,0.2826412270856715,3.1742429197462223,0.6161616161616161,0.2382154882154882,0.3779461279461279,1.2988522781715954,2.3293129009966456,1.0304606228250501
859,0.3060912151821243,0.11954562459612965,0.18654559058599463,2.5604551920341394,0.494949494949495,0.20202020202020202,0.29292929292929293,1.5008102756881794,2.4068785054624797,0.9060682297743003
860,0.3576165697377819,0.1032476844766407,0.2543688852611412,3.4636764160913547,0.5555555555555556,0.16750841750841752,0.3880471380471381,1.4008781943260322,2.545171845138639,1.1442936508126067
861,0.3891949801040711,0.1301695405230759,0.2590254395809952,2.9899082269179273,0.5909090909090909,0.22474747474747475,0.3661616161616162,1.3245609507421556,2.3199098319981077,0.9953488812559521
862,0.42658912355882045,0.1435567799204163,0.2830323436384041,2.971570717839374,0.6161616161616161,0.24242424242424243,0.3737373737373737,1.1985951075927566,2.204291371348852,1.0056962637560956
863,0.38383838383838387,0.13122668888662156,0.2526116949517623,2.9250024297268986,0.5808080808080808,0.23232323232323232,0.34848484848484845,1.3363391078767022,2.3636428634039226,1.0273037555272204
864,0.3595296398326702,0.1480532031878833,0.21147643664478694,2.4283813662337175,0.5555555555555556,0.2222222222222222,0.33333333333333337,1.3446468966149645,2.2253550884495614,0.8807081918345969
865,0.3450668299153148,0.1436361369021302,0.2014306930131846,2.402367797947908,0.5505050505050505,0.24242424242424243,0.30808080808080807,1.4374364673710702,2.196604115526512,0.7591676481554419
866,0.33241505968778695,0.10706957339953972,0.22534548628824724,3.104664090211234,0.5202020202020202,0.16666666666666666,0.3535353535353536,1.4163100344504942,2.4296022249178035,1.0132921904673093
867,0.335016835016835,0.12697967327596957,0.20803716174086542,2.638350110483673,0.5303030303030303,0.17676767676767677,0.3535353535353535,1.4138140906207672,2.2900636169652158,0.8762495263444485
868,0.3241505968778697,0.10951546894307837,0.2146351279347913,2.959861287233768,0.5252525252525253,0.16666666666666666,0.3585858585858587,1.4917598766753457,2.477163715246651,0.9854038385713051
869,0.2762473217018671,0.15019725878311738,0.12605006291874973,1.8392301160486835,0.4292929292929293,0.25252525252525254,0.17676767676767674,1.5333137152221905,2.177971229973254,0.6446575147510636
870,0.34129170492806854,0.11765806210250654,0.223633642825562,2.900708194825842,0.5353535353535354,0.18181818181818182,0.35353535353535354,1.4089588167842608,2.3799229675310687,0.9709641507468079
871,0.28833792470156105,0.1286433357140428,0.15969458898751826,2.24137475214805,0.4494949494949495,0.1919191919191919,0.25757575757575757,1.4997321725035426,2.377911852857413,0.8781796803538702
872,0.32810427507397205,0.1291889149633257,0.19891536011064634,2.5397246750397637,0.5202020202020202,0.19949494949494945,0.3207070707070708,1.4439912438519287,2.292453716461842,0.8484624726099133
873,0.4082746658504233,0.13152852883492613,0.2767461370154972,3.1040768832959826,0.5959595959595959,0.21380471380471378,0.38215488215488214,1.2102942846677385,2.2698163787978256,1.0595220941300871
874,0.29037853280277526,0.12803115328367853,0.16234737951909672,2.2680302829060968,0.48484848484848486,0.20707070707070707,0.2777777777777778,1.5672660288890452,2.3327741642238298,0.7655081353347846
875,0.3104275073972045,0.14354544320874285,0.16688206418846163,2.1625730532301386,0.5050505050505051,0.23063973063973062,0.27441077441077444,1.4730607799634423,2.211802746377743,0.7387419664143009
876,0.42136006529945924,0.1379847861329343,0.28337527916652494,3.0536704596804007,0.6262626262626263,0.23232323232323232,0.393939393939394,1.2862943042136679,2.311860231945194,1.025565927731526
877,0.3254769921436588,0.1462931787005861,0.17918381344307271,2.224826851358551,0.5202020202020202,0.23821548821548824,0.281986531986532,1.434917274424531,2.193661129024605,0.7587438546000738
878,0.33430262218141005,0.13235610878708523,0.20194651339432482,2.525781584582441,0.5202020202020202,0.20370370370370372,0.3164983164983165,1.3926591677270188,2.302507519205047,0.909848351478028
879,0.3685338230792777,0.14866963688512508,0.2198641861941526,2.4788775354582895,0.5757575757575758,0.25925925925925924,0.31649831649831656,1.4117216897088913,2.216657221553049,0.8049355318441576
880,0.3885317824711763,0.12743314174290604,0.26109864072827027,3.0489068789893907,0.5959595959595959,0.18350168350168353,0.4124579124579124,1.3736262449217613,2.3182716408756496,0.9446453959538883
881,0.3446076930925415,0.12210205307848404,0.22250564001405748,2.8222923726846476,0.5454545454545454,0.1919191919191919,0.3535353535353535,1.4404454196710248,2.3812490533759725,0.9408036337049477
882,0.3113967962452811,0.12619177181466745,0.18520502443061365,2.467647389107243,0.5050505050505051,0.21212121212121213,0.29292929292929293,1.4970568535464222,2.3567399471160484,0.8596830935696262
883,0.3134884195490257,0.1213028149055085,0.1921856046435172,2.584345794392524,0.5050505050505051,0.20707070707070707,0.297979797979798,1.4727922838912695,2.396466091622096,0.9236738077308264
884,0.32080910111213135,0.14673105918897164,0.1740780419231597,2.186374874449509,0.51010101010101,0.2037037037037037,0.30639730639730633,1.4648398828028057,2.14010389404943,0.6752640112466242
885,0.3757014590347923,0.14913019079685744,0.22657126823793486,2.5192850423330198,0.5656565656565656,0.2676767676767677,0.29797979797979796,1.341093010728551,2.223904846178119,0.8828118354495678
886,0.3322109988776656,0.12046956659751275,0.21174143228015285,2.7576342163459273,0.5202020202020202,0.2474747474747475,0.2727272727272727,1.4049733584315687,2.4627673897544033,1.0577940313228347
887,0.3897051321293745,0.14499370812502127,0.24471142400435325,2.687738227877792,0.5858585858585859,0.26262626262626265,0.3232323232323232,1.3068376322097532,2.2577136692371993,0.950876037027446
888,0.3210641771247832,0.11631041050232971,0.20475376662245348,2.7604079096458203,0.5151515151515151,0.1759259259259259,0.3392255892255892,1.4671876794357592,2.435265437527327,0.9680777580915678
889,0.30262218141006025,0.10481073359861237,0.19781144781144788,2.887320515940619,0.4898989898989899,0.15404040404040403,0.33585858585858586,1.4912870305866956,2.497656514823594,1.0063694842368984
890,0.32302826242220184,0.12676994411001144,0.1962583183121904,2.5481454984461984,0.5050505050505051,0.20707070707070707,0.297979797979798,1.4057737228332923,2.3675817970805686,0.9618080742472763
891,0.3549127640036731,0.12149270482603815,0.23342005917763498,2.9212681083350835,0.5505050505050505,0.1919191919191919,0.35858585858585856,1.3904477296390083,2.362232454974917,0.9717847253359087
892,0.344378124681155,0.1300434196057092,0.21433470507544577,2.648178014122569,0.5404040404040404,0.21212121212121213,0.3282828282828283,1.4019693709962155,2.2994457390614205,0.8974763680652049
893,0.35945311702887456,0.13642740536679931,0.22302571166207524,2.6347574086192385,0.5656565656565656,0.2196969696969697,0.3459595959595959,1.4372987084989164,2.2346975256911197,0.7973988171922033
894,0.38450158147127844,0.15334036209457086,0.23116121937670758,2.5075040662427917,0.5606060606060606,0.22558922558922562,0.33501683501683494,1.2110901315379057,2.1729631444509216,0.961873012913016
895,0.32848688909294965,0.13283650194424607,0.1956503871487036,2.4728661496282225,0.51010101010101,0.20202020202020202,0.30808080808080807,1.385805108492783,2.31883354440621,0.9330284359134271
896,0.3376951331496786,0.13113882937115262,0.20655630377852596,2.5750964437384507,0.5303030303030303,0.2222222222222222,0.30808080808080807,1.3966489487397524,2.4145841543321147,1.0179352055923623
897,0.3978165493317008,0.1322058973574125,0.2656106519742883,3.0090681072737793,0.5808080808080808,0.21212121212121213,0.3686868686868686,1.2394989916711656,2.266799146773325,1.0273001551021592
898,0.30083664932149784,0.1250666031810813,0.17577004614041655,2.4054115300942716,0.48484848484848486,0.234006734006734,0.25084175084175087,1.5143467873145713,2.360448958080626,0.8461021707660545
899,0.29884705642281395,0.1108645376322144,0.18798251879059955,2.695605491218651,0.4898989898989899,0.18686868686868688,0.303030303030303,1.548275259669672,2.4805983187878513,0.9323230591181793
900,0.30996837057443116,0.13408495731728054,0.17588341325715062,2.3117311350665823,0.51010101010101,0.2222222222222222,0.28787878787878785,1.5141469423056617,2.3704057557343337,0.8562588134286719
901,0.3532292623201714,0.13716854289244862,0.21606071942772276,2.575147733377412,0.5454545454545454,0.23232323232323232,0.3131313131313131,1.400995667128728,2.2675098202863615,0.8665141531576335
902,0.4122028364452607,0.13849493815823782,0.27370789828702285,2.9763025416444973,0.601010101010101,0.26262626262626265,0.33838383838383834,1.1869866759470402,2.325031255731557,1.1380445797845167
903,0.352591572288542,0.11784511784511785,0.23474645444342412,2.991991341991342,0.5505050505050505,0.21717171717171718,0.3333333333333333,1.3888318897310858,2.4936760342658117,1.104844144534726
904,0.33828180797877766,0.13647416930245215,0.2018076386763255,2.478724067036321,0.5353535353535354,0.21717171717171718,0.3181818181818182,1.4291884057864035,2.2606902376805427,0.8315018318941392
905,0.3353229262320172,0.11693818091124492,0.2183847453207723,2.8675230247212795,0.5252525252525253,0.180976430976431,0.3442760942760943,1.393894518153429,2.3774337706433064,0.9835392524898774
906,0.3409856137128865,0.11812286728111646,0.22286274643177004,2.886702816833821,0.5404040404040404,0.19696969696969696,0.3434343434343435,1.4398393056996723,2.409193704385722,0.9693543986860496
907,0.3220589735741251,0.12029384756657484,0.20176512600755026,2.6772688719253606,0.5252525252525253,0.18181818181818182,0.3434343434343435,1.499514486526537,2.365307221199067,0.86579273467253
908,0.3196102438526681,0.12395560543708692,0.1956546384155812,2.5784250960307302,0.5050505050505051,0.22727272727272727,0.2777777777777778,1.4403592352274628,2.43729707395851,0.9969378387310472
909,0.2620395877971636,0.1229863165890102,0.13905327120815336,2.130640180670139,0.41919191919191917,0.20707070707070707,0.2121212121212121,1.5266597189944202,2.4244636449224894,0.8978039259280692
910,0.3525150494847464,0.129873368930608,0.22264168055413838,2.714298184357541,0.5454545454545454,0.21212121212121213,0.33333333333333326,1.3591452520932377,2.3444789321319286,0.9853336800386909
911,0.3239975512702785,0.11767790134793502,0.2063196499223435,2.753257387827846,0.5151515151515151,0.18686868686868688,0.3282828282828283,1.4789991692138207,2.448284659261253,0.9692854900474321
912,0.3898836853382307,0.1272432518223764,0.2626404335158543,3.064081432644333,0.5959595959595959,0.22895622895622894,0.367003367003367,1.3526923498435819,2.337213022794911,0.9845206729513292
913,0.3141516171819202,0.0995689215386185,0.21458269564330168,3.1551172025105676,0.5050505050505051,0.1717171717171717,0.33333333333333337,1.4889752298895294,2.5644475531089204,1.075472323219391
914,0.32991531476379965,0.12490080377285764,0.205014510990942,2.6414186682399396,0.5202020202020202,0.18181818181818182,0.3383838383838384,1.426607731853359,2.3809830299623718,0.9543752981090128
915,0.36345781042750736,0.12654604405446157,0.23691176637304578,2.8721388577827542,0.5656565656565656,0.20202020202020202,0.36363636363636365,1.3832971393419935,2.36060212879958,0.9773049894575865
916,0.34578104275073973,0.1356494235282114,0.21013161922252832,2.5490786009778112,0.5202020202020202,0.1919191919191919,0.3282828282828283,1.2946060509030246,2.2941866077190527,0.9995805568160281
917,0.2817314559738802,0.12197451507215819,0.15975694090172204,2.3097567209610332,0.47474747474747475,0.18181818181818182,0.29292929292929293,1.6077065466785014,2.36199928710508,0.7542927404265787
918,0.3195592286501378,0.13108072872382637,0.18847849992631144,2.4378810810810814,0.5151515151515151,0.1919191919191919,0.3232323232323232,1.500928449354227,2.3062387639747577,0.8053103146205307
919,0.30966227935924906,0.11608225917990228,0.19358002017934678,2.667610723179843,0.4696969696969697,0.17929292929292928,0.29040404040404044,1.4422595904230606,2.3909288210682638,0.9486692306452031
920,0.29900010203040506,0.12411998775635141,0.17488011427405364,2.408960131524866,0.48484848484848486,0.18181818181818182,0.30303030303030304,1.5092269802062832,2.3653028459058354,0.8560758656995522
921,0.29864299561269264,0.11604258068904534,0.18260041492364731,2.5735638921453696,0.47474747474747475,0.18181818181818182,0.29292929292929293,1.4877648868783657,2.4220340501609803,0.9342691632826146
922,0.3669013365983063,0.16786552392613,0.19903581267217632,2.1856860659474244,0.5707070707070707,0.30303030303030304,0.2676767676767677,1.4059017305729926,2.1589776474972067,0.753075916924214
923,0.36144270992755834,0.1430239544717659,0.21841875545579242,2.527148065948002,0.5656565656565656,0.24326599326599324,0.3223905723905724,1.396215726071092,2.294699838725152,0.8984841126540601
924,0.35603509845934084,0.11757020258703758,0.23846489587230324,3.0282766434443027,0.5505050505050505,0.17676767676767677,0.3737373737373737,1.4090835706340434,2.3942139944925143,0.9851304238584708
925,0.34154678094072033,0.12019181716151411,0.22135496377920622,2.8416808149405774,0.5303030303030303,0.20202020202020202,0.3282828282828283,1.3889831167419184,2.3990934381171067,1.0101103213751883
926,0.3279767370676462,0.12984786132934278,0.1981288757383034,2.525853977954819,0.5202020202020202,0.2222222222222222,0.297979797979798,1.4674159754628118,2.3788351382013184,0.9114191627385066
927,0.3626415671870218,0.15692276298336905,0.20571880420365274,2.310955786736021,0.5505050505050505,0.2828282828282828,0.2676767676767677,1.3013692134747077,2.2131228116114925,0.9117535981367848
928,0.3207835935108662,0.13324037229761135,0.18754322121325487,2.4075555177401515,0.4898989898989899,0.19696969696969696,0.29292929292929293,1.4178612791538538,2.256703732944849,0.8388424537909953
929,0.3371084583205795,0.12868018002698137,0.20842827829359814,2.6197387837808073,0.5404040404040404,0.20538720538720537,0.3350168350168351,1.4745572560898257,2.4117887298659046,0.937231473776079
930,0.32726252423222124,0.1364585813239012,0.19080394290832003,2.3982553611298614,0.5202020202020202,0.2222222222222222,0.297979797979798,1.4457079156371255,2.271277236543301,0.8255693209061754
931,0.4202122232425263,0.1453168044077135,0.2748954188348128,2.89169738458838,0.6161616161616161,0.23232323232323232,0.3838383838383838,1.2369553215450249,2.3060557250570093,1.0691004035119844
932,0.360524436282012,0.15337295514063187,0.2071514811413801,2.3506389112176733,0.5454545454545454,0.2222222222222222,0.3232323232323232,1.3108786654915068,2.146727809525638,0.8358491440341311
933,0.37113559840832566,0.1325941797322269,0.23854141867609877,2.7990338577291376,0.5656565656565656,0.18181818181818182,0.3838383838383838,1.282992584775203,2.257247383498612,0.9742547987234089
934,0.3296347311498828,0.14371549388384405,0.18591923726603873,2.2936617496253064,0.5252525252525253,0.23232323232323232,0.292929292929293,1.4548202491912883,2.1726753652534985,0.7178551160622102
935,0.3764411794714826,0.12961687582899706,0.24682430364248553,2.9042605529863232,0.5757575757575758,0.19444444444444445,0.3813131313131314,1.3494522014709065,2.29304737525901,0.9435951737881036
936,0.3384093459851035,0.10178808284868891,0.23662126313641463,3.324646034331537,0.5353535353535354,0.15656565656565657,0.3787878787878788,1.4095122437518781,2.559090149437941,1.1495779056860629
937,0.3954188348127742,0.13150018705574262,0.26391864775703155,3.006983059614638,0.5959595959595959,0.2558922558922559,0.34006734006734,1.31907477317646,2.351589960406499,1.0325151872300389
938,0.34272013059891854,0.11100057817229536,0.23171955242662318,3.0875526618153963,0.5404040404040404,0.22558922558922562,0.3148148148148148,1.408219189261937,2.4958739945460295,1.0876548052840926
939,0.3093051729415366,0.11198403790996384,0.19732113503157275,2.762046973071472,0.5,0.17508417508417512,0.3249158249158249,1.4961876466294393,2.4602298606306983,0.964042214001259
940,0.36225895316804396,0.12193058531442369,0.24032836785362027,2.9710261148495514,0.5656565656565656,0.2222222222222222,0.3434343434343434,1.3998764820868812,2.4282667776756477,1.0283902955887665
941,0.4357208448117539,0.10251646657370563,0.33320437823804827,4.250252270433905,0.6363636363636364,0.15151515151515152,0.48484848484848486,1.2667510885569788,2.4930226096094015,1.2262715210524227
942,0.3754208754208755,0.12200285685134171,0.2534180185695338,3.0771482333263647,0.5757575757575758,0.18686868686868688,0.38888888888888895,1.3218369435484048,2.341059234654797,1.0192222911063922
943,0.2549739822467095,0.10562414266117968,0.14934983958552978,2.4139744552967692,0.4292929292929293,0.17003367003367,0.2592592592592593,1.6655389451198475,2.547084364659425,0.8815454195395773
944,0.371033568003265,0.13190830867598544,0.23912525932727954,2.8128142323063043,0.5707070707070707,0.1919191919191919,0.3787878787878788,1.3607562679188825,2.2585069002742046,0.8977506323553222
945,0.3480002040608101,0.1171309050096929,0.2308692990511172,2.9710365853658534,0.5404040404040404,0.16666666666666666,0.3737373737373738,1.3925035516215263,2.4066540328384947,1.0141504812169684
946,0.30968778696051424,0.11823906857576891,0.19144871838474534,2.619166327093171,0.48484848484848486,0.20622895622895623,0.27861952861952866,1.4423845890734686,2.454288197849438,1.0119036087759696
947,0.38044587287011533,0.15805785123966942,0.2223880216304459,2.407003953844913,0.5707070707070707,0.21212121212121213,0.35858585858585856,1.2897991077673365,2.112429550821748,0.8226304430544114
948,0.33874094480155087,0.12491214048453105,0.21382880431701984,2.7118336415306254,0.5404040404040404,0.1919191919191919,0.3484848484848485,1.4459633209232388,2.369652541272691,0.9236892203494522
949,0.3708805223956739,0.15227612828622927,0.2186043941094446,2.4355788827158773,0.5656565656565656,0.29797979797979796,0.2676767676767677,1.35758738992854,2.313758375862784,0.956170985934244
950,0.2872921130496888,0.11043515967758391,0.1768569533721049,2.6014551333872276,0.4696969696969697,0.18686868686868688,0.2828282828282829,1.5309580236896982,2.5164090464799287,0.9854510227902304
951,0.3251709009284767,0.11604824904488202,0.2091226518835947,2.802031944512285,0.5252525252525253,0.2003367003367003,0.324915824915825,1.467987686408543,2.4484157243139593,0.9804280379054162
952,0.41842669115396397,0.13738677459216178,0.28103991656180216,3.0456111397627654,0.6111111111111112,0.24242424242424243,0.36868686868686873,1.2250996915490422,2.283424129352605,1.058324437803563
953,0.28971533516988063,0.10878708521806166,0.18092824995181897,2.6631408920383493,0.4797979797979798,0.1691919191919192,0.31060606060606055,1.5563338863066618,2.5486040565706314,0.9922701702639696
954,0.3589939802061014,0.12473783854255235,0.23425614166354905,2.877987821503226,0.5656565656565656,0.20959595959595959,0.3560606060606061,1.4419702412493702,2.4000600106664876,0.9580897694171173
955,0.3103254769921437,0.1489473863211237,0.16137809067102,2.0834570156410552,0.5050505050505051,0.20202020202020202,0.3030303030303031,1.5091729482731489,2.161005013346469,0.6518320650733203
956,0.31170288746046326,0.12664807445952225,0.185054813000941,2.4611735219084285,0.5050505050505051,0.1919191919191919,0.31313131313131315,1.4615041978872894,2.2783751204891836,0.8168709226018942
957,0.3772574227119681,0.140680089333288,0.23657733337868012,2.681668916332574,0.5656565656565656,0.19696969696969696,0.3686868686868687,1.3041552701158008,2.2244070929558823,0.9202518228400816
958,0.3120344862769105,0.1230940153499076,0.1889404709270029,2.534928163566034,0.494949494949495,0.17676767676767677,0.31818181818181823,1.497836170705731,2.3646649066296073,0.8668287359238762
959,0.3269054178145087,0.11185649990363794,0.21504891791087077,2.9225428839283456,0.5202020202020202,0.16666666666666666,0.3535353535353536,1.4414987767064817,2.4761996794074324,1.0347009027009506
960,0.3310886644219978,0.1308511603124398,0.200237504109558,2.5302692282700514,0.5202020202020202,0.2138047138047138,0.30639730639730645,1.4255535764881995,2.3472767886098724,0.921723212121673
961,0.33588409345985104,0.13634096294028955,0.1995431305195615,2.4635596391302537,0.5202020202020202,0.21717171717171718,0.30303030303030304,1.3543520808419502,2.291664059578721,0.9373119787367707
962,0.2972400775431079,0.14191720799464907,0.1553228695484588,2.0944611421210824,0.4898989898989899,0.1910774410774411,0.29882154882154877,1.5531146250719376,2.217987567858435,0.6648729427864972
963,0.3086929905111724,0.12498016075457152,0.18371282975660086,2.4699359374114183,0.48484848484848486,0.18181818181818182,0.30303030303030304,1.4895241005608677,2.341649881552437,0.8521257809915694
964,0.34669931639628604,0.13445056626874807,0.21224875012753797,2.5786378296338452,0.5404040404040404,0.1893939393939394,0.35101010101010105,1.402632059509818,2.3145989562780196,0.9119668967682015
965,0.40498418528721547,0.149134442063735,0.2558497432234805,2.7155644241733174,0.5959595959595959,0.25252525252525254,0.34343434343434337,1.2281253443015667,2.225734436492142,0.9976090921905754
966,0.3381287623711866,0.10891037195751001,0.2292183904136766,3.1046516166807625,0.5303030303030303,0.19696969696969696,0.3333333333333333,1.4093582108658351,2.5215124251543712,1.1121542142885361
967,0.4058004285277013,0.13848926980240112,0.2673111587253002,2.9301940078585464,0.6060606060606061,0.2222222222222222,0.38383838383838387,1.301622318193107,2.303826697412149,1.0022043792190418
968,0.3018059381695745,0.11493016585609178,0.18687577231348274,2.625994106259941,0.4898989898989899,0.16666666666666666,0.3232323232323232,1.5056799454844678,2.4317042218210805,0.9260242763366127
969,0.3731251913070095,0.14264275754174743,0.23048243376526206,2.6158018657050044,0.5707070707070707,0.25252525252525254,0.3181818181818182,1.316423470392423,2.2378249707035605,0.9214015003111375
970,0.40322416079991835,0.1498259814758131,0.25339817932410524,2.6912832929782082,0.5858585858585859,0.20707070707070707,0.3787878787878788,1.2000373589380156,2.13720896915022,0.9371716102122043
971,0.2874451586572798,0.10405117391649378,0.18339398474078605,2.762536431236891,0.4595959595959596,0.17676767676767674,0.2828282828282829,1.5183182308471639,2.547467111555677,1.029148880708513
972,0.3556779920416285,0.14303529118343933,0.21264270085818915,2.4866450027740354,0.5555555555555556,0.25757575757575757,0.297979797979798,1.4000102219772366,2.26356014729632,0.8635499253190835
973,0.44505662687480874,0.14616422360530104,0.2988924032695077,3.0449080896610567,0.6363636363636364,0.2828282828282828,0.35353535353535354,1.166642293081616,2.2810799027495716,1.1144376096679556
974,0.37100806040199974,0.13533482977927425,0.2356732306227255,2.74140855688886,0.5656565656565656,0.25252525252525254,0.3131313131313131,1.2980025759333271,2.358907189351227,1.0609046134178999
975,0.41475359657177846,0.14802344431974063,0.26673015225203783,2.8019453166883665,0.6060606060606061,0.25084175084175087,0.3552188552188552,1.2556856392422406,2.2167243934957046,0.961038754253464
976,0.31848790939700033,0.13001224364860728,0.18847566574839306,2.449676280164803,0.5,0.23232323232323232,0.2676767676767677,1.4436719375149707,2.371500660494884,0.9278287229799131
977,0.3674114886236099,0.14238909861805488,0.22502239000555502,2.5803343949044586,0.5707070707070707,0.2474747474747475,0.3232323232323232,1.3681817654176718,2.214548745426359,0.8463669800086873
978,0.31234057749209265,0.1317382580008843,0.18060231949120836,2.370917774622434,0.494949494949495,0.18686868686868688,0.30808080808080807,1.4505897843105162,2.304019091340896,0.8534293070303798
979,0.38633812876237117,0.1414679907945901,0.24487013796778107,2.7309225683662226,0.5808080808080808,0.2727272727272727,0.30808080808080807,1.3021923300255565,2.2994504513102,0.9972581212846436
980,0.2868584838281809,0.12846903377206406,0.15838945005611685,2.2328998312320074,0.43434343434343436,0.20202020202020202,0.23232323232323235,1.5274438494148883,2.3531434891884935,0.8256996397736052
981,0.3663146617692072,0.13430602319491208,0.2320086385742951,2.7274626487718407,0.5656565656565656,0.20202020202020202,0.36363636363636365,1.361552968068232,2.329640275857074,0.9680873077888421
982,0.40261197836955415,0.13080864764366448,0.2718033307258897,3.0778697404341986,0.5909090909090909,0.21717171717171718,0.37373737373737376,1.1791458354234101,2.2862173006805815,1.1070714652571714
983,0.3604224058769513,0.13410479656270902,0.22631760931424227,2.6876175581714814,0.5454545454545454,0.22727272727272727,0.3181818181818181,1.3156936635124707,2.313763769220208,0.9980701057077375
984,0.4228395061728396,0.1235163078597422,0.2993231983130974,3.4233496248365123,0.6262626262626263,0.2222222222222222,0.4040404040404041,1.30571015966299,2.3997133579887713,1.0940031983257812
985,0.39473012957861436,0.138785441394869,0.2559446881837454,2.844175337206571,0.601010101010101,0.2474747474747475,0.3535353535353535,1.3564178857168172,2.2723962755258453,0.9159783898090281
986,0.27678298132843593,0.13326871407679486,0.14351426725164107,2.0768789077453116,0.4595959595959596,0.20622895622895623,0.25336700336700335,1.609483386082633,2.322838040175234,0.7133546540926012
987,0.3601673298642995,0.11139311181398723,0.24877421805031227,3.2332998333481746,0.5606060606060606,0.16666666666666666,0.3939393939393939,1.3994120598238609,2.4401711987696295,1.0407591389457687
988,0.35481073359861237,0.12488096452742917,0.2299297690711832,2.841191489361702,0.5454545454545454,0.22138047138047134,0.32407407407407407,1.3496575685277712,2.424404747489503,1.074747178961732
989,0.2778798081828385,0.12928952827942725,0.14859027990341123,2.1492831776930164,0.4595959595959596,0.19360269360269358,0.265993265993266,1.5999492318686486,2.322434098384605,0.7224848665159562
990,0.42301805938169573,0.13665272251130833,0.2863653368703874,3.0955699352911905,0.6161616161616161,0.24326599326599324,0.3728956228956229,1.1855334989150852,2.273323669773065,1.0877901708579798
991,0.4718906234057749,0.14089973812196033,0.3309908852838146,3.349123495157349,0.6666666666666666,0.23148148148148145,0.4351851851851852,1.1560207416932964,2.2960276070481247,1.1400068653548283
992,0.314993368023671,0.1177629266854856,0.1972304413381854,2.674809270535005,0.5,0.16750841750841752,0.3324915824915825,1.4396488605899203,2.409840251583232,0.9701913909933118
993,0.3009386797265586,0.11850548130009411,0.18243319842646447,2.5394494535192407,0.494949494949495,0.1893939393939394,0.3055555555555556,1.5431014123551183,2.4610515257011674,0.917950113346049
994,0.3032598714416897,0.12924134725481526,0.17401852418687444,2.3464617004013077,0.494949494949495,0.1759259259259259,0.3190235690235691,1.5051812481721232,2.2879616895799924,0.7827804414078692
995,0.2716049382716049,0.10963167023773085,0.16197326803387407,2.4774313634248486,0.4595959595959596,0.1717171717171717,0.2878787878787879,1.636916549281088,2.4878357158223148,0.8509191665412268
996,0.2780838689929599,0.1306088381004206,0.1474750308925393,2.1291351568348755,0.4393939393939394,0.22474747474747475,0.21464646464646464,1.561630990264551,2.370502522764376,0.8088715324998248
997,0.3713396592184471,0.11973409742770012,0.25160556179074695,3.1013693442060286,0.5656565656565656,0.1717171717171717,0.3939393939393939,1.3409826048018791,2.390145531319109,1.04916292651723
998,0.37195184164881134,0.1242106814497387,0.24774116019907266,2.9945237986583306,0.5707070707070707,0.1717171717171717,0.398989898989899,1.3711460315088464,2.3363198480849854,0.965173816576139
999,0.37575247423732283,0.13660170730877802,0.2391507669285448,2.7507157973359897,0.5757575757575758,0.24242424242424243,0.33333333333333337,1.3489986551731166,2.2534447159238997,0.9044460607507832
1000,0.3764411794714825,0.1488623609835731,0.22757881848790937,2.528786840301576,0.5606060606060606,0.23737373737373738,0.3232323232323232,1.3242474227232712,2.190052222157351,0.8658047994340796
1001,0.34552596673808794,0.13919356301511188,0.20633240372297607,2.4823415627386094,0.5303030303030303,0.20707070707070707,0.3232323232323232,1.3727255949396888,2.300390385261661,0.9276647903219721
1002,0.3579481685542292,0.13474532077225682,0.22320284778197236,2.656479397597964,0.5505050505050505,0.23232323232323232,0.3181818181818182,1.35174992033852,2.3523574390354716,1.0006075186969516
1003,0.28191000918273645,0.13030274688523846,0.151607262297498,2.1635001250666117,0.4696969696969697,0.1826599326599327,0.28703703703703703,1.59484014761407,2.2708807359591567,0.6760405883450868
1004,0.3026476890113254,0.13571319253137434,0.16693449647995104,2.230053566394136,0.494949494949495,0.20707070707070707,0.2878787878787879,1.5387932144011878,2.2324733174340707,0.693680103032883
1005,0.3455769819406183,0.1225016721649718,0.2230753097756465,2.8209980797260723,0.5404040404040404,0.17676767676767677,0.36363636363636365,1.4285333989707079,2.4235079178179237,0.9949745188472159
1006,0.34713294561779406,0.11260330578512395,0.2345296398326701,3.0827953335598597,0.5454545454545454,0.1877104377104377,0.3577441077441077,1.3983218675547224,2.4783106011781717,1.0799887336234493
1007,0.29805632078359345,0.13157387568161977,0.1664824451019737,2.2653153541271753,0.47474747474747475,0.1919191919191919,0.2828282828282829,1.519240718961484,2.3171596854122565,0.7979189664507724
1008,0.3773339455157638,0.1230770102823975,0.25425693523336634,3.065836135034312,0.5757575757575758,0.21212121212121213,0.36363636363636365,1.3114560727445146,2.410239849033298,1.0987837762887835
1009,0.4405672890521375,0.1350825879445408,0.3054847011075967,3.261466157525911,0.6363636363636364,0.21548821548821545,0.4208754208754209,1.2173864119418776,2.265484011766537,1.0480975998246593
1010,0.2731864095500459,0.13109489961341814,0.14209150993662778,2.0838828234785427,0.4494949494949495,0.21885521885521886,0.23063973063973064,1.5941630788165988,2.3295973904780567,0.7354343116614579
1011,0.3916947250280583,0.1426215012073598,0.2490732238206985,2.7463932276141643,0.5959595959595959,0.26262626262626265,0.33333333333333326,1.3500738209901544,2.331002042809189,0.9809282218190345
1012,0.3559840832568105,0.12585167046446508,0.23013241279234545,2.8286003828397703,0.5505050505050505,0.2222222222222222,0.3282828282828283,1.377430627188759,2.4181904746635103,1.0407598474747513
1013,0.3223140495867769,0.12517430194197873,0.19713974764479816,2.5749218856133678,0.5202020202020202,0.18686868686868688,0.33333333333333337,1.500875675867133,2.3988432286351387,0.8979675527680056
1014,0.2369656157534945,0.11738598102234465,0.11957963473114985,2.018687527162103,0.398989898989899,0.20202020202020202,0.196969696969697,1.6945790940353374,2.441698516664718,0.7471194226293805
1015,0.31578410366289145,0.1208691856840005,0.19491491797889093,2.6126105001524134,0.51010101010101,0.20117845117845118,0.3089225589225589,1.4966927883394199,2.4510657767879565,0.9543729884485366
1016,0.3771043771043771,0.1308936729812151,0.246210704123162,2.8809977481378826,0.5757575757575758,0.20033670033670037,0.37542087542087543,1.31811858684887,2.3318812859558595,1.0137626991069895
1017,0.33323130292827263,0.13753131766599777,0.19569998526227486,2.4229485224415783,0.5303030303030303,0.22727272727272727,0.303030303030303,1.46616891006869,2.294378725524241,0.8282098154555511
1018,0.2771655953474135,0.11826457617703409,0.15890101917037938,2.343606211656441,0.45454545454545453,0.18855218855218855,0.265993265993266,1.5658486807372831,2.485937330035803,0.9200886492985199
1019,0.3124681154984186,0.1295899511387727,0.18287816435964588,2.411206368646663,0.5050505050505051,0.21212121212121213,0.29292929292929293,1.508237606077074,2.340190694059004,0.8319530879819299
1020,0.34481175390266305,0.1335407951569568,0.21127095874570626,2.5820705462880427,0.5252525252525253,0.25252525252525254,0.27272727272727276,1.335735657828553,2.346231208727314,1.010495550898761
1021,0.331700846852362,0.13368250405287446,0.19801834279948755,2.4812584803256437,0.5202020202020202,0.21717171717171718,0.30303030303030304,1.428776167263781,2.3002349204417354,0.8714587531779543
1022,0.33062952759922465,0.12334342300672269,0.20728610459250196,2.680560661764706,0.5252525252525253,0.20202020202020202,0.3232323232323233,1.4292712004779429,2.3174423658647734,0.8881711653868305
1023,0.3899091929394959,0.11739873482297725,0.27251045811651864,3.3212384573601295,0.5959595959595959,0.18181818181818182,0.4141414141414141,1.3484641549505139,2.4161284985762057,1.0676643436256918
1024,0.3837108458320579,0.15447403326191206,0.22923681257014583,2.4839828269484805,0.5858585858585859,0.25252525252525254,0.3333333333333333,1.3739403777074375,2.1646607295870908,0.7907203518796533
1025,0.4656667686970717,0.14456574725934995,0.32110102143772173,3.221141781681305,0.6565656565656566,0.21548821548821548,0.44107744107744107,1.124585643990276,2.1953687724167885,1.0707831284265126
1026,0.34726048362411993,0.12876237118661363,0.2184981124375063,2.696909667194928,0.5454545454545454,0.2222222222222222,0.3232323232323232,1.4002663312872905,2.3353450194873306,0.9350786882000401
1027,0.3697071727374757,0.12404913330839257,0.24565803942908315,2.9803285430327398,0.5656565656565656,0.18181818181818182,0.3838383838383838,1.3359778170564982,2.3087957004045836,0.9728178833480854
1028,0.35945311702887456,0.13669523518008364,0.22275788184879092,2.6295950737077813,0.5606060606060606,0.2222222222222222,0.33838383838383834,1.3732750353280059,2.2317863460733878,0.8585113107453819
1029,0.3768493010917253,0.1211285129635298,0.25572078812819554,3.111152707745943,0.5808080808080808,0.20286195286195285,0.3779461279461279,1.359326250127125,2.46522640368894,1.105900153561815
1030,0.31782471176410576,0.12482569805802127,0.1929990137060845,2.546148082555685,0.494949494949495,0.20117845117845115,0.2937710437710438,1.3934166813939723,2.2995986133878494,0.9061819319938771
1031,0.2795122946638098,0.11697077395730596,0.16254152070650382,2.3895908799050187,0.45454545454545453,0.17255892255892258,0.28198653198653195,1.5734251101056151,2.413491378216562,0.840066268110947
1032,0.3941944699520456,0.1231847090432949,0.27100976090875073,3.2000276090557693,0.5959595959595959,0.21212121212121213,0.38383838383838376,1.3034346933959489,2.4046539127730995,1.1012192193771506
1033,0.2857871645750434,0.13410054529583149,0.1516866192792119,2.1311409580370073,0.4595959595959596,0.20707070707070707,0.25252525252525254,1.526327758242784,2.316622902628128,0.7902951443853439
1034,0.3142536475869809,0.13590733371878153,0.17834631386819935,2.3122640919233413,0.5,0.21380471380471378,0.2861952861952862,1.485165036005829,2.2658695336430137,0.7807044976371846
1035,0.3837873686358535,0.1485732748359011,0.2352140937999524,2.5831521117088245,0.5858585858585859,0.23232323232323232,0.35353535353535354,1.3606907718782237,2.1807621195866393,0.8200713477084156
1036,0.32680338740944803,0.14460259157228855,0.18220079583715948,2.260010583877227,0.4696969696969697,0.25252525252525254,0.21717171717171718,1.3285913041830555,2.2909069614204456,0.9623156572373901
1037,0.3425925925925925,0.12131981997301863,0.22127277261957387,2.823879829930383,0.5454545454545454,0.20202020202020202,0.3434343434343434,1.4491218702630164,2.3859192748712843,0.9367974046082679
1038,0.31343740434649525,0.13411613327438246,0.1793212710721128,2.33705965638934,0.47474747474747475,0.26262626262626265,0.2121212121212121,1.3727745007557213,2.348457381990496,0.9756828812347746
1039,0.40490766248341997,0.12616059585756556,0.2787470666258544,3.2094621916700357,0.601010101010101,0.18686868686868688,0.41414141414141414,1.2779801788650385,2.310651585819265,1.0326714069542267
1040,0.3200693806754412,0.12224234488544251,0.19782703578999872,2.61831839838633,0.5151515151515151,0.20707070707070707,0.30808080808080807,1.4921759575463696,2.3652365029672646,0.8730605454208951
1041,0.3274665850423426,0.16228786178281127,0.16517872325953134,2.017813171268403,0.5050505050505051,0.24242424242424243,0.26262626262626265,1.3812497232169423,2.062632763521129,0.6813830403041865
1042,0.3088970513212938,0.11732362910814088,0.19157342221315293,2.6328630785583154,0.494949494949495,0.1919191919191919,0.3030303030303031,1.5147853979396357,2.454866479280484,0.9400810813408484
1043,0.36682481379451076,0.12191499733587277,0.244909816458638,3.0088571694253297,0.5707070707070707,0.1919191919191919,0.3787878787878788,1.4020006747700202,2.3843387677338486,0.9823380929638283
1044,0.3919498010407101,0.13568485075219083,0.25626495028851926,2.8886776885398273,0.5858585858585859,0.23737373737373738,0.3484848484848485,1.306323302495296,2.30197089723183,0.995647594736534
1045,0.35695337210488726,0.15238240995816754,0.20457096214671971,2.3424840977569468,0.5505050505050505,0.26262626262626265,0.28787878787878785,1.3897186419103826,2.178832489193605,0.7891138472832224
1046,0.37651770227527803,0.14016143477422938,0.23635626750104866,2.6863145549399445,0.5808080808080808,0.19696969696969696,0.3838383838383838,1.3817986404828841,2.159523655963609,0.7777250154807247
1047,0.42026323844505664,0.15469509913954357,0.26556813930551304,2.7167197977355175,0.601010101010101,0.23737373737373738,0.36363636363636365,1.1488217760779416,2.123476094657691,0.9746543185797496
1048,0.40789205183144583,0.12817286217959617,0.27971918965184966,3.1823589244648867,0.6060606060606061,0.18013468013468015,0.42592592592592593,1.2636458921326181,2.2470266839868946,0.9833807918542765
1049,0.3007856341189674,0.1424174403972384,0.15836819372172903,2.1119999999999997,0.4797979797979798,0.22558922558922562,0.25420875420875416,1.4750051089370961,2.288953454691363,0.8139483457542669
1050,0.30721354963779207,0.13051105896223741,0.17670249067555466,2.3539273382701036,0.48484848484848486,0.21212121212121213,0.2727272727272727,1.485492843229203,2.347186308400797,0.8616934651715942
1051,0.3379247015610652,0.12964663469713977,0.20827806686392542,2.606505771248688,0.5303030303030303,0.2222222222222222,0.30808080808080807,1.4506353049956908,2.3405952844143143,0.8899599794186235
1052,0.3275686154474034,0.14016993730798444,0.18739867813941896,2.336939159269669,0.5202020202020202,0.2222222222222222,0.297979797979798,1.4427469747703452,2.222459141964845,0.7797121671944998
1053,0.36236098357310476,0.14163237311385457,0.22072861045925019,2.558461569247394,0.5656565656565656,0.22727272727272727,0.33838383838383834,1.4028696899736657,2.276234160286939,0.8733644703132732
1054,0.30660136720742787,0.1362658572254532,0.17033550998197466,2.250023398745827,0.4898989898989899,0.22727272727272727,0.26262626262626265,1.4696787083782419,2.304189206060995,0.8345104976827531
1055,0.39092949699010304,0.14194838395175097,0.24898111303835208,2.754025696572792,0.5858585858585859,0.2281144781144781,0.35774410774410775,1.2836714390150323,2.249873436731506,0.9662019977164737
1056,0.3354759718396082,0.13392766044281196,0.20154831139679624,2.504904294829064,0.5353535353535354,0.23232323232323232,0.30303030303030304,1.4511370556618997,2.298216561520654,0.8470795058587544
1057,0.36878889909192936,0.17002233332199662,0.19876656576993273,2.1690615102517086,0.5606060606060606,0.2904040404040404,0.27020202020202017,1.3232053146828995,2.0578784621644717,0.7346731474815722
1058,0.3687888990919294,0.14851942545545238,0.22026947363647703,2.483102112474477,0.5707070707070707,0.26262626262626265,0.30808080808080807,1.3768412104525327,2.228658781532483,0.8518175710799503
1059,0.4000612182430365,0.13512226643539774,0.2649389518076387,2.9607349609866604,0.5909090909090909,0.2255892255892256,0.3653198653198654,1.2527580219395111,2.306832652909595,1.0540746309700837
1060,0.3924599530660138,0.14554778990805928,0.2469121631579545,2.6964336134126516,0.5909090909090909,0.2222222222222222,0.36868686868686873,1.3329871384111744,2.235850319955064,0.9028631815438894
1061,0.29188348127742064,0.13969379541770116,0.15218968585971948,2.0894520075473224,0.47474747474747475,0.1919191919191919,0.2828282828282829,1.5548346926780652,2.2325521070985257,0.6777174144204605
1062,0.32466074890317315,0.13681852191953203,0.18784222698364111,2.3729298076624303,0.5202020202020202,0.18686868686868688,0.33333333333333337,1.4947033809574057,2.254133613118048,0.7594302321606421
1063,0.28326191204979084,0.12582049450736318,0.15744141754242766,2.251317745641303,0.4595959595959596,0.20707070707070707,0.25252525252525254,1.5220128803333977,2.3623778491442256,0.8403649688108279
1064,0.3010917253341496,0.11486072849709213,0.18623099683705746,2.621363535420831,0.47474747474747475,0.19444444444444445,0.2803030303030303,1.4639400928420783,2.445724142957784,0.9817840501157058
1065,0.35134169982654834,0.13128620662290696,0.22005549320364137,2.6761508985913975,0.5353535353535354,0.24242424242424243,0.29292929292929293,1.3364285719980984,2.401579773283341,1.0651512012852424
1066,0.36822773186409546,0.1086326225215114,0.25959510934258406,3.3896607052009546,0.5656565656565656,0.1717171717171717,0.3939393939393939,1.3783854328628158,2.4591801262532793,1.0807946933904635
1067,0.3339455157636975,0.11886258771780658,0.21508292804589094,2.809509048856672,0.5303030303030303,0.1717171717171717,0.35858585858585856,1.4501386009015338,2.384985690896685,0.9348470899951513
1068,0.29078665442301804,0.11639685292883946,0.1743898014941786,2.4982346782244513,0.4444444444444444,0.17676767676767677,0.2676767676767676,1.4660173121544462,2.468697931706591,1.002680619552145
1069,0.35904499540863183,0.13244680248047253,0.2265981929281593,2.710861936146538,0.5353535353535354,0.19696969696969696,0.3383838383838384,1.3355245246278102,2.2813138611173347,0.9457893364895245
1070,0.31333537394143457,0.1281119273543516,0.18522344658708298,2.4457939273270286,0.5050505050505051,0.23737373737373738,0.26767676767676774,1.4875988682921193,2.34012003515206,0.8525211668599408
1071,0.27951229466380983,0.10810688251765693,0.1714054121461529,2.585518036912752,0.4393939393939394,0.17676767676767677,0.26262626262626265,1.486185089556598,2.50094562647583,1.014760536919232
1072,0.2739516375880012,0.13465179290095114,0.13929984468705003,2.0345190486213425,0.4292929292929293,0.22727272727272727,0.20202020202020202,1.524694718000447,2.2599399269721614,0.7352452089717143
1073,0.35516784001632495,0.16125338684261242,0.19391445317371253,2.2025449943757036,0.5252525252525253,0.24831649831649827,0.27693602693602704,1.2472002273708531,2.1239601826490984,0.8767599552782452
1074,0.3247117641057035,0.13604054008094413,0.1886712240247594,2.386875,0.5151515151515151,0.2222222222222222,0.29292929292929293,1.4667539676420387,2.2744835255786016,0.8077295579365629
1075,0.35873890419344956,0.1375143125984877,0.22122459159496186,2.6087386644682593,0.5606060606060606,0.21212121212121213,0.3484848484848484,1.3910957847922247,2.280323270866116,0.8892274860738911
1076,0.3342771145801449,0.10717868924939633,0.2270984253307486,3.1188766808139303,0.5404040404040404,0.1717171717171717,0.36868686868686873,1.4964797510015058,2.472049290341321,0.9755695393398152
1077,0.3633302724211815,0.12801981657200512,0.23531045584917637,2.8380783705999555,0.5656565656565656,0.20286195286195285,0.3627946127946128,1.3872685767427426,2.32779950858473,0.9405309318419874
1078,0.39766350372410986,0.14956523710732464,0.24809826661678522,2.6587963313878578,0.5909090909090909,0.21717171717171718,0.37373737373737376,1.2571006445895754,2.1488006789590552,0.8917000343694799
1079,0.31777369656157534,0.14820199752859686,0.16957169903297847,2.144193073377828,0.5151515151515151,0.20117845117845115,0.313973063973064,1.505679735139427,2.169687042991577,0.66400730785215
1080,0.35680032649729615,0.12926118650024374,0.22753913999705241,2.7603052096123486,0.5606060606060606,0.21212121212121213,0.3484848484848484,1.451061153112753,2.3878048662322686,0.9367437131195155
1081,0.30042852770125494,0.13177226813590448,0.16865625956535046,2.2799070847851337,0.4797979797979798,0.1919191919191919,0.28787878787878785,1.4622403872836414,2.231949650707964,0.7697092634243228
1082,0.3649627589021528,0.1460451881327302,0.2189175707694226,2.498971472928391,0.5656565656565656,0.22558922558922562,0.34006734006734,1.3992887702732915,2.2097224551947394,0.810433684921448
1083,0.39480665238241,0.1768356970377173,0.21797095534469269,2.232618521011635,0.5858585858585859,0.265993265993266,0.31986531986531985,1.228467474535067,2.0111185935871703,0.7826511190521033
1084,0.3469033772064075,0.12041288303914566,0.22649049416726186,2.8809490185002122,0.5353535353535354,0.20202020202020202,0.33333333333333337,1.3644373530946565,2.465137130540595,1.1006997774459386
1085,0.29675543311906943,0.116377013683411,0.18037841943565844,2.5499488578247522,0.4797979797979798,0.18013468013468015,0.29966329966329963,1.5342158562941886,2.400496692849642,0.8662808365554535
1086,0.2819100091827365,0.1275380063258851,0.1543720028568514,2.2104000000000004,0.4494949494949495,0.1919191919191919,0.25757575757575757,1.5382331734808132,2.314657120989607,0.776423947508794
1087,0.38863381287623705,0.14165504653720143,0.24697876633903562,2.743522538564654,0.5959595959595959,0.2617845117845118,0.3341750841750841,1.3801457635070458,2.272286636650571,0.8921408731435254
1088,0.367003367003367,0.13029282726252425,0.23671053974084275,2.8167580266249015,0.5505050505050505,0.1919191919191919,0.35858585858585856,1.3355907971507817,2.2642129850388404,0.9286221878880587
1089,0.3179267421691665,0.12879071296579714,0.18913602920336936,2.4685533207165187,0.5050505050505051,0.2239057239057239,0.28114478114478114,1.4530781081100055,2.3470764466605862,0.8939983385505808
1090,0.3362411998775635,0.15811595188699568,0.17812524799056784,2.1265482442775454,0.5353535353535354,0.26262626262626265,0.2727272727272727,1.4590315351565415,2.156880480970223,0.6978489458136814
1091,0.31384552596673815,0.11895611558911222,0.19488941037762592,2.638330315448395,0.5050505050505051,0.2222222222222222,0.2828282828282829,1.489405708359539,2.4546546203522395,0.9652489119927006
1092,0.3588664421997755,0.1436814837488238,0.21518495845095167,2.49765267476724,0.5606060606060606,0.2676767676767677,0.2929292929292929,1.3965836849882185,2.315822036119759,0.9192383511315405
1093,0.3510356086113662,0.1335521318686302,0.217483476742736,2.628453800772463,0.5505050505050505,0.2609427609427609,0.2895622895622896,1.4054263397857882,2.316389673569498,0.9109633337837097
1094,0.2851749821446791,0.10652115997233844,0.1786538221723407,2.67716744934747,0.4696969696969697,0.15656565656565657,0.31313131313131315,1.5589451896879891,2.4719938744795242,0.9130486847915351
1095,0.32853790429547997,0.14025779682345338,0.1882801074720266,2.342386032977691,0.51010101010101,0.22727272727272727,0.28282828282828276,1.4042773989213124,2.260678427395465,0.8564010284741528
1096,0.28701152943577185,0.10197938985817773,0.18503213957759412,2.8144072036018013,0.45454545454545453,0.2003367003367003,0.2542087542087542,1.5225597870307253,2.59046620429774,1.067906417267015
1097,0.31603917967554324,0.11196419866453536,0.20407498101100788,2.822680673332489,0.51010101010101,0.17676767676767677,0.33333333333333326,1.5188088224742307,2.4505318569656627,0.931723034491432
1098,0.2966278951127436,0.11975818794000612,0.1768697071727375,2.476890308839191,0.4898989898989899,0.1994949494949495,0.2904040404040404,1.5531777944106133,2.4335920507785826,0.8804142563679693
1099,0.3457810427507397,0.14288224557584825,0.20289879717489143,2.420042051811005,0.5353535353535354,0.2196969696969697,0.31565656565656564,1.3628548492821912,2.227385728295298,0.8645308790131065
1100,0.414115906540149,0.138833622419481,0.275282284120668,2.9828214471629364,0.6060606060606061,0.23148148148148145,0.3745791245791246,1.2271467433071588,2.234279568333174,1.0071328250260154
1101,0.33963371084583205,0.11654564726955298,0.22308806357627908,2.914168987026252,0.5404040404040404,0.24326599326599324,0.2971380471380472,1.460300447044553,2.540726385657358,1.0804259386128048
1102,0.2860422405876951,0.11594338446190297,0.17009885612579215,2.467085482412183,0.46464646464646464,0.18350168350168347,0.28114478114478114,1.539690794979565,2.467976889577532,0.9282860945979667
1103,0.3884807672686461,0.140303143670147,0.2481776235984991,2.7688671622495162,0.5909090909090909,0.23232323232323232,0.3585858585858586,1.3242766988477026,2.2964512132067423,0.9721745143590397
1104,0.315273951637588,0.12146719722477299,0.19380675441281497,2.595548089038219,0.4898989898989899,0.16666666666666666,0.3232323232323232,1.4244049392325637,2.396470577582757,0.9720656383501933
1105,0.3421079481685543,0.14629176161162694,0.19581618655692734,2.338531879032102,0.5404040404040404,0.24242424242424243,0.297979797979798,1.4123618167007312,2.180539449896813,0.7681776331960819
1106,0.4018212427303337,0.14763799612284462,0.2541832466074891,2.7216655148583278,0.5909090909090909,0.2398989898989899,0.35101010101010105,1.2321958315677022,2.114138416517709,0.8819425849500067
1107,0.28976635037241105,0.16462039020961583,0.12514596016279522,1.7602093519730047,0.4696969696969697,0.2676767676767677,0.20202020202020204,1.503266740894459,2.0693536066725713,0.5660868657781122
1108,0.37292113049688813,0.14239051570701403,0.2305306147898741,2.6190025975059967,0.5757575757575758,0.24242424242424243,0.33333333333333337,1.3643414658641382,2.2664348720729937,0.9020934062088555
1109,0.2705846342209979,0.10970535886360804,0.16087927535738983,2.4664668802314766,0.4393939393939394,0.19696969696969696,0.24242424242424243,1.5869004277202126,2.570114006947013,0.9832135792268004
1110,0.34200591776349343,0.14769467968121164,0.1943112380822818,2.31562787841572,0.5303030303030303,0.20707070707070707,0.3232323232323232,1.3981052424350895,2.1596202917020437,0.7615150492669542
1111,0.3897561473319049,0.1520593136754753,0.2376968336564296,2.5631849698054125,0.5858585858585859,0.23232323232323232,0.35353535353535354,1.2887226935508795,2.128784904548962,0.8400622109980824
1112,0.3153759820426487,0.1325743404867984,0.18280164155585032,2.37886140624666,0.5202020202020202,0.2239057239057239,0.2962962962962963,1.5661658000747765,2.370524191723936,0.8043583916491595
1113,0.25971839608203245,0.11284562799714315,0.1468727680848893,2.3015370705244123,0.41414141414141414,0.19696969696969696,0.21717171717171718,1.5901161358771272,2.4821535002529536,0.8920373643758264
1114,0.31925313743495565,0.1366527225113084,0.18260041492364726,2.336236933797909,0.494949494949495,0.20707070707070707,0.2878787878787879,1.4271449704456274,2.274324457023632,0.8471794865780045
1115,0.3225691255994286,0.1341501434094027,0.18841898219002587,2.404538060127183,0.5151515151515151,0.21717171717171718,0.29797979797979796,1.4948475032026929,2.2937060142961996,0.7988585110935067
1116,0.36894194469952046,0.11863868766225669,0.25030325703726375,3.109794553272814,0.5656565656565656,0.22727272727272727,0.33838383838383834,1.3543792069778349,2.453899968481766,1.0995207615039313
1117,0.44520967248239973,0.13760784046979332,0.3076018320126064,3.235351059666756,0.6363636363636364,0.21717171717171718,0.41919191919191917,1.1589850157584916,2.225410585468763,1.0664255697102714
1118,0.2994082236506479,0.12938589032865125,0.17002233332199665,2.3140716726539914,0.48484848484848486,0.19696969696969696,0.2878787878787879,1.5146902693223694,2.3422238650256277,0.8275335957032584
1119,0.3151464136312621,0.14616989196113775,0.16897652167012436,2.156028231279327,0.5,0.2474747474747475,0.2525252525252525,1.4600442416523662,2.221398165608064,0.7613539239556977
1120,0.3521069278645037,0.12625412372887118,0.22585280413563252,2.7888746716950648,0.5505050505050505,0.21043771043771042,0.3400673400673401,1.3706935029163616,2.357091387554436,0.9863978846380745
1121,0.34715845321905936,0.15342538743212145,0.1937330657869379,2.2627184394280864,0.5252525252525253,0.24242424242424243,0.2828282828282829,1.3910913237913465,2.1745627332960313,0.7834714095046849
1122,0.4257728803183349,0.16204412248183292,0.26372875783650196,2.6275120244862267,0.6262626262626263,0.2777777777777778,0.3484848484848485,1.245757153797621,2.1128023677454713,0.8670452139478502
1123,0.3259871441689624,0.1206339489167772,0.2053531952521852,2.7022836199605305,0.5202020202020202,0.18686868686868688,0.33333333333333337,1.4565624682554603,2.36074510528053,0.9041826370250698
1124,0.38189980614223046,0.15311646203902096,0.2287833441032095,2.4941786210087926,0.5757575757575758,0.27104377104377103,0.30471380471380477,1.3363109475230401,2.18916350055466,0.85285255303162
1125,0.3138710335680033,0.14356244827625303,0.17030858529175025,2.186303154736052,0.5,0.24242424242424243,0.25757575757575757,1.461511157955552,2.2729192177546813,0.8114080597991293
1126,0.32078359351086616,0.14127101542926457,0.1795125780816016,2.2706964520367934,0.51010101010101,0.2045454545454545,0.3055555555555556,1.443287785599888,2.241982618330017,0.7986948327301291
1127,0.28747066625854506,0.12009545511229013,0.16737521114625492,2.3936848067211027,0.47474747474747475,0.19696969696969696,0.2777777777777778,1.5603128704273626,2.345460455908544,0.7851475854811814
1128,0.38919498010407105,0.1426158328515231,0.24657914725254795,2.728974562798092,0.5858585858585859,0.21717171717171718,0.3686868686868687,1.3092012808026414,2.2671354836641386,0.9579342028614972
1129,0.3370064279155188,0.12881338638914394,0.20819304152637488,2.616237623762377,0.5252525252525253,0.20202020202020202,0.3232323232323233,1.3925078061445677,2.389000941503387,0.9964931353588193
1130,0.26527905315784106,0.1253698602183451,0.13990919293949597,2.1159715157680568,0.42424242424242425,0.18181818181818182,0.24242424242424243,1.5643812297357638,2.310844405337615,0.7464631756018512
1131,0.35422405876951335,0.13579254951308822,0.21843150925642513,2.6085677015392648,0.5505050505050505,0.20202020202020202,0.3484848484848485,1.406067703294071,2.286876682410152,0.8808089791160809
1132,0.39332721150902966,0.15493883844052192,0.23838837306850774,2.538596619594644,0.601010101010101,0.2794612794612794,0.3215488215488216,1.3536368686062847,2.143349577233869,0.7897127086275841
1133,0.30537700234669934,0.13514210568082619,0.17023489666587316,2.2596732588134145,0.4898989898989899,0.22138047138047134,0.26851851851851855,1.4863586900458234,2.281243894081304,0.7948852040354806
1134,0.31578410366289156,0.11477853733745991,0.20100556632543165,2.751246975159267,0.5151515151515151,0.19276094276094277,0.32239057239057234,1.5333556601357092,2.509277405349252,0.9759217452135427
1135,0.36781961024385273,0.1456200614449773,0.22219954879887543,2.525885558583106,0.5707070707070707,0.1936026936026936,0.3771043771043771,1.4140092017317005,2.1780595411904886,0.7640503394587881
1136,0.31807978777675744,0.12601605278372954,0.1920637349930279,2.5241211794075973,0.45454545454545453,0.18686868686868688,0.2676767676767676,1.3449889918815605,2.367051294136738,1.0220623022551776
1137,0.35868788899091925,0.14686143137321592,0.21182645761770333,2.44235593809101,0.5454545454545454,0.26262626262626265,0.28282828282828276,1.3278506186721661,2.2820116494108933,0.9541610307387272
1138,0.33756759514335277,0.12237838542552347,0.2151892097178293,2.7583922926388684,0.5404040404040404,0.2222222222222222,0.31818181818181823,1.4570771063092214,2.418593159569732,0.9615160532605107
1139,0.37876237118661366,0.1330023013524697,0.24576006983414395,2.8477881009205595,0.5757575757575758,0.21717171717171718,0.3585858585858586,1.3122411134009506,2.3073340558071536,0.9950929424062029
1140,0.361238649117437,0.13876135088256303,0.222477298234874,2.6033088235294115,0.5606060606060606,0.22727272727272727,0.33333333333333326,1.364230455127103,2.226011280930963,0.8617808258038602
1141,0.3402969084787267,0.1297883435930574,0.21050856488566927,2.621937371708084,0.5050505050505051,0.20202020202020202,0.3030303030303031,1.3224272207555647,2.3506049691022843,1.0281777483467196
1142,0.2991021324354658,0.13433719915201395,0.16476493328345185,2.2265026688326763,0.48484848484848486,0.21380471380471378,0.2710437710437711,1.5102737198755116,2.2732967238338198,0.7630230039583081
1143,0.33662381389654117,0.1263023047534832,0.21032150914305797,2.6652230499955123,0.5202020202020202,0.19696969696969696,0.32323232323232326,1.4192267153332916,2.355203592277372,0.9359768769440804
1144,0.3221099887766555,0.12547330771236495,0.19663668106429052,2.5671594592457905,0.5050505050505051,0.21212121212121213,0.29292929292929293,1.4511229667445262,2.3604710488511103,0.909348082106584
1145,0.31705948372615034,0.14758698092031425,0.1694725028058361,2.1482889733840302,0.51010101010101,0.20707070707070707,0.303030303030303,1.4813674281760796,2.135326257016846,0.6539588288407665
1146,0.35259157228854193,0.14400741420943441,0.20858415807910752,2.448426521816142,0.5606060606060606,0.2474747474747475,0.31313131313131304,1.4601582504479167,2.2949396754687332,0.8347814250208165
1147,0.3148658300173452,0.10605777188268771,0.20880805813465747,2.9688143021298203,0.5050505050505051,0.17676767676767677,0.3282828282828283,1.4503153677550533,2.5397226834593836,1.0894073157043302
1148,0.3612896643199674,0.13901075853937805,0.22227890578058934,2.599005056271408,0.5555555555555556,0.2508417508417508,0.30471380471380477,1.3308424362053421,2.3056631503658007,0.9748207141604586
1149,0.3549127640036731,0.13424933963654503,0.22066342436712807,2.6436834994088834,0.5555555555555556,0.21717171717171718,0.3383838383838384,1.3793032912900771,2.2699640687167895,0.8906607774267123
1150,0.3357565554535251,0.13121676926390732,0.2045397861896178,2.5587930364162594,0.5353535353535354,0.1952861952861953,0.3400673400673401,1.4649208052500877,2.2991262435180233,0.8342054382679356
1151,0.3898581777369657,0.12008695257853506,0.2697712251584306,3.2464657430789936,0.5909090909090909,0.19781144781144783,0.3930976430976431,1.3257657682310928,2.4464232625667286,1.1206574943356358
1152,0.36516681971227427,0.13258284302055345,0.23258397669172082,2.754253954681488,0.5656565656565656,0.2255892255892256,0.3400673400673401,1.3978863476730445,2.3109618165824335,0.913075468909389
1153,0.2836190184675033,0.1283216565203097,0.15529736194719362,2.210219429505373,0.4595959595959596,0.22138047138047134,0.23821548821548827,1.5136823128538914,2.3274576905056126,0.8137753776517211
1154,0.31180491786552395,0.11710256323050935,0.1947023546350146,2.6626651822450267,0.5,0.19023569023569026,0.30976430976430974,1.4802366378036815,2.4541737867433935,0.973937148939712
1155,0.2789511274359759,0.14703715040415377,0.13191397703182212,1.8971472629144177,0.4444444444444444,0.23063973063973067,0.21380471380471375,1.5524020333295336,2.1898566858367734,0.6374546525072398
1156,0.35766758494031226,0.12945391059869174,0.22821367434162051,2.762895174708819,0.5555555555555556,0.20875420875420878,0.3468013468013468,1.3569765950197907,2.341375243943895,0.9843986489241043
1157,0.30777471686562596,0.13574861975535377,0.1720260971102722,2.267240119422928,0.5,0.20707070707070707,0.29292929292929293,1.527489628785008,2.2682217472329884,0.7407321184479805
1158,0.2770635649423528,0.1245649536895328,0.15249861125282,2.2242497326568222,0.4393939393939394,0.18686868686868688,0.2525252525252525,1.5005156389810694,2.3532428031363457,0.8527271641552763
1159,0.32277318640954994,0.11829575213413597,0.20447743427541398,2.7285272766477386,0.51010101010101,0.20707070707070707,0.303030303030303,1.4640604127270616,2.4288604425767377,0.9648000298496762
1160,0.3563922048770533,0.12204536952011699,0.23434683535693632,2.9201616274209274,0.5454545454545454,0.18181818181818182,0.3636363636363636,1.3398521854624104,2.36001590200328,1.0201637165408695
1161,0.3337159473523111,0.13111757303676497,0.20259837431554611,2.5451656831593286,0.5252525252525253,0.20286195286195285,0.32239057239057245,1.3892804035898965,2.316960525896975,0.9276801223070787
1162,0.39251096826854404,0.15345939756714166,0.23905157070140237,2.5577512650980685,0.5808080808080808,0.26515151515151514,0.31565656565656564,1.2576150507885124,2.1501885341461886,0.8925734833576762
1163,0.35922354861748795,0.13844392295570745,0.2207796256617805,2.594722404192597,0.5454545454545454,0.24074074074074073,0.3047138047138047,1.3037880136893916,2.250655254044598,0.9468672403552063
1164,0.3131823283338435,0.11637984786132935,0.19680248047251417,2.6910357255923825,0.48484848484848486,0.16835016835016836,0.3164983164983165,1.4355929719088776,2.4479759568668804,1.0123829849580028
1165,0.4177890011223344,0.13664138579963497,0.28114761532269944,3.057558284244586,0.6161616161616161,0.23148148148148145,0.3846801346801347,1.24991697843649,2.3068586182635142,1.0569416398270242
1166,0.3085909601061116,0.14823742475257629,0.1603535353535353,2.0817344919556047,0.5,0.23232323232323232,0.2676767676767677,1.49509114423826,2.186306986460404,0.6912158422221442
1167,0.32634425058667493,0.12427870171977916,0.20206554886689576,2.6259064994298753,0.5252525252525253,0.19696969696969696,0.32828282828282834,1.472225294299784,2.352512782448727,0.8802874881489431
1168,0.3161412100806039,0.12376854969447565,0.19237266038612827,2.554293565376687,0.51010101010101,0.19696969696969696,0.3131313131313131,1.4932327749918033,2.403143249660498,0.9099104746686948
1169,0.2958626670747883,0.1430749696742963,0.152787697400492,2.0678855829800717,0.4494949494949495,0.26262626262626265,0.18686868686868685,1.462186026962843,2.3146535876283583,0.8524675606655152
1170,0.25295888174676057,0.13888605471097054,0.11407282703579003,1.8213411150110197,0.3939393939393939,0.24242424242424243,0.1515151515151515,1.5904691919773501,2.23731377864271,0.64684458666536
1171,0.3079532700744822,0.11516681971227427,0.19278645036220793,2.6739756367663343,0.5,0.20454545454545456,0.2954545454545454,1.5270991392279176,2.488226949228438,0.9611278100005205
1172,0.28627180899908167,0.13276423040732804,0.15350757859175362,2.156241994705832,0.45454545454545453,0.2474747474747475,0.20707070707070704,1.4980430598373715,2.371486561642418,0.8734435018050464
1173,0.37955310682583404,0.13138681993900847,0.24816628688682557,2.8888217783338366,0.5808080808080808,0.22727272727272727,0.3535353535353535,1.3349718962579429,2.359804595642963,1.02483269938502
1174,0.3513161922252831,0.12554841342720133,0.22576777879808177,2.798252742787484,0.5454545454545454,0.20622895622895623,0.3392255892255892,1.3716662012683263,2.3481657040329087,0.9764995027645824
1175,0.34379144985205584,0.1233958552982122,0.22039559455384364,2.7860858780160083,0.5454545454545454,0.2222222222222222,0.3232323232323232,1.4374795291637026,2.39949962426703,0.9620200951033275
1176,0.3472094684215897,0.14470178779943088,0.2025076806221588,2.3994829207145103,0.5555555555555556,0.23232323232323232,0.32323232323232326,1.467981592533826,2.23311819946144,0.765136606927614
1177,0.38363432302826245,0.13219739482365744,0.251436928204605,2.9019809621816313,0.5757575757575758,0.20202020202020202,0.3737373737373738,1.2638832054240796,2.2703781561494703,1.0064949507253906
1178,0.28726660544842364,0.13165890101917035,0.15560770442925329,2.1819003745640853,0.4797979797979798,0.19696969696969696,0.2828282828282828,1.5648954691315293,2.287203342224435,0.7223078730929056
1179,0.4111825323946535,0.12537836275210013,0.2858041696425534,3.2795334327953336,0.6161616161616161,0.1893939393939394,0.42676767676767674,1.311454168800135,2.330924176975488,1.019470008175353
1180,0.3864146515661667,0.11983187656588329,0.26658277500028343,3.2246399091790643,0.5858585858585859,0.20707070707070704,0.3787878787878788,1.315218864369887,2.3612722593403355,1.0460533949704485
1181,0.38110907050300985,0.1398298359577821,0.24127923454522776,2.7255204005107725,0.5808080808080808,0.2727272727272727,0.30808080808080807,1.3336912789485535,2.306142408836466,0.9724511298879124
1182,0.3289460259157229,0.1314094933623553,0.19753653255336762,2.5032135616615627,0.5202020202020202,0.1936026936026936,0.3265993265993266,1.4882158878740106,2.3233289411364226,0.835113053262412
1183,0.34384246505458627,0.1199452436826174,0.22389722137196888,2.8666619408804146,0.5505050505050505,0.17255892255892258,0.3779461279461279,1.4938696138403063,2.345775157830531,0.8519055439902248
1184,0.3036424854606673,0.12257819496876735,0.18106429049189995,2.477132947976879,0.48484848484848486,0.20202020202020202,0.2828282828282829,1.47638730716693,2.3600857721322557,0.8836984649653257
1185,0.3444036322824202,0.14600550964187325,0.19839812264054696,2.35883997204752,0.5404040404040404,0.21212121212121213,0.3282828282828283,1.4125088436042732,2.1572446929166507,0.7447358493123775
1186,0.3766962554841343,0.15228037955310686,0.22441587593102746,2.4737018425460633,0.5707070707070707,0.26262626262626265,0.30808080808080807,1.3364678807268549,2.183603941639527,0.8471360609126721
1187,0.31820732578308336,0.11828724960038092,0.19992007618270244,2.6901236342725703,0.5151515151515151,0.2222222222222222,0.29292929292929293,1.4850722209533707,2.4520943482623236,0.967022127308953
1188,0.3260381593714927,0.12057584826945097,0.20546231110204174,2.7040088380128573,0.5050505050505051,0.20622895622895623,0.2988215488215489,1.4176712182251023,2.4287399891414365,1.0110687709163342
1189,0.3095602489541884,0.10955373034497612,0.20000651860921226,2.8256477253618604,0.48484848484848486,0.16666666666666666,0.31818181818181823,1.429358323762928,2.48159975553554,1.052241431772612
1190,0.3760585654525048,0.15591521273339454,0.22014335271911029,2.4119427402862987,0.5606060606060606,0.23653198653198654,0.324074074074074,1.3210023328351785,2.1547387320349616,0.833736399199783
1191,0.29762269156208554,0.10454432087428721,0.19307837068779832,2.8468566161520323,0.494949494949495,0.18686868686868688,0.30808080808080807,1.5619631646361836,2.606576702339426,1.0446135377032426
1192,0.35572900724415873,0.1220737112993005,0.23365529594485823,2.914050891530461,0.5606060606060606,0.18181818181818182,0.37878787878787873,1.4052362463378596,2.375318485713908,0.9700822393760482
1193,0.3292521171309051,0.11109694022151935,0.21815517690938574,2.9636470318120365,0.5252525252525253,0.18181818181818182,0.3434343434343435,1.4500836354279163,2.4209914079101917,0.9709077724822754
1194,0.3373125191307009,0.1667800337834008,0.17053248534730012,2.0224994052272027,0.5202020202020202,0.2474747474747475,0.2727272727272727,1.3949172641368819,2.0325057466792016,0.6375884825423197
1195,0.3780736659524538,0.13991769547325103,0.23815597047920276,2.7021147301895962,0.5656565656565656,0.24242424242424243,0.3232323232323232,1.2624579463710501,2.2420401551683344,0.9795822087972843
1196,0.31971227425772886,0.12482286388010295,0.19488941037762592,2.561327823441261,0.5050505050505051,0.19696969696969696,0.3080808080808081,1.4555365237165194,2.2746140530164682,0.8190775292999488
1197,0.26680950923375163,0.13881236608509334,0.1279971431486583,1.922087467842705,0.4444444444444444,0.24242424242424243,0.202020202020202,1.6227696998788976,2.3222376392080952,0.6994679393291976
1198,0.2821395775941231,0.10599541996848397,0.17614415762563915,2.661809139281799,0.46464646464646464,0.18855218855218855,0.27609427609427606,1.571681735701572,2.5088193211840406,0.9371375854824686
1199,0.36424854606672785,0.12307984446031585,0.24116870160641202,2.959449190595712,0.5606060606060606,0.1717171717171717,0.38888888888888884,1.3310956396805733,2.31371055757307,0.9826149178924966
1200,0.32874196510560155,0.11988572594633201,0.20885623915926954,2.742127659574469,0.5252525252525253,0.1919191919191919,0.33333333333333337,1.452320422199894,2.4085535682401855,0.9562331460402915
1201,0.3627180899908172,0.133719348365813,0.22899874162500422,2.7125325872702994,0.5656565656565656,0.20707070707070707,0.35858585858585856,1.3770431937664283,2.279198437074398,0.9021552433079698
1202,0.34797469645954493,0.15289823033930777,0.19507646612023716,2.275858233854823,0.5505050505050505,0.23232323232323232,0.3181818181818182,1.4231815236787886,2.137437737962232,0.7142562142834434
1203,0.3255280073461892,0.1295346846693648,0.1959933226768244,2.513056701200101,0.494949494949495,0.23821548821548816,0.2567340067340068,1.3800449136381012,2.351204748615021,0.9711598349769199
1204,0.46204468931741655,0.1610549943883277,0.30098969492908884,2.8688628444726003,0.6515151515151515,0.26262626262626265,0.38888888888888884,1.1115278853960557,2.12121712059256,1.0096892351965043
1205,0.4035302520151005,0.12350638823702796,0.28002386377807253,3.2672824278584134,0.6060606060606061,0.20202020202020202,0.4040404040404041,1.276679048178172,2.399846917982516,1.123167869804344
1206,0.30346393225181095,0.11628915416794204,0.1871747780838689,2.609563500767712,0.4898989898989899,0.2222222222222222,0.2676767676767677,1.5098385690080087,2.5197075703622027,1.009869001354194
1207,0.3419804101622284,0.1432124273033364,0.19876798285889202,2.3879241250333965,0.5404040404040404,0.20202020202020202,0.33838383838383845,1.4302184399587488,2.2203663201481976,0.7901478801894488
1208,0.32874196510560144,0.13990635876157764,0.1888356063440238,2.3497285471193576,0.5151515151515151,0.23232323232323232,0.2828282828282828,1.4569918048694708,2.2691215179617554,0.8121297130922847
1209,0.42773696561575353,0.13002074618236234,0.2977162194333912,3.289759351294795,0.6212121212121212,0.21717171717171718,0.40404040404040403,1.1863273121640618,2.3778161865817986,1.1914888744177368
1210,0.34348535863687385,0.14393655976147557,0.19954879887539828,2.3863663214271655,0.5404040404040404,0.2239057239057239,0.3164983164983165,1.4349224613530631,2.2215068960874254,0.7865844347343622
1211,0.34190388735843275,0.10721978482921243,0.2346841025292203,3.1888134069942633,0.5303030303030303,0.18686868686868688,0.3434343434343434,1.3904326788251167,2.516477699426638,1.1260450206015213
1212,0.3321089684726048,0.13432302826242218,0.19778594021018261,2.472464868970756,0.5303030303030303,0.22390572390572389,0.3063973063973064,1.4587333614204347,2.311234228147481,0.8525008667270464
1213,0.26640138761350884,0.1162126313641465,0.15018875624936234,2.2923617208077265,0.43434343434343436,0.18181818181818182,0.25252525252525254,1.5687512395668275,2.4949810964448553,0.9262298568780278
1214,0.3824354657687991,0.11340679522497706,0.26902867054382207,3.372244714349977,0.5808080808080808,0.20202020202020202,0.3787878787878788,1.3489201236121653,2.4565711871771247,1.1076510635649595
1215,0.28474135292317104,0.12135383010803888,0.16338752281513216,2.3463730206922313,0.4494949494949495,0.1717171717171717,0.2777777777777778,1.5045980604111682,2.3857475991282553,0.8811495387170871
1216,0.3524385266809509,0.13110056796925484,0.22133795871169604,2.6883066346715085,0.5404040404040404,0.20117845117845115,0.3392255892255893,1.3465488475929255,2.369951202738397,1.0234023551454716
1217,0.39274053667993053,0.1449370245666542,0.24780351211327634,2.7097322982459566,0.5959595959595959,0.23737373737373738,0.35858585858585856,1.3415200213004668,2.2578952542024715,0.9163752329020047
1218,0.3868992959902051,0.14076653175979775,0.24613276423040736,2.748517642321438,0.5858585858585859,0.26683501683501687,0.319023569023569,1.30263306352493,2.2777393219030286,0.9751062583780987
1219,0.3373125191307009,0.12730560373658018,0.21000691539412075,2.649628211407453,0.5303030303030303,0.1919191919191919,0.33838383838383834,1.4695134040749391,2.3164378830088763,0.8469244789339372
1220,0.33318028772574226,0.11471760251221531,0.21846268521352696,2.9043519078971745,0.5303030303030303,0.17676767676767677,0.3535353535353535,1.4342141564449074,2.447941617945172,1.0137274615002647
1221,0.32930313233343533,0.14527712591685654,0.1840260064165788,2.266723892389629,0.5353535353535354,0.2676767676767677,0.2676767676767677,1.5025110662507428,2.2729792030959333,0.7704681368451904
1222,0.29491888582797676,0.11555226790917025,0.1793666179188065,2.5522552794878717,0.4797979797979798,0.20202020202020202,0.2777777777777778,1.499582864733699,2.4748507433935596,0.9752678786598605
1223,0.4181971227425773,0.140776451382512,0.2774206713600653,2.97064685631455,0.6212121212121212,0.20707070707070707,0.41414141414141414,1.2732410621525316,2.251598219454973,0.9783571573024412
1224,0.3519028670543823,0.11516823680123343,0.23673463025314884,3.0555548719715526,0.5555555555555556,0.23232323232323232,0.32323232323232326,1.421948294205538,2.518796858293236,1.0968485640876982
1225,0.34261810019385774,0.15231722386604543,0.1903008763278123,2.2493720112386724,0.5404040404040404,0.23737373737373738,0.3030303030303031,1.4469549591394821,2.2016200620708544,0.7546651029313722
1226,0.3302724211815121,0.13708068337697965,0.19319173780453247,2.40932867450948,0.5202020202020202,0.23148148148148145,0.28872053872053877,1.380749249022942,2.2551632417814513,0.8744139927585093
1227,0.3098408325681053,0.12892108515004136,0.18091974741806394,2.403337143862118,0.5,0.21212121212121213,0.28787878787878785,1.4981759374175552,2.3948692828089664,0.8966933453914112
1228,0.33955718804203655,0.12769246902243536,0.2118647190196012,2.659179438235914,0.5151515151515151,0.19444444444444445,0.3207070707070707,1.4053405317457297,2.311365458298313,0.9060249265525833
1229,0.3975104581165188,0.1359328413200467,0.26157761679647207,2.9243150827738633,0.5909090909090909,0.21717171717171718,0.37373737373737376,1.261713777965771,2.282747769645653,1.021033991679882
1230,0.39312315069890835,0.1294312371753449,0.26369191352356347,3.03731277918893,0.5909090909090909,0.1919191919191919,0.398989898989899,1.3248345739665353,2.2871337673446352,0.9622991933781
1231,0.35634118967452305,0.13346285526420207,0.22287833441032098,2.6699652796211555,0.5555555555555556,0.1919191919191919,0.36363636363636365,1.413408972773602,2.2663442716323603,0.8529352988587584
1232,0.41113151719212326,0.1398893536940675,0.27124216349805574,2.9389764577170876,0.6060606060606061,0.2348484848484848,0.37121212121212127,1.2059990653157848,2.2563942693493444,1.0503952040335596
1233,0.32644628099173556,0.12245632531827816,0.2039899556734574,2.6658180387437227,0.5202020202020202,0.18097643097643096,0.33922558922558926,1.4730476947990603,2.418998458270372,0.9459507634713118
1234,0.3347617590041832,0.14702581369248036,0.18773594531170285,2.276891047883414,0.5303030303030303,0.25757575757575757,0.2727272727272727,1.431653784576723,2.2052639439243733,0.7736101593476503
1235,0.418732782369146,0.1318346200501083,0.28689816231903775,3.17619743744088,0.6212121212121212,0.21717171717171718,0.40404040404040403,1.2855420204966503,2.3550506567782508,1.0695086362816004
1236,0.3275431078461381,0.13169007697627227,0.19585303086986583,2.4872269450123743,0.5303030303030303,0.22306397306397305,0.3072390572390572,1.5156168672730403,2.3582258091813824,0.842608941908342
1237,0.3515202530354046,0.13888038635513383,0.21263986668027074,2.531100771397086,0.5454545454545454,0.21212121212121213,0.33333333333333326,1.3906091949919888,2.2526032337825592,0.8619940387905705
1238,0.307213549637792,0.11984037909963838,0.18737317053815364,2.5635228455207635,0.494949494949495,0.18350168350168353,0.3114478114478114,1.488872501167125,2.4390391652607564,0.9501666640936313
1239,0.34465870829507184,0.11744266458071173,0.2272160437143601,2.934697620541531,0.5454545454545454,0.19444444444444445,0.351010101010101,1.4509348619316702,2.4233403806184017,0.9724055186867315
1240,0.33713396592184475,0.12909113582514256,0.20804283009670219,2.6115965574778257,0.5252525252525253,0.20707070707070707,0.31818181818181823,1.3708604336379575,2.2950928857118247,0.9242324520738672
1241,0.33481277420671357,0.14024079175594328,0.1945719824507703,2.387413604947253,0.5303030303030303,0.23737373737373738,0.29292929292929293,1.4434941697672228,2.236889325768759,0.7933951560015364
1242,0.398556269768391,0.12897068326361255,0.26958558650477843,3.0902857896298253,0.601010101010101,0.19696969696969696,0.40404040404040403,1.3216154907148585,2.3130179821113543,0.9914024913964958
1243,0.279971431486583,0.11609076171365733,0.16388066977292565,2.4116598715851665,0.4393939393939394,0.19276094276094274,0.24663299663299665,1.4867755757648744,2.4361675737192425,0.9493919979543681
1244,0.3431282522191613,0.11958813726490494,0.22354011495425638,2.8692499111269107,0.5404040404040404,0.22727272727272727,0.31313131313131315,1.3910074335618947,2.4046902910361867,1.013682857474292
1245,0.2948168554229161,0.12660697887970615,0.16820987654320993,2.3285987710285085,0.48484848484848486,0.1893939393939394,0.29545454545454547,1.5579433977864792,2.3296365742117424,0.7716931764252632
1246,0.307774716865626,0.1254846444240384,0.18229007244158763,2.452688281329403,0.494949494949495,0.23484848484848486,0.2601010101010101,1.4940499497741508,2.390376831738455,0.896326881964304
1247,0.313105805530048,0.11624097314333004,0.19686483238671798,2.693592431852539,0.5050505050505051,0.17340067340067342,0.33164983164983164,1.5037555682625094,2.451401928202534,0.9476463599400247
1248,0.2606366697275789,0.11843179267421691,0.14220487705336196,2.200732285160457,0.43434343434343436,0.18181818181818182,0.25252525252525254,1.6342525359167976,2.428626583613744,0.7943740476969463
1249,0.3038975614733191,0.1193132220068247,0.18458433946649438,2.5470568673096112,0.494949494949495,0.20454545454545456,0.29040404040404044,1.5334828090929904,2.4507175388121674,0.917234729719177
1250,0.2912712988470565,0.13093901982790873,0.16033227901914776,2.2244805194805197,0.47474747474747475,0.21717171717171718,0.25757575757575757,1.5145404158222613,2.3668726182971294,0.8523322024748681
1251,0.2977757371696766,0.11915450804339693,0.17862122912627965,2.4990723562152137,0.4595959595959596,0.19696969696969696,0.26262626262626265,1.4517140802651507,2.3975810907275816,0.9458670104624309
1252,0.4672482399755127,0.15251278214241176,0.3147354578331009,3.063666096781387,0.6666666666666666,0.2878787878787879,0.37878787878787873,1.21271630285531,2.2355192216844277,1.0228029188291177
1253,0.30680542801754923,0.13140665918443697,0.17539876883311226,2.3347783888709155,0.4898989898989899,0.2222222222222222,0.2676767676767677,1.4682458735202746,2.29118423393746,0.8229383604171854
1254,0.29848995000510153,0.11678088403677628,0.18170906596832526,2.5559829630258837,0.5,0.21212121212121213,0.28787878787878785,1.5912796378539311,2.4656436335610517,0.8743639957071205
1255,0.33777165595347414,0.1299640626239953,0.20780759332947885,2.5989619678995113,0.5353535353535354,0.1717171717171717,0.36363636363636365,1.422288867668112,2.272167047908994,0.8498781802408821
1256,0.34448015508621566,0.11402748018909635,0.2304526748971193,3.0210275147267165,0.5454545454545454,0.18181818181818182,0.3636363636363636,1.4512052304186782,2.448175525489169,0.9969702950704908
1257,0.3496071829405162,0.13472548152682837,0.21488170141368781,2.5949596095590697,0.5303030303030303,0.21212121212121213,0.3181818181818181,1.3390738810585978,2.3122095628033046,0.9731356817447068
1258,0.33221099887766553,0.122768084889297,0.20944291398836853,2.7060045709536675,0.5151515151515151,0.1893939393939394,0.32575757575757575,1.3685717545601466,2.3573015916541107,0.9887298370939641
1259,0.39873482297724716,0.11095098005872417,0.287783842918523,3.5937927070694164,0.601010101010101,0.1893939393939394,0.4116161616161616,1.312779009137929,2.487251340623399,1.17447233148547
1260,0.2576267727782879,0.11670577832193993,0.14092099445634795,2.2074894361066586,0.4292929292929293,0.17003367003366998,0.2592592592592593,1.6525466377881406,2.442747761061966,0.7902011232738255
1261,0.3147127844097541,0.12155789091816027,0.19315489349159382,2.588995103753789,0.5,0.17676767676767677,0.3232323232323232,1.4477176889865984,2.401145950856981,0.9534282618703824
1262,0.36776859504132237,0.11100057817229535,0.256768016869027,3.3132133282267335,0.5707070707070707,0.20707070707070707,0.36363636363636365,1.3952303950709768,2.5285214848177047,1.1332910897467279
1263,0.3174420977451281,0.14102019068349037,0.17642190706163774,2.2510400546656752,0.5151515151515151,0.25252525252525254,0.2626262626262626,1.5070082271165697,2.281290516000939,0.7742822888843695
1264,0.31379451076420767,0.11095381423664255,0.20284069652756512,2.8281543354151486,0.51010101010101,0.16582491582491585,0.3442760942760942,1.502509443352151,2.426656112374706,0.9241466690225548
1265,0.32971125395367823,0.12354181546100737,0.20616943849267086,2.668823124569856,0.5252525252525253,0.1759259259259259,0.3493265993265994,1.468489406988215,2.3711157533479597,0.9026263463597446
1266,0.37368635853484333,0.14541174936797835,0.22827460916686498,2.5698498240963614,0.5656565656565656,0.23232323232323232,0.3333333333333333,1.338649710990879,2.2112096712520364,0.8725599602611573
1267,0.39409243954698503,0.11897878901245904,0.27511365053452597,3.3122915674130544,0.5909090909090909,0.20202020202020202,0.38888888888888895,1.3039996216370524,2.381784522198693,1.0777849005616404
1268,0.31596265687174785,0.10998877665544332,0.20597388021630453,2.872680890538034,0.5050505050505051,0.18181818181818182,0.32323232323232326,1.4780945883361154,2.538141345533541,1.0600467571974255
1269,0.3543005815733088,0.1326905417814509,0.2216100397918579,2.6701268742791227,0.5606060606060606,0.21212121212121213,0.3484848484848484,1.4508234750924947,2.361529675876431,0.9107062007839362
1270,0.33231302928272627,0.14694078835492977,0.1853722409277965,2.261543802800602,0.5303030303030303,0.26262626262626265,0.2676767676767676,1.4547881592406913,2.2477211406094204,0.7929329813687291
1271,0.31476379961228435,0.11741573989048736,0.19734805972179698,2.6807632426952455,0.51010101010101,0.20707070707070707,0.303030303030303,1.5244063784357755,2.4446395905569487,0.9202332121211731
1272,0.4002652790531578,0.16120803999591876,0.23905723905723902,2.482911392405063,0.601010101010101,0.2727272727272727,0.3282828282828283,1.2729123455994455,2.165155634679761,0.8922432890803156
1273,0.3280277522701765,0.14849391785418722,0.17953383441598927,2.2090315685002095,0.5303030303030303,0.2474747474747475,0.28282828282828276,1.4874523888855204,2.2493672312360182,0.7619148423504978
1274,0.36251402918069586,0.1565996667006768,0.20591436248001907,2.3149093278314696,0.5555555555555556,0.2828282828282828,0.27272727272727276,1.3269980660750864,2.2014114974857963,0.8744134314107099
1275,0.3123150698908275,0.1140416510786881,0.19827341881213942,2.73860529847408,0.5050505050505051,0.21212121212121213,0.29292929292929293,1.466040961525,2.42866012729952,0.96261916577452
1276,0.351137639016427,0.12131415161718193,0.22982348739924505,2.894449116904963,0.5404040404040404,0.19360269360269358,0.3468013468013469,1.3661622306024794,2.3924823747284205,1.026320144125941
1277,0.29226609529639835,0.11686307519640853,0.17540302009998981,2.500927643784787,0.4696969696969697,0.19696969696969696,0.27272727272727276,1.524746608407091,2.4666330700658943,0.9418864616588032
1278,0.36088154269972456,0.11827307871078915,0.2426084639889354,3.0512568594090728,0.5555555555555556,0.19612794612794615,0.35942760942760943,1.3571051472082245,2.4054666699949436,1.0483615227867191
1279,0.2711202938475666,0.12153805167273182,0.14958224217483476,2.230744117715645,0.45454545454545453,0.21212121212121213,0.2424242424242424,1.6171984682574658,2.397506635450109,0.7803081671926431
1280,0.3716967656361596,0.14392522304980215,0.22777154258635746,2.582568626678745,0.5555555555555556,0.25252525252525254,0.30303030303030304,1.3136635902798972,2.2189561435417726,0.9052925532618754
1281,0.3841699826548312,0.1533361108276933,0.2308338718271379,2.5054110253685145,0.5757575757575758,0.24999999999999997,0.3257575757575758,1.317269253189362,2.16198166116103,0.8447124079716679
1282,0.3460361187633915,0.12033352605743179,0.22570259270595971,2.8756418107306043,0.5404040404040404,0.18181818181818182,0.3585858585858586,1.3944569100653006,2.385208434684116,0.9907515246188152
1283,0.36488623609835724,0.11749793105011959,0.24738830504823767,3.1054694566724956,0.5656565656565656,0.1919191919191919,0.3737373737373737,1.3936798804139594,2.4318421220948907,1.0381622416809313
1284,0.26668197122742576,0.11706288473965241,0.14961908648777333,2.2781086577571177,0.43434343434343436,0.1961279461279461,0.23821548821548827,1.6075012884183033,2.4658832145488425,0.8583819261305392
1285,0.28007346189164367,0.12915773900622385,0.15091572288541982,2.168460551002271,0.45454545454545453,0.1919191919191919,0.26262626262626265,1.5572928421846977,2.358252449421476,0.8009596072367782
1286,0.38075196408529743,0.12962679545171124,0.2511251686335862,2.937293657214073,0.5858585858585859,0.2222222222222222,0.36363636363636365,1.39900249372368,2.3433992001724375,0.9443967064487575
1287,0.3722069176614632,0.12452810937659423,0.24767880828486896,2.988938959442852,0.5757575757575758,0.22053872053872056,0.3552188552188552,1.3710242788481681,2.4196608107192654,1.0486365318710973
1288,0.3022140597898173,0.11317439263567211,0.1890396671541452,2.6703395772813776,0.4898989898989899,0.212962962962963,0.2769360269360269,1.4870229262847476,2.509200153525394,1.0221772272406464
1289,0.368865421895725,0.13493521069278647,0.23393021120293855,2.7336483931947075,0.5757575757575758,0.23316498316498316,0.34259259259259267,1.4192041713995354,2.3181055624023177,0.8989013910027823
1290,0.3534843383328233,0.12447142581822716,0.2290129125145961,2.8398834190992313,0.5252525252525253,0.20202020202020202,0.3232323232323233,1.2741439207402618,2.3439185288059288,1.069774608065667
1291,0.4012855831037649,0.16122221088551053,0.24006337221825436,2.489021710468489,0.601010101010101,0.2676767676767677,0.3333333333333333,1.2909123415312027,2.060865387102546,0.7699530455713435
1292,0.2776757473727171,0.12198585178383159,0.15568989558888552,2.2762946957552104,0.43434343434343436,0.2112794612794613,0.22306397306397308,1.5170125496715614,2.336097549448757,0.8190849997771954
1293,0.3630241812059994,0.13987518280447572,0.22314899840152366,2.5953437481004196,0.5404040404040404,0.2138047138047138,0.32659932659932667,1.2981592481278514,2.256252253011207,0.9580930048833556
1294,0.39924497500255074,0.13213220873153533,0.26711276627101543,3.0215568091632523,0.601010101010101,0.23148148148148148,0.3695286195286195,1.2732818426512573,2.300807812076198,1.0275259694249408
1295,0.3461891643709825,0.14554070446326337,0.20064845990771915,2.378641532949058,0.5303030303030303,0.23232323232323232,0.29797979797979796,1.3175754350349713,2.191007751193891,0.8734323161589197
1296,0.33971023364962766,0.1217860422405877,0.21792419140903996,2.7894020316263486,0.5202020202020202,0.20286195286195285,0.31734006734006737,1.3938961305314923,2.3871707961963105,0.9932746656648181
1297,0.413682277318641,0.136216259111882,0.277466018206759,3.0369522699846034,0.6111111111111112,0.1919191919191919,0.4191919191919192,1.272743420685473,2.248524112647889,0.9757806919624159
1298,0.3649627589021528,0.13223423913659604,0.23272851976555675,2.7599717084253164,0.5656565656565656,0.21717171717171718,0.34848484848484845,1.3571922549294597,2.3125051296957144,0.9553128747662547
1299,0.29517396184062855,0.1354226892947432,0.15975127254588536,2.1796492402996943,0.4898989898989899,0.23232323232323232,0.25757575757575757,1.575230393177155,2.3280468064659288,0.7528164132887738
1300,0.37088052239567393,0.1348841954902561,0.23599632690541783,2.749621785173979,0.5656565656565656,0.21717171717171718,0.34848484848484845,1.3194668263704803,2.277087955773656,0.9576211294031758
1301,0.36980920314253657,0.15355292543844734,0.21625627770408923,2.408350098746747,0.5555555555555556,0.23232323232323232,0.32323232323232326,1.342289055901445,2.132424412528693,0.7901353566272478
1302,0.3112947658402204,0.10264258749107233,0.2086521783491481,3.0328031809145135,0.5050505050505051,0.1919191919191919,0.31313131313131315,1.486847673750829,2.5976102552893736,1.1107625815385447
1303,0.35817773696561583,0.12900327630967365,0.22917446065594219,2.776501087505767,0.5555555555555556,0.21717171717171718,0.3383838383838384,1.3381334457141034,2.371524339395536,1.0333908936814327
1304,0.30971329456177943,0.13152002630117107,0.17819326826060836,2.354875552203427,0.48484848484848486,0.1919191919191919,0.29292929292929293,1.463839649265164,2.3023765314017433,0.8385368821365793
1305,0.3181052953780226,0.13593709258692424,0.18216820279109838,2.3400919449164466,0.5,0.2222222222222222,0.2777777777777778,1.4571080284482403,2.2730577114165795,0.8159496829683393
1306,0.3699877563513927,0.1365195161491458,0.2334682402022469,2.710145529282318,0.5606060606060606,0.19276094276094274,0.3678451178451178,1.2888027897614946,2.259538213469511,0.9707354237080164
1307,0.389194980104071,0.1467112199435432,0.2424837601605278,2.652796290930165,0.5858585858585859,0.2727272727272727,0.31313131313131315,1.2894362173236904,2.2267272120210575,0.9372909946973671
1308,0.2798183858789919,0.12880913512226644,0.15100925075672544,2.1723489224066794,0.45454545454545453,0.1961279461279461,0.25841750841750843,1.5465123520361386,2.285747162439004,0.7392348104028656
1309,0.422048770533619,0.12987620310852635,0.2921725674250927,3.24962356792144,0.6161616161616161,0.1843434343434343,0.4318181818181818,1.2441577977580716,2.333908941158467,1.0897511434003953
1310,0.3670288746046321,0.1340197712251584,0.23300910337947373,2.738617378983653,0.5656565656565656,0.19107744107744104,0.37457912457912457,1.3640533898954734,2.3093903220037233,0.9453369321082499
1311,0.4317416590143862,0.12574397170356766,0.30599768731081856,3.4334978700385417,0.6313131313131313,0.23232323232323232,0.39898989898989895,1.2352067602597336,2.4153371087459274,1.1801303484861938
1312,0.3348637894092439,0.1103175412939723,0.22454624811527157,3.0354537046552243,0.5303030303030303,0.18013468013468015,0.35016835016835013,1.401472312830526,2.4493989187527996,1.0479266059222736
1313,0.3866952351800837,0.15534129170492805,0.23135394347515564,2.4893267651888347,0.5808080808080808,0.2777777777777778,0.303030303030303,1.2978281394664521,2.1754414699657794,0.8776133304993272
1314,0.34042444648505255,0.13844959131154416,0.20197485517350838,2.4588331627430913,0.5303030303030303,0.23232323232323232,0.29797979797979796,1.371432704270202,2.2956936585312264,0.9242609542610245
1315,0.25925925925925924,0.12078557743540907,0.13847368182385017,2.1464421892415086,0.4292929292929293,0.2222222222222222,0.20707070707070707,1.637714690352146,2.471337299207591,0.8336226088554448
1316,0.3285889194980104,0.14068434060016552,0.18790457889784487,2.3356467258277345,0.5151515151515151,0.21212121212121213,0.303030303030303,1.4711012381539443,2.239525698962601,0.7684244608086568
1317,0.3684573002754821,0.1473970909997846,0.22106020927569753,2.4997596477397277,0.5707070707070707,0.2769360269360269,0.2937710437710438,1.3908319617603866,2.3018434135302206,0.911011451769834
1318,0.4577594123048669,0.13558140325817092,0.32217800904669597,3.376269910949455,0.6464646464646465,0.234006734006734,0.4124579124579125,1.1119577595055374,2.2937462988312793,1.181788539325742
1319,0.36598306295275995,0.12653470734278816,0.2394483556099718,2.8923531783362453,0.5707070707070707,0.20707070707070707,0.36363636363636365,1.409834464009195,2.321485366678777,0.911650902669582
1320,0.3320069380675442,0.13117142241721366,0.20083551565033056,2.5310920012099745,0.5252525252525253,0.2154882154882155,0.3097643097643098,1.4353657150316754,2.3294103070532426,0.8940445920215672
1321,0.3906744209774513,0.15484814474713465,0.23582627623031666,2.5229518998462552,0.5808080808080808,0.22727272727272727,0.3535353535353535,1.2428977211109595,2.1316495262902366,0.8887518051792771
1322,0.3702683399653096,0.13513643732498948,0.23513190264032013,2.7399593129338733,0.5606060606060606,0.19781144781144777,0.3627946127946128,1.3098581041039785,2.2459290998101467,0.9360709957061681
1323,0.41082542597694105,0.1460055096418733,0.26481991633506774,2.8137665967854635,0.6161616161616161,0.26262626262626265,0.3535353535353535,1.320446641709249,2.2875930031664375,0.9671463614571885
1324,0.4042189572492602,0.13883503950844017,0.26538391774082004,2.911505328052913,0.5959595959595959,0.20202020202020202,0.3939393939393939,1.2184624113859506,2.2630843997249888,1.0446219883390382
1325,0.3601163146617692,0.13335373941434547,0.22676257524742371,2.700459066564652,0.5505050505050505,0.20454545454545456,0.3459595959595959,1.326570730230468,2.235611577642267,0.909040847411799
1326,0.40179573512906847,0.12434813907877881,0.2774475960502897,3.2312163101573805,0.601010101010101,0.18686868686868688,0.41414141414141414,1.2942030094899468,2.3414031789650758,1.047200169475129
1327,0.3803438424650546,0.13405944971601538,0.2462843927490392,2.837128179108264,0.5858585858585859,0.25757575757575757,0.3282828282828283,1.3574024858330678,2.3938052790869753,1.0364027932539075
1328,0.3093051729415366,0.1135541724767314,0.1957510004648052,2.723855638196975,0.5,0.19528619528619529,0.3047138047138047,1.493660407750071,2.4846504703104486,0.9909900625603776
1329,0.4362054892357922,0.13724506569624415,0.2989604235395481,3.178296334537945,0.6363636363636364,0.2138047138047138,0.4225589225589226,1.2514030861823124,2.2449231396018625,0.9935200534195501
1330,0.35062748699112334,0.13454976249589046,0.21607772449523288,2.605931667860302,0.5353535353535354,0.20538720538720537,0.32996632996633,1.3584472913811823,2.2919360739330124,0.9334887825518301
1331,0.3686613610856036,0.13997437903161808,0.22868698205398552,2.633777435814369,0.5757575757575758,0.22727272727272727,0.3484848484848485,1.3939286710879042,2.2822285065763124,0.8882998354884082
1332,0.31277420671360057,0.12179029350746523,0.19098391320613534,2.568137391790002,0.51010101010101,0.23905723905723908,0.271043771043771,1.5221450793238827,2.453802553267203,0.9316574739433205
1333,0.3658300173451689,0.12384223832035278,0.2419877790248161,2.95400036616624,0.5555555555555556,0.18181818181818182,0.37373737373737376,1.2990564680972165,2.328950024971673,1.0298935568744565
1334,0.34590858075706565,0.12487104490471496,0.2210375358523507,2.7701264213895005,0.5404040404040404,0.20707070707070707,0.33333333333333337,1.392824414513911,2.3903751612636315,0.9975507467497204
1335,0.30655035200489744,0.12919600040812165,0.1773543515967758,2.3727541954590317,0.4898989898989899,0.2474747474747475,0.2424242424242424,1.4749856236195495,2.382657769371641,0.9076721457520915
1336,0.31328435873890415,0.11724143794850866,0.19604292079039548,2.6721299586627016,0.5,0.19865319865319866,0.30134680134680136,1.4816971891699506,2.412471569211555,0.9307743800416042
1337,0.281552902765024,0.12167692639073108,0.1598759763742929,2.3139383210658724,0.4595959595959596,0.21717171717171713,0.2424242424242425,1.5883329412958251,2.467590658428416,0.879257717132591
1338,0.4245230078563412,0.135638086816538,0.2888849210398032,3.129821555434828,0.6262626262626263,0.22727272727272727,0.398989898989899,1.2697223953594476,2.3258924553534124,1.0561700599939647
1339,0.3677685950413223,0.13308732669002027,0.23468126835130204,2.7633630052387246,0.5707070707070707,0.23653198653198654,0.3341750841750842,1.381881010524092,2.3224290711453097,0.9405480606212178
1340,0.33542495663707783,0.11728111643936559,0.21814384019771224,2.8600082163311664,0.5353535353535354,0.19276094276094274,0.3425925925925926,1.4557667403587686,2.495526860010775,1.0397601196520063
1341,0.30629527599224576,0.14559171966579376,0.160703556326452,2.1037959898773604,0.4898989898989899,0.2474747474747475,0.2424242424242424,1.4280840353188464,2.212173714838632,0.7840896795197854
1342,0.362539536781961,0.13549070956478365,0.22704882721717734,2.6757519976571973,0.5656565656565656,0.20707070707070707,0.35858585858585856,1.3867320692018799,2.2532714144060395,0.8665393452041597
1343,0.3381287623711867,0.1288289743676949,0.20929978800349183,2.6246328827094643,0.5252525252525253,0.19781144781144783,0.3274410774410775,1.407106074287525,2.3447915482348907,0.9376854739473657
1344,0.3503469033772064,0.13424650545862668,0.21610039791857974,2.6097282918487554,0.5404040404040404,0.23737373737373738,0.3030303030303031,1.3917646741313654,2.3384719691920366,0.9467072950606712
1345,0.30553004795429045,0.1210860002947545,0.18444404765953595,2.5232483293737644,0.5,0.1877104377104377,0.3122895622895623,1.5343964174523295,2.423862666067629,0.8894662486152993
1346,0.33715947352310993,0.12178179097371014,0.2153776825493998,2.7685540738672074,0.5252525252525253,0.21212121212121213,0.31313131313131315,1.3993198966765443,2.4144970537089736,1.0151771570324293
1347,0.3460871339659218,0.13039202348966658,0.2156951104762552,2.6542047949225114,0.5353535353535354,0.20202020202020202,0.33333333333333337,1.4089473220058384,2.3039310880299357,0.8949837660240973
1348,0.2914753596571778,0.12106049269348935,0.17041486696368846,2.4076835734937774,0.47474747474747475,0.1717171717171717,0.30303030303030304,1.5457271140520248,2.4165110215995935,0.8707839075475687
1349,0.35322926232017143,0.14166921742679317,0.21156004489337826,2.4933381346777104,0.5353535353535354,0.23737373737373738,0.297979797979798,1.3035786871866992,2.2869797784994987,0.9834010913127995
1350,0.3219059279665341,0.10897980931650966,0.21292611865002445,2.9538125455112874,0.5252525252525253,0.18686868686868688,0.33838383838383845,1.514929326455287,2.533935687111485,1.019006360656198
1351,0.33797571676359567,0.11616728451745287,0.2218084322461428,2.9093881135942237,0.5252525252525253,0.1919191919191919,0.33333333333333337,1.3736445492824978,2.4675662932511435,1.0939217439686457
1352,0.3002754820936639,0.13288893423573558,0.1673865478579283,2.2595973383381676,0.4797979797979798,0.20202020202020202,0.2777777777777778,1.4959158547931952,2.216227351602008,0.7203114968088127
1353,0.35807570656055504,0.14895588885487876,0.20911981770567628,2.403904332439066,0.5555555555555556,0.24242424242424243,0.31313131313131315,1.3952149707936652,2.264606856455147,0.8693918856614817
1354,0.3258340985613713,0.12399811810586221,0.2018359804555091,2.627734223217755,0.5,0.20202020202020202,0.297979797979798,1.3648606688496494,2.3603455852013924,0.995484916351743
1355,0.3357055402509948,0.11611626931492253,0.21958927093607228,2.8911154503295093,0.5353535353535354,0.21212121212121213,0.3232323232323232,1.4529427644549187,2.408208893216332,0.9552661287614135
1356,0.42638506274869914,0.16286319990023693,0.26352186284846224,2.6180565223444248,0.6212121212121212,0.23148148148148145,0.38973063973063976,1.2305860647437163,2.0582059931770504,0.8276199284333341
1357,0.31532496684011835,0.12957861442709928,0.18574635241301907,2.4334645669291337,0.494949494949495,0.20707070707070707,0.2878787878787879,1.4190112663997714,2.38090787711263,0.9618966107128588
1358,0.3279257218651158,0.09971771587933204,0.22820800598578378,3.2885402455661668,0.5202020202020202,0.18181818181818182,0.3383838383838384,1.4418820410022022,2.5879606893623825,1.1460786483601804
1359,0.333588409345985,0.14350576471788595,0.19008264462809904,2.324564521862779,0.5303030303030303,0.21212121212121213,0.3181818181818181,1.4768127981560877,2.2609708543993543,0.7841580562432666
1360,0.307341087644118,0.10025054132798242,0.20709054631613558,3.06572995589732,0.5050505050505051,0.15993265993265993,0.34511784511784516,1.541665139296777,2.5948002990521615,1.0531351597553844
1361,0.37320171411080505,0.1413248648097133,0.23187684930109176,2.6407363956321634,0.5707070707070707,0.2264309764309764,0.3442760942760943,1.343128024570543,2.2941330608744197,0.9510050363038767
1362,0.44077134986225897,0.13221723406908592,0.30855411579317304,3.3336905961287004,0.6363636363636364,0.21127946127946126,0.42508417508417506,1.188754719636377,2.2912793982456785,1.1025246786093015
1363,0.3926640138761351,0.14162670475801786,0.2510373091181172,2.772528066278442,0.5858585858585859,0.23232323232323232,0.35353535353535354,1.3037821752420988,2.2576093126039676,0.9538271373618687
1364,0.3499642893582288,0.1314888503440692,0.2184754390141596,2.66155106263741,0.5505050505050505,0.20707070707070707,0.3434343434343434,1.3946615748364852,2.2568734112491526,0.8622118364126674
1365,0.35419855116824805,0.14524594995975468,0.20895260120849338,2.438612238526381,0.5454545454545454,0.19696969696969696,0.34848484848484845,1.3205442470867634,2.120499272187155,0.7999550251003917
1366,0.29359249056218756,0.12895792946297996,0.1646345610992076,2.276653260367904,0.48484848484848486,0.1717171717171717,0.31313131313131315,1.5445263161170202,2.2789871893046603,0.7344608731876401
1367,0.3565962656871747,0.14663894840662517,0.2099573172805495,2.4317977560664477,0.5606060606060606,0.23737373737373738,0.3232323232323232,1.408340652803451,2.218520519115864,0.8101798663124129
1368,0.2916028976635037,0.13399142944597492,0.1576114682175288,2.1762802208261944,0.4494949494949495,0.2297979797979798,0.2196969696969697,1.4794721986470396,2.3352181280373974,0.8557459293903578
1369,0.2736710539740843,0.1140189776553413,0.159652076318743,2.4002237136465325,0.4494949494949495,0.19528619528619529,0.2542087542087542,1.5728910399057423,2.4503462771592504,0.877455237253508
1370,0.34889297010509124,0.13211095239714768,0.21678201770794356,2.640908749611164,0.5454545454545454,0.21717171717171718,0.32828282828282823,1.3795988214591295,2.3036091228824347,0.9240103014233052
1371,0.42164064891337627,0.14683875794986906,0.2748018909635072,2.8714533873769548,0.6111111111111112,0.23232323232323232,0.37878787878787884,1.1661431501493085,2.1868371686111394,1.020694018461831
1372,0.3794000612182431,0.14441411874071808,0.23498594247752502,2.627167374814786,0.5757575757575758,0.26262626262626265,0.31313131313131315,1.3382184679105547,2.274331791924956,0.9361133240144013
1373,0.26150392817059487,0.13829229443707558,0.12321163373351929,1.8909508243756983,0.42424242424242425,0.2222222222222222,0.20202020202020204,1.5801249856757376,2.2642694125001754,0.6841444268244379
1374,0.2705846342209979,0.12846761668310488,0.142117017537893,2.1062477938581012,0.4292929292929293,0.2222222222222222,0.20707070707070707,1.5480941667515906,2.39046331563321,0.8423691488816192
1375,0.30649933680236713,0.1018065050051582,0.20469283179720893,3.0106066089474126,0.494949494949495,0.1919191919191919,0.3030303030303031,1.4665825077725851,2.554872521627605,1.08829001385502
1376,0.3149678604224058,0.13221723406908592,0.1827506263533199,2.3821997384836333,0.494949494949495,0.22053872053872056,0.27441077441077444,1.4538726363585044,2.332666808197761,0.8787941718392565
1377,0.2992041628405264,0.11850831547801245,0.18069584736251398,2.5247524752475243,0.4797979797979798,0.20707070707070707,0.2727272727272727,1.5051046390979628,2.4069898880480145,0.9018852489500517
1378,0.30976430976430974,0.14246845559976876,0.16729585416454099,2.174265934590594,0.5,0.25757575757575757,0.24242424242424243,1.4755043355717286,2.2536241952358065,0.7781198596640779
1379,0.33904703601673297,0.11267132605516444,0.22637570996156853,3.0091687733464134,0.5202020202020202,0.18434343434343434,0.33585858585858586,1.3646023737257345,2.489244862617969,1.1246424888922344
1380,0.32353841444750525,0.1161106009590858,0.20742781348841943,2.78646748681898,0.51010101010101,0.21212121212121213,0.2979797979797979,1.4250794768586235,2.433144601935684,1.0080651250770605
1381,0.3296602387511478,0.14699747191329682,0.182662766837851,2.242625226545328,0.5,0.2222222222222222,0.2777777777777778,1.3792964670906143,2.2187944329455487,0.8394979658549344
1382,0.40909090909090917,0.13954500107698758,0.2695459080139216,2.931605617783556,0.6060606060606061,0.2264309764309764,0.37962962962962965,1.2784502214142854,2.2680827083727655,0.98963248695848
1383,0.32665034180185687,0.13120684964119309,0.19544349216066378,2.489582995820237,0.51010101010101,0.20707070707070707,0.303030303030303,1.4098280517670339,2.2682126060838574,0.8583845543168236
1384,0.38679726558514443,0.1332517090092848,0.25354555657585964,2.9027565084226645,0.5909090909090909,0.2255892255892256,0.3653198653198654,1.3368981682893535,2.3157517554646967,0.9788535871753432
1385,0.32981328435873897,0.12533585008332487,0.2044774342754141,2.631436130520317,0.5252525252525253,0.18771043771043774,0.3375420875420876,1.4296457207746567,2.374931454328067,0.9452857335534102
1386,0.35743801652892565,0.1511297033182555,0.20630831321067014,2.3651076438376717,0.5555555555555556,0.24074074074074076,0.3148148148148148,1.4022808764176875,2.150728834109465,0.7484479576917775
1387,0.3399908172635445,0.12176762008411839,0.21822319717942612,2.7921282934549856,0.5353535353535354,0.1919191919191919,0.3434343434343434,1.4187553232800059,2.3983583754060662,0.9796030521260604
1388,0.34876543209876537,0.1393451915337437,0.20942024056502168,2.502888174754912,0.5404040404040404,0.2525252525252525,0.28787878787878796,1.376123188208646,2.2650631923689915,0.8889400041603455
1389,0.3136414651566166,0.1390447686743983,0.17459669648221832,2.2556869139828777,0.48484848484848486,0.23737373737373738,0.2474747474747475,1.4450056157330544,2.284499987714465,0.8394943719814107
1390,0.3827670645852464,0.14388837873686358,0.23887868584838282,2.660166637121078,0.5858585858585859,0.2222222222222222,0.36363636363636365,1.3563506543303774,2.214715053879206,0.8583643995488286
1391,0.26946229976533015,0.10758255960276164,0.1618797401625685,2.504702442108591,0.43434343434343436,0.16161616161616163,0.2727272727272727,1.6016044530672209,2.502530728923373,0.900926275856152
1392,0.3113967962452811,0.1365804509743904,0.1748163452708907,2.2799514427117376,0.494949494949495,0.21717171717171718,0.2777777777777778,1.4885896699182353,2.289679333704205,0.8010896637859699
1393,0.3528211406999286,0.16671343060231952,0.18610771009760907,2.1163330358281267,0.5303030303030303,0.2634680134680135,0.26683501683501676,1.3412794774216967,2.0614518828773414,0.7201724054556446
1394,0.3476175900418324,0.15146413631262115,0.19615345372921125,2.29504883799259,0.5404040404040404,0.2474747474747475,0.29292929292929293,1.3752530662785014,2.124880542804098,0.7496274765255968
1395,0.3880726456484033,0.14165221235928305,0.24642043328912028,2.7396158463385363,0.5909090909090909,0.24074074074074073,0.35016835016835024,1.3479731524731797,2.2421545262554923,0.8941813737823125
1396,0.3134374043464953,0.12494189935267375,0.18849550499382156,2.50866527538336,0.494949494949495,0.1818181818181818,0.31313131313131315,1.4569020977836902,2.3695982134429174,0.9126961156592273
1397,0.38776655443322106,0.12654320987654322,0.26122334455667784,3.06430155210643,0.5858585858585859,0.20538720538720542,0.3804713804713804,1.3368629701088721,2.3973814798161692,1.060518509707297
1398,0.26915620855014794,0.1165328934689204,0.15262331508122753,2.3097015832867185,0.4444444444444444,0.20202020202020202,0.2424242424242424,1.5843052323692648,2.48489847183025,0.900593239460985
1399,0.33193041526374856,0.11076675849403123,0.22116365676971733,2.996660909614277,0.5303030303030303,0.17760942760942763,0.3526936026936026,1.4533879088811368,2.4962126373299016,1.0428247284487648
1400,0.3484848484848485,0.12844494325975808,0.22003990522509043,2.713106796116505,0.5404040404040404,0.20707070707070707,0.33333333333333337,1.421037404296895,2.3192100056599343,0.8981726013630393
1401,0.3532292623201714,0.12238405378136019,0.2308452085388112,2.886236003844238,0.5454545454545454,0.1919191919191919,0.3535353535353535,1.3855410506829413,2.3881921587247072,1.002651108041766
1402,0.2625752474237323,0.11549558435080318,0.1470796630729291,2.2734656818237595,0.4393939393939394,0.15656565656565657,0.2828282828282828,1.6269493936126767,2.401916320147017,0.7749669265343402
1403,0.33649627589021525,0.1546525864707683,0.18184368941944695,2.1758205508824013,0.5303030303030303,0.28114478114478114,0.24915824915824913,1.4049638373195874,2.1937355695091387,0.7887717321895513
1404,0.36118763391490666,0.1362842793819225,0.22490335453298416,2.650251632491785,0.5555555555555556,0.18181818181818182,0.37373737373737376,1.3443711104137535,2.216220126090547,0.8718490156767937
1405,0.3454749515355576,0.14148783004001858,0.203987121495539,2.4417290973919314,0.5353535353535354,0.20707070707070707,0.3282828282828283,1.3782401667542112,2.1962113917965773,0.8179712250423661
1406,0.28525150494847457,0.13307598997834688,0.15217551497012768,2.143523448481492,0.4292929292929293,0.2154882154882155,0.21380471380471378,1.5028755034069659,2.336301945177611,0.8334264417706452
1407,0.3470054076114683,0.12957436316022175,0.21743104445124656,2.6780406181305167,0.5252525252525253,0.2222222222222222,0.3030303030303031,1.3873264926421118,2.3766570294621454,0.9893305368200336
1408,0.3238445056626876,0.11971284109331248,0.2041316645693751,2.7051776793958195,0.5252525252525253,0.17424242424242425,0.35101010101010105,1.4921211563486185,2.3566578379890726,0.864536681640454
1409,0.35914702581369246,0.13038352095591152,0.22876350485778094,2.7545430832101556,0.5606060606060606,0.1919191919191919,0.3686868686868686,1.3818116582182673,2.294658248847956,0.9128465906296888
1410,0.349862258953168,0.10474838168440861,0.2451138772687594,3.340025433588571,0.5454545454545454,0.15404040404040406,0.3914141414141413,1.379740050053027,2.4949869280723376,1.1152468780193106
1411,0.48852157943067026,0.14326485959482593,0.34525671983584433,3.4099190884092656,0.6818181818181818,0.25252525252525254,0.4292929292929292,1.140350571380222,2.2041168929036816,1.0637663215234596
1412,0.39261299867360483,0.13251057148363546,0.26010242718996934,2.9628805783400534,0.5909090909090909,0.23737373737373738,0.3535353535353536,1.274002655746486,2.3399520322046437,1.0659493764581576
1413,0.3002244668911335,0.13560549377047693,0.1646189731206566,2.2139550437336064,0.4595959595959596,0.23232323232323232,0.2272727272727273,1.4711858961499324,2.2656622471613908,0.7944763510114583
1414,0.35373941434547496,0.14381185593306806,0.2099275584124069,2.4597374955658036,0.5505050505050505,0.2777777777777778,0.2727272727272727,1.3624930726498115,2.292685294350228,0.9301922217004164
1415,0.27902765023977144,0.11529719189651852,0.16373045834325292,2.4200732528698894,0.4696969696969697,0.18350168350168353,0.2861952861952862,1.6041907781958222,2.436638152200491,0.832447374004669
1416,0.38807264564840327,0.1162863199900237,0.27178632565837957,3.3372166707287354,0.5909090909090909,0.19276094276094274,0.3981481481481482,1.3507613795340283,2.415172195592092,1.0644108160580636
1417,0.30598918477706355,0.13397442437846477,0.17201476039859878,2.2839372977089547,0.494949494949495,0.1994949494949495,0.29545454545454547,1.4949648668797937,2.259353457450339,0.7643885905705452
1418,0.31348841954902557,0.1285710641771248,0.18491735537190077,2.4382501735938886,0.5,0.2222222222222222,0.2777777777777778,1.4931302531473747,2.3443627202541895,0.8512324671068148
1419,0.3018569533721049,0.1182022242628303,0.1836547291092746,2.553733275787657,0.47474747474747475,0.1919191919191919,0.2828282828282829,1.4866000963716262,2.415304982231801,0.928704885860175
1420,0.3498112437506377,0.12827489258465688,0.22153635116598083,2.72704374723818,0.5404040404040404,0.21380471380471375,0.32659932659932667,1.3880840643513501,2.3734301940151825,0.9853461296638324
1421,0.2764003673094582,0.12567311725560884,0.15072725005384938,2.1993595237021335,0.4444444444444444,0.23232323232323232,0.2121212121212121,1.5361884492738258,2.385447409514773,0.849258960240947
1422,0.41182022242628297,0.11301142740536681,0.2988087950209162,3.6440582327051114,0.6161616161616161,0.1919191919191919,0.4242424242424242,1.3166080799599882,2.493923306556338,1.17731522659635
1423,0.48245077032955824,0.13897391422643948,0.34347685610311873,3.4715203426124197,0.6717171717171717,0.2222222222222222,0.4494949494949495,1.1002842372334725,2.2523449965465763,1.1520607593131038
1424,0.34925007652280377,0.1482246709519437,0.20102540557086007,2.3562209602478053,0.5303030303030303,0.26430976430976433,0.26599326599326595,1.351563820861395,2.20980807321525,0.8582442523538552
1425,0.2923936333027242,0.11803784194356587,0.17435579135915835,2.47711774875144,0.48484848484848486,0.18686868686868688,0.297979797979798,1.5784798486768792,2.443697533382611,0.865217684705732
1426,0.33022140597898175,0.11152490108719064,0.2186965048917911,2.960965692503177,0.5151515151515151,0.20707070707070707,0.30808080808080807,1.4160177885516791,2.4871670401885733,1.0711492516368941
1427,0.38644015916743185,0.14213402260540306,0.2443061365620288,2.7188434695912265,0.5858585858585859,0.2281144781144781,0.35774410774410775,1.311445449632373,2.263582410503941,0.952136960871568
1428,0.39942352821140703,0.13514210568082624,0.2642814225305808,2.955581653838894,0.6060606060606061,0.2222222222222222,0.38383838383838387,1.3432889511996036,2.2972020905552184,0.9539131393556148
1429,0.30920314253647585,0.13924599530660137,0.16995714722987448,2.220553214874519,0.494949494949495,0.21212121212121213,0.2828282828282829,1.4664300140192286,2.2473355485294446,0.780905534510216
1430,0.34682685440261196,0.11710823158634606,0.2297186228162659,2.9615924491771537,0.5505050505050505,0.186026936026936,0.3644781144781145,1.4317879862843128,2.4715091862299956,1.0397211999456828
1431,0.3322109988776655,0.12402362570712738,0.2081873731705381,2.678610603290676,0.5303030303030303,0.20875420875420878,0.3215488215488215,1.4555945283642644,2.400537636524634,0.9449431081603694
1432,0.3345576981940619,0.14453315421328888,0.190024543980773,2.3147470904866028,0.5202020202020202,0.25757575757575757,0.26262626262626265,1.370525690975274,2.2689866732764834,0.8984609823012093
1433,0.3573104785225998,0.13115583443866272,0.22615464408393707,2.7243201192830058,0.5555555555555556,0.18434343434343434,0.3712121212121212,1.4115810681831913,2.2578340819255582,0.8462530137423669
1434,0.30711151923273133,0.13358047364781372,0.1735310455849176,2.2990749384706777,0.5,0.23232323232323232,0.2676767676767677,1.512523617005134,2.3171004058783766,0.8045767888732427
1435,0.33483828180797887,0.140583727284064,0.19425455452391488,2.381771263834849,0.5202020202020202,0.25252525252525254,0.2676767676767677,1.381320759842957,2.3694407025015454,0.9881199426585883
1436,0.43796551372308945,0.13088091918058248,0.307084594542507,3.3462900204636257,0.6363636363636364,0.2222222222222222,0.41414141414141414,1.2174781532959726,2.367821666962029,1.1503435136660562
1437,0.2965003571064177,0.12290270834041878,0.17359764876599892,2.4124802545861246,0.45454545454545453,0.20202020202020202,0.2525252525252525,1.4636465377091157,2.4082345652100443,0.9445880275009286
1438,0.37582899704111833,0.154128263555873,0.22170073348524533,2.438417123312861,0.5757575757575758,0.2828282828282828,0.292929292929293,1.3748007528529869,2.22412973286014,0.8493289800071533
1439,0.38506274869911233,0.14134612114410094,0.2437166275550114,2.7242540904716073,0.5808080808080808,0.22727272727272727,0.3535353535353535,1.3139310159311992,2.25288726907193,0.9389562531407307
1440,0.43449647995102536,0.14563139815665072,0.28886508179437465,2.983535730966837,0.6313131313131313,0.2474747474747475,0.38383838383838376,1.1950267361606552,2.261554247793168,1.0665275116325128
1441,0.3378736863585348,0.14948021176977405,0.18839347458876077,2.260323840582458,0.5353535353535354,0.2474747474747475,0.28787878787878785,1.4290735016628637,2.2646731402414972,0.8355996385786335
1442,0.32379349046015715,0.1389257332018275,0.18486775725832966,2.3306948467909745,0.5202020202020202,0.23737373737373738,0.2828282828282829,1.481934865063912,2.285574605811155,0.8036397407472431
1443,0.2908886848280787,0.11381633393417906,0.17707235089389967,2.5557727504762373,0.4797979797979798,0.17676767676767677,0.303030303030303,1.5496457602869256,2.4772021208547925,0.9275563605678669
1444,0.4181205999387818,0.12395277125916856,0.2941678286796132,3.3732251057505436,0.6060606060606061,0.18350168350168347,0.4225589225589226,1.1893665416138561,2.380038444254713,1.1906719026408568
1445,0.35455565758596064,0.12699242707660213,0.2275632305093585,2.7919433130614304,0.5555555555555556,0.1919191919191919,0.36363636363636365,1.411713299620273,2.2994683354524974,0.8877550358322244
1446,0.32670135700438735,0.13472123025995078,0.19198012674443657,2.425017618782148,0.5252525252525253,0.20202020202020202,0.3232323232323233,1.4845854814534467,2.279801476225097,0.7952159947716504
1447,0.3647076828895011,0.15073716967656361,0.2139705132129375,2.4194940350283445,0.5707070707070707,0.22474747474747475,0.34595959595959597,1.41936809535334,2.163261801240445,0.7438937058871049
1448,0.36797265585144373,0.11983471074380164,0.2481379451076421,3.0706683695189443,0.5707070707070707,0.1919191919191919,0.3787878787878788,1.4086488061099323,2.3957941499831117,0.9871453438731794
1449,0.24400571370268337,0.13142083007402874,0.11258488362865463,1.8566745740780672,0.3838383838383838,0.21212121212121213,0.17171717171717168,1.6384188022363944,2.3661122419032914,0.727693439666897
1450,0.32772166105499434,0.13138965411692685,0.1963320069380675,2.494272956707435,0.5202020202020202,0.25252525252525254,0.2676767676767677,1.4311344053649542,2.3638014406833303,0.9326670353183761
1451,0.37233445566778905,0.12894942692922493,0.24338502873856413,2.8874456020044836,0.5707070707070707,0.20707070707070707,0.36363636363636365,1.3450111755888394,2.369649513992316,1.0246383384034767
1452,0.3166258545046423,0.12315069890827468,0.19347515559636763,2.5710439105219542,0.51010101010101,0.21717171717171718,0.2929292929292929,1.4676649455305781,2.3282171271896255,0.8605521816590473
1453,0.2885419855116825,0.12211338979015746,0.16642859572152502,2.362902102771202,0.4595959595959596,0.2003367003367003,0.2592592592592593,1.5246775676900253,2.417468249144812,0.8927906814547866
1454,0.3108866442199776,0.14251380244646236,0.16837284177351522,2.1814493675920774,0.494949494949495,0.22727272727272727,0.26767676767676774,1.4731999428878175,2.284976921960601,0.8117769790727836
1455,0.3614427099275584,0.1474523574691925,0.2139903524583659,2.451250804878283,0.5606060606060606,0.22727272727272727,0.33333333333333326,1.4043155754434462,2.2310297675751514,0.8267141921317052
1456,0.29746964595449443,0.14176274529809885,0.15570690065639559,2.0983626222035623,0.47474747474747475,0.2222222222222222,0.25252525252525254,1.5186866132843277,2.2243246095641065,0.7056379962797787
1457,0.3652178349148047,0.1517560566382115,0.21346177827659318,2.4066112615557014,0.5707070707070707,0.2676767676767677,0.30303030303030304,1.394663236500511,2.1704503740637615,0.7757871375632506
1458,0.29394959697990003,0.1242758675418608,0.1696737294380392,2.365299094620174,0.48484848484848486,0.21212121212121213,0.2727272727272727,1.5841001812035027,2.385635232549428,0.8015350513459252
1459,0.3707274767880828,0.1325856771984718,0.23814179958961101,2.796135183087151,0.5656565656565656,0.1919191919191919,0.3737373737373737,1.3369237969935548,2.318294742219479,0.9813709452259243
1460,0.3397612488521579,0.11452912968064485,0.22523211917151306,2.9665924276169258,0.5404040404040404,0.17676767676767677,0.36363636363636365,1.4231897505175874,2.4223409463019334,0.999151195784346
1461,0.3074431180491787,0.13936219660125385,0.16808092144792483,2.2060725616204344,0.494949494949495,0.2474747474747475,0.2474747474747475,1.4598369797384505,2.3008238017000227,0.8409868219615722
1462,0.3763136414651567,0.10619948077860535,0.27011416068655136,3.5434602759467335,0.5757575757575758,0.1919191919191919,0.38383838383838387,1.306083542356225,2.5058358917025485,1.1997523493463236
1463,0.3018059381695746,0.1335096191998549,0.16829631896971967,2.260555756044749,0.48484848484848486,0.20286195286195288,0.281986531986532,1.5205545651427892,2.3197047813638823,0.7991502162210931
1464,0.3121620242832364,0.14059222981781908,0.17156979446541734,2.22033624964722,0.494949494949495,0.2222222222222222,0.27272727272727276,1.440351855484651,2.2123020597042022,0.7719502042195512
1465,0.37281910009182734,0.1285072951739618,0.24431180491786553,2.901151250496229,0.5656565656565656,0.20707070707070707,0.35858585858585856,1.3034953837805852,2.353524125507072,1.0500287417264869
1466,0.38945005611672284,0.1494121914997336,0.24003786461698925,2.606548048105012,0.5909090909090909,0.2727272727272727,0.31818181818181823,1.333742673487804,2.233856719228645,0.900114045740841
1467,0.33282318130802974,0.14173156934099693,0.1910916119670328,2.3482642777155656,0.5303030303030303,0.25757575757575757,0.2727272727272727,1.45475511827771,2.2996423061870908,0.8448871879093807
1468,0.3137945107642077,0.13423800292487162,0.1795565078393361,2.337598175829744,0.494949494949495,0.1893939393939394,0.3055555555555556,1.447013009716934,2.2675114340485454,0.8204984243316114
1469,0.3874094480155086,0.13569477037490507,0.2517146776406035,2.8550064747900907,0.5858585858585859,0.20538720538720542,0.3804713804713804,1.3167206006090648,2.2142252060515872,0.8975046054425224
1470,0.3395061728395061,0.12143318708975276,0.21807298574975337,2.7958269149978987,0.5303030303030303,0.1919191919191919,0.33838383838383834,1.3778392841817668,2.38702761719919,1.0091883330174234
1471,0.36611060095908576,0.13695597954857214,0.22915462141051363,2.673199097738137,0.5656565656565656,0.2222222222222222,0.3434343434343434,1.3975634447286407,2.2214100817700158,0.8238466370413751
1472,0.35631568207325787,0.12498724619936744,0.23132843587389043,2.850816326530612,0.5555555555555556,0.21212121212121213,0.3434343434343434,1.407887786876622,2.346613170303804,0.938725383427182
1473,0.3336394245485155,0.11816254577197338,0.2154768787765421,2.823563273529694,0.5303030303030303,0.18181818181818182,0.34848484848484845,1.4329372583411342,2.40962629008728,0.9766890317461456
1474,0.3362411998775635,0.14245428471017696,0.19378691516738655,2.3603445874699083,0.5404040404040404,0.25252525252525254,0.2878787878787879,1.4829579230023389,2.2491480210259964,0.7661900980236576
1475,0.41638608305274977,0.10314423698262083,0.31324184607012895,4.036930178880554,0.6212121212121212,0.18013468013468015,0.44107744107744107,1.2923697200858761,2.5584833439700225,1.2661136238841464
1476,0.31830935618814415,0.15154916165017177,0.1667601945379724,2.100370287253142,0.5050505050505051,0.21717171717171718,0.2878787878787879,1.4660505890962165,2.1965254082485677,0.7304748191523511
1477,0.4193704724007754,0.15474611434207394,0.26462435805870144,2.710054945054945,0.6161616161616161,0.22727272727272727,0.38888888888888884,1.255362877034757,2.1001090435078202,0.8447461664730633
1478,0.2958371594735231,0.11770482603815938,0.17813233343536375,2.513381731498537,0.48484848484848486,0.18602693602693604,0.2988215488215488,1.538839955222796,2.460459827409455,0.9216198721866589
1479,0.35129068462401797,0.11272375834665399,0.23856692627736398,3.11638548764237,0.5555555555555556,0.18686868686868688,0.36868686868686873,1.422901708476741,2.4843309607877933,1.0614292523110522
1480,0.34246505458626675,0.14734040744141752,0.19512464714484923,2.324311847192568,0.5404040404040404,0.2617845117845118,0.27861952861952866,1.4193259053396565,2.275302860637778,0.8559769552981213
1481,0.3595551474339353,0.13315676404901994,0.22639838338491536,2.7002394508593626,0.5606060606060606,0.1978114478114478,0.3627946127946128,1.396989425516077,2.299336060770624,0.9023466352545468
1482,0.24701561065197428,0.10385844981804578,0.1431571608339285,2.378387228817028,0.3939393939393939,0.1759259259259259,0.21801346801346802,1.6211842708951385,2.5291020202537866,0.9079177493586481
1483,0.3589429650035711,0.12592819326826063,0.23301477173531046,2.8503781058696434,0.5505050505050505,0.18181818181818182,0.3686868686868687,1.3473490357317301,2.341073191653124,0.9937241559213941
1484,0.33659830629527604,0.12716956319649922,0.20942874309877682,2.6468464452863834,0.48484848484848486,0.1919191919191919,0.29292929292929293,1.339037816916262,2.3811432659985203,1.0421054490822583
1485,0.30091317212529334,0.13594701220963848,0.16496615991565486,2.2134592532366,0.47474747474747475,0.2222222222222222,0.25252525252525254,1.4467423131544819,2.2735420253113503,0.8267997121568684
1486,0.366289154167942,0.15245043022820798,0.21383872393973402,2.4026770775237036,0.5656565656565656,0.27609427609427606,0.2895622895622896,1.3684002659941676,2.191238534956325,0.8228382689621572
1487,0.26170798898071623,0.10248954188348126,0.15921844709723498,2.5535092085614735,0.4292929292929293,0.16666666666666666,0.26262626262626265,1.6151738262344248,2.582696730277685,0.96752290404326
1488,0.32348739924497505,0.12383231869763854,0.1996550805473365,2.6123018824741098,0.5252525252525253,0.1742424242424242,0.3510101010101011,1.5113609440854474,2.356030079581413,0.8446691354959657
1489,0.32909907152331397,0.12015355575961637,0.2089455157636976,2.738987368644518,0.5202020202020202,0.16414141414141414,0.3560606060606061,1.4535842554549638,2.3572255154758475,0.9036412600208836
1490,0.30637179879604126,0.10016551599043182,0.20620628280560943,3.0586554241412487,0.494949494949495,0.15151515151515152,0.3434343434343434,1.4872964603677032,2.5534476636111156,1.0661512032434124
1491,0.4022548719518417,0.11188484168282148,0.2903700302690202,3.5952579983281407,0.6060606060606061,0.1919191919191919,0.41414141414141414,1.3185127052733088,2.508484644734269,1.18997193946096
1492,0.4364350576471789,0.14638528948293258,0.2900497681642463,2.9814133591481125,0.6262626262626263,0.22727272727272727,0.398989898989899,1.179018464724678,2.2534172640286765,1.0743987993039985
1493,0.3314457708397103,0.13970513212937455,0.19174063871033573,2.372466678838781,0.5151515151515151,0.20707070707070707,0.30808080808080807,1.4132577963126205,2.227036475049393,0.8137786787367727
1494,0.3658810325476992,0.13178643902549625,0.23409459352220297,2.77631777027463,0.5505050505050505,0.218013468013468,0.3324915824915825,1.3108714791379945,2.3559437845541558,1.0450723054161613
1495,0.31522293643505767,0.12736512147286558,0.1878578149621921,2.474954938917199,0.5050505050505051,0.21212121212121213,0.29292929292929293,1.4803694162389749,2.386493993792014,0.9061245775530393
1496,0.3618253239465361,0.12566461472185378,0.23616070922468232,2.8792936241232328,0.5505050505050505,0.20707070707070707,0.3434343434343434,1.3278147860702698,2.3325822851388227,1.004767499068553
1497,0.2988980716253443,0.1298138511943226,0.16908422043102173,2.3025129358338967,0.47474747474747475,0.20707070707070707,0.2676767676767677,1.485457864656488,2.342401172701215,0.8569433080447268
1498,0.3495051525354556,0.12008978675645342,0.22941536577900218,2.910365335598981,0.5404040404040404,0.20707070707070707,0.33333333333333337,1.3540752855305747,2.429763857659192,1.0756885721286173
1499,0.34103662891541686,0.14097200965887835,0.2000646192565385,2.4191797346200246,0.5252525252525253,0.2222222222222222,0.3030303030303031,1.3330023708796614,2.2337695824342316,0.9007672115545702
1500,0.3217018671564126,0.12140201113265087,0.2002998560237617,2.649889109373176,0.5151515151515151,0.22643097643097645,0.2887205387205387,1.465953972149761,2.431747184347972,0.9657932121982111
1501,0.2699724517906336,0.12747565441168135,0.14249679737895227,2.1178353861888035,0.42424242424242425,0.18181818181818182,0.24242424242424243,1.5612247796032241,2.306221437191353,0.744996657588129
1502,0.33590960106111617,0.1357514539332721,0.20015814712784408,2.474445697106351,0.5303030303030303,0.2676767676767677,0.2626262626262626,1.421999508521838,2.3814664856930317,0.9594669771711937
1503,0.3598357310478522,0.1396838757949869,0.22015185525286532,2.5760720698785646,0.5606060606060606,0.25757575757575757,0.303030303030303,1.4034274002525353,2.3102966056359477,0.9068692053834124
1504,0.42931843689419447,0.1292215080093868,0.30009692888480766,3.32234504540071,0.6262626262626263,0.20707070707070707,0.4191919191919192,1.2243395208620613,2.3201432387647576,1.0958037179026963
1505,0.34644424038363436,0.1391581357911324,0.20728610459250196,2.4895723014256625,0.5404040404040404,0.2222222222222222,0.31818181818181823,1.3939421080343752,2.2591602465367084,0.8652181385023332
1506,0.3529741863075197,0.11264865263181763,0.24032553367570209,3.133407973029072,0.5555555555555556,0.18771043771043774,0.36784511784511786,1.4316518452698352,2.4576918962100693,1.026040050940234
1507,0.32940516273849607,0.14018977655341291,0.18921538618508316,2.349708879184862,0.5,0.2222222222222222,0.2777777777777778,1.3865272343004456,2.30675464154051,0.9202274072400642
1508,0.31522293643505767,0.14225305807797392,0.17296987835708375,2.215930825629582,0.494949494949495,0.23232323232323232,0.26262626262626265,1.4445685350893955,2.2185147042296944,0.7739461691402989
1509,0.2829813284358739,0.11767931843689419,0.16530200999897973,2.404681911780644,0.4393939393939394,0.186026936026936,0.25336700336700335,1.5305656429891923,2.428528097824649,0.8979624548354566
1510,0.3777165595347414,0.14551803103991653,0.2321985284948249,2.5956684325335004,0.5757575757575758,0.202020202020202,0.3737373737373738,1.3131884887222434,2.134598923451624,0.8214104347293807
1511,0.3541985511682482,0.11815120906029997,0.23604734210794825,2.9978411053540595,0.5505050505050505,0.22727272727272727,0.3232323232323232,1.416163656619949,2.4273572153861043,1.0111935587661554
1512,0.2771911029486787,0.10717160380460043,0.17001949914407827,2.5864230179298673,0.46464646464646464,0.1717171717171717,0.29292929292929293,1.6025329689835957,2.553032546987971,0.9504995780043752
1513,0.3403224160799918,0.12372603702570033,0.21659637905429147,2.7506127591341194,0.5404040404040404,0.18181818181818182,0.3585858585858586,1.4209837722146634,2.3238758675848317,0.9028920953701682
1514,0.39577594123048665,0.12984644424038363,0.26592949699010304,3.048030645319713,0.601010101010101,0.20707070707070707,0.3939393939393939,1.3508699492181904,2.322698635104024,0.9718286858858336
1515,0.320324456688093,0.1304175310909318,0.1899069255971612,2.4561456884561883,0.5,0.20033670033670037,0.29966329966329963,1.4031318438969518,2.3506423008436985,0.9475104569467467
1516,0.3264462809917355,0.12047523495334941,0.2059710460383861,2.709654653241743,0.5,0.17676767676767677,0.3232323232323232,1.3599940082926447,2.3805112484045754,1.0205172401119307
1517,0.3426691153963881,0.13237311385459533,0.2102960015417928,2.58866098574059,0.5353535353535354,0.20707070707070707,0.3282828282828283,1.3719367310402548,2.299087446899994,0.9271507158597392
1518,0.2823181308029793,0.11266707478828691,0.16965105601469238,2.505773149196287,0.47474747474747475,0.1590909090909091,0.31565656565656564,1.6180305560467005,2.44278487432834,0.8247543182816395
1519,0.36292215080093876,0.12135241301907969,0.24156973778185908,2.990646347871782,0.5555555555555556,0.18181818181818182,0.37373737373737376,1.3642139063693535,2.4235157639949447,1.0593018576255913
1520,0.3799867360473421,0.13428334977156525,0.24570338627577687,2.8297382861967075,0.5808080808080808,0.23737373737373738,0.3434343434343434,1.3240895842569524,2.351008347441622,1.0269187631846695
1521,0.3461381491684522,0.1628150188756249,0.1833231302928273,2.125959580134733,0.5404040404040404,0.2474747474747475,0.29292929292929293,1.406019077079423,2.0868920761827767,0.6808729991033537
1522,0.32175288235894306,0.1228247684476641,0.19892811391127896,2.6196091099983847,0.5202020202020202,0.2222222222222222,0.297979797979798,1.4716180909471677,2.4271055559185504,0.9554874649713827
1523,0.41424344454647477,0.14414912310535208,0.27009432144112266,2.8737146340024764,0.5959595959595959,0.21212121212121213,0.38383838383838376,1.1589500120083236,2.24058293395202,1.0816329219436964
1524,0.3657534945413734,0.13160788581664004,0.23414560872473336,2.779115341545353,0.5505050505050505,0.18686868686868688,0.36363636363636365,1.3067072859612792,2.2932524614424508,0.9865451754811716
1525,0.4090398938883787,0.14325493997211167,0.265784953916267,2.855328367510461,0.6060606060606061,0.218013468013468,0.3880471380471381,1.2475331114427861,2.1661510483947266,0.9186179369519405
1526,0.35386695235180093,0.12651770227527803,0.2273492500765229,2.7969758064516137,0.5505050505050505,0.23232323232323232,0.3181818181818182,1.36641560873443,2.3730856858157514,1.0066700770813215
1527,0.31098867462503826,0.12160182067589476,0.1893868539491435,2.5574343615620374,0.4898989898989899,0.18686868686868688,0.303030303030303,1.475649012662055,2.358845269869059,0.8831962572070042
1528,0.46025915722885424,0.16591844369622147,0.2943407135326328,2.77400840422261,0.6565656565656566,0.29292929292929293,0.36363636363636365,1.1522467224498558,2.1262887028219284,0.9740419803720726
1529,0.4107233955718804,0.1442511535104128,0.26647224206146763,2.8472798003811617,0.601010101010101,0.24242424242424243,0.35858585858585856,1.2488992823360991,2.294403453049429,1.04550417071333
1530,0.2784919906132028,0.14125967871759115,0.13723231189561164,1.9714896221020644,0.4595959595959596,0.25252525252525254,0.20707070707070707,1.5830475270534212,2.3039795737110578,0.7209320466576365
1531,0.29338842975206614,0.12227210375358522,0.17111632599848092,2.3994715126790602,0.4797979797979798,0.20707070707070707,0.2727272727272727,1.542984840741713,2.436580512741862,0.893595672000149
1532,0.3881236608509336,0.16615509755240393,0.22196856329852965,2.335911847233713,0.5757575757575758,0.2617845117845118,0.313973063973064,1.3026189182698373,2.130123745764622,0.8275048274947845
1533,0.34496479951025405,0.12870001927240984,0.2162647802378442,2.680378771195772,0.5353535353535354,0.21212121212121213,0.3232323232323232,1.390629762784712,2.3591040256251397,0.9684742628404277
1534,0.3693500663197633,0.1374236189051004,0.2319264474146629,2.6876753011054277,0.5757575757575758,0.20707070707070707,0.36868686868686873,1.427425600071181,2.271092425627349,0.8436668255561679
1535,0.37230894806652387,0.13691913523563354,0.23538981283089033,2.7191885737942463,0.5757575757575758,0.19696969696969696,0.37878787878787884,1.364015304387288,2.2400176082919288,0.8760023039046407
1536,0.32098765432098764,0.13246380754798262,0.18852384677300502,2.423210235782447,0.5050505050505051,0.20202020202020202,0.3030303030303031,1.4456824811180893,2.3111586737052985,0.8654761925872092
1537,0.3496071829405163,0.12270998424197076,0.22689719869854552,2.849052463825021,0.5505050505050505,0.1919191919191919,0.35858585858585856,1.4402581694089032,2.42343832821516,0.9831801588062568
1538,0.3616977859402102,0.1296126245621195,0.23208516137809068,2.7906061401207034,0.5505050505050505,0.21212121212121213,0.33838383838383834,1.329648176192892,2.353648856618573,1.0240006804256812
1539,0.40666768697071726,0.10788298246210704,0.2987847045086102,3.7695258111125707,0.6111111111111112,0.19612794612794615,0.414983164983165,1.3060160380098087,2.528278966793644,1.2222629287838354
1540,0.42898683807774707,0.15916743189470461,0.26981940618304245,2.695192307692307,0.6313131313131313,0.25252525252525254,0.37878787878787873,1.280757184849923,2.150104841137207,0.8693476562872837
1541,0.36975818794000614,0.1439365597614756,0.22582162817853055,2.568896940101603,0.5707070707070707,0.19696969696969696,0.37373737373737376,1.360494734984103,2.1768491871124906,0.8163544521283876
1542,0.3462146719722477,0.13460502896529833,0.21160964300694937,2.5720782843968117,0.5404040404040404,0.20707070707070707,0.33333333333333337,1.384732754528255,2.252343186651961,0.8676104321237061
1543,0.3148658300173451,0.11210874173837136,0.2027570882789737,2.8085751845484874,0.51010101010101,0.17676767676767677,0.33333333333333326,1.4791673407128911,2.504446440053607,1.025279099340716
1544,0.37067646158555245,0.13364282556201748,0.23703363602353497,2.773635322560122,0.5656565656565656,0.2222222222222222,0.3434343434343434,1.3406098680634293,2.2689749051719006,0.9283650371084713
1545,0.38682277318640956,0.13496071829405165,0.2518620548923579,2.866187866187866,0.5909090909090909,0.20791245791245794,0.382996632996633,1.3707602024806123,2.3334181962706153,0.962657993790003
1546,0.39480665238240986,0.1462152388078314,0.24859141357457845,2.7001744524132576,0.5959595959595959,0.24242424242424243,0.3535353535353535,1.2992030968025108,2.2310717702576137,0.9318686734551029
1547,0.3276196306499336,0.11859617499348138,0.20902345565645222,2.7624805831043133,0.5303030303030303,0.16666666666666666,0.36363636363636365,1.5047178457706982,2.3800532485088848,0.8753354027381866
1548,0.31407509437812464,0.13420115861193302,0.17987393576619162,2.340330721632067,0.5,0.22727272727272727,0.2727272727272727,1.4237731301202698,2.342686246840989,0.9189131167207192
1549,0.335169880624426,0.14275187339160403,0.19241800723282196,2.347919313850063,0.51010101010101,0.18855218855218853,0.32154882154882153,1.3294706707364832,2.1919487298217284,0.8624780590852452
1550,0.36776859504132225,0.1334727748869163,0.23429582015440595,2.7553828513186387,0.5656565656565656,0.2222222222222222,0.3434343434343434,1.3329901493825853,2.2990179108308486,0.9660277614482633
1551,0.3614937251300887,0.11846580280923716,0.24302792232085155,3.0514605612574455,0.5656565656565656,0.20707070707070707,0.35858585858585856,1.425462746229738,2.4225053974485644,0.9970426512188264
1552,0.33616467707376796,0.13784024305909828,0.19832443401466968,2.438799218669682,0.51010101010101,0.20202020202020202,0.30808080808080807,1.36369813646961,2.270586120219885,0.906887983750275
1553,0.42424242424242425,0.14137021165640695,0.2828722125860173,3.0009322280249795,0.6262626262626263,0.23232323232323232,0.393939393939394,1.2656578175086413,2.240772751271719,0.9751149337630776
1554,0.3113202734414856,0.1097195297531998,0.2016007436882858,2.83741895487304,0.494949494949495,0.17845117845117847,0.3164983164983165,1.4664168549810093,2.459943578372831,0.9935267233918217
1555,0.3539434751555964,0.15347073427881508,0.2004727408767813,2.3062603878116343,0.5505050505050505,0.2777777777777778,0.2727272727272727,1.4098811789319408,2.2121037292933523,0.8022225503614115
1556,0.36358534843383333,0.12563910712058862,0.2379462413132447,2.8938867584028873,0.5555555555555556,0.2222222222222222,0.33333333333333337,1.3514235149681686,2.3841095869844953,1.0326860720163267
1557,0.355626976839098,0.12573121790293507,0.22989575893616293,2.8284699915469145,0.5454545454545454,0.21212121212121213,0.33333333333333326,1.3396901486517137,2.382189772286505,1.0424996236347912
1558,0.37521681461075407,0.14447505356596269,0.23074176104479138,2.5971045197740112,0.5707070707070707,0.25252525252525254,0.3181818181818182,1.315021821430106,2.2733347076545156,0.9583128862244097
1559,0.4172023262932354,0.1320032536362503,0.2851990726569851,3.1605457805069186,0.6212121212121212,0.20707070707070707,0.41414141414141414,1.3099002594189584,2.3246688753936104,1.014768615974652
1560,0.41386083052749717,0.13994887143035295,0.2739119590971442,2.9572287814658043,0.6161616161616161,0.25084175084175087,0.36531986531986527,1.28293936525092,2.2929388361219374,1.0099994708710174
1561,0.2944597490052035,0.13920348263782606,0.15525626636737744,2.1153188370388465,0.45454545454545453,0.23232323232323232,0.2222222222222222,1.4792306067577246,2.261985712898092,0.7827551061403673
1562,0.30272421181512094,0.14309764309764306,0.15962656871747788,2.115508021390375,0.4898989898989899,0.20707070707070707,0.2828282828282828,1.5091445682814533,2.237037698075452,0.7278931297939988
1563,0.34792368125701456,0.128388259701391,0.21953542155562356,2.709933774834437,0.5454545454545454,0.2037037037037037,0.3417508417508417,1.4143667572216565,2.353198187285622,0.9388314300639655
1564,0.33414957657381905,0.14098334637055177,0.1931662302032673,2.370135091669347,0.5252525252525253,0.22727272727272727,0.297979797979798,1.4130846585101708,2.271974108975309,0.8588894504651381
1565,0.33468523620038776,0.11651305422349192,0.21817218197689583,2.8725127706154225,0.5202020202020202,0.1734006734006734,0.34680134680134683,1.3826161572355244,2.365974925857233,0.9833587686217087
1566,0.32205897357412505,0.1327387228060629,0.18932025076806216,2.42626241059037,0.51010101010101,0.2213804713804714,0.28872053872053866,1.4301192533990128,2.318866732292788,0.8887474788937753
1567,0.39605652484440357,0.11690417077622464,0.27915235406817895,3.387873351435221,0.5959595959595959,0.18518518518518517,0.41077441077441074,1.3004049504368904,2.455809702674764,1.1554047522378736
1568,0.2986685032139577,0.11580450974390369,0.18286399347005403,2.579074889867841,0.47474747474747475,0.1717171717171717,0.30303030303030304,1.4490675452272583,2.4037683063080113,0.954700761080753
1569,0.3160901948780736,0.11802083687605575,0.19806935800201786,2.6782575284568457,0.4898989898989899,0.18181818181818182,0.30808080808080807,1.43927184770012,2.4245241935531703,0.9852523458530502
1570,0.35164779104173044,0.14262150120735978,0.20902628983437066,2.465601526171456,0.5353535353535354,0.22727272727272727,0.30808080808080807,1.351318549609236,2.263219971892767,0.9119014222835311
1571,0.38414447505356597,0.1307236223061139,0.2534208527474521,2.938600294857341,0.5858585858585859,0.19276094276094274,0.3930976430976431,1.346504575735752,2.354119718363369,1.007615142627617
1572,0.4185797367615549,0.14304662789511274,0.27553310886644217,2.9261768901569183,0.6161616161616161,0.23232323232323232,0.3838383838383838,1.2585654715936947,2.228282771862517,0.9697173002688224
1573,0.3961330476481992,0.13323895520865217,0.262894092439547,2.973102326026611,0.5858585858585859,0.20202020202020202,0.38383838383838387,1.2634097945066718,2.2735283308928858,1.010118536386214
1574,0.3788388939904092,0.12485687401512319,0.253982019975286,3.034185318018795,0.5808080808080808,0.20202020202020202,0.3787878787878788,1.326837756423505,2.3067546613832572,0.9799169049597523
1575,0.3855218855218856,0.14563139815665066,0.23989048736523494,2.6472442783745924,0.5757575757575758,0.19696969696969696,0.37878787878787884,1.281791930716554,2.174526317398258,0.8927343866817041
1576,0.279257218651158,0.14473012957861442,0.13452708907254357,1.9295029961226644,0.4292929292929293,0.21548821548821548,0.2138047138047138,1.4772588473671355,2.2787201731633586,0.8014613257962231
1577,0.374502601775329,0.14548402090489634,0.22901858087043267,2.574183745032338,0.5656565656565656,0.25757575757575757,0.30808080808080807,1.322287484823694,2.2131863856538407,0.8908989008301467
1578,0.4349046015712682,0.13875001417088959,0.2961545874003786,3.134447258762971,0.6313131313131313,0.2508417508417508,0.38047138047138046,1.2314814484926855,2.2835790061759385,1.052097557683253
1579,0.331700846852362,0.12957861442709928,0.20212223242526273,2.559842519685039,0.5151515151515151,0.20707070707070707,0.30808080808080807,1.4100012476194164,2.321966138664667,0.9119648910452507
1580,0.3008366493214978,0.1234312825221916,0.17740536679930619,2.437280429840876,0.494949494949495,0.2196969696969697,0.2752525252525253,1.5479639758849224,2.384718997351086,0.8367550214661637
1581,0.32455871849811246,0.11586261039122991,0.20869610810688255,2.801237753941366,0.5252525252525253,0.17592592592592593,0.3493265993265994,1.4807007624999096,2.3930415770323106,0.912340814532401
1582,0.3182328333843486,0.1103515514289925,0.2078812819553561,2.883809328128211,0.5202020202020202,0.1632996632996633,0.35690235690235694,1.5128992741446465,2.505759610956585,0.9928603368119386
1583,0.3767727782879298,0.12722341257694794,0.24954936571098188,2.9615050457795897,0.5808080808080808,0.2474747474747475,0.33333333333333326,1.3751653298911328,2.4066806066744935,1.0315152767833606
1584,0.41648811345781045,0.15379383056150733,0.26269428289630314,2.708093763821318,0.6060606060606061,0.20959595959595959,0.3964646464646465,1.2049661099602496,2.1315478073531713,0.9265816973929217
1585,0.3159371492704826,0.11782811277760774,0.19810903649287487,2.6813392986000864,0.5050505050505051,0.1919191919191919,0.31313131313131315,1.4649860275817201,2.418437251711973,0.9534512241302529
1586,0.31216202428323647,0.11817388248364677,0.1939881417995897,2.641548349961628,0.5050505050505051,0.1919191919191919,0.31313131313131315,1.4963235091590226,2.383620114815778,0.8872966056567553
1587,0.3299918375675952,0.1284491945266356,0.2015426430409596,2.569045596460841,0.5252525252525253,0.23232323232323232,0.292929292929293,1.4557031815296455,2.3779748135012837,0.9222716319716382
1588,0.33392000816243245,0.13491820562527632,0.19900180253715613,2.4749810940257126,0.5252525252525253,0.2281144781144781,0.2971380471380472,1.4419071480413082,2.3386509374938855,0.8967437894525774
1589,0.361238649117437,0.11774025326213877,0.24349839585529826,3.068098115205932,0.5555555555555556,0.20117845117845115,0.35437710437710446,1.3038695501937358,2.391627510943762,1.0877579607500263
1590,0.28124681154984194,0.11773175072838372,0.16351506082145822,2.3888781896966784,0.4595959595959596,0.21212121212121213,0.2474747474747475,1.5624893894632417,2.5054345941012013,0.9429452046379596
1591,0.3578206305479032,0.11710539740842771,0.2407152331394755,3.0555434545850573,0.5606060606060606,0.1994949494949495,0.36111111111111105,1.4141520136264818,2.444495514733125,1.030343501106643
1592,0.29912764003673104,0.11521500073688626,0.18391263929984478,2.5962560267637516,0.494949494949495,0.19528619528619529,0.2996632996632997,1.5494006727810485,2.4080328846163765,0.858632211835328
1593,0.3305274971941639,0.1085419288281241,0.2219855683660398,3.0451596057183896,0.5252525252525253,0.18097643097643099,0.3442760942760943,1.4402389338295882,2.500572566359282,1.060333632529694
1594,0.44452096724824,0.1368624516772665,0.30765851557097346,3.2479395319942017,0.6414141414141414,0.2222222222222222,0.4191919191919192,1.2089836853620997,2.2671935650109813,1.0582098796488817
1595,0.3312927252321192,0.12849595846228842,0.2027967667698308,2.578234593497729,0.5151515151515151,0.18181818181818182,0.3333333333333333,1.4417843202312721,2.3440808905664725,0.9022965703352004
1596,0.3757269666360576,0.1339319117096895,0.2417950549263681,2.805358049771458,0.5757575757575758,0.23232323232323232,0.3434343434343435,1.350350860148599,2.259679654846567,0.909328794697968
1597,0.2897153351698806,0.12728293031323334,0.16243240485664723,2.276152304609218,0.45454545454545453,0.20707070707070707,0.24747474747474746,1.4794310122593353,2.3602115576544556,0.8807805453951203
1598,0.44485256606468726,0.1576879910213244,0.2871645750433629,2.82109349725008,0.6414141414141414,0.24242424242424243,0.398989898989899,1.2211833225312643,2.137617952852776,0.9164346303215116
1599,0.39348025711662066,0.1306329286127266,0.26284732850389403,3.012106222337932,0.5959595959595959,0.20202020202020202,0.3939393939393939,1.3179991546757066,2.3292242493412165,1.01122509466551
1600,0.3180287725742272,0.13213504290945366,0.18589372966477352,2.4068465531294247,0.5050505050505051,0.20202020202020202,0.3030303030303031,1.4215265348853794,2.264198311108978,0.8426717762235987
1601,0.4566370778491991,0.13502590438617376,0.32161117346302537,3.381847949288443,0.6565656565656566,0.22390572390572389,0.4326599326599327,1.197797587698315,2.2613974800981027,1.0635998923997878
1602,0.3947556371798796,0.12794045959029124,0.2668151775895884,3.0854636480439503,0.601010101010101,0.22727272727272727,0.3737373737373737,1.3548343786740042,2.3591516146713967,1.0043172359973924
1603,0.32955820834608723,0.13150018705574262,0.1980580212903446,2.5061425061425067,0.5252525252525253,0.23232323232323232,0.292929292929293,1.4230987907598618,2.2881505614500157,0.8650517706901539
1604,0.3199163350678503,0.11738031266650796,0.20253602240134233,2.7254684180027047,0.5050505050505051,0.21717171717171718,0.2878787878787879,1.4499364383703526,2.4425767249776547,0.9926402866073021
1605,0.32614018977655346,0.12281768300286819,0.20332250677368527,2.655482352398205,0.5202020202020202,0.2222222222222222,0.297979797979798,1.466760184573939,2.4544620147588767,0.9877018301849376
1606,0.40350474441383527,0.16767421691664117,0.2358305274971941,2.4064805659085717,0.601010101010101,0.22811447811447813,0.37289562289562284,1.2819125214640446,2.0585096592328616,0.776597137768817
1607,0.3440210182634425,0.13628002811504494,0.20774099014839756,2.5243685595150205,0.5353535353535354,0.21296296296296294,0.32239057239057245,1.3715222922504895,2.2679572578658815,0.896434965615392
1608,0.32733904703601674,0.1488028432472877,0.17853620378872903,2.199817153305525,0.5050505050505051,0.25757575757575757,0.24747474747474751,1.3941999824635007,2.240077949049922,0.8458779665864213
1609,0.31800326497296194,0.14929599020508108,0.16870727476788086,2.1300187937809674,0.5151515151515151,0.23905723905723902,0.2760942760942761,1.4907461552395969,2.2313796896302307,0.7406335343906338
1610,0.3339455157636976,0.13962860932557902,0.19431690643811855,2.391669711362806,0.5353535353535354,0.2222222222222222,0.31313131313131315,1.4719865285045195,2.236966398391,0.7649798698864805
1611,0.3106315682073258,0.12985069550726117,0.18078087270006463,2.392221058145626,0.5,0.21212121212121213,0.28787878787878785,1.519655221067117,2.3628776068718205,0.8432223858047034
1612,0.31359044995408636,0.12009262093437179,0.19349782901971457,2.611238288532792,0.494949494949495,0.2239057239057239,0.2710437710437711,1.4663921332503025,2.451873449861009,0.9854813166107064
1613,0.3228497092133456,0.13856012425035996,0.18428958496298564,2.330033340833316,0.5050505050505051,0.20707070707070707,0.297979797979798,1.4206509181858262,2.272059881805176,0.8514089636193498
1614,0.39572492602795634,0.1457518507181807,0.24997307530977564,2.7150593565574166,0.5909090909090909,0.25252525252525254,0.3383838383838384,1.3070363754268288,2.2137299407462567,0.9066935653194279
1615,0.3153759820426486,0.11832125973540114,0.19705472230724747,2.6654210980166706,0.4898989898989899,0.19696969696969696,0.29292929292929293,1.4121990857410691,2.4127270938247194,1.0005280080836503
1616,0.3762881338638914,0.14072118491310415,0.23556694895078728,2.6739977644179924,0.5808080808080808,0.2222222222222222,0.35858585858585856,1.3917890528467975,2.222624927332941,0.8308358744861433
1617,0.3093561881440669,0.12431554603271774,0.18504064211134916,2.4884754804732916,0.4898989898989899,0.22306397306397305,0.26683501683501687,1.4264549880717916,2.4162376717572593,0.9897826836854677
1618,0.32511988572594624,0.15507204480268452,0.17004784092326172,2.09657315178653,0.51010101010101,0.25252525252525254,0.2575757575757575,1.4563978732549303,2.1767906602894502,0.7203927870345199
1619,0.28119579634731157,0.12036753619245202,0.16082826015485954,2.3361431598775613,0.4696969696969697,0.18518518518518517,0.28451178451178455,1.585218619083848,2.393983297445255,0.8087646783614071
1620,0.2789001122334456,0.12307417610447915,0.15582593612896642,2.2661139896373053,0.4595959595959596,0.20707070707070707,0.25252525252525254,1.5383019951765144,2.414574529586473,0.8762725344099584
1621,0.3404244464850525,0.13632962622861614,0.20409482025643635,2.4970687289509788,0.5353535353535354,0.18350168350168353,0.35185185185185186,1.4410208934609376,2.271642286371904,0.8306213929109663
1622,0.38006325885113773,0.14322234692605063,0.2368409119250871,2.653658922705506,0.5707070707070707,0.22727272727272727,0.3434343434343434,1.2523218051221394,2.2464499689811928,0.9941281638590533
1623,0.33343536373839405,0.14030597784806537,0.1931293858903287,2.376487223512777,0.5353535353535354,0.23232323232323232,0.30303030303030304,1.484056854457714,2.2927278891338605,0.8086710346761465
1624,0.35340781552902767,0.13228808851704477,0.2211197270119829,2.6715014140029134,0.5555555555555556,0.21717171717171718,0.3383838383838384,1.4208893356611534,2.280078231070116,0.8591888954089626
1625,0.27267625752474234,0.12157064471879286,0.15110561280594947,2.242944899695765,0.4494949494949495,0.18181818181818182,0.2676767676767677,1.5948371799443952,2.3860989520332283,0.7912617720888331
1626,0.34771962044689314,0.1321690530444739,0.21555056740241924,2.63087018055496,0.5454545454545454,0.20202020202020202,0.3434343434343434,1.4170045542283904,2.284912064401788,0.8679075101733977
1627,0.33955718804203655,0.14253647586980922,0.19702071217222733,2.382247673586256,0.5303030303030303,0.21717171717171718,0.3131313131313131,1.380822093223017,2.189938749621758,0.8091166563987411
1628,0.3649627589021528,0.12761736330759899,0.2373453955945538,2.859820556098428,0.5656565656565656,0.22727272727272727,0.33838383838383834,1.4029922522706044,2.3633642015646505,0.9603719492940461
1629,0.3450158147127844,0.12599621353830107,0.21901960117448335,2.738303041209286,0.5454545454545454,0.22727272727272727,0.3181818181818181,1.4305866242474397,2.397149591048489,0.9665629668010494
1630,0.3471584532190593,0.12878504460996046,0.21837340860909885,2.6956426056338025,0.5404040404040404,0.1952861952861953,0.34511784511784516,1.4071958888533591,2.3018694831354467,0.8946735942820876
1631,0.4344964799510254,0.1398893536940675,0.29460712625695795,3.1060010535272906,0.6262626262626263,0.23232323232323232,0.393939393939394,1.189309482270044,2.2380534574204356,1.0487439751503915
1632,0.3450668299153148,0.13190264032014873,0.21316418959516606,2.6160721959604647,0.5404040404040404,0.19360269360269358,0.3468013468013469,1.3943043530486627,2.3029730432699917,0.908668690221329
1633,0.3376441179471482,0.12298631658901019,0.21465780135813803,2.7453795455592935,0.5353535353535354,0.22727272727272727,0.30808080808080807,1.4408059157688087,2.418721863154839,0.9779159473860302
1634,0.31598816447301287,0.11725560883810043,0.19873255563491243,2.694866093009764,0.51010101010101,0.18686868686868688,0.3232323232323232,1.4828250698527352,2.4484316949659446,0.9656066251132094
1635,0.348127742067136,0.1163274155698398,0.23180032649729618,2.992654314219932,0.5454545454545454,0.20202020202020202,0.3434343434343434,1.407720080835664,2.4488548977820885,1.0411348169464245
1636,0.33164983164983164,0.12180729857497535,0.20984253307485629,2.72274186793243,0.5303030303030303,0.17508417508417506,0.3552188552188552,1.4426661818895865,2.3612851327709334,0.9186189508813469
1637,0.37817569635751463,0.14862995839426818,0.22954573796324645,2.544410968307845,0.5757575757575758,0.24242424242424243,0.33333333333333337,1.3465726071484658,2.2392736501092827,0.8927010429608169
1638,0.39396490154065905,0.13178643902549628,0.26217846251516275,2.9894191272930595,0.5959595959595959,0.2222222222222222,0.3737373737373737,1.3036839362287664,2.366067064456029,1.0623831282272627
1639,0.30601469237832873,0.14299561269258243,0.1630190796857463,2.1400285408490896,0.48484848484848486,0.21212121212121213,0.2727272727272727,1.4508394620520186,2.2680111494353947,0.8171716873833761
1640,0.3200693806754413,0.13823419378974933,0.18183518688569195,2.3154139500553574,0.4797979797979798,0.20707070707070707,0.2727272727272727,1.3964629513753488,2.2465250519570237,0.8500621005816749
1641,0.3416743189470462,0.1413602920336927,0.20031402691335348,2.4170459329951677,0.5303030303030303,0.2398989898989899,0.2904040404040404,1.402404265780501,2.2890816617128964,0.8866773959323955
1642,0.4513314967860423,0.15053736013331973,0.3007941366527226,2.998136119740187,0.6414141414141414,0.2676767676767677,0.37373737373737376,1.1366494805320282,2.227707590871277,1.0910581103392487
1643,0.3982501785532088,0.13321486469634616,0.26503531385686263,2.9895325830266155,0.601010101010101,0.23232323232323232,0.3686868686868687,1.3470498685011916,2.3016931060846364,0.9546432375834448
1644,0.3128762371186613,0.12056309446881835,0.19231314264984295,2.595124474012083,0.51010101010101,0.19696969696969696,0.3131313131313131,1.5182675185595813,2.398755360061981,0.8804878415023998
1645,0.41587593102744624,0.13655777755104354,0.2793181534764027,3.0454210553624246,0.6111111111111112,0.21717171717171718,0.393939393939394,1.260167347419297,2.294713505609531,1.034546158190234
1646,0.3656769717375778,0.13311566846920384,0.23256130326837396,2.7470618293306077,0.5505050505050505,0.23232323232323232,0.3181818181818182,1.2894022706894008,2.3420906787707114,1.0526884080813106
1647,0.3171615141312112,0.140631908308676,0.17652960582253518,2.2552599758162035,0.5050505050505051,0.24242424242424243,0.26262626262626265,1.4613093728426048,2.299861590802267,0.8385522179596623
1648,0.26066217732884395,0.12825221916131008,0.13240995816753387,2.0324184566428,0.41414141414141414,0.19696969696969696,0.21717171717171718,1.572011877033014,2.3451322834252712,0.7731204063922572
1649,0.3462911947760432,0.14605652484440362,0.20023466993163958,2.370939573873559,0.5303030303030303,0.2222222222222222,0.30808080808080807,1.3224407382758414,2.186879080981203,0.8644383427053615
1650,0.3148148148148148,0.11360660476822093,0.2012082100465939,2.7710960595741496,0.5151515151515151,0.1919191919191919,0.3232323232323232,1.5164480305768246,2.4714612568676784,0.9550132262908537
1651,0.3131313131313131,0.13533199560135586,0.17779931752995723,2.313801047120419,0.51010101010101,0.20707070707070707,0.303030303030303,1.4846978055237912,2.284413671482596,0.7997158659588048
1652,0.321625344352617,0.14832386717908605,0.17330147717353098,2.1683991286735194,0.4898989898989899,0.25252525252525254,0.23737373737373735,1.445885054103421,2.1769314584794297,0.7310464043760088
1653,0.2762983369043976,0.10682725118752057,0.16947108571687702,2.5864031305962727,0.4696969696969697,0.1691919191919192,0.3005050505050505,1.6422989457266723,2.514264568026835,0.8719656223001628
1654,0.38797061524334253,0.1421921232527293,0.24577849199061322,2.728495829222352,0.5858585858585859,0.21717171717171718,0.3686868686868687,1.3182783489958734,2.274587140342316,0.9563087913464425
1655,0.29956126925823895,0.12917616116269315,0.1703851080955458,2.3190135591732854,0.45454545454545453,0.2222222222222222,0.23232323232323232,1.4416926977655993,2.368872329167769,0.9271796314021699
1656,0.34460769309254163,0.1287581199197361,0.21584957317280554,2.6763958133852808,0.5505050505050505,0.21717171717171718,0.3333333333333333,1.4732756412565189,2.3207113295546735,0.8474356882981546
1657,0.2914243444546475,0.12673876815290958,0.1646855763017379,2.299409633704548,0.4797979797979798,0.20286195286195288,0.2769360269360269,1.550912649292549,2.384639077907712,0.8337264286151629
1658,0.34425058667482916,0.12135949846387556,0.2228910882109536,2.836618402615601,0.5404040404040404,0.1877104377104377,0.3526936026936027,1.4032709711977396,2.365520083793221,0.9622491125954813
1659,0.3516477910417304,0.130331088664422,0.22131670237730838,2.6981113611899397,0.5303030303030303,0.1994949494949495,0.3308080808080808,1.3488245522368087,2.3067157611527453,0.9578912089159366
1660,0.32871645750433637,0.1311515831717852,0.19756487433255115,2.506385737439222,0.5252525252525253,0.24242424242424243,0.2828282828282829,1.4744213375049124,2.3552970432073006,0.8808757057023882
1661,0.27305887154372005,0.1314888503440692,0.14157002119965084,2.076669396904772,0.4292929292929293,0.2079124579124579,0.22138047138047137,1.5103883798556605,2.318245841786691,0.8078574619310306
1662,0.33626670747882875,0.12615634459068803,0.21011036288814072,2.6654759898904805,0.5252525252525253,0.22727272727272727,0.297979797979798,1.3771278223601753,2.4209078630398353,1.04378004067966
1663,0.30512192633404756,0.11245734562232879,0.19266458071171877,2.7132236195468638,0.48484848484848486,0.16666666666666666,0.31818181818181823,1.452008591706047,2.3678407569442923,0.9158321652382453
1664,0.30369350066319767,0.14338106088947838,0.16031243977371928,2.1180865783751734,0.494949494949495,0.23737373737373738,0.25757575757575757,1.5184410473911347,2.231171152927489,0.7127301055363544
1665,0.3536118763391491,0.12245065696244148,0.2311612193767076,2.8877907649577597,0.5555555555555556,0.21212121212121213,0.3434343434343434,1.4141777285121768,2.4209697402281396,1.0067920117159628
1666,0.2874706662585451,0.10068133637157205,0.18678932988697305,2.855252786848329,0.4696969696969697,0.17087542087542085,0.2988215488215489,1.4990301481033046,2.5623639298136145,1.06333378171031
1667,0.41531476379961224,0.12020882222902424,0.295105941570588,3.454944122223794,0.6161616161616161,0.2222222222222222,0.3939393939393939,1.2708624653054215,2.470686453029872,1.1998239877244505
1668,0.40432098765432106,0.12849029010645172,0.2758306975478694,3.1467046056114354,0.6060606060606061,0.20875420875420872,0.3973063973063974,1.3291649410055433,2.3619539488790955,1.0327890078735522
1669,0.24755127027854304,0.10204741012821822,0.14550386015032482,2.425845692384603,0.42424242424242425,0.164983164983165,0.25925925925925924,1.6967767567051952,2.564323739236576,0.8675469825313806
1670,0.42153861850831553,0.13644015916743188,0.2850984593408836,3.0895494484950468,0.6262626262626263,0.23232323232323232,0.393939393939394,1.290199140397383,2.2792561105218323,0.9890569701244494
1671,0.3260381593714928,0.13165039848541532,0.19438776088607745,2.4765451766377478,0.5252525252525253,0.2222222222222222,0.3030303030303031,1.482231479194029,2.373348109353039,0.8911166301590101
1672,0.37914498520559126,0.13962860932557902,0.23951637588001223,2.715381804895871,0.5808080808080808,0.25252525252525254,0.32828282828282823,1.3256470371993936,2.31172835235333,0.9860813151539365
1673,0.3562901744719926,0.12370619778027185,0.23258397669172076,2.880131964809384,0.5505050505050505,0.1919191919191919,0.35858585858585856,1.3844906784757998,2.3378733525361346,0.9533826740603348
1674,0.3330017345168861,0.13903059778480653,0.19397113673207955,2.395168688207115,0.5252525252525253,0.2062289562289562,0.3190235690235691,1.4143808314635753,2.250027983232661,0.8356471517690855
1675,0.2687480869299051,0.11260472287408314,0.15614336405582196,2.38665022274798,0.4494949494949495,0.15993265993265993,0.2895622895622896,1.6195747000525014,2.4637411934028832,0.8441664933503819
1676,0.32639526578920514,0.12834007867677905,0.1980551871124261,2.5432060596691906,0.5303030303030303,0.21212121212121213,0.3181818181818181,1.5133607153008126,2.372297905148546,0.8589371898477334
1677,0.36687582899704113,0.15193460984706775,0.21494121914997338,2.414695567825698,0.5606060606060606,0.2676767676767677,0.2929292929292929,1.3316986759040474,2.1754549365189506,0.8437562606149032
1678,0.3413937353331293,0.09637338593567552,0.24502034939745376,3.5424067756734496,0.5353535353535354,0.14983164983164984,0.3855218855218855,1.4253776658882156,2.602394467972762,1.1770168020845466
1679,0.28752168146107543,0.11033454636148236,0.17718713509959305,2.605908040071925,0.47474747474747475,0.19696969696969696,0.2777777777777778,1.5485046875565127,2.5024163464197264,0.9539116588632137
1680,0.30537700234669934,0.12559942862973167,0.17977757371696768,2.4313566206336312,0.47474747474747475,0.20538720538720537,0.26936026936026936,1.4480060847322533,2.360028452710342,0.9120223679780886
1681,0.4100091827364555,0.14668004398644133,0.2633291387500142,2.7952622019554036,0.6111111111111112,0.2878787878787879,0.32323232323232326,1.3120713196166776,2.3392156217256144,1.0271443021089368
1682,0.3452198755229058,0.13929417633121338,0.2059256991916924,2.4783511027915677,0.5353535353535354,0.25925925925925924,0.2760942760942761,1.424823367088021,2.3117456058456374,0.8869222387576163
1683,0.4116416692174268,0.14783638857712933,0.26380528064029746,2.7844407806449136,0.6161616161616161,0.25757575757575757,0.35858585858585856,1.2945426565434892,2.2487509478298313,0.9542082912863421
1684,0.3583307825732069,0.10290758312643836,0.2554231994467685,3.4820639226648678,0.5555555555555556,0.16161616161616163,0.3939393939393939,1.3564135718092403,2.568424034974168,1.2120104631649276
1685,0.39075094378124675,0.11941525241188541,0.2713356913693613,3.2722029714719696,0.5959595959595959,0.19023569023569026,0.40572390572390565,1.3714535364505076,2.443407418674499,1.0719538822239916
1686,0.41607999183756766,0.13513927150290786,0.2809407203346598,3.0788976972442437,0.6111111111111112,0.22727272727272727,0.38383838383838387,1.2552577282019026,2.312747767271186,1.0574900390692834
1687,0.3594276094276093,0.1770652654491038,0.1823623439785055,2.0299159663865542,0.5606060606060606,0.30808080808080807,0.2525252525252525,1.3947408318301153,2.01278628284518,0.6180454510150646
1688,0.34695439240893783,0.13067260710358355,0.21628178530535427,2.6551424977226383,0.5454545454545454,0.24242424242424243,0.303030303030303,1.405699421668028,2.340333792926108,0.93463437125808
1689,0.3296602387511479,0.12247616456370666,0.20718407418744125,2.6916277132410795,0.5252525252525253,0.18686868686868688,0.33838383838383845,1.4563532907491288,2.3576756605646154,0.9013223698154866
1690,0.3125701459034792,0.11678513530365382,0.1957850105998254,2.6764548852108914,0.4898989898989899,0.17676767676767677,0.31313131313131315,1.4467894732506976,2.44136816087334,0.9945786876226426
1691,0.30644832159983676,0.1255484134272013,0.18089990817263546,2.4408776919951243,0.494949494949495,0.1919191919191919,0.3030303030303031,1.503500171801914,2.3658908723604477,0.8623907005585336
1692,0.30859096010611164,0.12087768821775557,0.18771327188835607,2.5529191090269636,0.4898989898989899,0.18686868686868688,0.303030303030303,1.4730664750615223,2.3842783804175878,0.9112119053560654
1693,0.3177736965615754,0.14189028330442469,0.1758834132571507,2.239573346116971,0.494949494949495,0.20875420875420872,0.2861952861952862,1.459894819720033,2.18962353100185,0.7297287112818172
1694,0.27604326089174575,0.1106236325091544,0.16541962838259133,2.4953371592539453,0.4444444444444444,0.1717171717171717,0.2727272727272727,1.501971286099345,2.4318161365577455,0.9298448504584005
1695,0.38205285174982145,0.1268322960242152,0.25522055572560626,3.012267882281961,0.5757575757575758,0.21632996632996632,0.3594276094276095,1.2875690916169422,2.2936141515638515,1.0060450599469093
1696,0.3204519946944188,0.11844029520797199,0.20201169948644682,2.7055994256999267,0.51010101010101,0.19696969696969696,0.3131313131313131,1.4886915644229253,2.442676783870262,0.9539852194473368
1697,0.39868380777471685,0.11829716922309515,0.2803866385516217,3.3701889097856945,0.601010101010101,0.20707070707070707,0.3939393939393939,1.2838974062530777,2.443753909188326,1.1598565029352483
1698,0.3568003264972962,0.11910065866294822,0.23769966783434798,2.9957880208457275,0.5555555555555556,0.18181818181818182,0.37373737373737376,1.414470499071639,2.3843250001425,0.9698545010708608
1699,0.36526885011733495,0.12702785430058156,0.2382409958167534,2.8755020080321287,0.5656565656565656,0.2474747474747475,0.3181818181818181,1.3568954594776776,2.392153639206838,1.0352581797291605
1700,0.28601673298643,0.13290593930324573,0.15311079368318425,2.152023713054975,0.4696969696969697,0.26262626262626265,0.20707070707070707,1.5248883184978435,2.367842233554054,0.8429539150562104
1701,0.3275176002448729,0.13616099264247414,0.19135660760239878,2.405370245095488,0.5151515151515151,0.21212121212121213,0.303030303030303,1.445251528703526,2.2816560046236973,0.8364044759201714
1702,0.3941434547495153,0.15689442120418554,0.23724903354532975,2.51215723111384,0.601010101010101,0.25252525252525254,0.34848484848484845,1.3557175849468575,2.133206302880638,0.7774887179337804
1703,0.35009182736455463,0.12501983924542848,0.22507198811912615,2.800290173764211,0.5353535353535354,0.20202020202020202,0.33333333333333337,1.3839296333294386,2.318791821369861,0.9348621880404224
1704,0.3434853586368738,0.12810767608747406,0.21537768254939973,2.6812238667286126,0.5252525252525253,0.20202020202020202,0.3232323232323233,1.3273106062809357,2.2968576231084414,0.9695470168275058
1705,0.2882869094990307,0.12329807616002901,0.16498883333900166,2.338129827142332,0.4494949494949495,0.23232323232323232,0.21717171717171718,1.4652825890896541,2.432781992792627,0.9674994037029729
1706,0.3560861136618712,0.1408118786064914,0.21527423505537982,2.5288073505288478,0.5505050505050505,0.23232323232323232,0.3181818181818182,1.372105361706708,2.267272183875977,0.8951668221692688
1707,0.38837873686358537,0.15529877903615275,0.23307995782743263,2.5008486175745968,0.5909090909090909,0.25252525252525254,0.3383838383838384,1.3199882864204648,2.1745974059911886,0.8546091195707237
1708,0.3396592184470971,0.1265913909011552,0.21306782754594192,2.683114673353333,0.5303030303030303,0.21212121212121213,0.3181818181818181,1.4038166912258483,2.327125519277589,0.9233088280517407
1709,0.33695541271298846,0.13153986554659955,0.2054155471663889,2.5616219943118157,0.5353535353535354,0.21464646464646464,0.3207070707070707,1.4228041628566181,2.2946075562340895,0.8718033933774714
1710,0.3349658198143046,0.11426838531215633,0.2206974345021483,2.9313954065181806,0.5353535353535354,0.16666666666666666,0.36868686868686873,1.4762238677350286,2.4442360528837823,0.9680121851487538
1711,0.3915926946229976,0.14000838916663835,0.25158430545635924,2.796923076923076,0.5858585858585859,0.25252525252525254,0.3333333333333333,1.2625384567688616,2.250857735127758,0.9883192783588965
1712,0.36236098357310476,0.12906279404595902,0.23329818952714573,2.8076331854714742,0.5656565656565656,0.23737373737373738,0.3282828282828283,1.4156541512987477,2.3994088657115213,0.9837547144127736
1713,0.3219569431690643,0.14893604960945026,0.17302089355961406,2.161712654614653,0.51010101010101,0.22727272727272727,0.28282828282828276,1.3798882665989292,2.2066379310836397,0.8267496644847105
1714,0.3354249566370779,0.15401489643913885,0.18141006019793904,2.177873468035774,0.5252525252525253,0.29797979797979796,0.22727272727272735,1.378873049438022,2.2319641868299227,0.8530911373919008
1715,0.3474645444342414,0.13544252854017164,0.21202201589406977,2.5654020799765638,0.5404040404040404,0.2222222222222222,0.31818181818181823,1.3614724998803556,2.2836448747463636,0.922172374866008
1716,0.41898785838179775,0.11699911573648947,0.3019887426453083,3.5811198720976707,0.6161616161616161,0.17087542087542085,0.4452861952861953,1.264339642367442,2.349611710030502,1.0852720676630598
1717,0.37702785430058167,0.1330816583341836,0.24394619596639808,2.8330564784053163,0.5757575757575758,0.24074074074074073,0.3350168350168351,1.3106030149233119,2.3292658568605624,1.0186628419372505
1718,0.49168452198755236,0.15838378170028,0.33330074028727236,3.1043868046919045,0.6767676767676768,0.23737373737373738,0.43939393939393945,1.096707218117389,2.1547747146698497,1.0580674965524608
1719,0.3675135190286705,0.1456228956228956,0.22189062340577492,2.5237344543702926,0.5656565656565656,0.22474747474747472,0.34090909090909094,1.4051225956248865,2.1715172673636625,0.766394671738776
1720,0.340781552902765,0.11218243036424853,0.2285991225385165,3.037744429286039,0.5505050505050505,0.18181818181818182,0.3686868686868687,1.5109785748790536,2.454048094954808,0.9430695200757542
1721,0.3477196204468932,0.14482649162783842,0.20289312881905477,2.400939334637965,0.5404040404040404,0.23737373737373738,0.3030303030303031,1.3848583940695494,2.2268869357333845,0.8420285416638351
1722,0.32853790429548013,0.13590733371878153,0.1926305705766986,2.417367005192585,0.5202020202020202,0.23737373737373738,0.2828282828282829,1.4557363057466373,2.300213178756368,0.844476873009731
1723,0.3628711355984083,0.16049949551633053,0.20237164008207775,2.26088645594208,0.5505050505050505,0.25757575757575757,0.29292929292929293,1.3206290974292834,2.095272351513596,0.7746432540843127
1724,0.33573104785226004,0.11420886757587095,0.2215221802763891,2.9396232970196294,0.5252525252525253,0.1717171717171717,0.3535353535353536,1.3507699016241115,2.3882531568082253,1.0374832551841138
1725,0.35975920824405666,0.1646260585654525,0.19513314967860415,2.185311434769135,0.5454545454545454,0.26262626262626265,0.28282828282828276,1.3344856345927587,2.0911305929817163,0.7566449583889576
1726,0.34782165085195393,0.13165323266333367,0.21616841818862026,2.641952983725136,0.5404040404040404,0.22727272727272727,0.31313131313131315,1.3648664556874066,2.355420138846785,0.9905536831593782
1727,0.28405264768901134,0.11815687741613669,0.16589577027287467,2.4040297433437274,0.4595959595959596,0.18181818181818182,0.2777777777777778,1.552979669442033,2.4325927245766157,0.8796130551345827
1728,0.4084787266605448,0.13952091056468158,0.2689578160958632,2.927724059478346,0.601010101010101,0.23232323232323232,0.3686868686868687,1.2345738715367462,2.239033579673752,1.004459708137006
1729,0.3933272115090296,0.14763516194492624,0.24569204956410337,2.664183832139909,0.5959595959595959,0.2727272727272727,0.3232323232323232,1.3124790945404325,2.291474336026911,0.9789952414864787
1730,0.3192021222324252,0.14486333594077705,0.17433878629164817,2.2034707412986902,0.5,0.27525252525252525,0.22474747474747475,1.4129851948445493,2.261386412053423,0.8484012172088735
1731,0.337465564738292,0.13656769717375777,0.2008978675645342,2.4710496824803885,0.51010101010101,0.1919191919191919,0.3181818181818181,1.3953807931813285,2.20038643615057,0.8050056429692414
1732,0.3141516171819203,0.1349692208278067,0.1791823963541136,2.3275796900592165,0.5050505050505051,0.2222222222222222,0.2828282828282829,1.4727429436705115,2.2815034612428513,0.8087605175723398
1733,0.36088154269972444,0.12213464612454511,0.23874689657517933,2.954784364231264,0.5656565656565656,0.2222222222222222,0.3434343434343434,1.402934835278932,2.3761620790837283,0.9732272438047964
1734,0.28180797877767577,0.1243183802106361,0.15748959856703967,2.2668247309866865,0.4696969696969697,0.19023569023569026,0.27946127946127947,1.5956550478621894,2.385648773770854,0.7899937259086645
1735,0.37335475971839605,0.12154513711752768,0.25180962260086837,3.0717375336652246,0.5656565656565656,0.19696969696969696,0.3686868686868687,1.3600337199515342,2.371034238756276,1.0110005188047417
1736,0.32086011631466177,0.12771089117890466,0.1931492251357571,2.5123943099354205,0.5151515151515151,0.17003367003367,0.34511784511784516,1.4660521547536942,2.343056547229404,0.8770043924757096
1737,0.29792878277726764,0.11545590585994628,0.18247287691732136,2.58045511451506,0.48484848484848486,0.17676767676767677,0.30808080808080807,1.5155651173045774,2.444620486287165,0.9290553689825878
1738,0.3492500765228037,0.1386876622566858,0.2105624142661179,2.5182490701761555,0.5454545454545454,0.19360269360269358,0.35185185185185186,1.4070303001252138,2.2556500164744984,0.8486197163492846
1739,0.3308846036118763,0.1291364826718362,0.20174812094004013,2.5622860152752174,0.5303030303030303,0.24242424242424243,0.28787878787878785,1.4415965676274547,2.395595748952279,0.9539991813248243
1740,0.37531884501581464,0.13493521069278647,0.24038363432302817,2.781474480151228,0.5656565656565656,0.22727272727272727,0.33838383838383834,1.3088857326829428,2.3154971689874024,1.0066114363044596
1741,0.34580655035200486,0.1384524254894625,0.20735412486254237,2.4976561380524456,0.5353535353535354,0.22558922558922553,0.3097643097643098,1.3777400616444828,2.2778184793357057,0.9000784176912229
1742,0.33108866442199775,0.11793864571642347,0.21315001870557426,2.8072957969865193,0.5353535353535354,0.1675084175084175,0.36784511784511786,1.5106812458515668,2.4152104686771616,0.9045292228255948
1743,0.36738598102234454,0.14644055595234048,0.22094542507000406,2.508772099594537,0.5606060606060606,0.25252525252525254,0.308080808080808,1.348053868749166,2.2516547283156303,0.9036008595664642
1744,0.3325170900928477,0.1275805189946604,0.20493657109818728,2.6063312229256916,0.5202020202020202,0.1675084175084175,0.3526936026936027,1.4214288228905683,2.280401507377027,0.8589726844864587
1745,0.30680542801754923,0.13006042467321927,0.17674500334432997,2.3589453039877974,0.4898989898989899,0.22727272727272727,0.26262626262626265,1.5097806467322306,2.399318112480566,0.8895374657483353
1746,0.3123150698908274,0.09380562074164767,0.21850944914917975,3.3293854613571816,0.51010101010101,0.18181818181818182,0.32828282828282823,1.5010222227061676,2.668801884767324,1.1677796620611565
1747,0.35093357820630555,0.1195796347311499,0.23135394347515564,2.934726962457338,0.5555555555555556,0.21212121212121213,0.3434343434343434,1.445906324242187,2.372086269418082,0.926179945175895
1748,0.35238751147842057,0.12663106939201216,0.2257564420864084,2.7827887197851386,0.5454545454545454,0.21212121212121213,0.33333333333333326,1.3720746358836393,2.451653347684088,1.0795787118004487
1749,0.25655545352515047,0.10202757088278974,0.15452788264236073,2.514569849162476,0.41919191919191917,0.17087542087542085,0.24831649831649832,1.5926004685585324,2.5643990379605315,0.971798569401999
1750,0.3354759718396081,0.1416267047580179,0.1938492670815902,2.3687338656420716,0.51010101010101,0.23737373737373738,0.2727272727272727,1.3540501762900081,2.3094586449381613,0.9554084686481532
1751,0.30491786552392613,0.15238240995816757,0.15253545556575857,2.0010043521928353,0.4696969696969697,0.2777777777777778,0.19191919191919193,1.4378913039014778,2.244199828150453,0.8063085242489754
1752,0.3461126415671871,0.12515729687446858,0.2209553446927185,2.7654211956521744,0.5505050505050505,0.22727272727272727,0.3232323232323232,1.4393053293786722,2.392825561156044,0.9535202317773719
1753,0.2863483318028773,0.13341892550646758,0.1529294062964097,2.1462347318109405,0.46464646464646464,0.1919191919191919,0.2727272727272727,1.5270609570943199,2.242170637006652,0.7151096799123322
1754,0.3769003162942558,0.13573870013263956,0.24116161616161624,2.776660715963544,0.5707070707070707,0.26262626262626265,0.30808080808080807,1.289495709637439,2.3544245532570236,1.0649288436195845
1755,0.31813080297928786,0.11965332335702704,0.1984774796222608,2.6587711402719227,0.5151515151515151,0.1919191919191919,0.3232323232323232,1.4998534905625633,2.431958126735943,0.9321046361733796
1756,0.32379349046015715,0.1416096996905078,0.18218379076964936,2.2865205643950763,0.5050505050505051,0.23737373737373738,0.26767676767676774,1.4208219349546334,2.217574512720283,0.7967525777656497
1757,0.27777777777777773,0.11110827693319272,0.166669500844585,2.500063770629799,0.4393939393939394,0.19023569023569017,0.24915824915824922,1.5433436760516255,2.4795531461547,0.9362094701030745
1758,0.38358330782573213,0.13351245337777323,0.2500708544479589,2.8730151991169235,0.5808080808080808,0.2474747474747475,0.33333333333333326,1.335749756097082,2.3670903425588206,1.0313405864617387
1759,0.34190388735843286,0.13910145223276538,0.20280243512566748,2.4579462102689487,0.5252525252525253,0.2457912457912458,0.2794612794612795,1.3437088283989824,2.256876390804091,0.9131675624051085
1760,0.3352208958269564,0.14720153272341824,0.18801936310353817,2.277292156032192,0.5151515151515151,0.22727272727272727,0.28787878787878785,1.3712474642806234,2.2097358321757485,0.8384883678951252
1761,0.31461075400469335,0.13121110090807062,0.18339965309662273,2.397744945567651,0.5,0.18686868686868688,0.31313131313131315,1.471514586819393,2.2617555486978698,0.7902409618784767
1762,0.36598306295275995,0.118343933158748,0.24763912979401195,3.092537599386914,0.5707070707070707,0.18350168350168353,0.3872053872053872,1.3931210607945121,2.394364429183778,1.0012433683892656
1763,0.3909039893888379,0.13882653697468514,0.2520774524141528,2.8157728191413347,0.5909090909090909,0.24494949494949497,0.34595959595959597,1.309063923088464,2.2317009650433453,0.9226370419548813
1764,0.3663401693704724,0.15134510084005032,0.2149950685304221,2.4205617977528093,0.5555555555555556,0.2727272727272727,0.2828282828282829,1.3495142741892683,2.2699587862583335,0.9204445120690652
1765,0.336878889909193,0.13105805530047954,0.20582083460871348,2.5704554301284555,0.5252525252525253,0.21885521885521883,0.30639730639730645,1.3959987931567845,2.351671019324013,0.9556722261672286
1766,0.3145087235996327,0.12380822818533256,0.19070049541430018,2.5402893507920523,0.5050505050505051,0.21043771043771042,0.29461279461279466,1.5078467844770416,2.3706190345750744,0.8627722500980328
1767,0.26782981328435873,0.11974543413937355,0.14808437914498518,2.2366599211843643,0.4444444444444444,0.19612794612794615,0.24831649831649827,1.6044647966639005,2.4668868641480945,0.862422067484194
1768,0.311090705030099,0.1441236155040869,0.1669670895260121,2.158499174073783,0.5151515151515151,0.2138047138047138,0.30134680134680136,1.5589291036114181,2.203564563489168,0.6446354598777497
1769,0.31310580553004796,0.12266888866215464,0.19043691686789332,2.552446744605148,0.5,0.16666666666666666,0.33333333333333337,1.4732117867447097,2.377866114570734,0.9046543278260242
1770,0.44367921640648905,0.1341246358081375,0.30955458059835156,3.307962133378412,0.6313131313131313,0.20707070707070707,0.4242424242424242,1.1630502037364292,2.3003601394686752,1.137309935732246
1771,0.333435363738394,0.11753902662993573,0.21589633710845826,2.836805555555555,0.5303030303030303,0.19865319865319866,0.33164983164983164,1.4653131947624318,2.457193347015988,0.9918801522535563
1772,0.3623099683705745,0.11621263136414652,0.246097337006428,3.11764705882353,0.5555555555555556,0.21212121212121213,0.3434343434343434,1.3600909753419754,2.4107946292473184,1.050703653905343
1773,0.38501173349658196,0.14828702286614748,0.2367247106304345,2.5963953288354573,0.5858585858585859,0.23148148148148148,0.35437710437710435,1.3194537906420043,2.152925207441491,0.8334714167994866
1774,0.3051219263340476,0.11041957169903295,0.19470235463501467,2.7632956878850115,0.494949494949495,0.17676767676767677,0.31818181818181823,1.4994963946581805,2.497258796788255,0.9977624021300744
1775,0.30894806652382406,0.11585835912435238,0.19308970739947168,2.666601433498862,0.4898989898989899,0.17087542087542085,0.31902356902356904,1.457223001620361,2.4222968259434183,0.9650738243230574
1776,0.3183858789919396,0.15426997245179064,0.16411590654014896,2.063822751322751,0.4898989898989899,0.2222222222222222,0.2676767676767677,1.403567037269053,2.1329335757344428,0.7293665384653898
1777,0.3446842158963371,0.139845423936333,0.20483879196000407,2.464751481988144,0.5303030303030303,0.20707070707070707,0.3232323232323232,1.3756606567270182,2.258855061903997,0.8831944051769789
1778,0.31264666870727476,0.131888469430557,0.18075819927671777,2.3705383045019874,0.4898989898989899,0.24242424242424243,0.24747474747474746,1.4505651533425095,2.363432888993692,0.9128677356511825
1779,0.30170390776451383,0.1117147910077203,0.18998911675679353,2.700662150848619,0.48484848484848486,0.17676767676767677,0.30808080808080807,1.4857162157937216,2.4754073819499647,0.9896911661562431
1780,0.42133455769819406,0.12296931152150008,0.29836524617669397,3.4263390799299343,0.6262626262626263,0.23232323232323232,0.393939393939394,1.278826967418731,2.4231182141137237,1.1442912466949928
1781,0.3854963779206203,0.12786960514233242,0.2576267727782879,3.0147616197885494,0.5808080808080808,0.22727272727272727,0.3535353535353535,1.2961114310990633,2.3589539188155886,1.0628424877165252
1782,0.3996020814202632,0.1645367819610244,0.23506529945923882,2.428648941942485,0.5959595959595959,0.2601010101010101,0.3358585858585858,1.272064035871913,2.067521881229539,0.7954578453576258
1783,0.31741659014386286,0.12170243399199629,0.19571415615186658,2.6081367457674483,0.5151515151515151,0.18686868686868688,0.3282828282828283,1.494980040910057,2.393725235526124,0.8987451946160667
1784,0.2909907152331395,0.11579459012118946,0.17519612511195004,2.512990589012764,0.4696969696969697,0.1919191919191919,0.2777777777777778,1.539035927293966,2.4734704735216413,0.9344345462276753
1785,0.3135904499540863,0.12563910712058862,0.18795134283349768,2.495962102413715,0.5,0.18350168350168353,0.3164983164983165,1.4376538097497469,2.391065878409406,0.953412068659659
1786,0.31578410366289145,0.11129533267580406,0.2044887709870874,2.8373526191143132,0.51010101010101,0.20202020202020202,0.30808080808080807,1.471407927853523,2.51621499058602,1.044807062732497
1787,0.3867972655851444,0.15159167431894707,0.2352055912661973,2.5515732794884736,0.5858585858585859,0.25252525252525254,0.3333333333333333,1.3371783041816072,2.1542295197347245,0.8170512155531173
1788,0.32879298030813187,0.15082644628099173,0.17796653402714013,2.179942499577203,0.494949494949495,0.23484848484848486,0.2601010101010101,1.367524970227412,2.1966556754064372,0.8291307051790253
1789,0.28257320681563103,0.11486639685292883,0.1677068099627022,2.4600162846356928,0.4393939393939394,0.20707070707070707,0.23232323232323232,1.5065296855540713,2.412769355827069,0.9062396702729978
1790,0.2705336190184675,0.1316220567062318,0.1389115623122357,2.0553820977153805,0.4444444444444444,0.1919191919191919,0.2525252525252525,1.5824091609008457,2.339732910497282,0.7573237495964364
1791,0.36320273441485557,0.13064993368023672,0.23255280073461884,2.779968762202264,0.5606060606060606,0.20202020202020202,0.35858585858585856,1.3639196793513535,2.315755707524591,0.9518360281732376
1792,0.32343638404244474,0.12536419186250836,0.19807219217993638,2.5799742273867934,0.5050505050505051,0.17676767676767677,0.3282828282828283,1.4205991626104535,2.2970440993931898,0.8764449367827363
1793,0.2899959187837976,0.10610878708521806,0.18388713169857954,2.733005689254521,0.48484848484848486,0.1717171717171717,0.31313131313131315,1.5961490635220956,2.5510549558105486,0.954905892288453
1794,0.2934394449545965,0.13070661723860377,0.16273282771599273,2.245023635023202,0.47474747474747475,0.20202020202020202,0.2727272727272727,1.5393780770160719,2.272550200057718,0.7331721230416459
1795,0.30573410876441176,0.1277718260041492,0.17796228276026255,2.3928131758442857,0.4898989898989899,0.1919191919191919,0.297979797979798,1.489446862418238,2.3180805339002752,0.8286336714820373
1796,0.30547903275175997,0.12707320114727522,0.17840583160448475,2.403961102685342,0.5,0.1919191919191919,0.30808080808080807,1.5149154924936243,2.3562982370218166,0.8413827445281923
1797,0.306346291194776,0.12256118990125725,0.18378510129351877,2.499537508093608,0.48484848484848486,0.19191919191919188,0.292929292929293,1.4429473491268183,2.3583061586748695,0.9153588095480512
1798,0.3218038975614734,0.1117289618973121,0.21007493566416127,2.8802191669626094,0.5151515151515151,0.18181818181818182,0.3333333333333333,1.4631051995888413,2.454657546696707,0.9915523471078658
1799,0.4437812468115499,0.14179817252207827,0.30198307428947163,3.1296683089653516,0.6414141414141414,0.2474747474747475,0.3939393939393939,1.1945412284136594,2.3165359095900278,1.1219946811763684
1800,0.3080553004795429,0.11086595472117358,0.1971893457583693,2.7786284910845525,0.5,0.1717171717171717,0.3282828282828283,1.4874100239644168,2.48606967067497,0.9986596467105531
1801,0.3696051423324151,0.12787810767608748,0.2417270346563276,2.8902925531914896,0.5707070707070707,0.1717171717171717,0.398989898989899,1.3467798477385038,2.3057568873397565,0.9589770396012527
1802,0.31723803693500663,0.13420966114568808,0.18302837578931855,2.363749630443046,0.5151515151515151,0.23737373737373738,0.2777777777777778,1.5007625559166156,2.346448633614943,0.8456860776983273
1803,0.31012141618202227,0.14490584860955236,0.1652155675724699,2.1401580347363476,0.494949494949495,0.26262626262626265,0.23232323232323232,1.4614040630817557,2.241955020735635,0.7805509576538792
1804,0.3379502091623303,0.13077605459760341,0.2071741545647269,2.5841902801105268,0.5303030303030303,0.1910774410774411,0.3392255892255892,1.4195939467472622,2.3138322954931176,0.8942383487458554
1805,0.3838638914396491,0.1510220045573581,0.23284188688229102,2.5417745749352556,0.5757575757575758,0.23232323232323232,0.3434343434343435,1.3031056789949866,2.1617931891991464,0.8586875102041598
1806,0.36424854606672785,0.12821112358149395,0.2360374224852339,2.8410058027079303,0.5606060606060606,0.20707070707070707,0.3535353535353535,1.343892070408412,2.3745244327045523,1.0306323622961402
1807,0.36501377410468316,0.14145240281603916,0.223561371288644,2.580470651879903,0.5606060606060606,0.2727272727272727,0.28787878787878785,1.3532106981041387,2.2931776793492045,0.9399669812450657
1808,0.35083154780124476,0.1347155619041141,0.21611598589713066,2.6042392047546414,0.5505050505050505,0.24242424242424243,0.30808080808080807,1.3952688909012227,2.3103585301622513,0.9150896392610286
1809,0.35312723191511075,0.12871135598408323,0.22441587593102752,2.743559254855332,0.5505050505050505,0.20202020202020202,0.3484848484848485,1.408606658402942,2.320509831212183,0.911903172809241
1810,0.29394959697990003,0.12538403110793683,0.1685655658719632,2.3443942133815554,0.4797979797979798,0.19696969696969693,0.2828282828282829,1.5544640280507978,2.3316746658336016,0.7772106377828039
1811,0.44128150188756254,0.155405060708091,0.28587644117947153,2.8395568321707025,0.6414141414141414,0.2828282828282828,0.3585858585858586,1.220198298150743,2.247743309264538,1.0275450111137947
1812,0.332568105295378,0.13434428459680983,0.19822382069856817,2.4754912819214585,0.5353535353535354,0.23232323232323232,0.30303030303030304,1.48703818616724,2.3573867557125365,0.8703485695452966
1813,0.25617283950617287,0.12802406783888265,0.12814877166729022,2.0009740655059054,0.4090909090909091,0.19696969696969696,0.21212121212121215,1.5843841376068308,2.3771190260587756,0.7927348884519447
1814,0.32593612896643204,0.12005010826559649,0.20588602070083556,2.715000708248737,0.5202020202020202,0.21717171717171718,0.30303030303030304,1.4812433528834197,2.466132224022538,0.9848888711391182
1815,0.2702275278032854,0.13268487342561416,0.13754265437767124,2.036611414900889,0.4393939393939394,0.20622895622895623,0.23316498316498316,1.590600665273256,2.288002394857851,0.6974017295845949
1816,0.3499132741556984,0.13114024646011177,0.21877302769558662,2.6682371247649717,0.5454545454545454,0.22727272727272727,0.3181818181818181,1.364864452933181,2.3896361771305363,1.0247717241973553
1817,0.3700642791551883,0.15867145075899283,0.21139282839619547,2.3322675716709838,0.5707070707070707,0.2727272727272727,0.297979797979798,1.3552209841466123,2.190031546978015,0.8348105628314029
1818,0.32716049382716045,0.12311810586221361,0.20404238796494684,2.657289856240144,0.51010101010101,0.18265993265993266,0.3274410774410774,1.4039640748698634,2.365031485729892,0.9610674108600286
1819,0.3785328027752271,0.1416607148930381,0.236872087882189,2.6721085168957455,0.5757575757575758,0.2222222222222222,0.3535353535353536,1.3287863052344862,2.2363270908955846,0.9075407856610984
1820,0.29764819916335067,0.12595795213640334,0.17169024702694732,2.363075884569949,0.48484848484848486,0.2112794612794613,0.2735690235690236,1.5493415478144799,2.366792144914237,0.817450597099757
1821,0.3812111009080706,0.1239371832806176,0.257273917627453,3.0758412513291944,0.5858585858585859,0.1919191919191919,0.3939393939393939,1.3692262190291395,2.3297546040157973,0.9605283849866577
1822,0.3924089378634833,0.14654683762427873,0.24586210023920457,2.6777032123310183,0.5858585858585859,0.27525252525252525,0.3106060606060606,1.2647177960640617,2.2844800770406555,1.0197622809765938
1823,0.2992041628405264,0.13528098039882552,0.1639231824417009,2.2117237911673504,0.4494949494949495,0.23232323232323232,0.21717171717171718,1.4047025549272543,2.279812610954598,0.8751100560273439
1824,0.338332823181308,0.1177204140167103,0.22061240916459768,2.8740369799691834,0.5353535353535354,0.20707070707070707,0.3282828282828283,1.420540850773113,2.4164115723429425,0.9958707215698295
1825,0.3556779920416284,0.13279965763130747,0.22287833441032096,2.6783050377215543,0.5555555555555556,0.21717171717171718,0.3383838383838384,1.406581126972876,2.3155407171536377,0.9089595901807617
1826,0.3976890113253748,0.1281785305354329,0.2695104807899419,3.1026179631185586,0.5959595959595959,0.20707070707070707,0.38888888888888884,1.2865254606780623,2.3481136930299322,1.06158823235187
1827,0.3269564330170392,0.13477649672935868,0.19217993628768051,2.425915800984145,0.5252525252525253,0.21380471380471378,0.31144781144781153,1.4386888784807161,2.2430193594603614,0.8043304809796452
1828,0.30522395673910824,0.13371084583205795,0.1715131109070503,2.2827165204120563,0.494949494949495,0.2222222222222222,0.27272727272727276,1.5095099053591787,2.307453025265817,0.7979431199066385
1829,0.39128660340781557,0.16220850480109741,0.22907809860671816,2.4122446840109726,0.5757575757575758,0.2861952861952862,0.2895622895622896,1.2609406680180326,2.176557494288533,0.9156168262705005
1830,0.3319049076624833,0.1462024850071988,0.18570242265528453,2.2701728198815556,0.5303030303030303,0.25336700336700335,0.2769360269360269,1.4486642594968524,2.2253240737295394,0.776659814232687
1831,0.3166513621059076,0.12674443650874626,0.18990692559716135,2.4983452593917717,0.5,0.18181818181818182,0.3181818181818182,1.4211065838113872,2.330613583152397,0.9095069993410099
1832,0.4078665442301806,0.1462095704519947,0.26165697377818586,2.78960223307746,0.6060606060606061,0.23737373737373738,0.36868686868686873,1.2737109264827757,2.223057167472394,0.9493462409896183
1833,0.3454239363330272,0.15553401580337606,0.18988992052965115,2.2208899741244212,0.5454545454545454,0.30303030303030304,0.24242424242424238,1.4459006442148168,2.2876483029678365,0.8417476587530197
1834,0.33078257320681564,0.10653249668401184,0.22425007652280382,3.1049922183646594,0.5303030303030303,0.1919191919191919,0.33838383838383834,1.4677519799958807,2.5538455345294455,1.0860935545335648
1835,0.30323436384042446,0.12232595313403397,0.1809084107063905,2.4789045666226452,0.494949494949495,0.21717171717171718,0.2777777777777778,1.530044857406852,2.4489493520755508,0.9189044946686988
1836,0.3715437200285685,0.11672278338945007,0.2548209366391184,3.1831293706293704,0.5707070707070707,0.18686868686868688,0.38383838383838387,1.3824623181142295,2.420637030528546,1.0381747124143166
1837,0.35634118967452294,0.12670900928476686,0.22963218038975608,2.812279818822345,0.5505050505050505,0.20202020202020202,0.3484848484848485,1.3887711993614984,2.356191374696744,0.9674201753352454
1838,0.3281297826752372,0.12394143454749515,0.20418834812774203,2.6474583247581807,0.5151515151515151,0.25252525252525254,0.2626262626262626,1.4365863418320806,2.455043838947337,1.0184574971152562
1839,0.31558004285277014,0.13050255642848235,0.18507748642428778,2.418190505147027,0.5050505050505051,0.20707070707070707,0.297979797979798,1.4653462709355518,2.3235095444295273,0.8581632734939755
1840,0.31068258340985616,0.13273022027230783,0.17795236313754834,2.3407072087461565,0.494949494949495,0.21212121212121213,0.2828282828282829,1.443653743612894,2.296177059020092,0.8525233154071981
1841,0.398556269768391,0.1579147252547926,0.24064154451359837,2.523870203524893,0.5858585858585859,0.21717171717171718,0.3686868686868687,1.2512235696499152,2.1133093195263823,0.8620857498764671
1842,0.3247627793082339,0.13928567379745832,0.18547710551077556,2.3316308881880152,0.494949494949495,0.20454545454545456,0.29040404040404044,1.362751869837556,2.2533183709911935,0.8905665011536374
1843,0.3143811855933068,0.1315682073257831,0.1828129782675237,2.389492051182629,0.494949494949495,0.21717171717171718,0.2777777777777778,1.4767733535469008,2.297983691817846,0.8212103382709453
1844,0.47046219773492504,0.14340373431282522,0.3270584634220998,3.2806830309498403,0.6666666666666666,0.2727272727272727,0.3939393939393939,1.1452556172740682,2.2763404803691563,1.131084863095088
1845,0.2986429956126926,0.13149451869990592,0.16714847691278667,2.2711440641434604,0.48484848484848486,0.20707070707070707,0.2777777777777778,1.5183824690694816,2.292411153966692,0.7740286848972102
1846,0.37429854096520765,0.1228049292022356,0.251493611762972,3.0479113777982922,0.5707070707070707,0.20202020202020202,0.36868686868686873,1.3483834592170665,2.425970412400894,1.0775869531838274
1847,0.3245077032955821,0.12721491004319288,0.19729279325238921,2.550862184199973,0.5252525252525253,0.20202020202020202,0.3232323232323233,1.4995494016703435,2.3524594993775065,0.8529100977071631
1848,0.3137434955616774,0.13605754514845425,0.17768595041322316,2.3059617547806526,0.5,0.21717171717171718,0.2828282828282828,1.4635081328722488,2.2901428873058127,0.8266347544335639
1849,0.33494031221303955,0.11580450974390369,0.21913580246913586,2.8922907488986787,0.5202020202020202,0.22727272727272727,0.29292929292929293,1.3707458967553952,2.4401614195717687,1.0694155228163735
1850,0.33986327925721876,0.1383929077531771,0.20147037150404165,2.4557853778414915,0.5252525252525253,0.21212121212121213,0.31313131313131315,1.3791660708001896,2.2555577464757106,0.876391675675521
1851,0.3582542597694112,0.14130077429740728,0.21695348547200394,2.535401957637997,0.5505050505050505,0.20707070707070704,0.3434343434343434,1.3763951716409282,2.2643070194070622,0.8879118477661341
1852,0.3399908172635446,0.13005475631738259,0.209936060946162,2.6142128661087867,0.5404040404040404,0.20875420875420872,0.33164983164983175,1.4443143231729172,2.3633199744428826,0.9190056512699654
1853,0.3033874094480155,0.12359849901937445,0.17978891042864106,2.454620499885347,0.4444444444444444,0.20875420875420878,0.23569023569023564,1.3534803613761113,2.327960371961491,0.9744800105853797
1854,0.3804203652688501,0.16666666666666669,0.2137536986021834,2.2825221916131,0.5858585858585859,0.30303030303030304,0.2828282828282828,1.3723855236968854,2.2162905538203224,0.843905030123437
1855,0.2931843689419447,0.11477570315954153,0.1784086657824032,2.5544114378842884,0.4696969696969697,0.1776094276094276,0.2920875420875421,1.500804376305267,2.4303080716816563,0.9295036953763893
1856,0.3598612386491174,0.1221714904374837,0.2376897482116337,2.9455418556366206,0.5606060606060606,0.1919191919191919,0.3686868686868686,1.3897987840723873,2.3824214744281993,0.992622690355812
1857,0.36174880114274055,0.14524594995975468,0.21650285118298587,2.490594754917265,0.5606060606060606,0.23737373737373738,0.3232323232323232,1.3684615880491495,2.19372348266791,0.8252618946187604
1858,0.46995204570962146,0.127231915110703,0.3427201305989185,3.6936647955092217,0.6666666666666666,0.20202020202020202,0.46464646464646464,1.1775354410967023,2.353885132897372,1.1763496918006695
1859,0.32114069992857874,0.11595188699565806,0.20518881293292068,2.7696030504497458,0.5151515151515151,0.20117845117845118,0.31397306397306396,1.4787267633116663,2.4603799862172426,0.9816532229055763
1860,0.3595551474339353,0.11490324116586745,0.24465190626806785,3.1291993488234415,0.5606060606060606,0.20538720538720542,0.3552188552188551,1.387436916309154,2.4686050861487594,1.0811681698396054
1861,0.36003979185797363,0.14406126358988314,0.2159785282680905,2.4992130631516813,0.5606060606060606,0.21717171717171718,0.34343434343434337,1.4001355371906201,2.1350017798998544,0.7348662427092343
1862,0.4053157841036629,0.12286302984956185,0.2824527542541011,3.2989238878444307,0.6060606060606061,0.20707070707070707,0.398989898989899,1.2979608597073893,2.3731238648342576,1.0751630051268684
1863,0.38322620140801955,0.1336768356970377,0.24954936571098185,2.866810838315736,0.5656565656565656,0.18181818181818182,0.3838383838383838,1.2919117892362788,2.255449039083947,0.963537249847668
1864,0.26186103458830734,0.11344080535999727,0.14842022922831005,2.308349572777695,0.43434343434343436,0.2003367003367003,0.23400673400673405,1.6276200127552787,2.44616192687138,0.8185419141161014
1865,0.49459238853178245,0.14687276808488933,0.3477196204468931,3.3674887113581096,0.6868686868686869,0.26262626262626265,0.4242424242424242,1.1278977566348198,2.1903846784609287,1.0624869218261088
1866,0.44674012855831036,0.15830300762960697,0.2884371209287034,2.822057112165428,0.6363636363636364,0.2727272727272727,0.36363636363636365,1.1474076756516627,2.137419690565772,0.9900120149141094
1867,0.31461075400469346,0.12097405026697955,0.1936367037377139,2.6006466123137484,0.5050505050505051,0.20707070707070707,0.297979797979798,1.480146790141024,2.3881459324178667,0.9079991422768428
1868,0.3593000714212836,0.13516194492625472,0.2241381264950289,2.6582931432166075,0.5555555555555556,0.23232323232323232,0.32323232323232326,1.3610964097144687,2.240105370677818,0.8790089609633494
1869,0.3524640342822162,0.1146283259077872,0.23783570837442897,3.0748423785387566,0.5505050505050505,0.21212121212121213,0.33838383838383834,1.420604754105533,2.4816794280691346,1.0610746739636014
1870,0.38169574533210887,0.14900406987949077,0.2326916754526181,2.5616464412066793,0.5808080808080808,0.2777777777777778,0.303030303030303,1.3111761528068189,2.251230362353791,0.9400542095469722
1871,0.3060401999795939,0.13707784919906135,0.16896235078053257,2.2326014142165977,0.5,0.18686868686868688,0.31313131313131315,1.5268942797434049,2.2192178015432473,0.6923235217998425
1872,0.34629119477604325,0.14944336745683545,0.1968478273192078,2.3172068501204275,0.5404040404040404,0.20875420875420872,0.33164983164983175,1.4071818608920998,2.200092906029723,0.7929110451376231
1873,0.3875114784205693,0.1236551825777415,0.2638562958428278,3.1338070135228056,0.5858585858585859,0.1877104377104377,0.39814814814814814,1.2962506740986761,2.345387358475371,1.0491366843766947
1874,0.3440465258647077,0.13853319956013557,0.2055133263045721,2.4834951257684716,0.5404040404040404,0.2222222222222222,0.31818181818181823,1.4385299654447083,2.259300440048957,0.8207704746042486
1875,0.2821140699928579,0.10065299459238854,0.18146107540046935,2.802838317283325,0.4696969696969697,0.1632996632996633,0.30639730639730645,1.560753549870117,2.576484710066872,1.0157311601967551
1876,0.3365472910927457,0.14052987790361526,0.19601741318913046,2.394845111326235,0.5252525252525253,0.20707070707070707,0.31818181818181823,1.3844622820558932,2.2480674393679383,0.8636051573120451
1877,0.28247117641057035,0.1413121110090807,0.14115906540148965,1.9989169675090253,0.4494949494949495,0.21212121212121213,0.23737373737373738,1.5138824904480899,2.1985429366399227,0.6846604461918329
1878,0.3483573104785226,0.12007703295582084,0.22828027752270175,2.9011152416356873,0.5505050505050505,0.18434343434343434,0.36616161616161613,1.418005012860597,2.427194750909491,1.0091897380488941
1879,0.3311906948270585,0.14860728497092135,0.18258340985613714,2.228630278063852,0.5151515151515151,0.24242424242424243,0.2727272727272727,1.3902301375085206,2.212332456389388,0.8221023188808674
1880,0.3366493214978064,0.131415161718192,0.2052341597796144,2.5617236024844727,0.5202020202020202,0.20202020202020202,0.31818181818181823,1.3635427777696676,2.298561982491188,0.9350192047215202
1881,0.33351188654218955,0.13726207076375427,0.19624981577843528,2.4297454109970884,0.5202020202020202,0.20707070707070707,0.31313131313131315,1.4087389938037236,2.2683941920591963,0.8596551982554728
1882,0.3551168248137946,0.12967355938736408,0.2254432654264305,2.7385445922169898,0.5555555555555556,0.2222222222222222,0.33333333333333337,1.4203055841071623,2.321469146054426,0.9011635619472635
1883,0.27971635547393126,0.12167267512385359,0.15804368035007765,2.2989250066968703,0.43434343434343436,0.19696969696969696,0.2373737373737374,1.5484583173892106,2.3514414046440946,0.802983087254884
1884,0.3659830629527599,0.15162001609813056,0.21436304685462934,2.413817597248444,0.5656565656565656,0.29292929292929293,0.2727272727272727,1.327180134002296,2.294035534806854,0.966855400804558
1885,0.43794000612182427,0.15043107846138148,0.2875089276604428,2.9112335735481136,0.6313131313131313,0.2777777777777778,0.3535353535353535,1.2014271402141963,2.205792029745684,1.0043648895314876
1886,0.40531578410366287,0.13271321520479767,0.2726025688988652,3.054072523811558,0.6060606060606061,0.1919191919191919,0.41414141414141414,1.3067628652458634,2.2608568002955716,0.9540939350497082
1887,0.4032241607999183,0.12600471607205616,0.27721944472786214,3.200071976427719,0.601010101010101,0.20202020202020202,0.398989898989899,1.2740453565770888,2.3298400487801794,1.0557946922030905
1888,0.39781654933170074,0.14532530694146856,0.2524912423902322,2.7374210156798493,0.5959595959595959,0.2474747474747475,0.3484848484848484,1.306329185907471,2.202545315344511,0.8962161294370401
1889,0.3482297724721967,0.13369384076454785,0.21453593170764887,2.604680742813533,0.5353535353535354,0.19696969696969696,0.3383838383838384,1.3899560413646543,2.2779831297703073,0.8880270884056529
1890,0.3300683603713907,0.1310963167023773,0.1989720436690134,2.517754645393521,0.5202020202020202,0.2222222222222222,0.297979797979798,1.4469548839569617,2.319332042743746,0.8723771587867843
1891,0.3472094684215896,0.1335634685803036,0.21364599984128602,2.599584093706234,0.5404040404040404,0.19865319865319864,0.3417508417508418,1.380610953879154,2.2835502028828865,0.9029392490037325
1892,0.3081828384858688,0.1313981566506819,0.1767846818351869,2.3454121910185064,0.5050505050505051,0.20707070707070707,0.297979797979798,1.504412365823476,2.3214235505902345,0.8170111847667585
1893,0.3620038771553924,0.12202836445260688,0.2399755127027855,2.9665551839464888,0.5555555555555556,0.20202020202020202,0.3535353535353536,1.3495651347726516,2.3924503150829555,1.0428851803103039
1894,0.3468523620038772,0.11540772483533428,0.2314446371685429,3.005451866404715,0.5505050505050505,0.16835016835016833,0.38215488215488214,1.4576772555495159,2.4547645954232307,0.9970873398737148
1895,0.31996735027038054,0.12542087542087543,0.1945464748495051,2.551149074639007,0.5151515151515151,0.21212121212121213,0.303030303030303,1.5031587019288482,2.37447334580975,0.8713146438809016
1896,0.35083154780124476,0.11769774059336349,0.23313380720788127,2.980784049316124,0.5555555555555556,0.18686868686868688,0.36868686868686873,1.437778918491081,2.44705335207647,1.0092744335853892
1897,0.36083052749719413,0.13683977825391966,0.22399074924327447,2.6368833105505156,0.5505050505050505,0.22727272727272727,0.3232323232323232,1.3392156178568047,2.2870352850749938,0.9478196672181891
1898,0.4042444648505254,0.14575610198505823,0.25848836286546717,2.773430815897954,0.601010101010101,0.27104377104377103,0.32996632996632996,1.2495308268119991,2.246197406839147,0.9966665800271477
1899,0.36935006631976325,0.13053940074142095,0.2388106655783423,2.8294144466879434,0.5656565656565656,0.24242424242424243,0.3232323232323232,1.3698303387057806,2.398923161206193,1.0290928225004126
1900,0.3420569329660239,0.12019748551735084,0.22185944744867309,2.8457910870077816,0.5404040404040404,0.20707070707070707,0.33333333333333337,1.407310576446988,2.369618351539501,0.9623077750925131
1901,0.33129272523211917,0.11151923273135395,0.21977349250076522,2.970722781335773,0.5303030303030303,0.1919191919191919,0.33838383838383834,1.4800134337408462,2.463652513621437,0.983639079880591
1902,0.30170390776451383,0.11261039122991985,0.189093516534594,2.679183550197569,0.4898989898989899,0.17676767676767677,0.31313131313131315,1.4804354876956043,2.4248205623162247,0.9443850746206204
1903,0.2976737067646159,0.13745196068428392,0.160221746080332,2.1656563157243602,0.46464646464646464,0.22053872053872053,0.2441077441077441,1.4662611196876036,2.3445284783172617,0.8782673586296581
1904,0.3859300071421284,0.13390923828634266,0.2520207688557857,2.882026752455131,0.5909090909090909,0.19696969696969696,0.393939393939394,1.3707737305385037,2.239750577266406,0.8689768467279024
1905,0.387894092439547,0.13492954233694976,0.2529645501025972,2.874789951268694,0.5808080808080808,0.22727272727272727,0.3535353535353535,1.2745223925172189,2.2785914119635264,1.0040690194463076
1906,0.33460871339659215,0.13291160765908244,0.2016971057375097,2.517528147389968,0.5303030303030303,0.26262626262626265,0.2676767676767676,1.4455891870088338,2.391535168753265,0.9459459817444311
1907,0.34532190592796647,0.12221542019521817,0.2231064857327483,2.825518296925003,0.5454545454545454,0.19696969696969696,0.34848484848484845,1.4339907215735792,2.407459341586499,0.9734686200129197
1908,0.3519283746556474,0.11824898819848315,0.23367938645716427,2.9761639403199713,0.5505050505050505,0.1978114478114478,0.3526936026936027,1.4209052571737304,2.4290542225590124,1.008148965385282
1909,0.3327211509029691,0.12310535206158103,0.2096157988413881,2.7027350584768395,0.5202020202020202,0.18686868686868688,0.33333333333333337,1.3909415563964633,2.3542699508696248,0.9633283944731614
1910,0.43763391490664216,0.14582270516613952,0.2918112097405027,3.0011369930905802,0.6313131313131313,0.2222222222222222,0.40909090909090906,1.207885671751593,2.1845619558963287,0.9766762841447358
1911,0.3698092031425365,0.11772608237254702,0.2520831207699895,3.141268236313737,0.5707070707070707,0.18686868686868688,0.38383838383838387,1.377268640190986,2.433458159438222,1.0561895192472361
1912,0.3825119885725947,0.13363432302826242,0.2488776655443323,2.86237831647261,0.5757575757575758,0.20707070707070707,0.36868686868686873,1.290993907602029,2.2906011973334137,0.9996072897313848
1913,0.33170084685236206,0.1325261594621864,0.19917468739017566,2.5029084687767327,0.5252525252525253,0.23232323232323232,0.292929292929293,1.4185191825593364,2.3834099218934868,0.9648907393341504
1914,0.42684419957147235,0.12361975535376209,0.3032244442177103,3.452880151315413,0.6262626262626263,0.21632996632996634,0.4099326599326599,1.2419252904381066,2.386927240319857,1.1450019498817503
1915,0.30045403530252013,0.12364101168814974,0.1768130236143704,2.4300515759312318,0.4696969696969697,0.21212121212121213,0.25757575757575757,1.4873527137904656,2.358351200410147,0.8709984866196814
1916,0.3246097337006428,0.13875001417088956,0.18585971952975322,2.339529373314814,0.5,0.23989898989898986,0.26010101010101017,1.4175228902396322,2.3206589446157846,0.9031360543761524
1917,0.37978267523722076,0.12565044383226204,0.2541322314049587,3.0225334957369063,0.5757575757575758,0.21212121212121213,0.36363636363636365,1.3236719901388958,2.339239659477539,1.015567669338643
1918,0.33412406897255387,0.14191295672777154,0.19221111224478232,2.354429621345263,0.5252525252525253,0.2222222222222222,0.3030303030303031,1.4319846199300408,2.2276280218447493,0.7956434019147085
1919,0.3261912049790837,0.1454670158373862,0.18072418914169752,2.2423722869500837,0.51010101010101,0.22727272727272727,0.28282828282828276,1.4112285984897464,2.2010236190393098,0.7897950205495634
1920,0.30450974390368324,0.12647802378442108,0.17803172011926216,2.4076099135033386,0.4898989898989899,0.20875420875420872,0.28114478114478114,1.5033112646994797,2.37696547872256,0.8736542140230803
1921,0.33226201408019596,0.11828158124454421,0.21398043283565174,2.809076532323765,0.5252525252525253,0.17676767676767677,0.3484848484848485,1.3961516999667127,2.4294346650329697,1.033282965066257
1922,0.35481073359861237,0.15022560056230091,0.20458513303631146,2.3618526554098667,0.5505050505050505,0.26262626262626265,0.28787878787878785,1.4115825615303266,2.1900633138715917,0.7784807523412651
1923,0.40069890827466587,0.12942556881950823,0.27127333945515764,3.0959795033504136,0.6060606060606061,0.21212121212121213,0.3939393939393939,1.3399229149412097,2.3480405944053517,1.008117679464142
1924,0.3132333435363738,0.13708635173281639,0.1761469918035574,2.284934565527507,0.5,0.21717171717171718,0.2828282828282828,1.4680096726044574,2.2263903090972392,0.7583806364927819
1925,0.4042954800530558,0.13980149417859855,0.26449398587445727,2.8919253147363513,0.601010101010101,0.25252525252525254,0.34848484848484845,1.2854330643774001,2.342441090609675,1.0570080262322747
1926,0.3968472604836242,0.16239130927683115,0.23445595120679302,2.4437715432610503,0.5909090909090909,0.24242424242424243,0.3484848484848485,1.2592739347307462,2.0774028400553886,0.8181289053246423
1927,0.31450872359963267,0.14070843111247155,0.1738002924871611,2.2351803734364606,0.5,0.21212121212121213,0.28787878787878785,1.4685609238611452,2.194115626397165,0.7255547025360196
1928,0.2706866646260586,0.12050924508836967,0.15017741953768893,2.2461900282220135,0.4393939393939394,0.2222222222222222,0.21717171717171718,1.5543946652427922,2.458030730000772,0.90363606475798
1929,0.3597592082440568,0.14408393701322997,0.21567527123082686,2.4968724182697986,0.5555555555555556,0.2474747474747475,0.30808080808080807,1.3465231475731474,2.2412058905453196,0.8946827429721722
1930,0.3243546576879911,0.1159235452164745,0.2084311124715166,2.798004987531173,0.5252525252525253,0.1919191919191919,0.33333333333333337,1.486137013479282,2.4223001550948777,0.9361631416155958
1931,0.33315478012447713,0.12373737373737373,0.2094174063871034,2.692434549577407,0.5303030303030303,0.20202020202020202,0.3282828282828283,1.4446819354133131,2.362953299119289,0.9182713637059758
1932,0.37628813386389154,0.12613508825630038,0.25015304560759116,2.983215369059657,0.5757575757575758,0.20202020202020202,0.3737373737373738,1.3548649192957778,2.3489021082194586,0.9940371889236808
1933,0.32432915008672586,0.12853705404210455,0.1957920960446213,2.5232346618157764,0.5151515151515151,0.2222222222222222,0.29292929292929293,1.4611007286443243,2.3522620719659866,0.8911613433216623
1934,0.3508315478012448,0.12214598283621853,0.2286855649650263,2.8722315679563786,0.5505050505050505,0.2222222222222222,0.3282828282828283,1.4302884010487567,2.379184639704532,0.9488962386557753
1935,0.3452198755229058,0.14428232946751463,0.20093754605539116,2.392669128624185,0.5303030303030303,0.23232323232323232,0.29797979797979796,1.3551612068279655,2.258925126177198,0.9037639193492326
1936,0.33384348535863684,0.12717523155233593,0.2066682538063009,2.6250668568372255,0.5303030303030303,0.23737373737373738,0.29292929292929293,1.4136442403393616,2.3437391198283644,0.9300948794890027
1937,0.3255280073461892,0.12610674647711687,0.19942126086907233,2.5813686931115853,0.5252525252525253,0.21717171717171718,0.3080808080808081,1.4740736543259636,2.3883392565992905,0.9142656022733269
1938,0.3745536169778594,0.14897005974447056,0.22558355723338883,2.5142878885887137,0.5808080808080808,0.2777777777777778,0.303030303030303,1.3865279245644513,2.2156335751414655,0.8291056505770142
1939,0.2927252321191715,0.1295219308687322,0.1632033012504393,2.260043763676149,0.46464646464646464,0.218013468013468,0.24663299663299665,1.5181299087052806,2.3354909395810473,0.8173610308757666
1940,0.360371390674421,0.11871521046605221,0.24165618020836876,3.035595769570511,0.5606060606060606,0.2222222222222222,0.33838383838383834,1.3861451737363746,2.4965241342551,1.1103789605187253
1941,0.3492500765228038,0.12171093652575136,0.22753913999705244,2.869504470938897,0.5505050505050505,0.24242424242424243,0.30808080808080807,1.4168135824443422,2.490496173946526,1.0736825915021837
1942,0.34042444648505255,0.13537734244804953,0.20504710403700302,2.5146338399698527,0.5353535353535354,0.21717171717171718,0.3181818181818182,1.41962881546082,2.302796306295961,0.8831674908351408
1943,0.2518365472910927,0.1409805121926334,0.11085603509845932,1.7863216935046136,0.41919191919191917,0.2222222222222222,0.19696969696969696,1.6595449257355912,2.240387065944493,0.5808421402089019
1944,0.2953780226507499,0.11336428255620176,0.18201374009454815,2.605565139128478,0.4898989898989899,0.17760942760942763,0.3122895622895623,1.5583887308001907,2.4515760683314536,0.8931873375312629
1945,0.36266707478828697,0.1433980659569885,0.21926900883129846,2.5290932089493245,0.5555555555555556,0.25252525252525254,0.30303030303030304,1.3340029650544931,2.190392023517976,0.856389058463483
1946,0.32387001326395276,0.1205432552233899,0.20332675804056285,2.6867535032446166,0.5252525252525253,0.20707070707070707,0.31818181818181823,1.499142481976958,2.4671117153547257,0.9679692333777676
1947,0.4298796041220283,0.16865059120951376,0.26122901291251455,2.5489362417235233,0.6313131313131313,0.29797979797979796,0.3333333333333333,1.2665668556754341,2.0922620534220697,0.8256951977466356
1948,0.3351953882256912,0.11356550918840481,0.22162987903728643,2.9515597704017966,0.5353535353535354,0.18181818181818182,0.35353535353535354,1.4417970182571445,2.422911674575586,0.9811146563184416
1949,0.32236506478930727,0.13285775827863372,0.18950730651067355,2.426392473921113,0.5252525252525253,0.18686868686868688,0.33838383838383845,1.5166683920396873,2.2838217059413473,0.76715331390166
1950,0.3495561677379859,0.13309866340169374,0.21645750433629218,2.626293599080107,0.5404040404040404,0.20538720538720542,0.335016835016835,1.405508492206836,2.326329927532117,0.9208214353252813
1951,0.3310376492194674,0.10293734199458104,0.22810030722488633,3.2159140969162996,0.5303030303030303,0.1919191919191919,0.33838383838383834,1.471401965098192,2.5547265844270237,1.0833246193288317
1952,0.2825221916131007,0.1367660896280425,0.14575610198505823,2.06573275862069,0.46464646464646464,0.22053872053872053,0.2441077441077441,1.5620695339501496,2.2997465012541434,0.7376769673039938
1953,0.3471329456177941,0.10610595290729972,0.24102699271049438,3.2715689940701957,0.5404040404040404,0.1683501683501684,0.3720538720538721,1.3962862961531117,2.500987384576053,1.1047010884229413
1954,0.3084124068972553,0.11976385629584282,0.18864855060141247,2.575170977589511,0.4898989898989899,0.21212121212121213,0.2777777777777778,1.4546774281731316,2.44556151708435,0.9908840889112185
1955,0.27844097541067236,0.12449693341949235,0.15394404199118,2.2365287863956107,0.4494949494949495,0.22306397306397305,0.22643097643097645,1.5399396261731961,2.357372112364133,0.8174324861909368
1956,0.3604734210794817,0.12773639878016982,0.2327370222993119,2.8220102063456847,0.5555555555555556,0.2222222222222222,0.33333333333333337,1.349198842389662,2.346382540764165,0.9971836983745033
1957,0.4379144985205591,0.14314865830017343,0.29476584022038566,3.0591589451176056,0.6313131313131313,0.23737373737373738,0.3939393939393939,1.1570813328701421,2.2409067070109114,1.0838253741407693
1958,0.43383328231813084,0.1655188246097337,0.2683144577083971,2.6210510094005244,0.6212121212121212,0.2828282828282828,0.3383838383838384,1.1703915579500617,2.103964038662094,0.9335724807120322
1959,0.2822671156004489,0.11816821412781009,0.16409890147263884,2.388689020002878,0.46464646464646464,0.1936026936026936,0.27104377104377103,1.563517649665224,2.4006840729081587,0.8371664232429346
1960,0.3010917253341496,0.13515344239249963,0.16593828294164994,2.227776962274834,0.4898989898989899,0.23232323232323232,0.25757575757575757,1.4989899234652855,2.3270977867081117,0.8281078632428263
1961,0.3400163248648098,0.14322234692605063,0.1967939779387592,2.3740451972929124,0.5252525252525253,0.24242424242424243,0.2828282828282829,1.386542216976517,2.2671536218782573,0.8806114049017404
1962,0.2964493419038874,0.1370424219750819,0.15940691992880548,2.163193977685173,0.4696969696969697,0.18686868686868688,0.2828282828282829,1.514636937340396,2.246652332194444,0.732015394854048
1963,0.2876747270686665,0.10799351540092281,0.17968121166774367,2.6638148225908043,0.46464646464646464,0.18181818181818182,0.2828282828282828,1.4907132617877394,2.474826045106083,0.9841127833183436
1964,0.3892459953066014,0.13818034440930066,0.25106565089730076,2.8169418521177314,0.5909090909090909,0.2222222222222222,0.36868686868686873,1.329834763763321,2.266382073135895,0.9365473093725738
1965,0.33430262218141005,0.12306567357072407,0.21123694861068598,2.7164570954815535,0.5151515151515151,0.2213804713804714,0.29377104377104374,1.3796975147684862,2.3976586211840094,1.0179611064155232
1966,0.2867054382205898,0.11889943203074518,0.16780600618984462,2.4113272311212817,0.4797979797979798,0.19696969696969696,0.2828282828282828,1.5892653468547173,2.42197482122008,0.8327094743653627
1967,0.2649984695439241,0.11395379156321916,0.15104467798070492,2.3254905862163304,0.4393939393939394,0.18181818181818182,0.25757575757575757,1.632664855049068,2.4831142085570526,0.8504493535079845
1968,0.3210641771247832,0.12027117414322804,0.20079300298155517,2.669502309359977,0.5151515151515151,0.18686868686868688,0.3282828282828283,1.4692940674890163,2.3537739867321514,0.8844799192431352
1969,0.2559432710947862,0.12202411318572934,0.13391915790905687,2.0974810995366338,0.3939393939393939,0.20791245791245794,0.18602693602693599,1.5800229713897689,2.4241523472261974,0.8441293758364286
1970,0.3413427201305989,0.11880732124839867,0.22253539888220025,2.8730781617147154,0.5404040404040404,0.20117845117845115,0.3392255892255893,1.4497645506236045,2.47039246850568,1.0206279178820754
1971,0.38251198857259455,0.14196964028613862,0.24054234828645593,2.6943224466980746,0.5656565656565656,0.18855218855218855,0.37710437710437705,1.2693133097737226,2.1910089887330417,0.9216956789593191
1972,0.2834404652586471,0.12737929236245735,0.15606117289618973,2.225169099323603,0.4696969696969697,0.2154882154882155,0.2542087542087542,1.5833438671334132,2.33863936820673,0.7552955010733169
1973,0.3543515967758392,0.1185168180117675,0.23583477876407172,2.989884496735778,0.5404040404040404,0.19696969696969696,0.3434343434343435,1.3473544976993521,2.4708654281708604,1.1235109304715083
1974,0.32486480971329457,0.14312598487682662,0.18173882483646794,2.269782178217822,0.5202020202020202,0.22727272727272727,0.29292929292929293,1.4488349558928126,2.216408495634379,0.7675735397415662
1975,0.34284766860524435,0.11482246709519438,0.22802520151004996,2.9858935910252136,0.5404040404040404,0.17676767676767677,0.36363636363636365,1.4368148981030051,2.4832583910242687,1.0464434929212636
1976,0.32542597694112846,0.11684181886202089,0.20858415807910757,2.785184107116868,0.5151515151515151,0.1919191919191919,0.3232323232323232,1.4406711287862934,2.3923689344530206,0.9516978056667271
1977,0.3821038669523519,0.15657841036628914,0.22552545658606274,2.4403355868697574,0.5757575757575758,0.23232323232323232,0.3434343434343435,1.303135754977757,2.1350064040944563,0.8318706491166994
1978,0.27838996020814205,0.11411533970456528,0.16427462050357677,2.4395489767534277,0.43434343434343436,0.17087542087542085,0.2634680134680135,1.5033491126411347,2.4364832584532214,0.9331341458120868
1979,0.3256045301499847,0.13983267013570042,0.18577186001428428,2.328529733673842,0.5151515151515151,0.1919191919191919,0.3232323232323232,1.4525682079571602,2.2221824515972814,0.7696142436401212
1980,0.33129272523211917,0.11471618542325614,0.21657653980886304,2.887933590275719,0.5151515151515151,0.1919191919191919,0.3232323232323232,1.3951752227215866,2.4268654980330213,1.0316902753114348
1981,0.36756453423120083,0.1288473965241642,0.23871713770703665,2.8527121552065458,0.5656565656565656,0.20370370370370364,0.361952861952862,1.3800439125847932,2.314475997036415,0.9344320844516218
1982,0.3431792674216917,0.11430948089197247,0.22886978652971923,3.002194260211988,0.5404040404040404,0.20117845117845115,0.3392255892255893,1.438964544773531,2.4482194045480847,1.0092548597745536
1983,0.32402305887154376,0.11104309084107064,0.21297996803047312,2.917993874425728,0.5202020202020202,0.18181818181818182,0.3383838383838384,1.464173629685774,2.4900461130230926,1.0258724833373187
1984,0.31124375063769,0.13165323266333367,0.17959051797435632,2.364117799018341,0.5,0.25252525252525254,0.24747474747474746,1.4870157162273205,2.398182132455831,0.9111664162285105
1985,0.3716457504336292,0.11842329014046185,0.2532224602931673,3.1382825962090752,0.5656565656565656,0.234006734006734,0.33164983164983164,1.3249159985649028,2.4496454176900326,1.1247294191251298
1986,0.3205285174982145,0.14514958791053068,0.1753789295876838,2.2082633654859998,0.494949494949495,0.20707070707070707,0.2878787878787879,1.413372583717827,2.182796316964085,0.7694237332462579
1987,0.3380012243648607,0.1447513859130021,0.19324983845185859,2.335046550559487,0.5303030303030303,0.21212121212121213,0.3181818181818181,1.4369994028493729,2.226963642863916,0.789964240014543
1988,0.4719926538108356,0.16266197326803386,0.3093306805428018,2.9016779049709895,0.6565656565656566,0.24494949494949494,0.41161616161616166,1.1122667140885945,2.056253131845008,0.9439864177564137
1989,0.36511580450974385,0.11830425466789103,0.24681154984185283,3.0862440707201375,0.5606060606060606,0.21212121212121213,0.3484848484848484,1.348178810270689,2.4021656786132644,1.0539868683425753
1990,0.31991633506785017,0.1325431645296965,0.18737317053815367,2.4136766026600522,0.51010101010101,0.20707070707070707,0.303030303030303,1.4579041085677211,2.3329746383593974,0.8750705297916763
1991,0.3538414447505357,0.13858279767370676,0.21525864707682893,2.553285477636665,0.5404040404040404,0.23232323232323232,0.3080808080808081,1.3283266122076278,2.279348142741911,0.9510215305342831
1992,0.3720028568513417,0.1308256527111746,0.2411772041401671,2.8435008665511265,0.5707070707070707,0.21717171717171718,0.35353535353535354,1.3457739900832757,2.3222337947697835,0.9764598046865078
1993,0.30777471686562596,0.12438640048067656,0.1833883163849494,2.4743437841779077,0.48484848484848486,0.1851851851851852,0.29966329966329963,1.37955065222771,2.3292305568390503,0.9496799046113404
1994,0.2787470666258545,0.12015213867065719,0.15859492795519733,2.3199509364532718,0.4595959595959596,0.19612794612794615,0.26346801346801346,1.5830481859060737,2.4474515631936495,0.8644033772875759
1995,0.3116773798591981,0.11524617669398815,0.19643120316520993,2.7044487617736026,0.5050505050505051,0.18855218855218855,0.3164983164983165,1.4889771596209518,2.4623783095728995,0.9734011499519477
1996,0.3297112539536782,0.12718656826400931,0.20252468568966886,2.592343346109279,0.5303030303030303,0.2222222222222222,0.30808080808080807,1.4710508247390874,2.30507774510254,0.8340269203634525
1997,0.24737271706968675,0.1247123309412872,0.12266038612839955,1.9835465763697924,0.40404040404040403,0.18686868686868688,0.21717171717171715,1.6442775493986965,2.291277527756193,0.6469999783574965
1998,0.29295480053055806,0.12272557222052172,0.17022922831003634,2.387072190660939,0.45454545454545453,0.18181818181818182,0.2727272727272727,1.4975460603126678,2.388053851940608,0.8905077916279402
1999,0.42495663707784925,0.14572917729483384,0.27922745978301544,2.9160710639166845,0.6262626262626263,0.24326599326599324,0.38299663299663306,1.241607268474359,2.230072705019591,0.9884654365452319
2000,0.29328639934700546,0.12572980081397592,0.16755659853302954,2.3326721067580363,0.4696969696969697,0.18181818181818182,0.2878787878787879,1.4811027133221826,2.307644239753806,0.8265415264316234
