draw,initial_service_hhi,current_service_hhi,hhi_change_current_minus_initial
1,0.2896232583874051,0.2892447562999849,-0.000378502087420185
2,0.31318847140485884,0.3164686132488307,0.003280141843971851
3,0.32150671495397615,0.3196267793370555,-0.001879935616920625
4,0.28498943715104874,0.29152079875257786,0.006531361601529118
5,0.293137920627735,0.29133343393189476,-0.0018044866958402683
6,0.30301544187918117,0.3076454906694834,0.00463004879030221
7,0.29573462099491976,0.31993611991348525,0.02420149891856549
8,0.2928486997635934,0.3020383783511897,0.009189678587596284
9,0.3010097580604597,0.31596121925456466,0.014951461194104954
10,0.3098718625823651,0.30724372516473014,-0.002628137417634957
11,0.28772446054021417,0.2891517026306525,0.0014272420904383187
12,0.3048450782153815,0.3026947839645894,-0.0021502942507921063
13,0.31419760072430963,0.3011543684925306,-0.013043232231779056
14,0.2902362808711835,0.29270031688546855,0.0024640360142850204
15,0.2941250440118707,0.2993373069765103,0.0052122629646396135
16,0.32156330164478647,0.32844235702429453,0.006879055379508059
17,0.2810377999094613,0.2830441124691917,0.0020063125597303832
18,0.28028016699361197,0.28614506312559734,0.005864896131985375
19,0.36772546652582866,0.3696116895528394,0.0018862230270107472
20,0.29181756450882756,0.30477591670439114,0.012958352195563572
21,0.2861997635933806,0.2913145717016246,0.0051148081082439956
22,0.34781323877068565,0.34906317589658464,0.0012499371258989922
23,0.29975856345254265,0.2973668326542931,-0.0023917307982495584
24,0.32079623761380216,0.32567778280770593,0.004881545193903769
25,0.31379206277350236,0.3233841356068608,0.009592072833358445
26,0.3015944871988331,0.3052575323172878,0.003663045118454722
27,0.32479503043106484,0.3269516120919471,0.002156581660882284
28,0.3016164931341483,0.2940778884361953,-0.0075386046979529775
29,0.3065898345153665,0.3150338262662844,0.008443991750917923
30,0.2848196770786177,0.2786517277802928,-0.006167949298324926
31,0.3085735123987727,0.319191061817816,0.010617549419043304
32,0.27992807202857006,0.28126603289572955,0.0013379608671594823
33,0.3200417484029979,0.3245743423369045,0.004532593933906592
34,0.3212866556008249,0.3240122478748554,0.002725592274030464
35,0.3191457924651678,0.32108545847794373,0.0019396660127759535
36,0.31190269604144666,0.30602585383029024,-0.005876842211156419
37,0.27565892057743574,0.2763681404355917,0.0007092198581559739
38,0.32367587143503845,0.3235872189527691,-8.865248226935796e-05
39,0.2940464513857452,0.2999522156833158,0.005905764297570615
40,0.31368203309692666,0.31597253659272667,0.0022905034958000114
41,0.28544527438257633,0.2815640561339973,-0.0038812182485790103
42,0.3007896987073085,0.3178681907348725,0.017078492027564007
43,0.28447386952366577,0.28051783109501544,-0.0039560384286503325
44,0.28985589256073635,0.2956277350233892,0.005771842462652832
45,0.3212112066797445,0.32683215130023646,0.005620944620491952
46,0.29452743825763295,0.2940684573210604,-0.00045898093657253947
47,0.31682259443689953,0.32484532971178504,0.008022735274885506
48,0.3623874553593883,0.3732835370454203,0.010896081686031955
49,0.2888373321261506,0.2993737739550325,0.010536441828881915
50,0.32165761279613697,0.314081283637644,-0.007576329158492989
51,0.3152758915547508,0.3063678889391881,-0.008908002615562682
52,0.2807611538654997,0.28837332126150594,0.007612167396006231
53,0.3420005281424475,0.3600548262159851,0.01805429807353759
54,0.27741939540264576,0.27973944972586895,0.0023200543232231863
55,0.28654242744328756,0.29498201800714247,0.008439590563854904
56,0.3432925909159498,0.34587042905286447,0.0025778381369146453
57,0.2898747547910065,0.294544414264876,0.004669659473869492
58,0.3015504753282028,0.31155688848649465,0.010006413158291871
59,0.26070745938333084,0.26952555203460593,0.008818092651275089
60,0.30786303505859863,0.3145377496101806,0.006674714551581973
61,0.3339432121120668,0.35238292842412355,0.018439716312056764
62,0.2874163774458025,0.29207031839444697,0.004653940948644464
63,0.3124088325536945,0.3290767567023793,0.016667924148684787
64,0.2866493134148182,0.3020308334590816,0.015381520044263408
65,0.28283285549016646,0.29773401740355115,0.014901161913384697
66,0.28868014687389976,0.30246214979125796,0.013782002917358205
67,0.2835967758161058,0.29205900105628496,0.008462225240179144
68,0.29503043106483573,0.301752929933102,0.006722498868266258
69,0.3156091242895227,0.3279374779940646,0.012328353704541883
70,0.3303688194758815,0.3472938986972487,0.016925079221367212
71,0.2865738644937378,0.2915912177455862,0.005017353251848433
72,0.3111262008953272,0.3142937980986871,0.0031675972033599065
73,0.2779664000804789,0.2737852723706051,-0.004181127709873778
74,0.3079447713897691,0.31760537699310903,0.009660605603339922
75,0.3287686736079674,0.3456880941602535,0.01691942055228607
76,0.3066244152708616,0.291372415874453,-0.015251999396408589
77,0.29310648357728486,0.30582905789447207,0.012722574317187207
78,0.3126917660077462,0.3156782858005131,0.0029865197927669285
79,0.2944519893365526,0.28509380815854335,-0.00935818117800924
80,0.2883532015492178,0.31029626276344247,0.02194306121422468
81,0.3110035963985716,0.3161121170967255,0.005108520698153873
82,0.3053857954831246,0.31772106533876565,0.01233526985564104
83,0.3141095769830491,0.3072757909561893,-0.0068337860268598005
84,0.31934384588300385,0.3275514310145365,0.008207585131532635
85,0.2931693576781852,0.29814395654142145,0.004974598863236257
86,0.2996013782002917,0.2933743272471203,-0.006227050953171387
87,0.3061214224636588,0.30448166591217746,-0.0016397565514813528
88,0.3066369900910417,0.31169835521352046,0.005061365122478789
89,0.2983910517579599,0.28756413158291844,-0.010826920175041443
90,0.312855238670087,0.3313207333635129,0.0184654946934259
91,0.301232961118656,0.3117077863286555,0.010474825209999483
92,0.2960364166792415,0.29950077963885113,0.0034643629596096126
93,0.32633230219807857,0.3317834867461395,0.005451184548060928
94,0.31346826115386545,0.3183718122830843,0.004903551129218864
95,0.29158178663045115,0.28974900658920577,-0.0018327800412453743
96,0.2958415069664504,0.2797708867763191,-0.01607062019013128
97,0.28819601629696695,0.27972058749559886,-0.00847542880136809
98,0.29342085408178664,0.296646295457975,0.003225441376188354
99,0.3064577989034757,0.31023024495749707,0.0037724460540213833
100,0.2959861173985212,0.3168163070268095,0.02083018962828831
101,0.3107332377646999,0.3086967456365374,-0.002036492128162537
102,0.2992398521201147,0.31681001961671945,0.017570167496604727
103,0.32795131029626284,0.32461269553845384,-0.0033386147578089997
104,0.3198468386902068,0.32366644031990344,0.003819601629696634
105,0.3333113273980182,0.3616354811126201,0.028324153714601896
106,0.3203341129721845,0.31883959559378294,-0.0014945173784015608
107,0.2921885217041396,0.29190558825008805,-0.00028293345405155934
108,0.290663824757306,0.3026664906191841,0.012002665861878092
109,0.30836288416075647,0.32259695186358844,0.014234067702831976
110,0.2736092248880841,0.27319425582214174,-0.00041496906594234995
111,0.3074040541220261,0.30061365122478745,-0.006790402897238645
112,0.2863129369750012,0.2785976560535184,-0.0077152809214828255
113,0.30884387103264427,0.2972385694884563,-0.011605301544187985
114,0.3146471505457472,0.3067124390121221,-0.007934711533625127
115,0.2952567778280771,0.29789749006589206,0.0026407122378149794
116,0.30681618127860766,0.31483577284844827,0.008019591569840612
117,0.2872591921935516,0.2859853629093104,-0.0012738292842411902
118,0.3260399376288919,0.323074166289422,-0.0029657713394699026
119,0.2945777375383533,0.2876226044967557,-0.0069551330415976165
120,0.31986255721543183,0.32252401790654395,0.0026614606911121164
121,0.29878715859363214,0.30000754489210807,0.0012203862984759284
122,0.3121133242794628,0.32402545143604444,0.011912127156581631
123,0.3164642120617675,0.3103937176198381,-0.006070494441929419
124,0.3079542025049042,0.3086942306725014,0.0007400281675972176
125,0.28680649866706914,0.29875257783813686,0.011946079171067714
126,0.29593581811780095,0.2914025954428851,-0.004533222674915849
127,0.3020157436748654,0.29782958603691967,-0.00418615763794572
128,0.3095417735526382,0.3193086363864996,0.009766862833861412
129,0.29648282279563404,0.29437654041547207,-0.0021062823801619723
130,0.30515316130979325,0.3113902721191087,0.006237110809315438
131,0.3166999899401438,0.3126075147125396,-0.004092475227604198
132,0.30526004728132394,0.3165258286806498,0.01126578139932588
133,0.27592927921130733,0.2818803128615261,0.005951033650218762
134,0.3228082088426136,0.3194733665308586,-0.0033348423117549597
135,0.29699210301292694,0.2891957145012827,-0.00779638851164427
136,0.3147005935315124,0.3026790654393642,-0.012021528092148237
137,0.2860331472259947,0.28387782304713044,-0.0021553241788642707
138,0.2886172727729993,0.3010852069815403,0.012467934208540976
139,0.2974950958201298,0.3030682561239374,0.005573160303807612
140,0.3002867059001056,0.3179103163824758,0.01762361048237021
141,0.28801996881444597,0.2964463558171118,0.008426387002665847
142,0.2969512348473417,0.30734306624415275,0.010391831396811047
143,0.29879030229867715,0.3122202102509934,0.013429907952316245
144,0.30013266435289976,0.3067438760625722,0.006611211709672438
145,0.29727818017202357,0.30875333232734775,0.011475152155324186
146,0.2895100850057844,0.29569060912428957,0.006180524118505171
147,0.3120944620491927,0.301396433780997,-0.010698028268195714
148,0.29258462853981193,0.3052977717418642,0.012713143202052246
149,0.32771238871284136,0.30658543332830346,-0.021126955384537904
150,0.31640133796086717,0.32100686585181826,0.004605527890951089
151,0.3267944268396962,0.3323191740858105,0.005524747246114348
152,0.28301204667773255,0.2751559277702329,-0.007856118907499654
153,0.31350912931945074,0.3240191640259543,0.01051003470650358
154,0.30882500880237407,0.3174645390070922,0.008639530204718138
155,0.30623459584527946,0.31812786077159094,0.011893264926311486
156,0.29936245661687044,0.31296966953372574,0.013607212916855294
157,0.29050349580001,0.30506513756853276,0.01456164176852276
158,0.2926789396911625,0.29014637090689605,-0.0025325687842664424
159,0.30382023037070566,0.31760537699310903,0.013785146622403377
160,0.27228886876917663,0.27633984709018666,0.004050978321010035
161,0.29420049293295103,0.2799343594386601,-0.014266133494290956
162,0.27936534882551173,0.2775231376691314,-0.0018422111563803356
163,0.3163824757305971,0.316906845732106,0.0005243700015089003
164,0.3020503244303607,0.3014901161913386,-0.0005602082390220864
165,0.289453498314974,0.2985174287007696,0.00906393038579556
166,0.32085282430461254,0.3187232785071173,-0.002129545797495247
167,0.3216136009255067,0.3355213520446657,0.013907751119158984
168,0.31471002464664755,0.32358784769377796,0.008877823047130418
169,0.30531663397213415,0.3239738946733062,0.018657260701172018
170,0.32851717720436596,0.3428116040440622,0.014294426839696228
171,0.31586062069312404,0.31991600020119704,0.004055379508072998
172,0.29563402243347925,0.2937000150897842,-0.0019340073436950322
173,0.3036096021326895,0.29451674966047986,-0.009092852472209645
174,0.3036441828881847,0.31266661636738596,0.009022433479201286
175,0.28764901161913387,0.2708930637291887,-0.016755947889945166
176,0.28784706503697,0.2964010864644636,0.008554021427493619
177,0.29739135355364427,0.306860193149238,0.009468839595593748
178,0.30771213721643775,0.3094191690558825,0.0017070318394447614
179,0.2883909260097581,0.2849265630501484,-0.003464362959609668
180,0.30440495950907903,0.3294175343292591,0.025012574820180045
181,0.30187113324279463,0.3158216387505659,0.013950505507771271
182,0.29069840551280113,0.3023992756903576,0.0117008701775565
183,0.2953007896987073,0.3116644031990342,0.01636361350032689
184,0.29950706704894114,0.30810824405211,0.00860117700316887
185,0.322896232583874,0.3133550877722448,-0.00954114481162921
186,0.3202743825763291,0.30400759519138876,-0.016266787384940362
187,0.32426374427845683,0.31540478346159645,-0.008858960816860384
188,0.3165459483929379,0.3349718324027966,0.018425884009858673
189,0.30815225592274037,0.3232873094914743,0.015135053568733903
190,0.2843481213218651,0.3131079925557064,0.028759871233841328
191,0.298413057693275,0.2880117951813289,-0.010401262511946063
192,0.28444557617826066,0.2809654946934259,-0.0034800814848347517
193,0.2947726472511443,0.29963658769679596,0.004863940445651638
194,0.2929115738644938,0.2996202404305619,0.006708666566068111
195,0.3181115135053568,0.32048186710930027,0.0023703536039434425
196,0.3085106382978724,0.3178034304109451,0.009292792113072712
197,0.2947537850208742,0.298055932800161,0.003302147779286835
198,0.30131784115487154,0.29630866153614005,-0.005009179618731485
199,0.31356571601026106,0.3076392032593934,-0.005926512750867641
200,0.28944092349479406,0.2958352195563604,0.006394296061566329
201,0.2952316281877169,0.28978735979075504,-0.005444268396961882
202,0.291710678537297,0.2930731603038077,0.0013624817665107147
203,0.2803556159146924,0.2944758814948947,0.014120265580202296
204,0.28769302348976405,0.2914654695437855,0.003772446054021439
205,0.3160649615210503,0.30101981791660376,-0.015045143604446531
206,0.27355263819727377,0.2798708565967507,0.006318218399476938
207,0.3184636084703989,0.3231527589155475,0.0046891504451486155
208,0.2935969015643077,0.293307680700166,-0.0002892208641416816
209,0.3102239575474071,0.3129155978069513,0.002691640259544159
210,0.30515944871988326,0.3128401488858709,0.007680700165987653
211,0.3161341230320406,0.31650696645037973,0.0003728434183391527
212,0.2893906242140737,0.2920621447613299,0.002671520547256223
213,0.2836219254564659,0.28860092550676525,0.0049790000502993315
214,0.30045017856244655,0.30423016950857606,0.003779990946129519
215,0.2852346461445601,0.2890316130979327,0.0037969669533725603
216,0.2946657612796137,0.30758261656858304,0.012916855288969353
217,0.28389857150042763,0.29529072984256327,0.011392158342135639
218,0.32058246567074095,0.3182775011317338,-0.002304964539007137
219,0.30076454906694833,0.30402771490367686,0.003263165836728532
220,0.30045017856244655,0.2915855590765052,-0.00886461948594136
221,0.3343456063578292,0.3421181027111313,0.007772496353302127
222,0.2724963533021478,0.2847681203158795,0.012271767013731727
223,0.2993876062572305,0.2970361148835571,-0.002351491373673409
224,0.3332956088727932,0.3400746944318696,0.006779085559076414
225,0.3321041446607313,0.32028695739650914,-0.011817187264222151
226,0.28883418842110564,0.2873861978773704,-0.0014479905437352336
227,0.3051185805542981,0.30451184548060967,-0.0006067350736884136
228,0.29733791056787884,0.29988431165434337,0.0025464010864645337
229,0.30504313163321767,0.32165887027815493,0.01661573864493726
230,0.32035611890749965,0.34178486997635926,0.02142875106885961
231,0.3008525728082089,0.29387983501835924,-0.006972737789849637
232,0.3071525577184246,0.31120164981640763,0.0040490920979830425
233,0.307045671746894,0.31133368542829837,0.004288013681404357
234,0.29024885569136366,0.30429178612745844,0.01404293043609478
235,0.2668502590412957,0.2680153161309793,0.0011650570896835633
236,0.32028381369146414,0.33674110960213266,0.016457295910668523
237,0.3434309139379307,0.33479075499220357,-0.008640158945727117
238,0.29758940697148034,0.30416100799758566,0.006571601026105323
239,0.2842097982998843,0.2913365776369398,0.007126779337055522
240,0.3066747145515819,0.32328353704542023,0.016608822493838327
241,0.31823726170715766,0.33156028368794327,0.01332302198078561
242,0.2986048237010211,0.2959263870026659,-0.0026784366983552133
243,0.3270207736029375,0.31893893667320555,-0.008081836929731967
244,0.2975139580503999,0.29774784970574925,0.00023389165534937195
245,0.28483225189879785,0.2823172878627836,-0.0025149640360142556
246,0.307391479301846,0.31008563452542626,0.0026941552235802413
247,0.296124440420502,0.29113475177304965,-0.004989688647452362
248,0.31543936421709173,0.3324405211005482,0.017001156883456492
249,0.30372591921935516,0.3142133192495348,0.010487400030179617
250,0.27515907147527785,0.27718990493435947,0.0020308334590816157
251,0.3245341029123283,0.3321349529701725,0.007600850057844166
252,0.2880954177355264,0.2981552738795835,0.010059856144057133
253,0.29736306020823905,0.3086803983703033,0.011317338162064261
254,0.2935906141542176,0.28843053669332525,-0.005160077460892365
255,0.30041245410190637,0.2908247824556109,-0.009587671646295481
256,0.2906512499371259,0.2948386650570897,0.004187415119963844
257,0.2764196971983301,0.28779236456918666,0.01137266737085657
258,0.29303103465620445,0.3156493637140988,0.02261832905789435
259,0.30629746994617973,0.3162190030682561,0.009921533122076387
260,0.2766429002565263,0.2821538152004427,0.005510914943916367
261,0.29785347819526176,0.3001546702882149,0.0023011920929531526
262,0.3097618329057895,0.3092688999547306,-0.0004929329510588998
263,0.2896578391429002,0.2962527035863387,0.006594864443438486
264,0.29994718575524365,0.3092148282279563,0.009267642472712667
265,0.302635053568734,0.30650181077410593,0.00386675720537194
266,0.3225755746692822,0.3129464061163925,-0.0096291685528897
267,0.28281399325989637,0.28824883054172323,0.005434837281826865
268,0.30671243901212214,0.3107678185201952,0.004055379508073054
269,0.2792678939691162,0.2786831648307429,-0.0005847291383733189
270,0.29827473467129423,0.31228874302097476,0.014014008349680529
271,0.2789409486444344,0.3025602333886625,0.023619284744228086
272,0.31184296564559133,0.3049029223882099,-0.006940043257381456
273,0.3214501282631658,0.32110997937729485,-0.00034014888587097225
274,0.27648885870932044,0.29074556108847655,0.014256702379156105
275,0.3029274181379206,0.30912303204064184,0.00619561390272122
276,0.31156631960162967,0.2996365876967959,-0.011929731904833762
277,0.3283851415924753,0.3379929329510587,0.009607791358583417
278,0.28647955334238717,0.2944268396961924,0.007947286353805205
279,0.2919747497610784,0.30294628036819077,0.010971530607112367
280,0.3070833962074342,0.32866807504652684,0.021584678839092653
281,0.3064295055580705,0.3102182988783261,0.003788793320255557
282,0.33838841104572204,0.3389404456516272,0.0005520346059051384
283,0.2976051254967054,0.29413824757305973,-0.003466877923645695
284,0.2919684623509884,0.2873685931291183,-0.004599869221870112
285,0.27491071877672146,0.28369423067250144,0.008783511895779972
286,0.2939175594788994,0.29282983753332326,-0.0010877219455761589
287,0.3158606206931241,0.3247730244957497,0.00891240380262559
288,0.3255620944620492,0.34381444595342286,0.018252351491373664
289,0.28500829938131883,0.2943866002716162,0.009378300890297342
290,0.2976522810723807,0.3282619083547105,0.0306096272823298
291,0.2932888184698958,0.2929744479653941,-0.0003143705045016709
292,0.29254061666918163,0.29773401740355115,0.005193400734369524
293,0.27664604396157133,0.28656883456566573,0.0099227906040944
294,0.30546124440420497,0.32476359338061467,0.0193023489764097
295,0.3341632714652181,0.3262983501835924,-0.007864921281625747
296,0.306517529299331,0.31136197877370353,0.004844449474372514
297,0.29913296614858403,0.3095468034807102,0.010413837332126141
298,0.320252376641014,0.3493536542427443,0.029101277601730258
299,0.3197022282581359,0.32144761329912974,0.0017453850409938632
300,0.29568117800915444,0.2962156078668075,0.0005344298576530626
301,0.29447085156682257,0.2991298224435391,0.004658970876716517
302,0.30697651023590367,0.32232030581962673,0.015343795583723063
303,0.29356232080881245,0.2805643579296816,-0.012997962879130853
304,0.3094663246315578,0.32321689049846586,0.013750565866908038
305,0.2876552990292239,0.30314244756299985,0.015487148533775974
306,0.3174827724963533,0.31250691615109905,-0.00497585634525427
307,0.27702014486192844,0.2862041647804437,0.009184019918515252
308,0.3111073386650571,0.32064533977164117,0.009538001106584093
309,0.3145654142145768,0.3182014234696443,0.0036360092550675183
310,0.2922702580353101,0.2967921633720638,0.004521905336753729
311,0.3289384336803984,0.3322959106684774,0.0033574769880790334
312,0.3071116895528394,0.31184925305568123,0.004737563502841824
313,0.2674161259493989,0.26345254262864043,-0.003963583320758468
314,0.29513731703636636,0.29757054474121025,0.0024332277048438877
315,0.31636361350032693,0.320236658115789,0.0038730446154620624
316,0.3341852774005331,0.33438018711332435,0.0001949097127912358
317,0.31659624767365835,0.3191237865298526,0.002527538856194278
318,0.3127169156481062,0.3119869473366531,-0.0007299683114531108
319,0.30655211005482624,0.31804989688647456,0.011497786831648316
320,0.2939961521050249,0.2941212715658166,0.00012511946079168945
321,0.2887933202555203,0.292424299582516,0.003630979326995687
322,0.3113714098888386,0.3120517076605805,0.000680297771741889
323,0.2870076957899502,0.2958691715708466,0.008861475780896355
324,0.3035404406216991,0.3110570393843368,0.007516598762637716
325,0.2917955585735124,0.30011820330969263,0.008322644736180218
326,0.3240656908606207,0.32570041748402995,0.001634726623409244
327,0.2862814999245511,0.2885292490317389,0.0022477491071877798
328,0.314445953422866,0.3185956440822896,0.004149690659423555
329,0.31418502590412956,0.3173180423519944,0.003133016447864845
330,0.3018208339620743,0.3052927418137921,0.0034719078517178037
331,0.3093562949549822,0.3236632966148584,0.014307001659876195
332,0.2903777475982093,0.2956616870378754,0.005283939439666097
333,0.3206013279010111,0.31528972385694876,-0.005311604044062335
334,0.2740021880187113,0.27246114380564357,-0.0015410442130677215
335,0.2800915446909109,0.28687440269604153,0.006782858005130621
336,0.28115726070117203,0.28082088426135504,-0.0003363764398169877
337,0.2777023288566973,0.28788227453347415,0.010179945676776825
338,0.29434510336502184,0.29441049242995826,6.538906493641639e-05
339,0.2890322418389417,0.2847077611790152,-0.004324480659926522
340,0.33766221518032297,0.32677870831447114,-0.010883506865851822
341,0.3168540314873498,0.33152255922740304,0.014668527740053228
342,0.31999773653236757,0.3413497811981289,0.02135204466576135
343,0.2999597605754238,0.3030795734620995,0.0031198128866757324
344,0.2838954277953825,0.2895044263367034,0.005608998541320909
345,0.2895352346461446,0.2943796841205171,0.004844449474372514
346,0.3037825059101655,0.32025866405110404,0.016476158140938557
347,0.33573198028268203,0.33423243297620847,-0.0014995473064735587
348,0.30543609476384487,0.2942570796237614,-0.01117901514008346
349,0.32869951209697695,0.3469833006388009,0.018283788541823942
350,0.30633205070167496,0.2974020421507973,-0.008930008550877666
351,0.2924966047985514,0.28813628590111157,-0.004360318897439819
352,0.3022358030280167,0.31369775162215174,0.011461948594135019
353,0.28517177204365973,0.28588665057089685,0.0007148785272371172
354,0.28989990443136665,0.27852597957849207,-0.011373924852874584
355,0.30298400482873095,0.30763165836728534,0.004647653538554397
356,0.2889725114430864,0.297883657763694,0.008911146320607632
357,0.33060774105930285,0.3366342236306021,0.00602648257129923
358,0.2831535134047583,0.28547356772798155,0.002320054323223242
359,0.2794973844374025,0.28496931743876064,0.00547193300135812
360,0.2864921281625673,0.28700769578995017,0.0005155676273828624
361,0.2927229515617927,0.3075323172878628,0.014809365726070112
362,0.3015253256878427,0.286441828881847,-0.015083496805995689
363,0.31963935415723554,0.31917282832855487,-0.00046652582868067505
364,0.3034304109451235,0.2986708415069665,-0.00475956943815703
365,0.30740405412202604,0.3134915245711986,0.006087470449172572
366,0.3136851768019718,0.32435491172476233,0.010669734922790552
367,0.3106797947789346,0.3164579246516775,0.005778129872742899
368,0.2775734369498516,0.28822933957044417,0.010655902620592572
369,0.3117297922639707,0.3117624867964388,3.2694532468124926e-05
370,0.287661586439314,0.2942841154871486,0.006622529047834613
371,0.3172218449776168,0.323773326291434,0.00655148131381722
372,0.30593908757104776,0.3130061365122479,0.007067048941200138
373,0.31980597052462156,0.3276972989286253,0.00789132840400375
374,0.31913636135003265,0.3245661687037875,0.0054298073537548674
375,0.2926223530003521,0.30718902469694676,0.014566671696594646
376,0.2943262411347518,0.29091217745586245,-0.0034140636788893564
377,0.32041270559831,0.32785385543986717,0.007441149841557193
378,0.3046375936824104,0.30969015643076303,0.00505256274835264
379,0.31274835269855644,0.31878426638499063,0.006035913686434191
380,0.2894723605452442,0.3005099089583019,0.011037548413057652
381,0.30976812031587947,0.30453951008500574,-0.0052286102308737314
382,0.2796702882148785,0.274640988883859,-0.005029299331019477
383,0.30305316633972135,0.3098410542729239,0.006787887933202563
384,0.2882400281675972,0.2876961671948091,-0.0005438609727880794
385,0.32969292289120267,0.33584578240531154,0.006152859514108877
386,0.30327322569287263,0.3046438810925004,0.0013706553996277737
387,0.27132060761531107,0.2837181228308435,0.01239751521553245
388,0.30568759116744626,0.32868945224083296,0.023001861073386698
389,0.3140309843569237,0.3235501232332378,0.00951913887631406
390,0.3013461345002766,0.31550098083597405,0.014154846335697469
391,0.31770283184950454,0.31872139228409035,0.0010185604345858135
392,0.3135940093556662,0.3039774156229566,-0.009616593732709622
393,0.3103465620441628,0.31369775162215174,0.0033511895779889667
394,0.3382406569086063,0.32802613047633433,-0.010214526432271942
395,0.3030751722750365,0.31820582465670744,0.01513065238167094
396,0.30830629746994614,0.31629948191740853,0.007993184447462387
397,0.3003935918716362,0.32524017906543934,0.024846587193803116
398,0.28746982043156777,0.29097882400281677,0.003509003571249003
399,0.2780135556561541,0.28597404557114847,0.007960489914994373
400,0.291559780695136,0.2890259544288517,-0.002533826266284289
401,0.30712740807806443,0.31005105376993114,0.0029236456918667053
402,0.28813628590111157,0.2978754841305769,0.00973919822946534
403,0.3045621447613299,0.32079623761380216,0.016234092852472237
404,0.3028614003319753,0.30097077611790146,-0.0018906242140738216
405,0.330636034404708,0.32618391931995366,-0.004452115084754349
406,0.30513115537447816,0.3155185855842262,0.010387430209748028
407,0.28657386449373773,0.2980873698506111,0.011513505356873344
408,0.2958666566068105,0.31023653236758714,0.01436987576077664
409,0.2981741361098536,0.30091670439112717,0.0027425682812735608
410,0.30947889945173784,0.3328932146270308,0.023414315175292966
411,0.2907864292540617,0.28174890599064434,-0.009037523263417335
412,0.27561490870680555,0.2727616820079473,-0.0028532266988582355
413,0.2906103817715407,0.306156003219154,0.01554562144761329
414,0.30977440772596954,0.31803292087923146,0.008258513153261926
415,0.3296740606609326,0.3385896081686031,0.00891554750767054
416,0.30484507821538154,0.31088727931190585,0.006042201096524313
417,0.33348423117549425,0.35038856194356427,0.01690433076807002
418,0.32695475579699207,0.32219581509984396,-0.004758940697148106
419,0.28547356772798155,0.27968034807102266,-0.005793219656958892
420,0.3080642321814798,0.31926336703385133,0.011199134852371506
421,0.29437025300538205,0.30037598712338415,0.006005734118002093
422,0.3315351340475831,0.3411360092550676,0.009600875207484483
423,0.291732684472612,0.2869322468688698,-0.004800437603742214
424,0.2803870529651426,0.27801041195110904,-0.0023766410140335648
425,0.3218399476887481,0.32294653186459427,0.0011065841758461925
426,0.3089507570041749,0.30683881595493184,-0.00211194104924306
427,0.2807108545847794,0.2884739198229466,0.007763065238167222
428,0.28089004577234544,0.28725290478346155,0.0063628590111161065
429,0.2900885267340677,0.2975504250289221,0.0074618982948543855
430,0.31847303958553397,0.31895717016246666,0.00048413057693269534
431,0.2821160907399024,0.2821450128263166,2.8922086414195913e-05
432,0.29691665409184653,0.31920049293295105,0.02228383884110452
433,0.2869196720486898,0.2793854685377999,-0.007534203510889903
434,0.2867561993863489,0.28890334993209593,0.0021471505457470452
435,0.3104220109652432,0.29873182938483983,-0.011690181580403358
436,0.31205988129369755,0.32134072732759916,0.009280846033901613
437,0.36293131633217646,0.3611645540968765,-0.001766762235299979
438,0.2966274332277048,0.3084112972184497,0.01178386399074488
439,0.28282028066998643,0.2915031940043258,0.008682913334339348
440,0.28519063427392993,0.2758236507217947,-0.009366983552135222
441,0.29513102962627635,0.29478019214325235,-0.0003508374830240024
442,0.34004199989940154,0.3350812333383632,-0.004960766561038332
443,0.2814370504501786,0.30034706503697006,0.01891001458679148
444,0.3117486544942408,0.3107615311101052,-0.0009871233841355909
445,0.30623773955032446,0.3028884361953624,-0.0033493033549620854
446,0.2783279261606559,0.29523791559780704,0.016909989437151163
447,0.30440810321412404,0.31900181077410583,0.014593707559981794
448,0.29136801468739,0.2954611186560033,0.0040931039686132875
449,0.3293093908757105,0.33179920527136464,0.002489814395654155
450,0.29560572908807403,0.30779387354760823,0.0121881444595342
451,0.3089570444142649,0.3048230722800664,-0.004133972134198527
452,0.29469405462501885,0.28478635380514067,-0.009907700819878185
453,0.3270019113726674,0.3224447965394095,-0.00455711483325788
454,0.29843820733363513,0.3039774156229566,0.005539208289321473
455,0.2796702882148785,0.27528167597203357,-0.004388612242844925
456,0.33084037523263415,0.33573512398772704,0.004894748755092881
457,0.27167270258035314,0.2765988883858961,0.0049261858055429375
458,0.2956843217141995,0.3081585433328303,0.01247422161863082
459,0.2817105527890951,0.28351692570796244,0.001806372918867316
460,0.30956692319299833,0.3301701373170363,0.020603214124037983
461,0.3076681253458076,0.31346511744882044,0.005796992103012821
462,0.2993938936673205,0.3015328705799507,0.0021389769126302083
463,0.29051607062019014,0.2988909008601177,0.008374830239927578
464,0.2980232382676928,0.305976183290579,0.007952945022886238
465,0.33996655097832096,0.35335999195211504,0.01339344097379408
466,0.3202618077561491,0.3357935969015642,0.015531789145415087
467,0.32859262612544643,0.310227729993461,-0.018364896131985442
468,0.3205541723253358,0.3230628489512601,0.0025086766259243
469,0.28735035963985717,0.2967500377244605,0.009399678084603347
470,0.28971756953875555,0.30228924601378204,0.012571676475026494
471,0.32233036567577084,0.321489110205724,-0.00084125547004682
472,0.2992115587747095,0.3056831899803833,0.006471631205673789
473,0.2916100799758564,0.29054750767064036,-0.0010625723052160585
474,0.30348699763593384,0.31094260852069816,0.007455610884764319
475,0.3099944670791208,0.31754564659725365,0.007551179518132833
476,0.2820280669986419,0.29268711332427955,0.010659046325637633
477,0.3032355012323324,0.31603666817564513,0.012801166943312736
478,0.32632287108294356,0.33768925104371006,0.011366379960766504
479,0.29582264473618025,0.31678486997635935,0.0209622252401791
480,0.2976774307127408,0.31066093254866456,0.012983501835923783
481,0.2954862682963634,0.28455057592676425,-0.010935692369599126
482,0.3249207786328655,0.32410215783914287,-0.0008186207937226353
483,0.32004803581308783,0.33452165384035,0.014473618027262158
484,0.3020534681354057,0.3118115285951411,0.00975806045973543
485,0.29795722046174744,0.31708289321462707,0.01912567275287963
486,0.28563704039032245,0.29618731452140235,0.010550274131079895
487,0.3064169307378905,0.3120994919772647,0.0056825612393742175
488,0.28212237814999247,0.28708314471103064,0.004960766561038166
489,0.32086854282983757,0.326769277199336,0.00590073436949845
490,0.29902293647200845,0.2964388109250038,-0.0025841255470046565
491,0.29641366128464364,0.31339469845581214,0.0169810371711685
492,0.2963382123635632,0.3127458377345204,0.01640762537095719
493,0.30329208792314266,0.3076090236909612,0.004316935767818553
494,0.3037447814496253,0.3158178663045118,0.012073084854886507
495,0.30311918414566674,0.3179549569941151,0.014835772848448336
496,0.29162265479603644,0.29861299733413815,0.006990342538101713
497,0.3048136411649313,0.3029085559076505,-0.0019050852572808363
498,0.33257255671243907,0.35035712489311405,0.017784568180674976
499,0.3126980534178362,0.3305153161309793,0.0178172627131431
500,0.2751590714752779,0.2913397213419848,0.01618064986670692
501,0.29661485840752483,0.2902960112670389,-0.006318847140485917
502,0.29439540264574215,0.28477943765404157,-0.009615964991700587
503,0.33019905940345046,0.3225032694532468,-0.007695789950203646
504,0.29796979528192746,0.28765655651124183,-0.010313238770685629
505,0.2935497459886324,0.2903978673104975,-0.003151878678134934
506,0.304753910769076,0.29987488053920835,-0.004879030229867631
507,0.2805348071022584,0.2773596650067904,-0.003175142095468042
508,0.32007632915849304,0.32972435994165283,0.009648030783159789
509,0.3119121271565816,0.31722373120064384,0.005311604044062224
510,0.33285863387153564,0.3381136512247876,0.005255017353251956
511,0.29669030732860524,0.2982684472612042,0.0015781399325989764
512,0.28910769076002213,0.28207773753835325,-0.007029953221668883
513,0.3002552688496554,0.30197801921432527,0.001722750364669845
514,0.30448355213520445,0.31204164780443633,0.007558095669231879
515,0.29446456415673256,0.29672174437905546,0.0022571802223229076
516,0.3114940143855942,0.3120208993511393,0.0005268849655450936
517,0.2731313817212414,0.2769962527035863,0.0038648709823448923
518,0.31618442231276095,0.3331723756350284,0.016987953322267435
519,0.2827856999144912,0.29342085408178664,0.010635154167295435
520,0.3407273275992154,0.33454680348071014,-0.006180524118505282
521,0.30420690609124285,0.3165333735727579,0.012326467481515058
522,0.30441753432925905,0.30144673306171726,-0.0029708012675417894
523,0.2785071173482219,0.2849831497409587,0.0064760323927367525
524,0.2728484482671898,0.27487550928021726,0.0020270610130274647
525,0.27725592274030475,0.2858778481967708,0.008621925456466062
526,0.304216337206378,0.30857602736280876,0.004359690156430784
527,0.33449964790503495,0.3452165384035008,0.010716890498465859
528,0.2737978471907851,0.2829510587998592,0.009153211609074119
529,0.2909499019164026,0.30909851114129067,0.01814860922488809
530,0.3246881444595342,0.3173633117046426,-0.007324832754891597
531,0.2701008500578441,0.28983074292037625,0.019729892862532128
532,0.2791987324581258,0.28937553442985764,0.01017680197173182
533,0.30433579799808863,0.30342726724007846,-0.0009085307580101731
534,0.2986771289170565,0.30551531613097926,0.006838187213922764
535,0.3187654041547206,0.3345512046677732,0.015785800513052617
536,0.3003307177707359,0.30425406166691815,0.003923343896182263
537,0.29307504652683475,0.2976346763241286,0.0045596297972938515
538,0.30124239223379107,0.30241813792062777,0.0011757456868367044
539,0.29406216991097023,0.29971769528695735,0.005655525375987125
540,0.3042666364870983,0.3088721643780494,0.004605527890951089
541,0.3064420803782506,0.3420401388260148,0.0355980584477642
542,0.28933089381821836,0.2926122931442081,0.0032813993259897534
543,0.29393642170916956,0.29019541270559834,-0.0037410090035712162
544,0.3066212715658166,0.30770899351139275,0.0010877219455761589
545,0.30997560484885067,0.3128753583823751,0.0028997535335244518
546,0.2560107640460741,0.25839180624717073,0.0023810422010966392
547,0.29683177405563094,0.3214469845581208,0.02461521050248988
548,0.3115097329108194,0.3286680750465269,0.017158342135707494
549,0.30091544690910926,0.294189804335798,-0.0067256425733112635
550,0.30109778180172025,0.2955302801669936,-0.005567501634726635
551,0.29861425481615606,0.2907361299733414,-0.007878124842814638
552,0.3185547759167044,0.32187892963130627,0.003324153714601874
553,0.30509343091393787,0.30361903324782463,-0.0014743976661132363
554,0.31052260952668376,0.30191451637241584,-0.008608093154267915
555,0.3196833660278658,0.30804411246919167,-0.011639253558674123
556,0.3079039032241839,0.2985287460389316,-0.00937515718525228
557,0.2995636537397515,0.2955032443036065,-0.004060409436144996
558,0.31879998491021583,0.3109715306071123,-0.007828454303103527
559,0.3081742618580554,0.30261304763341884,-0.005561214224636568
560,0.3032512197575575,0.30530908908002613,0.002057869322468653
561,0.2728327297419647,0.2774005331723756,0.0045678034304109105
562,0.3147666113374579,0.3220021628690709,0.007235551531612983
563,0.30238670087017755,0.29286756199386343,-0.009519138876314115
564,0.28957295910668474,0.30242442533071784,0.012851466224033103
565,0.29643881092500374,0.31858684170816354,0.0221480307831598
566,0.32678185201951615,0.33485362909310395,0.008071777073587805
567,0.309145666716966,0.3020723303656757,-0.007073336351290316
568,0.3152381670942106,0.31987450329460276,0.004636336200392166
569,0.28468135405663697,0.28452165384035,-0.00015970021628697317
570,0.26256224535989137,0.2612984759317941,-0.00126376942809725
571,0.2798526231074896,0.2762763442482773,-0.0035762788592123007
572,0.29432624113475175,0.31067979477893465,0.016353553644182894
573,0.3081805492681455,0.30280166993611995,-0.005378879332025521
574,0.31045973542578337,0.31576568080076456,0.005305945374981191
575,0.2902268497560485,0.29820620190131286,0.007979352145264351
576,0.29184900155927773,0.3104723102459635,0.01862330868668577
577,0.2864229666515769,0.28080768070016604,-0.005615285951410864
578,0.28063226195865404,0.29221681504954483,0.011584553090890792
579,0.31108847643478693,0.3124767365826669,0.0013882601478799605
580,0.33281776570595045,0.3482263216136009,0.015408555907650445
581,0.3116040440621699,0.3219091091997385,0.01030506513756857
582,0.34617536844223123,0.3443312710628238,-0.001844097379407439
583,0.30029928072028567,0.3038290327448318,0.00352975202454614
584,0.3022358030280167,0.30447537850208745,0.0022395754740707208
585,0.31354056636990096,0.3215922237312006,0.008051657361299647
586,0.3226384487701826,0.3371013782002917,0.014462929430109073
587,0.3013492782053217,0.31846989588048896,0.01712061767516726
588,0.3698286052009456,0.3587520748453298,-0.011076530355615843
589,0.30961722247371865,0.316544062169911,0.006926839696192344
590,0.2970298274734671,0.28947361802726224,-0.007556209446204887
591,0.3169609174588803,0.2876138021226296,-0.029347115336250673
592,0.29884060157939746,0.3159800814848348,0.01713947990543735
593,0.31188069010613145,0.3186698355213521,0.006789145415220632
594,0.2793119058397465,0.2916427745083245,0.012330868668577966
595,0.29470662944519893,0.300535687339671,0.005829057894472078
596,0.3001075147125396,0.3109715306071123,0.010864015894572698
597,0.3176996881444596,0.3106093757859262,-0.007090312358533413
598,0.3032166390020623,0.30902306222021025,0.005806423218147949
599,0.29821814798048385,0.29577234545546,-0.0024458025250238546
600,0.3183755847291384,0.32405311604044057,0.005677531311302164
601,0.30731603038076555,0.31760223328806403,0.01028620290729848
602,0.3113714098888386,0.323248327548916,0.011876917660077424
603,0.29365348825511794,0.29752527538856194,0.0038717871334439935
604,0.29290528645440367,0.29777174186409133,0.0048664554096876644
605,0.2995888033801116,0.30137065539962776,0.0017818520195161391
606,0.2837225240179066,0.28913284040038234,0.005410316382475744
607,0.283621925456466,0.2900350837483024,0.006413158291836418
608,0.2956843217141995,0.30906518786781345,0.013380866153613946
609,0.31823097429706765,0.32515467028821476,0.006923695991147116
610,0.3174450480358131,0.30279789749006597,-0.014647150545747112
611,0.30090287208892913,0.31133997283838843,0.010437100749459305
612,0.2906921181027112,0.28245246717971934,-0.008239650922991837
613,0.31375748201800713,0.33200291735828175,0.01824543534027462
614,0.31140599064433383,0.3152784065187868,0.0038724158744529724
615,0.3007676927719934,0.31078668075046534,0.01001898797847195
616,0.2954516875408682,0.3072254916754691,0.011773804134600885
617,0.302462149791258,0.31042515467028825,0.007963004879030233
618,0.3084917760676022,0.33205195915698404,0.023560183089381848
619,0.292785825662693,0.30775363412303197,0.01496780846033896
620,0.31002904783461593,0.32434233690458225,0.014313289069966317
621,0.31683202555203455,0.32158719380312856,0.004755168251094011
622,0.30021754438911524,0.28852296162164887,-0.011694582767466377
623,0.2787114581761481,0.2657650520597556,-0.012946406116392528
624,0.29385154167295413,0.29435264825712987,0.0005011065841757367
625,0.3351566822594437,0.3610545244203009,0.02589784216085722
626,0.29791635229616215,0.2914151702630653,-0.006501182033096853
627,0.31411900809818427,0.3182586389014637,0.004139630803279448
628,0.28213180926512754,0.28435189376791914,0.002220084502791597
629,0.3144648156531363,0.313917810975303,-0.0005470046778332516
630,0.3146534379558372,0.32424425330717765,0.009590815351340432
631,0.311088476434787,0.32086351290176557,0.009775036466978582
632,0.2860142849957245,0.29055379508073037,0.00453951008500586
633,0.29087445299532216,0.3117499119762586,0.020875458980936457
634,0.29266636487098235,0.2945965997686233,0.0019302348976409367
635,0.317954328253106,0.32390976309038777,0.005955434837281781
636,0.3141881696091746,0.3272754137115839,0.013087244102409301
637,0.32768723907248126,0.32778783763392183,0.000100598561440568
638,0.29991260499974853,0.31269176600774606,0.01277916100799753
639,0.3170866656606811,0.326937779789749,0.009851114129067862
640,0.3159549318444746,0.3318998038328052,0.01594487198833061
641,0.3155525375987123,0.329039032241839,0.013486494643126679
642,0.2902394245762286,0.3034907700819879,0.013251345505759293
643,0.3030751722750365,0.28743146723001867,-0.01564370504501783
644,0.296127584125547,0.2904997233539561,-0.005627860771590942
645,0.29842563251345505,0.3033021477792867,0.00487651526583166
646,0.29220109652431975,0.3031707409084049,0.010969644384085153
647,0.3067941753432927,0.2982244353905739,-0.008569739952718758
648,0.3198751320356119,0.32008827523766403,0.000213143202052124
649,0.3206547708867763,0.3260826920175041,0.00542792113072782
650,0.3236758714350385,0.3357791358583572,0.012103264423318716
651,0.2756306272320306,0.2704768371812284,-0.005153790050802187
652,0.29586980031185556,0.30136499673054673,0.005495196418691173
653,0.3146597253659273,0.31521930486394045,0.000559579498013163
654,0.30074568683667824,0.2876188320507017,-0.013126854785976527
655,0.29124541019063427,0.3054235199436648,0.014178109753030521
656,0.2932636688295358,0.28211609073990246,-0.011147578089633348
657,0.2809340576429757,0.28520320909410996,0.004269151451134268
658,0.3131884714048589,0.30123107489562895,-0.011957396509229945
659,0.30097832101000954,0.31515014335295005,0.01417182234294051
660,0.2896358332075852,0.296313062723203,0.006677229515617833
661,0.2826127961370152,0.280798249585031,-0.001814546551984153
662,0.29655827171671445,0.3077536341230321,0.011195362406317633
663,0.29374465570142344,0.3025910416981037,0.00884638599668025
664,0.30387367335647103,0.30251873648206834,-0.0013549368744026902
665,0.32269503546099293,0.3313119309893868,0.008616895528393897
666,0.285385543986721,0.28923846888989485,0.003852924903173849
667,0.288196016296967,0.2831761480810825,-0.005019868215884515
668,0.3015913434937881,0.31202530053820227,0.010433957044414188
669,0.2803053166339722,0.28659021175997185,0.006284895125999668
670,0.3083314471103063,0.32666364870982345,0.01833220159951715
671,0.29777174186409133,0.29872868567979466,0.0009569438157033261
672,0.29506815552537596,0.3046463960565364,0.009578240531160409
673,0.33254111966198885,0.3527802927418138,0.020239173079824924
674,0.3117423670841507,0.3145779890347568,0.0028356219506061042
675,0.27520622705095316,0.2917018761631709,0.016495649112217736
676,0.298237010210754,0.30122415874452996,0.002987148533775963
677,0.2922388209848599,0.30331723756350293,0.011078416578643002
678,0.28624063175896586,0.29121397314018416,0.004973341381218299
679,0.32546149590060863,0.31101302751370663,-0.014448468386902003
680,0.2934711533625069,0.3003810170514562,0.006909863688949303
681,0.3027073587847694,0.30634776922690005,0.0036404104421306482
682,0.3266152356521301,0.33673607967406066,0.010120844021930586
683,0.2808208842613551,0.28879835018359246,0.007977465922237359
684,0.3028739751521553,0.30387933202555206,0.0010053568733967566
685,0.30410316382475727,0.2933768422111564,-0.010726321613600875
686,0.2818237261707157,0.28919445701926466,0.007370730848548945
687,0.3054486695840249,0.31459936622906287,0.009150696645037981
688,0.2830717770735878,0.30100095568633367,0.017929178612745844
689,0.3131004476635984,0.32936597756652086,0.01626552990292246
690,0.2980923997786831,0.3054360947638448,0.007343694985161686
691,0.2812232785071173,0.2846247673658267,0.0034014888587093894
692,0.30183026507720945,0.3178285800513052,0.015998314974095762
693,0.3021855037472964,0.294182888184699,-0.008002615562597404
694,0.29693551632211657,0.28944343845883,-0.007492077863286539
695,0.2861903324782456,0.2854207534832252,-0.0007695789950203924
696,0.3136317338162064,0.31926713947990537,0.005635405663698967
697,0.30447726472511444,0.3128338614757809,0.008356596750666467
698,0.2942696544439415,0.2892359539258589,-0.005033700518082607
699,0.26766762235300035,0.274284492731754,0.0066168703787536365
700,0.3049299582515971,0.3158568482470701,0.010926889995473033
701,0.3089696192344449,0.306154116996127,-0.0028155022383178907
702,0.289962778532267,0.2850938081585434,-0.00486897037372358
703,0.2891045470549772,0.30152972687490565,0.012425179819928467
704,0.3309504049092098,0.3347486293446005,0.0037982244353906847
705,0.2924997485035964,0.29902419395402646,0.006524445450430072
706,0.29436396559529193,0.28739814395654145,-0.00696582163875048
707,0.31864908706805495,0.31247422161863087,-0.006174865449424083
708,0.30843518937679193,0.3188094160253508,0.01037422664855886
709,0.28434183391177503,0.28542326844726124,0.0010814345354862032
710,0.2868316483074292,0.29209106684774405,0.005259418540314864
711,0.2903840350082994,0.2830654896634978,-0.007318545344801586
712,0.288026256224536,0.3173614254816156,0.02933516925707963
713,0.3032103515919723,0.30667974447965396,0.003469392887681666
714,0.3342355766812535,0.3369951209697701,0.002759544288516602
715,0.2891391278104723,0.28743649715809055,-0.0017026306523817425
716,0.2896012524520899,0.3108401237362306,0.021238871284140703
717,0.32835999195211507,0.3289887329611187,0.0006287410090036194
718,0.30297771741864093,0.3087809969317439,0.0058032795131029435
719,0.287142875106886,0.2963885116442835,0.009245636537397461
720,0.2873346411146321,0.2752596700367185,-0.01207497107791361
721,0.2819871988330567,0.2923192998340124,0.010332101000955718
722,0.2929995976057542,0.29081786630451184,-0.0021817313012423845
723,0.30506513756853276,0.30249421558271716,-0.0025709219858155996
724,0.3182183994768875,0.31903890649363714,0.0008205070167496276
725,0.28622176952869577,0.2846335697399527,-0.0015881997887430832
726,0.29537309491474273,0.2967500377244605,0.001376942809717785
727,0.31569086062069307,0.3077762687993561,-0.00791459182133697
728,0.28025187364820686,0.29526055027413106,0.0150086766259242
729,0.31463457572556713,0.3225051556762738,0.007870579950706669
730,0.3166465469543786,0.31610331472259956,-0.000543232231779045
731,0.30820255520346057,0.31709672551682516,0.008894170313364591
732,0.2959169558875308,0.29247145515819123,-0.003445500729339579
733,0.31199700719279716,0.331340224334792,0.01934321714199483
734,0.3237418892409839,0.32676613349429107,0.0030242442533071623
735,0.27985891051757966,0.2807756149087068,0.0009167043911271211
736,0.3255558070519592,0.339785473567728,0.01422966651576879
737,0.32772496353302144,0.3323223177908556,0.004597354257834141
738,0.3139869724862934,0.3138725416226548,-0.00011443086363860377
739,0.29521590966249184,0.30804536995120974,0.012829460288717898
740,0.3327297419646899,0.3279343342890197,-0.004795407675670216
741,0.2986708415069665,0.3104157235551532,0.011744882048186689
742,0.29416276847241085,0.29876200895327193,0.004599240480861078
743,0.28621548211860576,0.2949304612444042,0.008714979125798439
744,0.29215394094864444,0.292603490770082,0.00044954982143757816
745,0.27707673155273876,0.2798997786831648,0.0028230471304260263
746,0.27816759720336004,0.28325285448418097,0.005085257280820932
747,0.28744152708616266,0.2778343644685881,-0.00960716261757455
748,0.28248390423016956,0.27685478597656055,-0.005629118253609011
749,0.27651715205472566,0.2851013530506514,0.008584200995925717
750,0.29581950103113525,0.29730270107137474,0.0014832000402394963
751,0.29056008249082044,0.3072996831145315,0.01673960062371105
752,0.2923299884311655,0.304747623358986,0.012417634927820498
753,0.3125911674463055,0.3231697349227906,0.010578567476485112
754,0.34233690458226446,0.3650017604748252,0.02266485589256073
755,0.335383029022685,0.34083421357074595,0.005451184548060928
756,0.2943859715306071,0.2975127005683819,0.0031267290377748336
757,0.2822166893013431,0.2935528896936774,0.011336200392334295
758,0.3008211357577587,0.3003810170514562,-0.0004401187063025058
759,0.3286209194708516,0.3451253709571953,0.01650445148634372
760,0.30530405915195413,0.31298475931794173,0.007680700165987597
761,0.29078328554901667,0.29196971983300646,0.0011864342839897901
762,0.28886876917660076,0.2988582063276495,0.009989437151048719
763,0.31024281977767715,0.3180052562748353,0.007762436497158132
764,0.3385990392837383,0.35983916804989685,0.02124012876615855
765,0.2655047532820281,0.2689439666012776,0.0034392133192495122
766,0.301223530003521,0.30241059302851964,0.001187063024998658
767,0.34042553191489355,0.3403878074543534,-3.7724460540178306e-05
768,0.2954642623610482,0.296118153010412,0.0006538906493637753
769,0.30583848900960714,0.2979779689150446,-0.007860520094562562
770,0.291723253357477,0.2982935969015643,0.006570343544087309
771,0.33772823298626825,0.3295388813439967,-0.008189351642271525
772,0.2766586187817514,0.26460125245209,-0.012057366329661423
773,0.28783763392183487,0.2829271666415171,-0.004910467280317743
774,0.2974070720788693,0.29199989940143856,-0.005407172677430738
775,0.3112456616870379,0.3184007343694985,0.007155072682460628
776,0.2898936170212766,0.2937603742266485,0.00386675720537194
777,0.2970486897037372,0.2922954076756703,-0.0047532820280669075
778,0.29509959257582613,0.3102755143101454,0.015175921734319253
779,0.30763668829535734,0.3051487601227303,-0.002487928172627052
780,0.28824002816759725,0.2950140837986018,0.0067740556310045275
781,0.2899753533524471,0.30567501634726624,0.01569966299481912
782,0.2895195161209194,0.30942357024294537,0.01990405412202595
783,0.31726271314320204,0.3353578793823248,0.018095166239122773
784,0.31534190936069617,0.3174595090790202,0.002117599718324037
785,0.3274388863739249,0.331186811528595,0.003747925154670151
786,0.3131193098938685,0.3235186861827876,0.010399376288919127
787,0.3106169206780343,0.3129621246416176,0.0023452039635832866
788,0.29199361199134855,0.2793810673507369,-0.012612544640611623
789,0.30300286705900104,0.3063553141190081,0.003352447060007091
790,0.2879696695337257,0.3073543835823148,0.019384714048589102
791,0.3400985865902117,0.3437540868165585,0.0036555002263468084
792,0.29851679995976055,0.3029494240732357,0.00443262411347517
793,0.3183189980383281,0.3292842412353503,0.01096524319702219
794,0.30324178864242235,0.31266535888536795,0.0094235702429456
795,0.3144711030632262,0.3134657461898295,-0.001005356873396701
796,0.28431668427141493,0.29597857250641313,0.011661888234998197
797,0.3021792163372064,0.30201574367486544,-0.0001634726623409577
798,0.30397112821286654,0.32433667823550116,0.020365550022634626
799,0.3262159851114129,0.332201599517127,0.005985614405714101
800,0.2984287762185001,0.29761832905789454,-0.0008104471606055763
801,0.3010726321613601,0.301575624968563,0.0005029928072028955
802,0.29884688898948747,0.29724988682661835,-0.0015970021628691211
803,0.3416295709471355,0.3475139580503999,0.0058843871032644435
804,0.332905789447211,0.33662290629244007,0.0037171168452290737
805,0.3051217242593431,0.3202775262813742,0.015155802022031095
806,0.2982935969015643,0.3108526985564107,0.01255910165484636
807,0.29168552889693683,0.28497686233086866,-0.006708666566068167
808,0.3013052663346914,0.3037133443991751,0.0024080780644836763
809,0.2988217393491273,0.29673431919923554,-0.002087420149891772
810,0.30755180825914197,0.31843468638398464,0.010882878124842676
811,0.29701410894824204,0.307045671746894,0.010031562798651972
812,0.3134305366933253,0.3213243800613651,0.007893843368039777
813,0.2765140083496806,0.2958037825059101,0.01928977415622951
814,0.29318193249836527,0.3019975101856044,0.008815577687239118
815,0.27670891806247166,0.2853572506413159,0.008648332578844231
816,0.2877181731301242,0.29419986419194205,0.00648169106181784
817,0.2924651677481012,0.3087162366078165,0.01625106885971528
818,0.30893818218399477,0.3071022584377044,-0.00183592374629038
819,0.2858759619737438,0.28900709219858156,0.0031311302248377415
820,0.283109501534128,0.2796048991499422,-0.0035046023841858176
821,0.27672149288265174,0.26741235350334497,-0.009309139379306774
822,0.29773716110859616,0.28806272320305826,-0.009674437905537903
823,0.2751119158996026,0.2831673457069564,0.008055429807353798
824,0.29339570444142643,0.29991700618681155,0.006521301745385122
825,0.2866618882349983,0.29235891051757956,0.005697022282581288
826,0.29305618429656455,0.29806096272823296,0.005004778431668411
827,0.29709270157436757,0.2929210049796288,-0.004171696594738761
828,0.3299790000502993,0.3283889140385293,-0.0015900860117699644
829,0.32143126603289573,0.3192683969619234,-0.002162869070972351
830,0.2969889593078819,0.28739437151048736,-0.009594587797394527
831,0.28188345656657116,0.2881733816206429,0.006289925054071721
832,0.27241776067602236,0.26886034404708015,-0.0035574166289422116
833,0.32859576983049144,0.3345499471857552,0.005954177355263768
834,0.3123836829133343,0.32808963331824353,0.01570595040490924
835,0.2968883607464413,0.3003256878426639,0.0034373270962225755
836,0.2915849303354962,0.299815150143353,0.00823021980785682
837,0.2797771741864092,0.2787586137518234,-0.001018560434585758
838,0.2873346411146321,0.2926487601227302,0.005314119008098139
839,0.33578542326844724,0.3381369146421206,0.0023514913736733534
840,0.3191646546954378,0.3135229616216488,-0.005641693073789034
841,0.2663409788240028,0.29187855238670085,0.025537573562698035
842,0.28758613751823353,0.2978949751018561,0.010308837583622554
843,0.27792867561993867,0.29482546149590066,0.016896785875961995
844,0.2976397062522006,0.3064559126804487,0.008816206428248097
845,0.3129244001810774,0.3187427694783965,0.005818369297319104
846,0.3115443136663146,0.32052462149791255,0.008980307831597978
847,0.29890976309038775,0.3033612494341331,0.00445148634374537
848,0.3041346008752075,0.3097366832654293,0.0056020823902218075
849,0.3007173934912731,0.29594713545596296,-0.004770258035310115
850,0.31399954730647356,0.3084842311754942,-0.005515316130979386
851,0.3151815804034002,0.29821814798048385,-0.01696343242291637
852,0.3048765152658317,0.3191992354509331,0.01432272018510139
853,0.3198091142296665,0.33711206679744476,0.01730295256777825
854,0.29538252602987775,0.300701674966048,0.005319148936170248
855,0.3074732156330165,0.321133242794628,0.013660027161611521
856,0.3077247120366179,0.30869297319048344,0.0009682611538655572
857,0.28929945676776825,0.29551770534681354,0.0062182485790452935
858,0.3052286102308737,0.3047947789346613,-0.0004338312962124391
859,0.2972310245963483,0.3025828680649867,0.005351843468638373
860,0.27660831950103115,0.28096926713947995,0.004360947638448798
861,0.31795747195815105,0.3262926915145113,0.00833521955636024
862,0.34199424073235757,0.3517900256526332,0.009795784920275608
863,0.3181932498365273,0.3253168854685378,0.0071236356320105165
864,0.2851843468638398,0.28112330868668584,-0.004061038177153975
865,0.3066935767818521,0.30369448216890493,-0.002999094612947173
866,0.28928688194758817,0.29654318193249835,0.007256299984910175
867,0.28077058498063473,0.29358055429807356,0.01280996931743883
868,0.30605540465771336,0.313018711332428,0.00696330667471462
869,0.2923677128917057,0.30197173180423525,0.009604018912529544
870,0.30528519692168404,0.30575046526834665,0.0004652683466626062
871,0.3062848951259997,0.3090362657813994,0.0027513706553997097
872,0.3161152608017706,0.3182372617071576,0.0021220009053870004
873,0.30106634475127003,0.31014410743926357,0.00907776268799354
874,0.30559013631105075,0.30442445048035816,-0.0011656858306925977
875,0.2890982596448871,0.29258211357577585,0.003483853930888736
876,0.3201549217846184,0.3278104723102459,0.007655550525627497
877,0.2726598259644887,0.2847668628338615,0.012107036869372811
878,0.28679078014184395,0.2890636788893919,0.0022728987475479356
879,0.3061277098737489,0.3169470851566823,0.010819375282933419
880,0.29288328051908863,0.29496881444595346,0.0020855339268648354
881,0.300707962376138,0.2997962879130828,-0.0009116744630551787
882,0.3114248528746039,0.30333987223982695,-0.008084980634776973
883,0.31480433579799805,0.3212074342336904,0.006403098435692367
884,0.3249113475177305,0.33060459735425785,0.005693249836527359
885,0.3075015089784216,0.320952165384035,0.013450656405613381
886,0.3129369750012575,0.32846184799557365,0.015524872994316152
887,0.3118555404657713,0.33211986318595643,0.020264322720185135
888,0.30419118756601776,0.3176500176047482,0.01345883003873044
889,0.2962030330466275,0.30194909712791107,0.005746064081283586
890,0.3193249836527338,0.32450895327196816,0.005183969619234341
891,0.29872742819777676,0.3009594587797395,0.0022320305819627517
892,0.3325474070720789,0.3457119863185957,0.013164579246516761
893,0.2963476434786983,0.3128829032744831,0.016535259795784796
894,0.2816351038680147,0.28824631557768726,0.006611211709672549
895,0.29335797998088625,0.302643227201851,0.009285247220964743
896,0.3031349026708918,0.2955837231527589,-0.007551179518132944
897,0.33149740958704293,0.33879835018359233,0.007300940596549399
898,0.3055555555555556,0.31043458578542327,0.004879030229867687
899,0.2857565011820331,0.2967783310698657,0.011021829887832568
900,0.29319450731854535,0.2954894120014084,0.0022949046828630304
901,0.31215104874000305,0.30996303002867065,-0.0021880187113323957
902,0.28615889542779543,0.2933491776067602,0.00719028217896478
903,0.35438986972486297,0.34763090387807455,-0.006758965846788423
904,0.2964262361048237,0.31188069010613145,0.015454454001307738
905,0.3286680750465268,0.3490958704290529,0.020427795382526093
906,0.35516322116593735,0.36191715708465366,0.006753935918716314
907,0.3006450882752376,0.30024898143956547,-0.00039610683567214977
908,0.31453397716412657,0.3207490820381269,0.006215104874000343
909,0.2916163673859465,0.29008852673406765,-0.0015278406518788312
910,0.2918301393290076,0.2888172124138625,-0.0030129269151450977
911,0.29608042854987177,0.29446645037975955,-0.001613978170112218
912,0.30798878326039936,0.31609325486645534,0.008104471606055985
913,0.3136285901111614,0.31203095920728324,-0.0015976309038781555
914,0.30738519189175595,0.32693840853075806,0.019553216639002113
915,0.30482621598511145,0.31418816960917456,0.009361953624063113
916,0.28229842563251345,0.273237010210754,-0.009061415421759422
917,0.2739676072632161,0.27342123132639207,-0.0005463759368240506
918,0.30551783109501535,0.31446607313515407,0.00894824204013872
919,0.3031160404406217,0.2901765504753282,-0.012939489965293482
920,0.33721895276897546,0.34527312509431113,0.008054172325335673
921,0.2861148835571651,0.30856659624767363,0.022451712690508552
922,0.29745737135958955,0.3094298576530355,0.011972486293445939
923,0.2921696594738695,0.2962250389819426,0.004055379508073054
924,0.33649904431366634,0.3497233539560383,0.013224309642371979
925,0.3263480207233037,0.33173633117046425,0.005388310447160538
926,0.3088218650973291,0.3199128564961521,0.01109099139882297
927,0.30572845933303155,0.30806108847643476,0.0023326291434032087
928,0.27571865097329107,0.2903802625622453,0.014661611588954238
929,0.30990329963281527,0.30858923092399776,-0.0013140687088175063
930,0.3102899753533524,0.30879357175192396,-0.001496403601428442
931,0.3240908405009809,0.3248830541723254,0.0007922136713444661
932,0.3004658970876717,0.3123113776972989,0.011845480609627201
933,0.2953730949147428,0.3041220260550274,0.008748931140284633
934,0.2873755092802173,0.2878590111161411,0.00048350183592377194
935,0.32066734570695643,0.31553996277853225,-0.0051273829284241845
936,0.3102491071877672,0.31365059604647655,0.003401488858709334
937,0.29094361450631256,0.296834917760676,0.005891303254363434
938,0.2844267139479906,0.28728434183391177,0.002857627885921199
939,0.30335496202404305,0.3185604345857855,0.015205472561742428
940,0.32600221316835165,0.3430781902318797,0.017075977063528036
941,0.3174890599064434,0.3372692520496957,0.01978019214325233
942,0.32255671243901207,0.32588778230471294,0.003331069865700864
943,0.31326392032593936,0.3066181278607716,-0.006645792465167777
944,0.2830277652029576,0.28857326090236907,0.005545495699411485
945,0.3125408681655853,0.3268384387103265,0.014297570544741178
946,0.30253131130224836,0.30443639655952925,0.0019050852572808918
947,0.28930260047281325,0.2946626175745687,0.005360017101755432
948,0.29887203862984757,0.294728635380514,-0.004143403249333544
949,0.30664327750113174,0.3162931945073185,0.009649917006186781
950,0.30454956994114984,0.29965293496302997,-0.004896634978119874
951,0.29439540264574215,0.29178801368140433,-0.00260738896433782
952,0.30409058900457725,0.3173884613450027,0.013297872340425454
953,0.2619397917609778,0.26651828378854187,0.004578492027564052
954,0.28432925909159495,0.2854911724762337,0.0011619133846387242
955,0.287498113776973,0.28422488808410046,-0.003273225692872528
956,0.32040641818821997,0.3147842160857099,-0.005622202102510077
957,0.30086514762838895,0.29257205371963185,-0.008293093908757099
958,0.2855615914692419,0.2891799959760576,0.0036184045068156645
959,0.29724359941652834,0.3269767617323072,0.029733162315778883
960,0.32489562899250535,0.34216714450983354,0.017271515517328195
961,0.29658656506211967,0.30179379809868717,0.005207233036567505
962,0.3026256224535989,0.3063892661334943,0.003763643679895401
963,0.27932133695488154,0.29343720134802076,0.014115864393139221
964,0.34521653840350086,0.3618473668326542,0.016630828429153366
965,0.3046878929631306,0.3116807504652684,0.006992857502137795
966,0.2892711634223631,0.29588551883708064,0.006614355414717554
967,0.3276778079573462,0.343484356923696,0.01580654896634981
968,0.3309063930385796,0.3333213872541622,0.002414994215582611
969,0.2944142648760123,0.29947562999849103,0.005061365122478734
970,0.2849297067551934,0.27686610331472267,-0.008063603440470746
971,0.310032191539661,0.30110909913988226,-0.008923092399778731
972,0.31113877571550724,0.3092324329762084,-0.0019063427392988497
973,0.30607112318293855,0.3135694884563151,0.0074983652733765505
974,0.28440785171772043,0.2944142648760123,0.010006413158291871
975,0.30774986167697804,0.30981967707861774,0.0020698154016396964
976,0.2981489864694935,0.3043766661636738,0.00622767969418031
977,0.26065087269252046,0.27964199486947333,0.018991122176952868
978,0.30027413107992557,0.3084439917509179,0.008169860670992346
979,0.3045464262361048,0.29925179819928577,-0.005294628036819016
980,0.3175487903022987,0.32645993662290623,0.008911146320607521
981,0.30841632714652184,0.30279161007997585,-0.005624717066545992
982,0.2877496101805744,0.2833044112469192,-0.004445198933655192
983,0.299123535033449,0.3006262260449675,0.0015026910115185088
984,0.3224089583018963,0.3253256878426638,0.002916729540767493
985,0.3042603490770082,0.3120315879482924,0.00777123887128417
986,0.29317878879332027,0.3039648408027765,0.01078605200945626
987,0.3131538906493637,0.32108294351390787,0.00792905286454415
988,0.2992524269402947,0.3008437704340829,0.0015913434937881998
989,0.29812383682913335,0.3142133192495347,0.01608948242040137
990,0.3259676324128565,0.33645503244303615,0.010487400030179672
991,0.2988531763995775,0.3120479352145265,0.013194758814949026
992,0.29364091343493787,0.3087055480106635,0.015064634575725655
993,0.3012109551833409,0.30355112921885224,0.0023401740355113443
994,0.28012612544640614,0.2912410090035713,0.011114883557165167
995,0.27972687490568887,0.28195953422866055,0.002232659322971675
996,0.3105037472964136,0.3255784417282834,0.015074694431869762
997,0.27843166842714145,0.2892950555807053,0.01086338715356383
998,0.2872529047834616,0.29783775967003673,0.010584854886575124
999,0.29949763593380613,0.29776922690005536,-0.0017284090337507663
1000,0.3070268095166239,0.3054832503395201,-0.0015435591771038037
1001,0.31791660379256576,0.3211797696292943,0.003263165836728532
1002,0.291195110909914,0.2848988984457523,-0.006296212464161732
1003,0.2953039334037524,0.30958955786932246,0.01428562446557008
1004,0.30758953271968215,0.3262128414063679,0.01862330868668577
1005,0.29251546702882153,0.31158643931391783,0.0190709722850963
1006,0.3244743725164731,0.35500414969065947,0.030529777174186368
1007,0.29664000804788493,0.30333421357074597,0.006694205522861041
1008,0.3401771792163373,0.33873170363663807,-0.001445475579699207
1009,0.30807051959156984,0.30950404909209805,0.001433529500528219
1010,0.31400583471656357,0.3155211005482622,0.0015152658316986423
1011,0.3335942608520698,0.3300412454101906,-0.0035530154418791926
1012,0.29125169760072434,0.29339696192344455,0.0021452643227202195
1013,0.30011065841758466,0.2984432372617071,-0.0016674211558775909
1014,0.31963621045219054,0.3057718424626528,-0.013864367989537718
1015,0.3147351742870077,0.31079611186560024,-0.003939062421407458
1016,0.2862029072984256,0.29555228610230866,0.009349378803883035
1017,0.277645742165887,0.2902193048639405,0.012573562698053486
1018,0.2879350887782305,0.2996894019415522,0.011754313163321706
1019,0.2915000502992807,0.30646345757255666,0.014963407273275942
1020,0.2774068205824657,0.27960489914994224,0.002198078567476558
1021,0.2902645742165887,0.2888731703636638,-0.0013914038529249106
1022,0.2924085810572909,0.30898533775967,0.016576756702379125
1023,0.29400558322015996,0.2893629596096776,-0.004642623610482344
1024,0.29479150948141436,0.3051129218852171,0.010321412403802743
1025,0.29545168754086815,0.30044640611639256,0.004994718575524415
1026,0.30454328253105983,0.30152281072380666,-0.0030204718072531778
1027,0.3049110960213269,0.31074769880790715,0.005836602786580269
1028,0.2750364669785222,0.27641906845732106,0.0013826014787988727
1029,0.29166666666666674,0.2980219807856747,0.006355314119007971
1030,0.29979314420803777,0.309494617976963,0.009701473768925217
1031,0.33664051104069204,0.3400853830290227,0.0034448719883306556
1032,0.3163887631406871,0.29896760726321614,-0.01742115587747095
1033,0.29103478195261806,0.2892045168754087,-0.0018302650772093476
1034,0.2896295457974951,0.30600447663598407,0.016374930838488955
1035,0.3429122026055028,0.35886336200392344,0.015951159398420622
1036,0.28181429505558064,0.29122026055027417,0.009405965494693524
1037,0.3111639253558675,0.3063062723203058,-0.0048576530355617376
1038,0.3081836929731905,0.3166113374578745,0.008427644484684027
1039,0.31663711583924353,0.3262222725215029,0.009585156682259344
1040,0.3094474624012877,0.31615487148533766,0.006707409084049987
1041,0.2836690810321412,0.2949417785825663,0.011272697550425093
1042,0.3087244102409335,0.30592714149187666,-0.002797268749056836
1043,0.28801368140435596,0.29491725768321514,0.00690357627885918
1044,0.3315634273929882,0.32516347266234086,-0.006399954730647361
1045,0.3349743473668326,0.32979980886273325,-0.00517453850409938
1046,0.28967984507821537,0.30045646597253667,0.010776620894321298
1047,0.2733388662542126,0.2752552688496555,0.001916402595442901
1048,0.3044741210200694,0.3315414214576732,0.027067300437603803
1049,0.2970361148835572,0.3127741310799255,0.015738016196368332
1050,0.3113336854282984,0.31193979176097786,0.0006061063326794347
1051,0.29758311956139033,0.30638172124138624,0.00879860167999591
1052,0.26430385795483125,0.2597882400281676,-0.004515617926663662
1053,0.27640712237814996,0.2887618832050702,0.01235476082692022
1054,0.28908254111966203,0.29511090991398825,0.006028368794326222
1055,0.3209974347366833,0.318840853075801,-0.002156581660882284
1056,0.3150872692520498,0.3107590161460692,-0.004328253105980562
1057,0.2953007896987073,0.3033172375635029,0.00801644786479555
1058,0.31022710125245206,0.31314445953422865,0.002917358281776583
1059,0.30856722498868266,0.32127408078064484,0.01270685579196218
1060,0.27551745385040993,0.29356672199587547,0.018049268145465536
1061,0.28438270207736027,0.30167748101202163,0.01729477893466136
1062,0.2984822192042654,0.30302801669936125,0.004545797495095871
1063,0.27615562597454857,0.2735048538805895,-0.002650772093959086
1064,0.2858382375132036,0.2884808359740456,0.002642598460842027
1065,0.32309742970675515,0.31831271062823807,-0.0047847190785170746
1066,0.29081786630451184,0.29898143956541423,0.00816357326090239
1067,0.28639152960112674,0.2886637996076656,0.0022722700065388457
1068,0.31865851818319,0.3255973039585534,0.0069387857753633875
1069,0.2885261053266938,0.2980295256777828,0.009503420351088976
1070,0.3284134349378804,0.32625496705397117,-0.002158467883909221
1071,0.32581673457069565,0.33422928927116347,0.008412554700467811
1072,0.2979729389869725,0.31139593078818967,0.013422991801217143
1073,0.31105075197424675,0.3136832905789447,0.0026325386046979204
1074,0.2843544087319552,0.28961508475428804,0.005260676022332822
1075,0.2923205573160304,0.3061119913485237,0.013791434032493277
1076,0.32260701171973244,0.31263329309390864,-0.009973718625823802
1077,0.27241147326593235,0.29147175695387556,0.019060283687943214
1078,0.3098938685176802,0.317784568180675,0.007890699662994827
1079,0.30740405412202604,0.3119158996026357,0.0045118454806096775
1080,0.2669445701926462,0.26123245812584883,-0.005712112066797392
1081,0.28671847492580854,0.2916415170263065,0.004923042100497932
1082,0.2822669885820633,0.2799016649061919,-0.002365323675871389
1083,0.28432297168150494,0.2987588652482269,0.01443589356672198
1084,0.31828756098787786,0.32834553090890795,0.010057969921030085
1085,0.2936786378954781,0.2895754740707208,-0.004103163824757283
1086,0.28312207635430814,0.2851063829787235,0.001984306624415344
1087,0.2960992907801418,0.29945299532216685,0.003353704542025049
1088,0.2902111312308234,0.2994052110054827,0.009194079774659247
1089,0.29550198682158846,0.3039585533926865,0.008456566571098056
1090,0.2986865600321915,0.30748264674815146,0.008796086715959939
1091,0.31970222825813593,0.3335722549167547,0.01387002665861875
1092,0.2942445048035813,0.30310032191539665,0.008855817111815378
1093,0.32798589105175796,0.3286240631758966,0.0006381721241386362
1094,0.297708867763191,0.30300160957698313,0.0052927418137921345
1095,0.2887681706151602,0.2965218047381923,0.007753634123032094
1096,0.30564357929681607,0.3136059554348373,0.007962376138021254
1097,0.31944444444444436,0.32172677430712737,0.002282329862683008
1098,0.30543609476384487,0.3144874503294603,0.009051355565615427
1099,0.3102711131230823,0.3164422061264524,0.006171093003370098
1100,0.2945211508475429,0.28166339721341993,-0.012857753634122948
1101,0.31760223328806403,0.3176902570293246,8.802374126054557e-05
1102,0.28217896484080274,0.28557668125345803,0.003397716412655294
1103,0.30019868215884515,0.315323047130426,0.015124364971580873
1104,0.3262096977013229,0.32837256677229515,0.00216286907097224
1105,0.2961370152406821,0.28884110457220463,-0.007295910668477457
1106,0.310029047834616,0.2961659373270962,-0.013863110507519816
1107,0.2830874955988129,0.29005080227352753,0.00696330667471462
1108,0.313386524822695,0.3190923494794024,0.005705824656707381
1109,0.2834615964991701,0.2830667471455159,-0.00039484935365419194
1110,0.3072845933303153,0.31291496906594235,0.0056303757356270245
1111,0.30446468990493436,0.30682561239374273,0.00236092248880837
1112,0.3160366681756451,0.33948933655248736,0.02345266837684229
1113,0.3222077611790151,0.3254992203611488,0.0032914591821336936
1114,0.32136839193199535,0.31586062069312415,-0.005507771238871195
1115,0.3137732005432323,0.30693249836527337,-0.006840702177958957
1116,0.30478849152457116,0.302817388461345,-0.001971103063226176
1117,0.3165050802273528,0.308806146572104,-0.0076989336552488186
1118,0.29281097530305317,0.30038227453347416,0.007571299230420991
1119,0.330802650772094,0.34060032191539646,0.009797671143302489
1120,0.2853698254614959,0.2957006689804336,0.010330843518937705
1121,0.29699210301292694,0.3037730747950304,0.006780971782103462
1122,0.33135594286001707,0.3225806045973542,-0.008775338262662857
1123,0.32114204516875405,0.3439276193350435,0.022785574166289457
1124,0.29943476183290574,0.29377797897490066,-0.005656782858005083
1125,0.28420665459483924,0.30209559378300893,0.017888939188169695
1126,0.27262210150394856,0.2916352296162165,0.019013128112267963
1127,0.2851214727629395,0.3157537347215934,0.030632261958653928
1128,0.28674048086112364,0.29311905839746494,0.006378577536341301
1129,0.27021402343946477,0.28053920828932144,0.010325184849856672
1130,0.27626879935616916,0.2779098133896685,0.0016410140334993661
1131,0.2833987223982697,0.29783587344700974,0.014437151048740049
1132,0.2851371912881645,0.2817086665660681,-0.0034285247220964266
1133,0.28575021377194304,0.2962501886223026,0.010499974850359584
1134,0.29833132136210455,0.2972574317187265,-0.0010738896433780676
1135,0.3116543433428902,0.3258412554700468,0.014186912127156559
1136,0.2849737186258236,0.29098133896685274,0.006007620341029141
1137,0.2945588753080831,0.29554474121020075,0.000985865902117633
1138,0.31634475127005685,0.3163975655148132,5.2814244756338447e-05
1139,0.32142812232785073,0.321135757758664,-0.0002923645691867427
1140,0.31658996026356817,0.3083496805995676,-0.008240279664000594
1141,0.29602384185906144,0.3149495749710779,0.018925733112016452
1142,0.3062471706654595,0.30651124188924095,0.0002640712237814702
1143,0.29297444796539407,0.30042502892208645,0.007450580956692376
1144,0.30723115034455006,0.29519704743222175,-0.012034102912328315
1145,0.31845732106030883,0.3266963432422916,0.008239022181982747
1146,0.29955107891957156,0.3104924299582516,0.010941351038680047
1147,0.31336451888737993,0.31407499622755397,0.0007104773401740427
1148,0.30495825159700213,0.3033832553694482,-0.0015749962275539153
1149,0.28506802977717416,0.2786668175645089,-0.006401212212665264
1150,0.29328253105980584,0.31069174085810575,0.017409209798299907
1151,0.276045596297973,0.28272911322368094,0.006683516925707955
1152,0.30270107137467933,0.3042672652281072,0.0015661938534278774
1153,0.2673155273879584,0.2801619636839193,0.012846436295960939
1154,0.3113022483778482,0.30965368945224075,-0.0016485589256074462
1155,0.3034618479955737,0.3234715306071123,0.020009682611538626
1156,0.28749182636688303,0.29981766510738894,0.012325838740505912
1157,0.3073537548413058,0.3213847391982295,0.014030984356923737
1158,0.2939458528243046,0.3066086967456365,0.012662843921331934
1159,0.2935277400533173,0.28718374327247115,-0.006343996780846128
1160,0.31349026708918054,0.31869938634877526,0.005209119259594719
1161,0.3002489814395654,0.29528192746843723,-0.004967053971128177
1162,0.32328919571450127,0.3310478597656054,0.007758664051104147
1163,0.2882840400382275,0.29030669986419194,0.0020226598259644457
1164,0.2909247522760424,0.29329636336200393,0.0023716110859615114
1165,0.31160404406216985,0.3254313163321764,0.013827272270006574
1166,0.3046564559126804,0.305461244404205,0.0008047884915245995
1167,0.2790855590765052,0.29254941904330767,0.013463859966802494
1168,0.2865141340978824,0.2737173683416327,-0.012796765756249717
1169,0.3172124138624817,0.32238695236658116,0.005174538504099435
1170,0.30816483074292034,0.3015221819827977,-0.00664264876012266
1171,0.27394874503294603,0.2722542880136814,-0.001694457019264628
1172,0.30705824656707414,0.31536768774206525,0.008309441174991106
1173,0.28802939992958104,0.30236846738091644,0.014339067451335397
1174,0.29653312207635424,0.30776369397917613,0.011230571902821895
1175,0.29565602836879434,0.28689200744429355,-0.008764020924500793
1176,0.3057630400885268,0.30159574468085115,-0.004167295407675631
1177,0.2930813339369247,0.29477327599215325,0.0016919420552285458
1178,0.31505583220159955,0.3204567174689402,0.0054008852673406715
1179,0.3031066093254866,0.3101768019717318,0.007070192646245199
1180,0.3097209647402042,0.3203938433680398,0.010672878627835558
1181,0.2885701171973241,0.2937402545143605,0.005170137317036361
1182,0.2817985765303556,0.2910398118806901,0.009241235350334498
1183,0.2999471857552437,0.2988494039535235,-0.0010977818017202101
1184,0.30027727478497057,0.2935811830390826,-0.006696091745887978
1185,0.2983093154267894,0.3097127911070871,0.011403475680297703
1186,0.2829397414616971,0.3082088426135506,0.02526910115185349
1187,0.30385795483124595,0.29859916503194006,-0.005258789799305885
1188,0.2940778884361953,0.2977403048136411,0.0036624163774457985
1189,0.3023238267692772,0.30242065288466374,9.682611538652797e-05
1190,0.31084641114632056,0.32309868718877316,0.012252276042452603
1191,0.3614443438458829,0.36560409436145047,0.004159750515567551
1192,0.28857954831245913,0.28692847442281577,-0.0016510738896433619
1193,0.2994001810774106,0.3059390875710477,0.006538906493637087
1194,0.33041283134651167,0.3340658166088225,0.003652985262310837
1195,0.30135556561541166,0.3226912630149389,0.02133569739952723
1196,0.3326385745183844,0.32523640661938535,-0.007402167898999057
1197,0.33089381821839947,0.3232860520094563,-0.007607766208943156
1198,0.3099504552084905,0.3182800160957698,0.008329560887279264
1199,0.2967406066093255,0.3020509531713696,0.005310346562044099
1200,0.301402721191087,0.30817363311704643,0.006770911925959411
1201,0.30284253810170514,0.31419571450128264,0.011353176399577503
1202,0.30109149439163024,0.3068859715306071,0.00579447713897685
1203,0.31576630954177354,0.31577888436195367,1.257482018013345e-05
1204,0.2937729490468286,0.3030468789296313,0.009273929882802678
1205,0.2791484331774056,0.277457119863186,-0.0016913133142196224
1206,0.2699373773955032,0.2765265831698606,0.006589205774357398
1207,0.2883657763693979,0.2995674261858056,0.0112016498164077
1208,0.30026155625974554,0.3162190030682561,0.015957446808510578
1209,0.2956968965343796,0.2953951008500579,-0.000301795684321704
1210,0.3059139379306876,0.3026463709068961,-0.0032675670237914956
1211,0.3107206629445199,0.3209546803480711,0.010234017403551232
1212,0.29760198179166036,0.2883154770886776,-0.009286504702982756
1213,0.29266007746089234,0.28830290226849753,-0.004357175192394813
1214,0.319189804335798,0.3170457974950958,-0.002144006840702206
1215,0.2929210049796288,0.3041000201197123,0.011179015140083515
1216,0.2904280468789297,0.3092777023288567,0.018849655449927005
1217,0.33205070167496603,0.32189087571047736,-0.010159825964488667
1218,0.33017705346813536,0.34017403551129216,0.009996982043156799
1219,0.32341808762134694,0.30996743121573356,-0.013450656405613381
1220,0.2975705447412102,0.30202203108495557,0.00445148634374537
1221,0.30393340375232636,0.30195286957396517,-0.001980534178361193
1222,0.3048262159851114,0.310742668879835,0.0059164528947235895
1223,0.2777086162667874,0.27205371963180924,-0.005654896634978146
1224,0.32168904984658725,0.3398911020572407,0.018202052210653463
1225,0.3072531562798652,0.31960037221467735,0.012347215934812139
1226,0.3247981741361098,0.34082918364267395,0.016031009506564164
1227,0.3043735224586288,0.30448669584024946,0.00011317338162064594
1228,0.2992052713646195,0.29504300588501586,-0.004162265479603633
1229,0.3020597555454957,0.301043081333937,-0.0010166742115587102
1230,0.3319280971782103,0.33713407273275986,0.005205975554549547
1231,0.291019063427393,0.28366342236306025,-0.00735564106433273
1232,0.2907361299733414,0.296662642724209,0.005926512750867585
1233,0.3200480358130879,0.33293722649766105,0.01288919068457317
1234,0.3081333936924702,0.31966450379759576,0.01153111010512553
1235,0.2974856647049947,0.31265529902922384,0.015169634324229131
1236,0.2921696594738695,0.32156330164478647,0.029393642170916945
1237,0.3058699260600573,0.31865851818318996,0.012788592123132658
1238,0.2768723907248126,0.27601981791660385,-0.0008525728082087736
1239,0.29574405211005483,0.30671872642221215,0.010974674312157318
1240,0.2911070871686535,0.3004533222674916,0.009346235098838085
1241,0.29100334490216795,0.3078158794829234,0.016812534580755434
1242,0.308271716714451,0.3270270610130275,0.01875534429857645
1243,0.3038956792917862,0.31706151602032095,0.013165836728534774
1244,0.2960741411397817,0.30815414214576725,0.012080001005985552
1245,0.3163070268095166,0.3121007494592827,-0.0042062773502339335
1246,0.3153261908354711,0.32150671495397615,0.00618052411850506
1247,0.30390825411196626,0.298064735174287,-0.0058435189376792596
1248,0.29745108394949954,0.30542100497962876,0.007969921030129223
1249,0.3071116895528394,0.31098284794527437,0.003871158392434959
1250,0.2864921281625673,0.28233866505708965,-0.0041534631054776505
1251,0.2960332729741965,0.30118580554298074,0.005152532568784229
1252,0.2939175594788994,0.283441476786882,-0.010476082692017441
1253,0.28655500226346764,0.2818243549117248,-0.004730647351742834
1254,0.293659775665208,0.29495498214375543,0.001295206478547417
1255,0.3031034656204416,0.2961847995573663,-0.006918666063075285
1256,0.2847693777978975,0.2892963130627232,0.004526935264825671
1257,0.3020911925959459,0.310027161611589,0.007935969015643085
1258,0.30082742316784866,0.3231791660379256,0.022351742870076963
1259,0.27196192344449477,0.27765202957597707,0.005690106131482298
1260,0.30144358935667215,0.3001043710074946,-0.0013392183491775511
1261,0.2992492832352497,0.3134236205422262,0.014174337306976537
1262,0.29001936522307736,0.30954806096272824,0.01952869573965088
1263,0.29448971379709266,0.2978660530154419,0.0033763392183492336
1264,0.31222021025099345,0.317957471958151,0.005737261707157548
1265,0.3354113223680902,0.34370441627684717,0.008293093908756988
1266,0.30747635933806144,0.3076762989789246,0.00019993964086317817
1267,0.29721844977616824,0.2919451989336553,-0.005273250842512955
1268,0.30493938936673204,0.3044112469191691,-0.0005281424475629404
1269,0.2793559177103767,0.2795068155525376,0.00015089784216087976
1270,0.29394270911925957,0.28759996982043157,-0.006342739298828004
1271,0.3019843066244153,0.29519390372717674,-0.006790402897238534
1272,0.28558674110960214,0.2994316181278608,0.01384487701825865
1273,0.26710804285498724,0.2722146773301142,0.005106634475126937
1274,0.3081962677933706,0.2975284190936069,-0.010667848699763727
1275,0.2901293948996529,0.29476007243096425,0.004630677531311356
1276,0.32200970776117893,0.3464293798098688,0.02441967204868989
1277,0.303700769578995,0.301764247271264,-0.0019365223077310034
1278,0.2937666616367386,0.2944023187968412,0.0006356571601026095
1279,0.2809403450530658,0.2869863185956441,0.006045973542578298
1280,0.27755771842462656,0.272194557617826,-0.005363160806800549
1281,0.32620026658618784,0.33009280217292897,0.0038925355867411304
1282,0.30307202856999144,0.3018019717318042,-0.0012700568381872612
1283,0.3095291987324582,0.317432473215633,0.007903274483174794
1284,0.28230471304260346,0.30425028922086417,0.021945576178260706
1285,0.27902268497560484,0.28167282832855495,0.0026501433529501073
1286,0.295948392937981,0.2940967506664654,-0.0018516422715155745
1287,0.3026727780292742,0.31432146270308337,0.01164868467380914
1288,0.30219179115738637,0.29572833358482975,-0.006463457572556619
1289,0.3281084955485137,0.3265114933856446,-0.0015970021628690656
1290,0.2890133796086716,0.29537372365575176,0.006360344047080191
1291,0.3232860520094563,0.3240895830189629,0.0008035310095065862
1292,0.3116417685227101,0.31294326241134746,0.0013014938886373728
1293,0.3211483325788441,0.32648005633519434,0.005331723756350215
1294,0.2895918213369549,0.29769377797897495,0.00810195664202007
1295,0.25966374930838493,0.2728157537347216,0.013152004426336683
1296,0.31531361601529095,0.3135707459383331,-0.0017428700769578365
1297,0.31743876062572307,0.32507167647502644,0.007632915849303368
1298,0.2948292339419546,0.30355615914692413,0.008726925204969538
1299,0.3067501634726623,0.31244026960414467,0.005690106131482353
1300,0.31084326744127566,0.29559126804486696,-0.0152519993964087
1301,0.2733797344197978,0.2662743322770484,-0.007105402142749406
1302,0.2807422916352296,0.2933831296212464,0.012640837986016784
1303,0.28739751521553236,0.28724976107841665,-0.00014775413711570762
1304,0.30238984457522256,0.2956120164981641,-0.0067778280770584565
1305,0.327812987274282,0.33092525526884964,0.0031122679945676524
1306,0.31813666314571704,0.32212288114279963,0.003986217997082597
1307,0.34774407725969514,0.3376685025904129,-0.010075574669282217
1308,0.29256576630954173,0.29271037674161265,0.00014461043207092406
1309,0.33438961822845925,0.3268604446456415,-0.007529173582817739
1310,0.2982055731603038,0.2939615713495297,-0.004244001810774112
1311,0.2816413912781047,0.2786536140033198,-0.002987777274784942
1312,0.31135569136361346,0.3276652331371661,0.01630954177355265
1313,0.2900162215180323,0.28794137618832055,-0.0020748453297117497
1314,0.30092802172928923,0.3150243951511494,0.014096373421860153
1315,0.3116732055731603,0.3127169156481062,0.0010437100749459138
1316,0.3067973190483376,0.31132991298224444,0.004532593933906814
1317,0.2876867360796741,0.29454630048790303,0.006859564408228935
1318,0.32104773401740355,0.3142950555807052,-0.006752678436698356
1319,0.28774332277048437,0.2860287460389316,-0.001714576731552786
1320,0.2838419848096172,0.27543634626024854,-0.008405638549368655
1321,0.29550198682158846,0.31661636738594634,0.021114380564357882
1322,0.33852359036265783,0.3409888838589608,0.0024652934963029782
1323,0.3059202253407776,0.3117423670841507,0.005822141743373088
1324,0.283103214124038,0.2617096725516825,-0.021393541572355512
1325,0.31076781852019514,0.3193815703435441,0.008613751823348947
1326,0.2894031990342538,0.28889957748604195,-0.0005036215482118744
1327,0.29544540013077814,0.3017516724510839,0.0063062723203057836
1328,0.31859878778733464,0.328172627131432,0.00957383934409739
1329,0.31045344801569336,0.2991926965444394,-0.011260751471253938
1330,0.308988481464715,0.31993611991348525,0.010947638448770225
1331,0.29115109903928377,0.2859482671897792,-0.005202831849504541
1332,0.31039686132488303,0.30454956994114984,-0.005847291383733189
1333,0.3130878728434183,0.3174940898345153,0.004406216991097001
1334,0.29670288214878526,0.2920175041496907,-0.004685377999094575
1335,0.3051657361299733,0.3221668930134299,0.017001156883456603
1336,0.32084024948443235,0.32268246064081285,0.0018422111563805021
1337,0.2879759569438157,0.30198116291937027,0.014005205975554547
1338,0.29326366882953575,0.2971140787686736,0.003850409939137822
1339,0.2931567828580051,0.2947695035460993,0.0016127206880942047
1340,0.28458075549519646,0.28702907298425634,0.0024483174890598813
1341,0.329931844474624,0.34461294703485745,0.014681102560233472
1342,0.2897804436396559,0.28870655399627787,-0.001073889643378012
1343,0.30998189225894074,0.304226397062522,-0.005755495196418714
1344,0.3538868769176602,0.35093808158543327,-0.0029487953322269167
1345,0.30084628539811875,0.3027293647200846,0.0018830793219658526
1346,0.3344462049192697,0.33554021427493574,0.001094009355666059
1347,0.29837533323273474,0.2991361098536292,0.0007607766208944655
1348,0.3075172275036467,0.296836175242694,-0.010681052260952673
1349,0.29528192746843723,0.306854534480157,0.011572607011719749
1350,0.28969241989839545,0.28670527136461954,-0.0029871485337759074
1351,0.30478220411448115,0.31185868417081636,0.00707648005633521
1352,0.30507771238871284,0.2990304813641165,-0.006047231024596367
1353,0.29258777224485694,0.3039994215582717,0.011411649313414762
1354,0.31374490719782705,0.29602132689502547,-0.017723580302801578
1355,0.2821789648408028,0.30964237211407875,0.027463407273275953
1356,0.3145591268044867,0.3164736431769026,0.0019145163724158532
1357,0.2977214425833711,0.30152595442885166,0.003804511845480585
1358,0.33357854232684475,0.3651639756551481,0.031585433328303325
1359,0.3248956289925054,0.33108244052110064,0.006186811528595237
1360,0.29096247673658265,0.2940665710980333,0.003104094361450649
1361,0.320947135455963,0.31687100749459285,-0.004076127961370135
1362,0.2992178461847996,0.3057693274986168,0.00655148131381722
1363,0.317954328253106,0.32483904230169514,0.006884714048589147
1364,0.2878124842814747,0.2856213218650973,-0.0021911624163774013
1365,0.3048607967406066,0.3047884915245712,-7.230521603540652e-05
1366,0.2713206076153111,0.27641340978824,0.005092802172928901
1367,0.3523401740355113,0.3489965293496303,-0.0033436446858809976
1368,0.3016699361199135,0.29784593330315373,-0.003824002816759764
1369,0.26889995473064743,0.2666503194004326,-0.0022496353302148275
1370,0.2833232734771893,0.2823047130426035,-0.001018560434585758
1371,0.280465645591268,0.2766887983501837,-0.0037768472410843468
1372,0.29796665157688246,0.2994316181278608,0.0014649665509783305
1373,0.30722800663950506,0.3089532719682108,0.0017252653287057607
1374,0.2801575624968563,0.28084100397364326,0.0006834414767869501
1375,0.27849139882299684,0.27670577435742677,-0.0017856244655700682
1376,0.3090199185151652,0.3095065640561339,0.00048664554096872203
1377,0.27751999396408633,0.2858445249232936,0.008324530959207266
1378,0.3110507519742468,0.33344650671495396,0.022395754740707152
1379,0.2806668427141492,0.27718173130124235,-0.0034851114129068606
1380,0.2949832754891605,0.2948317489059906,-0.00015152658316985868
1381,0.2877433227704844,0.2871573361500931,-0.0005859866203913322
1382,0.2951247422161863,0.3022358030280166,0.0071110608118303276
1383,0.2892020019113727,0.2780607112318294,-0.011141290679543281
1384,0.2916792414868467,0.29667773250842516,0.004998491021578455
1385,0.32395251747900006,0.3350108143453549,0.011058296866354844
1386,0.30867411096021324,0.3208905487651527,0.012216437804939473
1387,0.3109941652834365,0.31071123182938487,-0.00028293345405161485
1388,0.29049092097983004,0.30798375333232736,0.017492832352497323
1389,0.2919684623509884,0.29635707459383337,0.00438861224284498
1390,0.29497384437402546,0.29678084603390165,0.001807001659876184
1391,0.33543961571349534,0.3408153513404759,0.005375735626980571
1392,0.3064389366732056,0.30014272420904387,-0.006296212464161732
1393,0.2980829686635481,0.30246843720134803,0.004385468537799919
1394,0.2766366128464363,0.2643755344298577,-0.012261078416578641
1395,0.2839520144861929,0.29121774558623814,0.007265731100045247
1396,0.31579774659222376,0.323931769025703,0.008134022433479215
1397,0.3067533071777073,0.3041880438609728,-0.002565263316734512
1398,0.29784719078517174,0.3084289019667018,0.010581711181530062
1399,0.33051971731804236,0.326228559931593,-0.004291157386449362
1400,0.31079611186560036,0.31702253407776265,0.006226422212162297
1401,0.2778658015190383,0.2816633972134198,0.003797595694381539
1402,0.34863688949248023,0.33836326140536194,-0.010273628087118292
1403,0.2879319450731854,0.30265957446808517,0.014727629394899744
1404,0.31168578039334033,0.32206629445198937,0.010380514058649037
1405,0.3035121472762939,0.3040717267743071,0.0005595794980132185
1406,0.2902488556913636,0.28243674865449425,-0.0078121070368693535
1407,0.2978471907851718,0.3023961319853126,0.004548941200140821
1408,0.30959836024344856,0.3176424727126402,0.008044112469191622
1409,0.3035970273125094,0.324655449927066,0.021058422614556593
1410,0.3320758513153262,0.3395918213369548,0.007515970021628626
1411,0.30330466274332274,0.3170363663799608,0.01373170363663806
1412,0.29593581811780095,0.3025998440722298,0.006664025954428832
1413,0.2730496453900709,0.2852918615763795,0.012242216186308552
1414,0.29562144761329917,0.31280493938936677,0.017183491776067594
1415,0.31507783813691465,0.3172721442583371,0.0021943061214224624
1416,0.30398370303304667,0.3059390875710478,0.001955384538001148
1417,0.31329535737638947,0.32238443740254513,0.00908908002615566
1418,0.29198732458125853,0.31043772949046833,0.018450404909209794
1419,0.30663699009104173,0.30304247774256826,-0.0035945123484734665
1420,0.27963885116442844,0.26852899753533527,-0.01110985362909317
1421,0.3115443136663146,0.31082440521100546,-0.0007199084553091151
1422,0.28101265026910116,0.2838388411045722,0.002826190835471032
1423,0.3135154167295407,0.31400960716261755,0.0004941904330768576
1424,0.30810195664202006,0.31167634927820537,0.0035743926361853084
1425,0.2894723605452442,0.30631067350736885,0.016838312962124624
1426,0.32261958653991246,0.32903400231376684,0.006414415773854376
1427,0.27497673658266686,0.2744026960414466,-0.0005740405412202332
1428,0.3035750213771943,0.30962979729389867,0.006054775916704391
1429,0.29613701524068203,0.31569400432573813,0.019556989085056098
1430,0.2970675519340073,0.31034656204416283,0.013279010110155531
1431,0.3229088074040542,0.32783813691464214,0.004929329510587943
1432,0.3202806699864192,0.3303329812383684,0.01005231125194922
1433,0.30760839494995224,0.3180769327498617,0.010468537799909472
1434,0.3074952215683316,0.3015228107238066,-0.005972410844524989
1435,0.2958226447361803,0.31698606709924054,0.021163422363060236
1436,0.30317891454152207,0.30848674613953014,0.005307831598008073
1437,0.2883972134198481,0.2824185151652332,-0.005978698254614889
1438,0.3023049645390071,0.3097517730496454,0.007446808510638281
1439,0.2838199788743021,0.3014775413711584,0.017657562496856294
1440,0.3044489713797093,0.31970977315024396,0.015260801770534682
1441,0.31148143956541424,0.3148433177405563,0.0033618781751420523
1442,0.2881457170162467,0.2915786429254062,0.003432925909159501
1443,0.30960464765353857,0.31865223077309995,0.009047583119561386
1444,0.2885009556863337,0.2976019817916604,0.009101026105326704
1445,0.3274168804386097,0.322355515316131,-0.005061365122478734
1446,0.33112959609677584,0.3341393793068759,0.003009783210100092
1447,0.29850108143453546,0.3109746743121573,0.012473592877621842
1448,0.3023929882802676,0.3149489462300689,0.0125559579498013
1449,0.2941753432925909,0.3035718776721493,0.009396534379558452
1450,0.2933328303405262,0.28672790604094356,-0.0066049242995826485
1451,0.31851390775111915,0.31729792263970624,-0.0012159851114129094
1452,0.28344902167899,0.30033700518082596,0.016887983501835957
1453,0.297193300135808,0.3094845581208188,0.012291257985010795
1454,0.2860520094562648,0.2894912227755143,0.0034392133192495122
1455,0.29409989437151046,0.28746730546753185,-0.006632588903978609
1456,0.29173582817765703,0.299459911473266,0.0077240832956089744
1457,0.269711030632262,0.28010789195714514,0.010396861324883155
1458,0.32871837432724715,0.31528595141089477,-0.013432422916352382
1459,0.33719694683366025,0.3186302248377848,-0.018566721995875446
1460,0.31395553543584326,0.3072839645893064,-0.006671570846536856
1461,0.3018459836024345,0.29640234394648163,-0.005443639655952848
1462,0.30680989386851765,0.3274043056184296,0.020594411749911945
1463,0.29992203611488355,0.30227667119360185,0.0023546350787183035
1464,0.32553380111664404,0.3292075348322519,0.003673733715607863
1465,0.274470600070419,0.27969229415019364,0.00522169407977463
1466,0.3002238317992053,0.30511417936723506,0.0048903475680297515
1467,0.2965897087671647,0.29489965293496306,-0.001690055832201609
1468,0.2817828580051305,0.29421306775313116,0.012430209748000687
1469,0.3280833459081535,0.3576146823600421,0.0295313364518886
1470,0.32346209949197724,0.3267233791056788,0.00326127961370154
1471,0.2770232885669735,0.2761518535284946,-0.0008714350384789182
1472,0.3193752829334541,0.32321689049846586,0.0038416075650117842
1473,0.3249239223379106,0.31976887480509025,-0.005155047532820367
1474,0.32306284895126,0.32560296262763444,0.002540113676374467
1475,0.3028896936773804,0.31450254011367645,0.011612846436296065
1476,0.2962250389819425,0.31104949449222885,0.014824455510286327
1477,0.2790918464865953,0.294013128112268,0.014921281625672689
1478,0.27884978119812887,0.2914202001911373,0.012570418993008425
1479,0.3041849001559278,0.3122830843518938,0.008098184195965974
1480,0.27204365977566525,0.2705812081887229,-0.0014624515869423593
1481,0.32144069714803086,0.33876565565112415,0.01732495850309329
1482,0.33042854987173687,0.3273540063377094,-0.003074543534027474
1483,0.3134116744630552,0.31010889794275937,-0.0033027765202958137
1484,0.30135556561541166,0.30346562044162756,0.0021100548262159013
1485,0.32016749660479854,0.315152658316986,-0.0050148382878125175
1486,0.32661523565213013,0.3202366581157889,-0.006378577536341246
1487,0.30730031185554046,0.32385946380966757,0.016559151954127105
1488,0.3134211055781902,0.3161649313414818,0.0027438257632916296
1489,0.2910316382475731,0.3054015140083497,0.014369875760776585
1490,0.2892963130627232,0.2914962778532267,0.0021999647905034947
1491,0.2970455459986922,0.2972624616467984,0.00021691564810621955
1492,0.2875609878778733,0.30177053468135406,0.014209546803480744
1493,0.2942633670338515,0.28554901664906196,-0.008714350384789515
1494,0.28724661737337154,0.3048947487550927,0.017648131381721166
1495,0.2961370152406821,0.3020974800060359,0.0059604647653538345
1496,0.30249358684170813,0.3113902721191087,0.008896685277400562
1497,0.29938760625723054,0.31481062320808817,0.015423016950857626
1498,0.28939691162416376,0.29086187817514214,0.001464966550978386
1499,0.3206139027211911,0.3308623811679493,0.010248478446758191
1500,0.28095920728333584,0.29423570242945535,0.013276495146119505
1501,0.29929958251597,0.3150583471656356,0.01575876464966558
1502,0.28285486142548166,0.293297620844022,0.010442759418540337
1503,0.29579749509582015,0.2989908706805493,0.0031933755847291523
1504,0.26669936119913484,0.26961043207082136,0.0029110708716865163
1505,0.31389580503998793,0.329763341884211,0.015867536844223096
1506,0.3215035712489312,0.32422790604094365,0.0027243347920124505
1507,0.2881614355414718,0.28715293496303007,-0.0010085005784417067
1508,0.30202517479000046,0.28907625370957196,-0.0129489210804285
1509,0.31890372717670135,0.3232671897791861,0.004363462602484769
1510,0.31050374729641367,0.31042829837533326,-7.544892108041212e-05
1511,0.29333283034052615,0.303517177204366,0.010184346863839844
1512,0.2854547054977114,0.2884550575926765,0.0030003520949650753
1513,0.30371648810422014,0.31289422061264527,0.00917773250842513
1514,0.2918238519189175,0.28955032443036066,-0.002273527488556859
1515,0.29825587244102414,0.30579573462099485,0.007539862179970713
1516,0.30392711634223635,0.30426915145113426,0.000342035108897909
1517,0.30194343845883,0.3111765001760475,0.009233061717217494
1518,0.2985010814345355,0.323244555102862,0.024743473668326466
1519,0.3129621246416176,0.33538491524571207,0.022422790604094467
1520,0.3381935013329309,0.33868391931995384,0.0004904179870229286
1521,0.30520974800060363,0.30452064785473565,-0.0006891001458679824
1522,0.301767390976309,0.28635003269453246,-0.015417358281776539
1523,0.3094631809265128,0.3128690709722851,0.0034058900457722974
1524,0.2934774407725969,0.30532983753332327,0.011852396760726358
1525,0.3119561390272119,0.3290302298677129,0.01707409084050099
1526,0.3088250088023742,0.30262687993561693,-0.0061981288667572465
1527,0.3218399476887481,0.32317162114581766,0.001331673457069582
1528,0.2985325184849857,0.296474020421508,-0.0020584980634776873
1529,0.28298375333232734,0.2897980483879081,0.006814295055580788
1530,0.3029274181379206,0.28873044615461996,-0.014196971983300666
1531,0.29933101956642016,0.3110457220461747,0.011714702479754535
1532,0.26991851516523313,0.2776608319501031,0.007742316784869974
1533,0.28774017906543936,0.28984457522257434,0.00210439615713498
1534,0.3189225894069715,0.31426298978924605,-0.004659599617725441
1535,0.28119812886675727,0.27781235853327296,-0.003385770333484306
1536,0.2890196670187616,0.2965544992706604,0.0075348322518988264
1537,0.32679442683969623,0.3204868970373724,-0.006307529802323852
1538,0.272358030280167,0.28756413158291844,0.015206101302751462
1539,0.29280468789296316,0.3064823198028269,0.013677631909863763
1540,0.3303279513102963,0.32175318142950554,-0.008574769880790756
1541,0.32593305165736136,0.3207553694482169,-0.005177682209144441
1542,0.2870297017252654,0.29317438760625725,0.006144685880991874
1543,0.2813930385795483,0.2899502037120869,0.008557165132538624
1544,0.2794062169910971,0.2849416528343645,0.005535435843267433
1545,0.3230471304260349,0.3280141843971632,0.004967053971128288
1546,0.29572833358482975,0.3019214325235149,0.006193098938685138
1547,0.3073443237261707,0.30197047432221713,-0.005373849403953579
1548,0.3082277048438207,0.3100887782304713,0.0018610733866505913
1549,0.2944268396961923,0.3090815351340476,0.014654695437855303
1550,0.29947562999849103,0.30574920778632864,0.006273577787837603
1551,0.31052260952668376,0.33038076555505247,0.019858156028368712
1552,0.288912781047231,0.28886876917660087,-4.401187063013401e-05
1553,0.2964608168603189,0.29851868618278754,0.002057869322468653
1554,0.28171369649414013,0.28181429505558075,0.00010059856144062351
1555,0.3147477491071878,0.31836929731904834,0.003621548211860559
1556,0.2990417987022786,0.317436874402696,0.01839507570041743
1557,0.3113588350686585,0.32067048941200144,0.009311654343342912
1558,0.3023615512298174,0.31596687792364564,0.013605326693828246
1559,0.30443639655952925,0.29777299934610924,-0.006663397213420019
1560,0.30993788038831044,0.3144711030632261,0.004533222674915682
1561,0.29381067350736884,0.29054625018862235,-0.00326442331874649
1562,0.27701071374679337,0.286978773703536,0.009968059956742659
1563,0.2825813590865651,0.2829749509582013,0.0003935918716361786
1564,0.2786705900105629,0.2788089130325437,0.00013832302198080182
1565,0.2879162265479604,0.2999320959710276,0.012015869423067205
1566,0.3003212866556008,0.3076932749861677,0.007371988330566903
1567,0.2729993461093506,0.2805341783612495,0.007534832251898882
1568,0.30347442281575376,0.29497384437402546,-0.008500578441728301
1569,0.3041283134651175,0.3140498465871938,0.009921533122076331
1570,0.3270616417685227,0.352294904682863,0.025233262914340304
1571,0.30238355716513254,0.30878351189577985,0.006399954730647306
1572,0.2949424073235753,0.30270735878476934,0.007764951461194047
1573,0.2979572204617474,0.3092123132639203,0.011255092802172906
1574,0.28552386700870175,0.2805442382173935,-0.004979628791308255
1575,0.30233325788441223,0.3013241285649615,-0.0010091293194507411
1576,0.302116342236306,0.2993750314370504,-0.002741310799255603
1577,0.30883758362255426,0.30241310799255583,-0.006424475629998427
1578,0.31465029425079216,0.3205133041597505,0.005863009908958328
1579,0.3080422262461647,0.32183869020673006,0.013796463960565386
1580,0.2925972033599919,0.2948179166037926,0.002220713243800687
1581,0.2986865600321915,0.2875452693526483,-0.011141290679543225
1582,0.2967468940194155,0.3185296262763442,0.021782732256928672
1583,0.32353754841305765,0.3220964740204215,-0.0014410743926361325
1584,0.29324480659926566,0.30126502691011514,0.00802022031084948
1585,0.34839796790905886,0.38099441677984,0.032596448870781114
1586,0.3406267290377748,0.3680536693325286,0.027426940294753788
1587,0.3041157386449374,0.29943413309189676,-0.004681605553040646
1588,0.3149489462300689,0.3214186912127157,0.006469744982646797
1589,0.3016164931341483,0.29494240732357524,-0.006674085810573049
1590,0.2704403702027061,0.2762612544640612,0.005820884261355075
1591,0.29364091343493787,0.31136512247874853,0.017724209043810668
1592,0.2869385342789598,0.28822493838338115,0.0012864041044213237
1593,0.3193941451637241,0.32075411196619885,0.0013599668024747436
1594,0.34505620944620485,0.360224586288416,0.015168376842211173
1595,0.3008965846788391,0.30977755143101454,0.008880966752175423
1596,0.3068413309189678,0.30523489764096373,-0.0016064332780040824
1597,0.2768912529550827,0.2747661083446506,-0.002125144610432117
1598,0.2995227855741663,0.2939691162416378,-0.005553669332528488
1599,0.30108206327649517,0.31219568935164227,0.011113626075147098
1600,0.2842915346310548,0.28214124038026256,-0.0021502942507922174
1601,0.30298400482873095,0.2984004828730949,-0.00458352195563605
1602,0.3113116794929832,0.3242216186308536,0.012909939137870363
1603,0.303694482168905,0.3124905688848649,0.008796086715959939
1604,0.2958132136210452,0.2981112620089532,0.002298048387908036
1605,0.2915314873497309,0.3064546551984307,0.014923167848699792
1606,0.2720625220059353,0.27963256375433826,0.007570041748402978
1607,0.3233394949952215,0.31642711634223625,-0.006912378652985274
1608,0.27027689754036516,0.2759795784920276,0.005702680951662431
1609,0.2931945073185454,0.3018837080629748,0.008689200744429415
1610,0.3190609124289523,0.33146094260852066,0.012400030179568367
1611,0.304043433428902,0.3208616266787384,0.01681819324983641
1612,0.30524747246114387,0.307045043005885,0.0017975705447411117
1613,0.30771213721643786,0.30954554599869216,0.0018334087822542977
1614,0.2976711433026508,0.29207157587646493,-0.005599567426185892
1615,0.3124339821940546,0.32042402293647193,0.007990040742417326
1616,0.2994379055379508,0.2914277450832453,-0.008010160454705484
1617,0.2829397414616971,0.28302147779286757,8.173633117047885e-05
1618,0.26979276696343246,0.277631909863689,0.007839142900256557
1619,0.3163824757305971,0.3150809818419597,-0.0013014938886373728
1620,0.2934334289019668,0.3006972737789849,0.007263844877018144
1621,0.29462174940898345,0.3083006388008652,0.013678889391881777
1622,0.2972624616467984,0.30272999346109347,0.005467531814295046
1623,0.3141724510839495,0.31298035813087877,-0.0011920929530707114
1624,0.33179920527136464,0.3346807253156279,0.002881520044263286
1625,0.3061968713847392,0.3108055429807353,0.0046086715959960944
1626,0.2626879935616921,0.258277375383532,-0.004410618178160075
1627,0.2829523162818772,0.30438295357376394,0.02143063729188671
1628,0.30316633972134205,0.2909781952618078,-0.012188144459534256
1629,0.29457773753835326,0.31410014586791407,0.019522408329560814
1630,0.31597693777978975,0.32292138222423417,0.00694444444444442
1631,0.30533863990744936,0.3172312760927519,0.011892636185302563
1632,0.29941275589759064,0.30523301141793674,0.005820255520346096
1633,0.29729075499220364,0.30381457170162474,0.006523816709421093
1634,0.29257205371963185,0.30024583773452046,0.007673784014888607
1635,0.2875547004677833,0.29482294653186464,0.0072682460640813296
1636,0.2994504803581308,0.29783838841104576,-0.0016120919470850592
1637,0.2944142648760123,0.3082905789447211,0.013876314068708817
1638,0.31570657914591826,0.311615361400332,-0.00409121774558624
1639,0.30942231276092746,0.3072028569991449,-0.0022194557617825628
1640,0.3131476032392737,0.33653614003319743,0.02338853679392372
1641,0.30497711382727233,0.30879608671596,0.003818972888687655
1642,0.2798557668125346,0.2827831849504553,0.00292741813792069
1643,0.2995070670489412,0.30575549519641865,0.006248428147477447
1644,0.2573311201649816,0.2675349580001007,0.010203837835119078
1645,0.3079227654544541,0.30503621548211857,-0.002886549972335506
1646,0.2964010864644635,0.31226925204969563,0.01586816558523213
1647,0.34332402796640016,0.3432611538654997,-6.28741009004452e-05
1648,0.33282405311604046,0.3504225139580504,0.017598460842009944
1649,0.33535787938232486,0.3349491977264726,-0.0004086816558522832
1650,0.2991329661485841,0.2988053920828932,-0.0003275740656908943
1651,0.27698556410643327,0.2866053015441879,0.009619737437754627
1652,0.32714652180473813,0.33882727227000664,0.011680750465268508
1653,0.3269956239625773,0.35135242191036664,0.024356797947789333
1654,0.2852818017202354,0.29773087369850604,0.012449071978270665
1655,0.3090450681555254,0.30729716815049546,-0.0017479000050299454
1656,0.2926349278205322,0.29295684321714194,0.000321915396609751
1657,0.29162265479603633,0.2923394195463005,0.000716764750264165
1658,0.2848919822946532,0.2874390121221267,0.0025470298274735126
1659,0.3146911624163774,0.3062220210250994,-0.008469141391278023
1660,0.2816602535083748,0.29284869976359346,0.011188446255218643
1661,0.31271062823801615,0.3087508173633117,-0.003959810874704428
1662,0.3294477138976913,0.3392309239977868,0.00978321010009553
1663,0.32536718474925813,0.33501961671948094,0.009652431970222808
1664,0.3189225894069715,0.3254111966198883,0.00648860721291683
1665,0.2868976661133746,0.29909209798299885,0.012194431869624267
1666,0.29235199436648057,0.29452743825763295,0.0021754438911523732
1667,0.2782053216639002,0.2850208742014989,0.00681555253759869
1668,0.31609954227654546,0.3230521603541069,0.006952618077561423
1669,0.2919496001207183,0.29658342135707466,0.004633821236356361
1670,0.28602371611085964,0.29951712690508525,0.013493410794225613
1671,0.3022735274885569,0.30794162768472405,0.005668100196167147
1672,0.3169860670992405,0.3277501131733816,0.01076404607414111
1673,0.3134776922690006,0.31589834515366433,0.0024206528846637543
1674,0.292961873145214,0.32484155726573116,0.03187968412051717
1675,0.3018271213721644,0.29895503244303606,-0.0028720889291283247
1676,0.29431052260952667,0.2915057089683618,-0.0028048136411648605
1677,0.2724963533021478,0.2825121975755747,0.010015844273426944
1678,0.30566244152708616,0.3055555555555556,-0.00010688597153057922
1679,0.2993907499622756,0.30641567325587243,0.00702492329359683
1680,0.309504049092098,0.3156908606206931,0.006186811528595126
1681,0.29611186560032193,0.2914862179970827,-0.004625647603239247
1682,0.33809290277149046,0.32347467431215726,-0.014618228459333193
1683,0.29384839796790907,0.3084100397364319,0.014561641768522815
1684,0.2992178461847995,0.30446217494089833,0.005244328756098815
1685,0.28054423821739355,0.3007368844625522,0.020192646245158652
1686,0.3029022684975605,0.3100938081585433,0.007191539660982793
1687,0.31156317589658467,0.3164359187163624,0.004872742819777731
1688,0.3219845581208189,0.3332578844122529,0.011273326291434016
1689,0.3044238217393491,0.30792213671344504,0.0034983149740959174
1690,0.2960364166792415,0.2891416427745084,-0.0068947739047331424
1691,0.3116763492782053,0.32305656154117,0.011380212262964706
1692,0.3088155776872391,0.3157568784266386,0.00694130073939947
1693,0.3234746743121574,0.32139982898244557,-0.0020748453297118052
1694,0.3053920828932146,0.3115531160404407,0.006161033147226103
1695,0.3092871334439917,0.3111626678738494,0.0018755344298576615
1696,0.2903966098284794,0.2935214526432272,0.003124842814747786
1697,0.28997535335244706,0.3048928625320658,0.01491750917961876
1698,0.29541396308032797,0.2974435390573915,0.002029575977063547
1699,0.2926569337558473,0.3015379005080227,0.008880966752175423
1700,0.3320004023942457,0.34741084452492327,0.015410442130677549
1701,0.3020440370202706,0.31362607514712537,0.011582038126854766
1702,0.3072971681504954,0.31212841406367886,0.004831245913183457
1703,0.28651099039283734,0.2870328454303103,0.0005218550374729847
1704,0.298237010210754,0.3009846084200996,0.002747598209345614
1705,0.2827259695186359,0.2945136059554348,0.01178763643679892
1706,0.2750270358633871,0.268837709370756,-0.006189326492631098
1707,0.2998088627332629,0.29394899652934964,-0.0058598662039132665
1708,0.3166654091846487,0.31740103616518284,0.0007356269805341431
1709,0.2902897238569488,0.28913787032845434,-0.0011518535284944509
1710,0.2789220864141643,0.2923469644384086,0.013424878024244247
1711,0.3023992756903576,0.3137461646798451,0.011346888989487491
1712,0.28781248428147477,0.29647527790352596,0.00866279362205119
1713,0.31969594084804587,0.318482470700669,-0.0012134701473768827
1714,0.31408442734268904,0.32948229465318646,0.015397867310497415
1715,0.3254992203611488,0.3297180725315629,0.004218852170414067
1716,0.2978157537347216,0.31157260701171974,0.01375685327699816
1717,0.3204944419294804,0.32147653538554405,0.0009820934560636485
1718,0.302644484683869,0.2923689703737237,-0.010275514310145284
1719,0.28022986771289177,0.27887430209748,-0.0013555656154117801
1720,0.30249987425179825,0.30996931743876066,0.00746944318696241
1721,0.32708993511392787,0.32551305266334685,-0.0015768824505810186
1722,0.30862381167949293,0.2988110507519742,-0.009812760927518704
1723,0.310044766359841,0.32346524319702225,0.013420476837181228
1724,0.30579447713897684,0.3179826215985112,0.012188144459534367
1725,0.3132890699662995,0.31890372717670135,0.00561465721040183
1726,0.294187918112771,0.30863638649967307,0.014448468386902058
1727,0.29105050047784314,0.2918603188974398,0.0008098184195966529
1728,0.2657625370957195,0.28354333283034056,0.017780795734621047
1729,0.27849454252804184,0.2842035108897943,0.005708968361752442
1730,0.3360337759670037,0.34444318696242643,0.00840941099542275
1731,0.2850051556762738,0.2959955485136562,0.010990392837382401
1732,0.31811780091544695,0.3160970273125094,-0.0020207736029375645
1733,0.2846341984809617,0.29190936069614204,0.00727516221518032
1734,0.2846310547759167,0.28841418942709124,0.0037831346511745245
1735,0.29347115336250695,0.2827548916050501,-0.01071626175745688
1736,0.288208591117147,0.3000352094965042,0.011826618379357223
1737,0.31629445198933664,0.3260053568733967,0.009710904884060068
1738,0.29744479653940953,0.30487022785574164,0.0074254313163321095
1739,0.284681354056637,0.28659524168804384,0.0019138876314068187
1740,0.3361312308233993,0.3320167496604797,-0.00411448116291957
1741,0.3244429354660228,0.3316105829686636,0.0071676475026407616
1742,0.31019880790704696,0.31426487601227293,0.004066068105225973
1743,0.28685051053769933,0.29409675066646546,0.007246240128766124
1744,0.29127999094612944,0.2924764850862633,0.0011964941401338414
1745,0.28695739650922997,0.28897565514813145,0.0020182586389014823
1746,0.29520019113726675,0.3016699361199135,0.006469744982646741
1747,0.30305945374981136,0.3047231024596348,0.0016636487098234398
1748,0.2876301493888637,0.2861079674060661,-0.0015221819827976324
1749,0.28481653337357277,0.29026646043961574,0.00544992706604297
1750,0.31873082339922537,0.32655173281022076,0.007820909410995391
1751,0.30913309189678584,0.33168540314873496,0.02255231125194912
1752,0.30221379709270163,0.3099743473668327,0.007760550274131084
1753,0.31258802374126055,0.3143051154368493,0.0017170916955887572
1754,0.3095794980131784,0.3213677631909864,0.01178826517780801
1755,0.29201247422161863,0.2862280569387858,-0.005784417282832854
1756,0.283096926713948,0.288912781047231,0.0058158543332830215
1757,0.30432951058799856,0.3106093757859263,0.006279865197927725
1758,0.3265114933856445,0.31280493938936677,-0.013706553996277737
1759,0.2886675720537197,0.301940294753785,0.013272722700065298
1760,0.30720914440923497,0.3021194859413511,-0.005089658467883895
1761,0.2963633620039234,0.29493800613651233,-0.001425355867411049
1762,0.2744014385594286,0.2751622151803229,0.000760776620894299
1763,0.28917999597605754,0.27928675619938637,-0.00989323977667117
1764,0.29330768070016594,0.2943891152356522,0.0010814345354862587
1765,0.29040289723856955,0.29298073537548414,0.0025778381369145897
1766,0.2889819425582214,0.28331069865700914,-0.005671243901212264
1767,0.30088086615361403,0.3062528293345404,0.005371963180926365
1768,0.2639800563351944,0.2694494743725165,0.0054694180373220935
1769,0.28375081736331165,0.30111978773703535,0.017368970373723702
1770,0.30932171419948695,0.3170740908405009,0.007752376641013969
1771,0.28614003319752523,0.2880979326995625,0.001957899502037286
1772,0.27431341481816807,0.2770798752577838,0.002766460439615759
1773,0.26624666767265226,0.2669464564156732,0.0006997887430209571
1774,0.2920847794376541,0.30111287158593636,0.009028092148282263
1775,0.29487324581258484,0.28104220109652434,-0.013831044716060503
1776,0.27761430511543683,0.3084012373623057,0.030786932246868848
1777,0.2980200945626478,0.3356879684120517,0.0376678738494039
1778,0.3034807102258438,0.3019220612645239,-0.0015586489613198529
1779,0.2957283335848297,0.30393340375232636,0.008205070167496664
1780,0.28617147024797546,0.2978660530154419,0.011694582767466433
1781,0.3390297268749058,0.3443564207031839,0.005326693828278106
1782,0.2892711634223631,0.2968927619335044,0.007621598511141303
1783,0.3336099793772949,0.3362261707157587,0.0026161913384638025
1784,0.33294037020270606,0.33323524973592883,0.0002948795332227694
1785,0.2863349429103164,0.2816005231125195,-0.004734419797796929
1786,0.3051783109501534,0.30499660479855134,-0.00018170615160206793
1787,0.3142761933504351,0.318315854333283,0.004039660982847915
1788,0.2805819626779337,0.2822418389417031,0.0016598762637693998
1789,0.2815785171772044,0.28719946179769634,0.005620944620491952
1790,0.28708628841607564,0.29337684221115645,0.006290553795080811
1791,0.3142321814798049,0.32994316181278605,0.015710980332981128
1792,0.2927166641517026,0.29810811830390826,0.005391454152205655
1793,0.30328894421809766,0.3138134399678084,0.01052449574971076
1794,0.2931725013832302,0.31226673708565966,0.019094235702429463
1795,0.29476635984105426,0.2952265982596449,0.00046023841859066383
1796,0.3188597153060711,0.31616115889542773,-0.0026985564106433713
1797,0.30333609979377296,0.320595040490921,0.017258940697148062
1798,0.2999597605754238,0.3078026759217343,0.007842915346310542
1799,0.28918942709119255,0.30269164025954426,0.013502213168351707
1800,0.30574417785825664,0.31008123333836324,0.0043370554801066
1801,0.28692595945877974,0.283438961822846,-0.003486997635933742
1802,0.2832729741964691,0.2887115839243499,0.00543860972788085
1803,0.2993561692067804,0.31403098435692367,0.014674815150143294
1804,0.27454290528645436,0.2786737337156079,0.004130828429153521
1805,0.2990669483426387,0.2869448216890499,-0.012122126653588805
1806,0.29425079221367134,0.29608545847794376,0.001834666264272422
1807,0.3068067501634726,0.31505583220159955,0.008249082038126965
1808,0.300167245108395,0.3102711131230823,0.010103868014687323
1809,0.3042603490770082,0.3090865650621197,0.0048262159851114594
1810,0.29064496252703587,0.29188043860972784,0.0012354760826919775
1811,0.2725215029425079,0.26443589356672204,-0.00808560937578584
1812,0.2920313364518888,0.28875245208993505,-0.0032788843619537267
1813,0.2903022986771289,0.289791760977818,-0.0005105376993109201
1814,0.26603918313968106,0.26746013782002925,0.0014209546803481965
1815,0.2942036366379961,0.3006438307932196,0.006440194155223511
1816,0.31306272320305817,0.3220474322217193,0.008984709018661108
1817,0.2884286504702983,0.29116933252854493,0.002740682058246624
1818,0.30755180825914186,0.3228245561088477,0.015272747849705837
1819,0.30319777677179216,0.32258186207937234,0.01938408530758018
1820,0.29641994869473365,0.291012776017303,-0.005407172677430627
1821,0.3568859715306072,0.34571324380061363,-0.011172727729993559
1822,0.3250622453598914,0.3355226095266838,0.010460364166792357
1823,0.29627219455761783,0.2961433026507721,-0.0001288919068457295
1824,0.3189854635078718,0.31037799909461294,-0.00860746441325888
1825,0.2855553040591519,0.2882274533474172,0.0026721492882652575
1826,0.3219971329409989,0.3209446204919269,-0.0010525124490720073
1827,0.3113273980182084,0.31376817061516016,0.0024407725969517458
1828,0.3285580453699512,0.33530380765555057,0.006745762285599366
1829,0.28751068859715306,0.2916792414868467,0.004168552889693644
1830,0.33680712740807817,0.34950958201297716,0.012702454604898994
1831,0.28722775514310145,0.3061748654494241,0.01894711030632268
1832,0.29006337709370755,0.30237286856797957,0.012309491474272016
1833,0.31000389819425583,0.3160932548664554,0.006089356672199564
1834,0.30366933252854483,0.3102648257129923,0.006595493184447465
1835,0.340324933353453,0.3136964941401338,-0.0266284392133192
1836,0.2585068658518183,0.26587696795935817,0.007370102107539855
1837,0.32712137216437803,0.34671922941501937,0.019597857250641337
1838,0.3196770786177757,0.32935214526432255,0.009675066646546826
1839,0.33022420904381067,0.3357697047432222,0.00554549569941154
1840,0.2859639857150042,0.3041056787887933,0.0181416930737891
1841,0.2735652130174539,0.2856873396710427,0.012122126653588805
1842,0.27251207182737286,0.28139932598963835,0.00888725416226549
1843,0.2906040943614506,0.3021666415170263,0.011562547155575698
1844,0.2923802877118857,0.29352208138423624,0.0011417936723505662
1845,0.3044238217393491,0.3069274684372013,0.002503646697852191
1846,0.3141661636738595,0.33253860469795277,0.018372441024093245
1847,0.294725491675469,0.3097435994165283,0.015018107741059272
1848,0.30307517227503644,0.3043710074945929,0.0012958352195564515
1849,0.27232344952467186,0.272360545244203,3.709571953114388e-05
1850,0.3035655902620593,0.3062899250540717,0.002724334792012395
1851,0.30901048740003023,0.3169766359841054,0.007966148584075183
1852,0.3296489110205725,0.3292465167748101,-0.00040239424576238303
1853,0.2897993058699261,0.3039007092198582,0.014101403349932096
1854,0.314788617272773,0.32719682108545856,0.012408203812685537
1855,0.3016384990694633,0.29405399627785317,-0.007584502791610104
1856,0.31893516422715157,0.3264989185654645,0.007563754338312911
1857,0.2864544037020271,0.30007922136713444,0.013624817665107314
1858,0.30634776922690005,0.3099014134097882,0.0035536441828881715
1859,0.29070469292289125,0.31487161108596146,0.024166918163070206
1860,0.31155374478144965,0.313922840903375,0.0023690961219253737
1861,0.2707924651677481,0.26405802022031083,-0.006734444947437246
1862,0.30125496705397115,0.3117832352497359,0.010528268195764745
1863,0.29276067602233286,0.2978094663246316,0.005048790302298767
1864,0.3173570242945526,0.32934963030028663,0.011992606005734041
1865,0.3240876967959358,0.3329938131884715,0.00890611639253569
1866,0.30036844223127607,0.29800123233237763,-0.002367209898898437
1867,0.28690080981841953,0.2871554499270661,0.0002546401086465644
1868,0.30782845430310346,0.30005092802172934,-0.007777526281374125
1869,0.3113588350686586,0.31068293848397965,-0.0006758965846789255
1870,0.302110054826216,0.3016322116593733,-0.00047784316684268413
1871,0.3001672451083949,0.3018522710125245,0.0016850259041296112
1872,0.2806636990091042,0.2898206830642322,0.009156984055127992
1873,0.2948166591217745,0.3040843015944872,0.009267642472712667
1874,0.3066244152708617,0.30614845832704585,-0.0004759569438158584
1875,0.33139681102560237,0.33170489412001414,0.00030808309441177073
1876,0.31026482571299235,0.32052587897993057,0.010261053266938214
1877,0.3004564659725366,0.3074631557768724,0.007006689804335775
1878,0.3119907197827071,0.3235155424777426,0.01152482269503552
1879,0.30549896886474526,0.30649866706906087,0.0009996982043156133
1880,0.3176399577486042,0.32046489110205734,0.0028249333534531296
1881,0.30556184296564554,0.3170175041496907,0.011455661184045174
1882,0.31633217644987677,0.3440722297671143,0.027740053317237556
1883,0.2818142950555807,0.2840029425079222,0.0021886474523414856
1884,0.2841029123283537,0.3019553845380011,0.017852472209647363
1885,0.320230370705699,0.32446934258840093,0.004238971882701947
1886,0.3091833911775062,0.3141944570192646,0.0050110658417583664
1887,0.32250641315829187,0.3317589658467885,0.009252552688496618
1888,0.30699222876112875,0.3110029676575624,0.004010738896433663
1889,0.2941250440118706,0.2997107791358583,0.0055857351239876896
1890,0.283970876716463,0.2835175544489714,-0.0004533222674915627
1891,0.3005382023037071,0.3170143604446456,0.0164761581409385
1892,0.31061063326794425,0.31435667219958763,0.0037460389316433806
1893,0.2874635330214778,0.28822116593732716,0.0007576329158493489
1894,0.30144044565162725,0.3047677430712741,0.003327297419646824
1895,0.32755834716563564,0.326237991046728,-0.0013203561189076285
1896,0.2855332981238368,0.3013706553996278,0.015837357275790998
1897,0.3052537598712339,0.30259292792113074,-0.0026608319501031374
1898,0.29988431165434337,0.31035913686434285,0.010474825209999483
1899,0.35496516774810116,0.3457886927216941,-0.00917647502640706
1900,0.3153827775262814,0.3203121070368694,0.004929329510587999
1901,0.31940357627885924,0.3243586841708165,0.0049551078919572444
1902,0.3156216991097027,0.3142290377747598,-0.001392661334942924
1903,0.31600523112519496,0.32002288617272784,0.004017655047532875
1904,0.30124239223379107,0.2903752326341733,-0.01086715959961776
1905,0.30229238971882694,0.31968336602786585,0.017390976309038908
1906,0.2854861425481615,0.2794250792213672,-0.0060610633267942915
1907,0.28472536592726716,0.3032292138222424,0.018503847894975223
1908,0.2969606659624767,0.3004941904330768,0.003533524470600069
1909,0.28619033247824555,0.29229415019365224,0.00610381771540669
1910,0.300179819928575,0.3101768019717318,0.009996982043156799
1911,0.31623472159348126,0.3069230672501383,-0.009311654343342968
1912,0.3030877470952165,0.30596675217544383,0.002879005080227315
1913,0.3027890951159399,0.320950279161008,0.018161184045068113
1914,0.30441439062421405,0.3071336954881545,0.0027193048639404527
1915,0.2854735677279815,0.29981137769729893,0.014337809969317439
1916,0.3022483778481968,0.3318274986167697,0.029579120768572886
1917,0.2914214576731553,0.28167219958754586,-0.009749258085609447
1918,0.3041346008752075,0.32576329158493034,0.021628690709722842
1919,0.302996579648911,0.3053920828932147,0.002395503244303654
1920,0.325889039786731,0.3199373773955032,-0.005951662391227797
1921,0.31242455107891953,0.3114103918313968,-0.001014159247522739
1922,0.29688836074644137,0.3155311604044063,0.018642799657964948
1923,0.29867084150696643,0.31658367285347816,0.017912831346511726
1924,0.2906166691816307,0.30188685176801977,0.011270182586389066
1925,0.31172979226397063,0.300536944821689,-0.011192847442281606
1926,0.28552386700870175,0.2871585936321111,0.001634726623409355
1927,0.3025910416981037,0.3029978371309291,0.000406795432825402
1928,0.2593053669332528,0.2635864644635582,0.004281097530305422
1929,0.34239349127307483,0.34583270459232435,0.0034392133192495122
1930,0.30659926563050144,0.31334062672903784,0.0067413610985364025
1931,0.3216136009255067,0.321296715456969,-0.0003168854685377531
1932,0.31037171168452293,0.307235551531613,-0.003136160152909906
1933,0.3096549469342588,0.31353302147779283,0.0038780745435340047
1934,0.30795420250490413,0.31814923796589706,0.01019503546099293
1935,0.30006035913686435,0.2918716362356018,-0.008188722901262546
1936,0.29410618178160053,0.31380463759368243,0.019698455812081905
1937,0.2999157487047935,0.30060736381469744,0.0006916151099039536
1938,0.2898810422010965,0.28845945877973944,-0.0014215834213570644
1939,0.2999723353956039,0.29759569438157046,-0.0023766410140334537
1940,0.3093500075448921,0.3151124188924098,0.005762411347517704
1941,0.28752326341733314,0.295231628187717,0.007708364770383835
1942,0.3184698958804889,0.3264706252200593,0.008000729339570412
1943,0.3023364015894573,0.3082842915346311,0.005947889945173812
1944,0.3282531059805845,0.31561541169961266,-0.012637694280971834
1945,0.3009091594990192,0.3081880941602535,0.007278934661234304
1946,0.30100975806045976,0.30984356923696,0.008833811176500228
1947,0.30088400985865893,0.3032820280669986,0.0023980182083396806
1948,0.29446456415673256,0.3038579548312459,0.009393390674513336
1949,0.2876930234897641,0.2920854081786631,0.004392384688898965
1950,0.29836904582264473,0.3043508877823046,0.005981841959659895
1951,0.30719656958905495,0.2969606659624768,-0.010235903626578169
1952,0.29314735174287015,0.30663070268095166,0.013483350938081506
1953,0.31475403651727785,0.30617423670841504,-0.008579799808862809
1954,0.3232231779085559,0.3271314320205221,0.0039082541119661585
1955,0.31753935918716364,0.307921507972436,-0.009617851214727635
1956,0.3149300839997989,0.32943513907751115,0.01450505507771227
1957,0.3016479301845984,0.31529978371309286,0.013651853528494462
1958,0.3365650621196117,0.3402117599718324,0.003646697852220715
1959,0.2792458880338012,0.27588841104572204,-0.0033574769880791444
1960,0.2776363110507519,0.2779525677782808,0.00031625672752888523
1961,0.30420376238619795,0.310918716362356,0.006714953976158067
1962,0.32416628942206127,0.33029022684975606,0.006123937427694792
1963,0.2955177053468136,0.30443513907751113,0.008917433730697533
1964,0.2885040993913787,0.29526432272018516,0.006760223328806436
1965,0.30047532820280676,0.3119951209697701,0.011519792766963355
1966,0.305461244404205,0.3012109551833409,-0.004250289220864123
1967,0.2840714752779035,0.2891806247170665,0.005109149439163019
1968,0.27179216337206374,0.26955636034404706,-0.0022358030280166807
1969,0.3192589658467885,0.31060748956289924,-0.008651476283889237
1970,0.27428512147276296,0.2819840551280117,0.007698933655248763
1971,0.31255973039585533,0.2956051003470651,-0.01695463004879022
1972,0.27879005080227354,0.2789868467380916,0.00019679593581806154
1973,0.3010914943916302,0.3232093456063579,0.022117851214727702
1974,0.32001031135254765,0.32859262612544643,0.00858231477289878
1975,0.32059504049092097,0.31728723404255316,-0.0033078064483678116
1976,0.29506815552537596,0.31009506564056133,0.015026910115185366
1977,0.31665597806951357,0.32872780544238217,0.012071827372868604
1978,0.3033895427795383,0.2975516825109401,-0.005837860268598172
1979,0.3178725919219355,0.33032732256928715,0.012454730647351642
1980,0.29528192746843723,0.30830378250591023,0.013021855037472996
1981,0.3128112267994568,0.3142309239977868,0.0014196971983300166
1982,0.3222737789849606,0.31681504954479156,-0.005458729440169063
1983,0.2961433026507721,0.3043892409838539,0.008245938333081793
1984,0.30893503847894976,0.3107835370454202,0.0018484985664704578
1985,0.31647049947185757,0.32577586640511036,0.00930536693325279
1986,0.30874327247120364,0.3176651073889643,0.008921834917760663
1987,0.2642472712640209,0.26046853779990947,-0.00377873346411145
1988,0.2799783713092903,0.2803656757708365,0.0003873044615461674
1989,0.29879344600372215,0.29537498113776967,-0.0034184648659524863
1990,0.3206516271817313,0.3272345455459987,0.006582918364267387
1991,0.30516573612997344,0.2926254967053971,-0.012540239424576327
1992,0.3213369548815452,0.3316608822493838,0.010323927367838603
1993,0.2938735476082692,0.3000339520144862,0.006160404406216957
1994,0.28766787384940395,0.2841947085156683,-0.0034731653337356505
1995,0.31254715557567525,0.31843971631205675,0.0058925607363815025
1996,0.29251861073386654,0.29731276092751885,0.004794150193652313
1997,0.3171306775313113,0.3260286202907298,0.00889794275941852
1998,0.2915723555153162,0.31493637140988884,0.023364015894572654
1999,0.2885135305065137,0.2913447512700569,0.0028312207635431963
2000,0.31999144912227756,0.3202240832956088,0.00023263417333124758
