bytes,captured_at,file_path,public_url,revision,sha256,space_id,status_code,decoder_version,source_encoding
248,2026-08-30T21:30:24.143125+00:00,README.md,https://huggingface.co/spaces/03dutoit/documind-ai-study-assistant/resolve/f165a5eadf608f61a151db386504858bca11a113/README.md,f165a5eadf608f61a151db386504858bca11a113,bc9b106ff35f73e0407ee2bda19830ce33145ed3deaab8eae19d9e533ed38805,03dutoit/documind-ai-study-assistant,200,,
3956,2026-08-30T21:30:24.694557+00:00,components/footer.js,https://huggingface.co/spaces/03dutoit/documind-ai-study-assistant/resolve/f165a5eadf608f61a151db386504858bca11a113/components/footer.js,f165a5eadf608f61a151db386504858bca11a113,b25dbe885824b91188dfdb9745f988f99a41d9c3b4a9d9e1d3fc1090965f3348,03dutoit/documind-ai-study-assistant,200,,
3287,2026-08-30T21:30:24.925417+00:00,components/navbar.js,https://huggingface.co/spaces/03dutoit/documind-ai-study-assistant/resolve/f165a5eadf608f61a151db386504858bca11a113/components/navbar.js,f165a5eadf608f61a151db386504858bca11a113,6ca1017be7088f92ffc964fe873714eb832da1880a94b047fa9a94b65cb698cc,03dutoit/documind-ai-study-assistant,200,,
1845,2026-08-30T21:30:24.701225+00:00,components/upload-button.js,https://huggingface.co/spaces/03dutoit/documind-ai-study-assistant/resolve/f165a5eadf608f61a151db386504858bca11a113/components/upload-button.js,f165a5eadf608f61a151db386504858bca11a113,132f63b210d01e1d8bc564fbedfe5fde2854a9734e95d3e95427072199114a2e,03dutoit/documind-ai-study-assistant,200,,
10119,2026-08-30T21:30:24.719379+00:00,features.html,https://huggingface.co/spaces/03dutoit/documind-ai-study-assistant/resolve/f165a5eadf608f61a151db386504858bca11a113/features.html,f165a5eadf608f61a151db386504858bca11a113,e3fae9f9ecaa8ab2f495b7f9a32e4c0532b7816a485d1737b405025b5aa76035,03dutoit/documind-ai-study-assistant,200,,
6773,2026-08-30T21:30:24.721337+00:00,index.html,https://huggingface.co/spaces/03dutoit/documind-ai-study-assistant/resolve/f165a5eadf608f61a151db386504858bca11a113/index.html,f165a5eadf608f61a151db386504858bca11a113,150e99e0b1cc1b43355f06969cf1d1799cae39ceb183b8749a915cf63081e774,03dutoit/documind-ai-study-assistant,200,,
2299,2026-08-30T21:30:24.712133+00:00,script.js,https://huggingface.co/spaces/03dutoit/documind-ai-study-assistant/resolve/f165a5eadf608f61a151db386504858bca11a113/script.js,f165a5eadf608f61a151db386504858bca11a113,f20d57d719e765e831b4a16c002da17c5944259b5e9a8aba9f5ffef48f2b1f81,03dutoit/documind-ai-study-assistant,200,,
413,2026-08-30T21:30:25.421258+00:00,README.md,https://huggingface.co/spaces/10805j/aitutor/resolve/1bdd4feb1b68faabf304510349772b5ea992e773/README.md,1bdd4feb1b68faabf304510349772b5ea992e773,83368877a97c9d0fd91e4e259132888be2953a968c3b27b96eea2b8929631f0e,10805j/aitutor,200,,
3079,2026-08-30T21:30:25.928034+00:00,app.py,https://huggingface.co/spaces/10805j/aitutor/resolve/1bdd4feb1b68faabf304510349772b5ea992e773/app.py,1bdd4feb1b68faabf304510349772b5ea992e773,0395a50cee1003c6eee869875c3727d1ed51adad3295fa4eb5ff90880ab3cdfe,10805j/aitutor,200,,
55,2026-08-30T21:30:25.947060+00:00,requirements.txt,https://huggingface.co/spaces/10805j/aitutor/resolve/1bdd4feb1b68faabf304510349772b5ea992e773/requirements.txt,1bdd4feb1b68faabf304510349772b5ea992e773,921188ddc8d17f948b9dd58ac1478cccde5e2768bc9224da9e53e8211a20fff4,10805j/aitutor,200,,
0,2026-08-30T21:30:25.675071+00:00,utils/__init__.py,https://huggingface.co/spaces/10805j/aitutor/resolve/1bdd4feb1b68faabf304510349772b5ea992e773/utils/__init__.py,1bdd4feb1b68faabf304510349772b5ea992e773,e3b0c44298fc1c149afbf4c8996fb92427ae41e4649b934ca495991b7852b855,10805j/aitutor,200,,
2134,2026-08-30T21:30:25.924714+00:00,utils/ai_helper.py,https://huggingface.co/spaces/10805j/aitutor/resolve/1bdd4feb1b68faabf304510349772b5ea992e773/utils/ai_helper.py,1bdd4feb1b68faabf304510349772b5ea992e773,5ad972c0082fc354534eb25afd75c31e10bd97a9cac318add2ef8aadf43cf361,10805j/aitutor,200,,
2833,2026-08-30T21:30:25.922884+00:00,utils/prompt_templates.py,https://huggingface.co/spaces/10805j/aitutor/resolve/1bdd4feb1b68faabf304510349772b5ea992e773/utils/prompt_templates.py,1bdd4feb1b68faabf304510349772b5ea992e773,ea11c3f4708e91040e7f30ef56f972ac34b7a316ba086fcde13bb81d72841177,10805j/aitutor,200,,
244,2026-08-30T21:30:26.509811+00:00,README.md,https://huggingface.co/spaces/13yashjadhav11/study_assistant/resolve/6589f7ddbb9b9744e1524f876c4862b57caa2d87/README.md,6589f7ddbb9b9744e1524f876c4862b57caa2d87,9b0828a0e113dbaf6ab3ccba953035dcacb17b62d210a11b2b7a99bce475a4b9,13yashjadhav11/study_assistant,200,,
1663,2026-08-30T21:30:27.090526+00:00,app.py,https://huggingface.co/spaces/13yashjadhav11/study_assistant/resolve/6589f7ddbb9b9744e1524f876c4862b57caa2d87/app.py,6589f7ddbb9b9744e1524f876c4862b57caa2d87,62a05d094245d6385bddf4e9a51e4359f9e0c2451ec3e97211b843c71d25ce13,13yashjadhav11/study_assistant,200,,
20,2026-08-30T21:30:27.073975+00:00,requirements.txt,https://huggingface.co/spaces/13yashjadhav11/study_assistant/resolve/6589f7ddbb9b9744e1524f876c4862b57caa2d87/requirements.txt,6589f7ddbb9b9744e1524f876c4862b57caa2d87,95b4ef97b952c34747ec62bd11226237b56adcd53182fcd706b2f2be09c37c53,13yashjadhav11/study_assistant,200,,
213,2026-08-30T21:30:27.592681+00:00,README.md,https://huggingface.co/spaces/23u2481/StudyAssistant/resolve/f979590d31527a1546f6c672a33b52c1da121d77/README.md,f979590d31527a1546f6c672a33b52c1da121d77,71497f9a88a2390d53e7e564d7b9b36acdc50fdeeaac7fc4058b7e83b856f745,23u2481/StudyAssistant,200,,
1664,2026-09-02T19:08:24.994708+00:00,index.html,https://huggingface.co/spaces/23u2481/StudyAssistant/resolve/f979590d31527a1546f6c672a33b52c1da121d77/index.html,f979590d31527a1546f6c672a33b52c1da121d77,870dca6ad2db4be31e3278dcbe59b8c43c3f02baf1c1e105a7d8e73a68c23d7a,23u2481/StudyAssistant,200,lossless-v2,utf-8
2791,2026-08-30T21:30:28.103693+00:00,README.md,https://huggingface.co/spaces/24-cka-ML/quiz-generator/resolve/e8dc54c226ca5d21680cbf10b31e2ba35389a911/README.md,e8dc54c226ca5d21680cbf10b31e2ba35389a911,2e5c86a4dc8d5f089a2c419ebbf449f2f3d6cf8d12d4ffd385966f484455cd65,24-cka-ML/quiz-generator,200,,
18603,2026-08-30T21:30:28.620312+00:00,app.py,https://huggingface.co/spaces/24-cka-ML/quiz-generator/resolve/e8dc54c226ca5d21680cbf10b31e2ba35389a911/app.py,e8dc54c226ca5d21680cbf10b31e2ba35389a911,fc88fe7f815856250821afce4a6dc284b84acbaf3dfb76d1c3e36e962dc180ef,24-cka-ML/quiz-generator,200,,
235,2026-08-30T21:30:28.623684+00:00,requirements.txt,https://huggingface.co/spaces/24-cka-ML/quiz-generator/resolve/e8dc54c226ca5d21680cbf10b31e2ba35389a911/requirements.txt,e8dc54c226ca5d21680cbf10b31e2ba35389a911,cc680056b7ecb0588bd1412460737e7fa08fbc7e54706677fe2a34cc6581c684,24-cka-ML/quiz-generator,200,,
248,2026-08-30T21:30:29.165255+00:00,README.md,https://huggingface.co/spaces/3atar/Study-assistant/resolve/490a69c38dd64c78387fd6f35ebfb0cc522cd732/README.md,490a69c38dd64c78387fd6f35ebfb0cc522cd732,7158769ebe591c59fea625ca68e560201292aa0e08111cca82d5ceeca57ece62,3atar/Study-assistant,200,,
14500,2026-08-30T21:30:29.669925+00:00,app.py,https://huggingface.co/spaces/3atar/Study-assistant/resolve/490a69c38dd64c78387fd6f35ebfb0cc522cd732/app.py,490a69c38dd64c78387fd6f35ebfb0cc522cd732,e436ec79da93faf85ed078143a03ee39d49f59c6c5677d666b02138eaf032119,3atar/Study-assistant,200,,
168,2026-08-30T21:30:29.670921+00:00,requirements.txt,https://huggingface.co/spaces/3atar/Study-assistant/resolve/490a69c38dd64c78387fd6f35ebfb0cc522cd732/requirements.txt,490a69c38dd64c78387fd6f35ebfb0cc522cd732,347a30a7325c524425b5cb0ae69ac254994a1e2764e50eac9869d755729568b7,3atar/Study-assistant,200,,
255,2026-08-30T21:30:30.187365+00:00,README.md,https://huggingface.co/spaces/77skaul/edu-tutor-chatbot/resolve/d74a6ce328f17ffbe7564bc0a707f57c6972ef8e/README.md,d74a6ce328f17ffbe7564bc0a707f57c6972ef8e,1fbc8752b54461049b34ec8436c5c96f64c9bcb36db26a2f7bc40702e8ef53fe,77skaul/edu-tutor-chatbot,200,,
1265,2026-08-30T21:30:30.696271+00:00,app.py,https://huggingface.co/spaces/77skaul/edu-tutor-chatbot/resolve/d74a6ce328f17ffbe7564bc0a707f57c6972ef8e/app.py,d74a6ce328f17ffbe7564bc0a707f57c6972ef8e,5128d262e8cfb84bb059e2dbc59dc37a3f936fe30e24242387e946744ba244e2,77skaul/edu-tutor-chatbot,200,,
48,2026-08-30T21:30:30.695122+00:00,requirements.txt,https://huggingface.co/spaces/77skaul/edu-tutor-chatbot/resolve/d74a6ce328f17ffbe7564bc0a707f57c6972ef8e/requirements.txt,d74a6ce328f17ffbe7564bc0a707f57c6972ef8e,3e608ab6c4109f7cbdeb37eb94ebe4fe35b0e3ba33ca3eb75c867acc78dde31e,77skaul/edu-tutor-chatbot,200,,
256,2026-08-30T21:30:38.789515+00:00,README.md,https://huggingface.co/spaces/ABD20124082402/educraft-ai-smart-teaching-assistant/resolve/ae30ddffdd16799775e8a256bd1e66d18efca09b/README.md,ae30ddffdd16799775e8a256bd1e66d18efca09b,2238420cd473c76cf5f5491ea54821b8f1d609f62831c69ebdfb19a2b25b0810,ABD20124082402/educraft-ai-smart-teaching-assistant,200,,
89519,2026-08-30T21:30:39.444370+00:00,index.html,https://huggingface.co/spaces/ABD20124082402/educraft-ai-smart-teaching-assistant/resolve/ae30ddffdd16799775e8a256bd1e66d18efca09b/index.html,ae30ddffdd16799775e8a256bd1e66d18efca09b,be8f97cd6b00ae746f2ac3ed96d2150e1b0dfa37889c5ea31f5e66d5b9293c73,ABD20124082402/educraft-ai-smart-teaching-assistant,200,,
335,2026-08-30T21:30:49.598017+00:00,README.md,https://huggingface.co/spaces/ABRB0917/StudyAssistant/resolve/b737af742bc0a809878b394755d9bc04567798b6/README.md,b737af742bc0a809878b394755d9bc04567798b6,ab80aaacda60276695dadfc4fed601785e530f4f8b2587ebcd942a5869921db8,ABRB0917/StudyAssistant,200,,
1734,2026-08-30T21:30:50.256144+00:00,app.py,https://huggingface.co/spaces/ABRB0917/StudyAssistant/resolve/b737af742bc0a809878b394755d9bc04567798b6/app.py,b737af742bc0a809878b394755d9bc04567798b6,21fdfcf92cedc2048d1fc02e0696ae7082464c391467f9fea50411f1527ffa4e,ABRB0917/StudyAssistant,200,,
20,2026-08-30T21:30:50.114839+00:00,requirements.txt,https://huggingface.co/spaces/ABRB0917/StudyAssistant/resolve/b737af742bc0a809878b394755d9bc04567798b6/requirements.txt,b737af742bc0a809878b394755d9bc04567798b6,95b4ef97b952c34747ec62bd11226237b56adcd53182fcd706b2f2be09c37c53,ABRB0917/StudyAssistant,200,,
292,2026-08-30T21:31:02.449946+00:00,README.md,https://huggingface.co/spaces/AI-ML-API-tutorials/ai-sticker-maker/resolve/5432e541e8a4cf68913a91e2bf968e6c2e9934c9/README.md,5432e541e8a4cf68913a91e2bf968e6c2e9934c9,8c5989ab78cb6617f0cc85d83fbc8d702c7236e5a6338b3410ebb2426941ecfd,AI-ML-API-tutorials/ai-sticker-maker,200,,
387,2026-08-30T21:31:03.969900+00:00,README.md,https://huggingface.co/spaces/AI-Tutor-Team2/AI_Travel_Agent/resolve/83b36f06ab36e9639a6ad90f9534be1203a31db7/README.md,83b36f06ab36e9639a6ad90f9534be1203a31db7,158046f91e712a66c72989add4b9c0364a3cf3f2c1ba2101b49b36f53347e2b0,AI-Tutor-Team2/AI_Travel_Agent,200,,
371,2026-08-30T21:31:42.983873+00:00,README.md,https://huggingface.co/spaces/ARNABMAJI1234/interactive-study-assistant-demo/resolve/06cfe85fc9bd4b21d387d82029a3545bc0213429/README.md,06cfe85fc9bd4b21d387d82029a3545bc0213429,aac78b28114898f6334a590a5dc8c8becdc4988d8eb098cd2893f880f11f4c80,ARNABMAJI1234/interactive-study-assistant-demo,200,,
1970,2026-08-30T21:31:43.476247+00:00,app.py,https://huggingface.co/spaces/ARNABMAJI1234/interactive-study-assistant-demo/resolve/06cfe85fc9bd4b21d387d82029a3545bc0213429/app.py,06cfe85fc9bd4b21d387d82029a3545bc0213429,d126ea50d0a96f84ec102f8ec797eac9a311aedf1516301472e261d895cabfc2,ARNABMAJI1234/interactive-study-assistant-demo,200,,
20,2026-08-30T21:31:43.504494+00:00,requirements.txt,https://huggingface.co/spaces/ARNABMAJI1234/interactive-study-assistant-demo/resolve/06cfe85fc9bd4b21d387d82029a3545bc0213429/requirements.txt,06cfe85fc9bd4b21d387d82029a3545bc0213429,95b4ef97b952c34747ec62bd11226237b56adcd53182fcd706b2f2be09c37c53,ARNABMAJI1234/interactive-study-assistant-demo,200,,
267,2026-08-30T21:30:31.204284+00:00,README.md,https://huggingface.co/spaces/Aailesgrises/brainfuel-ai-powered-learning-companion/resolve/8cf2e776b9dda213b5eb8e4185e94f4033d0c9c8/README.md,8cf2e776b9dda213b5eb8e4185e94f4033d0c9c8,721a619a465db3ec45c2677218cdc53ad1637affefa727eac832e3efbb9fd2ea,Aailesgrises/brainfuel-ai-powered-learning-companion,200,,
3065,2026-08-30T21:30:31.716311+00:00,components/footer.js,https://huggingface.co/spaces/Aailesgrises/brainfuel-ai-powered-learning-companion/resolve/8cf2e776b9dda213b5eb8e4185e94f4033d0c9c8/components/footer.js,8cf2e776b9dda213b5eb8e4185e94f4033d0c9c8,be8d13309781b8fda27c09e07f4de25cbb23c9c018d68ca81ad1250f27cd666f,Aailesgrises/brainfuel-ai-powered-learning-companion,200,,
1993,2026-08-30T21:30:31.701076+00:00,components/navbar.js,https://huggingface.co/spaces/Aailesgrises/brainfuel-ai-powered-learning-companion/resolve/8cf2e776b9dda213b5eb8e4185e94f4033d0c9c8/components/navbar.js,8cf2e776b9dda213b5eb8e4185e94f4033d0c9c8,61b9c6fdad22acb8e2e1ba97d072c56801caf6abdbc081ba15d905cfe4b9f3e2,Aailesgrises/brainfuel-ai-powered-learning-companion,200,,
8468,2026-08-30T21:30:31.764252+00:00,index.html,https://huggingface.co/spaces/Aailesgrises/brainfuel-ai-powered-learning-companion/resolve/8cf2e776b9dda213b5eb8e4185e94f4033d0c9c8/index.html,8cf2e776b9dda213b5eb8e4185e94f4033d0c9c8,0c5a360373ec8577bbc4577b8fb75e370d1b58d6e7148ed4ce451d83c5e973b7,Aailesgrises/brainfuel-ai-powered-learning-companion,200,,
416,2026-08-30T21:30:31.785431+00:00,results.html,https://huggingface.co/spaces/Aailesgrises/brainfuel-ai-powered-learning-companion/resolve/8cf2e776b9dda213b5eb8e4185e94f4033d0c9c8/results.html,8cf2e776b9dda213b5eb8e4185e94f4033d0c9c8,543786628815f94bfadfce28c1b8d6d94f6f9320fd01e7185bb44626e9ae2299,Aailesgrises/brainfuel-ai-powered-learning-companion,200,,
1589,2026-08-30T21:30:31.801576+00:00,script.js,https://huggingface.co/spaces/Aailesgrises/brainfuel-ai-powered-learning-companion/resolve/8cf2e776b9dda213b5eb8e4185e94f4033d0c9c8/script.js,8cf2e776b9dda213b5eb8e4185e94f4033d0c9c8,ad08ea9a465e0858a4924eb64056bf5b1aa95d4e2e31277b7dbd7d6bfde2b8d1,Aailesgrises/brainfuel-ai-powered-learning-companion,200,,
4157,2026-08-30T21:30:35.030998+00:00,.github/README.md,https://huggingface.co/spaces/Aasher/Flexx_Your_Homework_Assistant/resolve/3fd5d64c8eb1638d95490d9f6c19dda420f27ba5/.github/README.md,3fd5d64c8eb1638d95490d9f6c19dda420f27ba5,f6c9840b55616734061404bf8054aa7ec8c56e6ac0496b9d58ce7ac8944fa695,Aasher/Flexx_Your_Homework_Assistant,200,,
232,2026-08-30T21:30:34.522883+00:00,README.md,https://huggingface.co/spaces/Aasher/Flexx_Your_Homework_Assistant/resolve/3fd5d64c8eb1638d95490d9f6c19dda420f27ba5/README.md,3fd5d64c8eb1638d95490d9f6c19dda420f27ba5,7af4c1510ca2c6da5ea4fbd34f9dcd657b3d3515a3f8a5c5f45197f5c35b8fb2,Aasher/Flexx_Your_Homework_Assistant,200,,
1872,2026-08-30T21:30:35.034551+00:00,api/chat.py,https://huggingface.co/spaces/Aasher/Flexx_Your_Homework_Assistant/resolve/3fd5d64c8eb1638d95490d9f6c19dda420f27ba5/api/chat.py,3fd5d64c8eb1638d95490d9f6c19dda420f27ba5,869c7e3ab45d5ecdd6bb539de8ec66b471e21811d93cbc73836ee4f9f36ded19,Aasher/Flexx_Your_Homework_Assistant,200,,
971,2026-08-30T21:30:35.051501+00:00,main.py,https://huggingface.co/spaces/Aasher/Flexx_Your_Homework_Assistant/resolve/3fd5d64c8eb1638d95490d9f6c19dda420f27ba5/main.py,3fd5d64c8eb1638d95490d9f6c19dda420f27ba5,322188178f596f009be6cedc4e15b58c5ed2b5c54d3a57f068334439ab99f493,Aasher/Flexx_Your_Homework_Assistant,200,,
1333,2026-08-30T21:30:35.047151+00:00,models/chat.py,https://huggingface.co/spaces/Aasher/Flexx_Your_Homework_Assistant/resolve/3fd5d64c8eb1638d95490d9f6c19dda420f27ba5/models/chat.py,3fd5d64c8eb1638d95490d9f6c19dda420f27ba5,2a1482c7a0969f62341d3fc9660f74cf9655b34bc96ea221025ab911b370b982,Aasher/Flexx_Your_Homework_Assistant,200,,
974,2026-08-30T21:30:35.033153+00:00,prompts.py,https://huggingface.co/spaces/Aasher/Flexx_Your_Homework_Assistant/resolve/3fd5d64c8eb1638d95490d9f6c19dda420f27ba5/prompts.py,3fd5d64c8eb1638d95490d9f6c19dda420f27ba5,dd58fc73a742a93401513813de63ffea23c4ddb9d04d4215965c80a20d0036e9,Aasher/Flexx_Your_Homework_Assistant,200,,
321,2026-08-30T21:30:35.097028+00:00,pyproject.toml,https://huggingface.co/spaces/Aasher/Flexx_Your_Homework_Assistant/resolve/3fd5d64c8eb1638d95490d9f6c19dda420f27ba5/pyproject.toml,3fd5d64c8eb1638d95490d9f6c19dda420f27ba5,6361de0d5768977d860c024db88f2615ed087e6ebd5cfa8b82dba321a78180f7,Aasher/Flexx_Your_Homework_Assistant,200,,
2891,2026-08-30T21:30:35.068535+00:00,services/chat_service.py,https://huggingface.co/spaces/Aasher/Flexx_Your_Homework_Assistant/resolve/3fd5d64c8eb1638d95490d9f6c19dda420f27ba5/services/chat_service.py,3fd5d64c8eb1638d95490d9f6c19dda420f27ba5,f65a4ffa574408a580e3be618d18fe2155b0be1f710c57689b08bca162e94bb6,Aasher/Flexx_Your_Homework_Assistant,200,,
6148,2026-08-30T21:30:35.088721+00:00,static/index.html,https://huggingface.co/spaces/Aasher/Flexx_Your_Homework_Assistant/resolve/3fd5d64c8eb1638d95490d9f6c19dda420f27ba5/static/index.html,3fd5d64c8eb1638d95490d9f6c19dda420f27ba5,14432f02a83b066ec41d41f197f66dde62a2afa48d014261465d99a625b8ca5c,Aasher/Flexx_Your_Homework_Assistant,200,,
11914,2026-08-30T21:30:35.530681+00:00,static/script.js,https://huggingface.co/spaces/Aasher/Flexx_Your_Homework_Assistant/resolve/3fd5d64c8eb1638d95490d9f6c19dda420f27ba5/static/script.js,3fd5d64c8eb1638d95490d9f6c19dda420f27ba5,6d1c934d324029365ccdbd6ea875d53cd64d27c24d36ed395cd9caf972c027ed,Aasher/Flexx_Your_Homework_Assistant,200,,
257,2026-08-30T21:30:40.005346+00:00,README.md,https://huggingface.co/spaces/Abdalaziz2026/Syria-ai-tutor/resolve/6f7dee2e21e3c466111ee22c7ff72a393acb675d/README.md,6f7dee2e21e3c466111ee22c7ff72a393acb675d,b3e09abe85bf773c2de0f28778effc831e9717a2a8eee2b309beabaa59cd02a4,Abdalaziz2026/Syria-ai-tutor,200,,
5349,2026-08-30T21:30:40.600686+00:00,app.py,https://huggingface.co/spaces/Abdalaziz2026/Syria-ai-tutor/resolve/6f7dee2e21e3c466111ee22c7ff72a393acb675d/app.py,6f7dee2e21e3c466111ee22c7ff72a393acb675d,bb27045997659b4a1c6db4c60175bff01198c6f160e883519ba950c910e83203,Abdalaziz2026/Syria-ai-tutor,200,,
198,2026-08-30T21:30:41.114253+00:00,README.md,https://huggingface.co/spaces/Abde1ra7man/Quiz_Generator/resolve/015f0f9fb8dd60575502411c41ebfabc653635ea/README.md,015f0f9fb8dd60575502411c41ebfabc653635ea,44a1dcc05c6f89ea2124f1ae34cd28a043fb45b18361f16a3f8cabb026db0f6f,Abde1ra7man/Quiz_Generator,200,,
4083,2026-08-30T21:30:41.614420+00:00,main.py,https://huggingface.co/spaces/Abde1ra7man/Quiz_Generator/resolve/015f0f9fb8dd60575502411c41ebfabc653635ea/main.py,015f0f9fb8dd60575502411c41ebfabc653635ea,13025f90f9b766372afc07aa8ded6480bfb438037b0383aed6b777fc87e0d1f9,Abde1ra7man/Quiz_Generator,200,,
3020,2026-08-30T21:30:41.622454+00:00,quiz.py,https://huggingface.co/spaces/Abde1ra7man/Quiz_Generator/resolve/015f0f9fb8dd60575502411c41ebfabc653635ea/quiz.py,015f0f9fb8dd60575502411c41ebfabc653635ea,e11792685e2d80ed89cb44945bb62f18abfa471602ae01bee18c6c4ce10fa7f9,Abde1ra7man/Quiz_Generator,200,,
92,2026-08-30T21:30:41.624562+00:00,requirements.txt,https://huggingface.co/spaces/Abde1ra7man/Quiz_Generator/resolve/015f0f9fb8dd60575502411c41ebfabc653635ea/requirements.txt,015f0f9fb8dd60575502411c41ebfabc653635ea,4fa1f4c1c103fffe3d3b22414271de346088b61b9be74ff535ca9ac985219bb7,Abde1ra7man/Quiz_Generator,200,,
527,2026-08-30T21:30:42.137149+00:00,README.md,https://huggingface.co/spaces/Abdelrahman04/egyptian-educational-chatbot-demo/resolve/c959a848ff51f36474e455baadf234831fd1f7f2/README.md,c959a848ff51f36474e455baadf234831fd1f7f2,c0f25b20b10b1038a470f4d66e579e255c10a420d864d2e1f4f45c65f2cf989d,Abdelrahman04/egyptian-educational-chatbot-demo,200,,
2047,2026-08-30T21:30:42.624048+00:00,app.py,https://huggingface.co/spaces/Abdelrahman04/egyptian-educational-chatbot-demo/resolve/c959a848ff51f36474e455baadf234831fd1f7f2/app.py,c959a848ff51f36474e455baadf234831fd1f7f2,e0fe257236aed77a5e259815506d6c4370fbc8ddf30a833ac2177428a215c9db,Abdelrahman04/egyptian-educational-chatbot-demo,200,,
120,2026-08-30T21:30:42.666053+00:00,requirements.txt,https://huggingface.co/spaces/Abdelrahman04/egyptian-educational-chatbot-demo/resolve/c959a848ff51f36474e455baadf234831fd1f7f2/requirements.txt,c959a848ff51f36474e455baadf234831fd1f7f2,3a5a13b81fec2c81d697f14c3a28bb070a7ce2538588f2ac627a7138ca93630a,Abdelrahman04/egyptian-educational-chatbot-demo,200,,
1493,2026-08-30T21:30:48.036051+00:00,DS_AI_TUTOR.py,https://huggingface.co/spaces/AbhiReddy1/AI_datascince_Tutor/resolve/49e68b6f30a01110a29f2852e4535ff7bd1be144/DS_AI_TUTOR.py,49e68b6f30a01110a29f2852e4535ff7bd1be144,f3ead53f46b570ff12f483833eec23d86c2d402b2a73e0fd52187305bc48898b,AbhiReddy1/AI_datascince_Tutor,200,,
252,2026-08-30T21:30:47.512506+00:00,README.md,https://huggingface.co/spaces/AbhiReddy1/AI_datascince_Tutor/resolve/49e68b6f30a01110a29f2852e4535ff7bd1be144/README.md,49e68b6f30a01110a29f2852e4535ff7bd1be144,db214cb7d0d5d4a205f0db7bd5a329bad3c0585faa312568c1b1ed156a4982eb,AbhiReddy1/AI_datascince_Tutor,200,,
249,2026-08-30T21:30:48.048986+00:00,requirements.txt,https://huggingface.co/spaces/AbhiReddy1/AI_datascince_Tutor/resolve/49e68b6f30a01110a29f2852e4535ff7bd1be144/requirements.txt,49e68b6f30a01110a29f2852e4535ff7bd1be144,8808212092cbb5813ac7d391b6fe955e2f6d07b42f286f04be2ce9e034e0e712,AbhiReddy1/AI_datascince_Tutor,200,,
40,2026-08-30T21:30:46.404267+00:00,.env.example,https://huggingface.co/spaces/Abhinaychatla/language_voice_tutor/resolve/1864296c0286ee3575a6ddf362e4aaa7568f8007/.env.example,1864296c0286ee3575a6ddf362e4aaa7568f8007,8545f2dac3d24d1e69d0aa9bb4dd59ba6edb7b6e54298802dd303aac6d6ed18e,Abhinaychatla/language_voice_tutor,200,,
599,2026-08-30T21:30:45.905753+00:00,README.md,https://huggingface.co/spaces/Abhinaychatla/language_voice_tutor/resolve/1864296c0286ee3575a6ddf362e4aaa7568f8007/README.md,1864296c0286ee3575a6ddf362e4aaa7568f8007,43f1bbfb5b90bab5b59185133166dca028e4d4cc74ca935f376e4f91783a4055,Abhinaychatla/language_voice_tutor,200,,
2871,2026-08-30T21:30:46.398351+00:00,app.py,https://huggingface.co/spaces/Abhinaychatla/language_voice_tutor/resolve/1864296c0286ee3575a6ddf362e4aaa7568f8007/app.py,1864296c0286ee3575a6ddf362e4aaa7568f8007,1d165c0c09118afa247eabff5cfa576af54a47afae0678d7d82333e6d6d11665,Abhinaychatla/language_voice_tutor,200,,
568,2026-08-30T21:30:46.490994+00:00,eslint.config.js,https://huggingface.co/spaces/Abhinaychatla/language_voice_tutor/resolve/1864296c0286ee3575a6ddf362e4aaa7568f8007/eslint.config.js,1864296c0286ee3575a6ddf362e4aaa7568f8007,0197d9a843aaae267303c4d1ab1a43afad1afacc7646cdf6cf94a5af6b815fb8,Abhinaychatla/language_voice_tutor,200,,
627,2026-08-30T21:30:46.420923+00:00,index.html,https://huggingface.co/spaces/Abhinaychatla/language_voice_tutor/resolve/1864296c0286ee3575a6ddf362e4aaa7568f8007/index.html,1864296c0286ee3575a6ddf362e4aaa7568f8007,3d8a63d04378f16d8a50236af94c6e910033932ba621846b2f99a8168ccdf093,Abhinaychatla/language_voice_tutor,200,,
660,2026-08-30T21:30:46.420148+00:00,package.json,https://huggingface.co/spaces/Abhinaychatla/language_voice_tutor/resolve/1864296c0286ee3575a6ddf362e4aaa7568f8007/package.json,1864296c0286ee3575a6ddf362e4aaa7568f8007,aae5b80f9e62ca7bcc02c5fe26ec76af98482a696feda5c6bdfbb4885fd12667,Abhinaychatla/language_voice_tutor,200,,
939,2026-08-30T21:30:46.415299+00:00,processor.py,https://huggingface.co/spaces/Abhinaychatla/language_voice_tutor/resolve/1864296c0286ee3575a6ddf362e4aaa7568f8007/processor.py,1864296c0286ee3575a6ddf362e4aaa7568f8007,3b1620ae3a9a233f0e84fc6ff30f4327bd8e18fe4822f653a9a03654a0a4d49c,Abhinaychatla/language_voice_tutor,200,,
125,2026-08-30T21:30:46.454489+00:00,requirements.txt,https://huggingface.co/spaces/Abhinaychatla/language_voice_tutor/resolve/1864296c0286ee3575a6ddf362e4aaa7568f8007/requirements.txt,1864296c0286ee3575a6ddf362e4aaa7568f8007,bfe305d14dcf03eab70fb4040abe88a1e2666ed65584248669e0f84ea09cce9f,Abhinaychatla/language_voice_tutor,200,,
6289,2026-08-30T21:30:46.457508+00:00,src/App.jsx,https://huggingface.co/spaces/Abhinaychatla/language_voice_tutor/resolve/1864296c0286ee3575a6ddf362e4aaa7568f8007/src/App.jsx,1864296c0286ee3575a6ddf362e4aaa7568f8007,40ad16df85bd0bd49bb2e99465761091248d7be8e474094ead0f6e99e6c4fa3e,Abhinaychatla/language_voice_tutor,200,,
229,2026-08-30T21:30:47.000358+00:00,src/main.jsx,https://huggingface.co/spaces/Abhinaychatla/language_voice_tutor/resolve/1864296c0286ee3575a6ddf362e4aaa7568f8007/src/main.jsx,1864296c0286ee3575a6ddf362e4aaa7568f8007,4b4b864dbe45253425d0c925337180ec07e204295179f80f59551216f466f618,Abhinaychatla/language_voice_tutor,200,,
430,2026-08-30T21:30:51.866608+00:00,README.md,https://huggingface.co/spaces/Achyutar/Engross-Educational-AI/resolve/12b242517239b07b2e968862ac37bfcca12e7996/README.md,12b242517239b07b2e968862ac37bfcca12e7996,8ab3cd75c27a58afe949ddafc5c9f3da6b0318cca1e95e279408a8fc5d5ce91c,Achyutar/Engross-Educational-AI,200,,
1711,2026-08-30T21:30:52.359946+00:00,app.py,https://huggingface.co/spaces/Achyutar/Engross-Educational-AI/resolve/12b242517239b07b2e968862ac37bfcca12e7996/app.py,12b242517239b07b2e968862ac37bfcca12e7996,c1f82802eea90339633ac3e8953ef85038ae8f939d94ec9f2685219b0fdf6bb6,Achyutar/Engross-Educational-AI,200,,
23,2026-08-30T21:30:52.391613+00:00,requirements.txt,https://huggingface.co/spaces/Achyutar/Engross-Educational-AI/resolve/12b242517239b07b2e968862ac37bfcca12e7996/requirements.txt,12b242517239b07b2e968862ac37bfcca12e7996,48293d5aac441f371121b28f1ff76c2495cf372febd85401e0f33f12789b4971,Achyutar/Engross-Educational-AI,200,,
3096,2026-08-30T21:30:54.001616+00:00,README.md,https://huggingface.co/spaces/Aditya1546/ai-study-assistant/resolve/e77f5ea413f717b4b0c2bff120cbd81e61c41382/README.md,e77f5ea413f717b4b0c2bff120cbd81e61c41382,a50b57aa7e33609c344f90c7e1e12bd3e4ebc1a9819e458c99ee74c307ad8961,Aditya1546/ai-study-assistant,200,,
1215,2026-08-30T21:30:54.609295+00:00,app.py,https://huggingface.co/spaces/Aditya1546/ai-study-assistant/resolve/e77f5ea413f717b4b0c2bff120cbd81e61c41382/app.py,e77f5ea413f717b4b0c2bff120cbd81e61c41382,508c56c88fc0e911f7303b0437b13e018f058eb1d4ded0a9e35f8a981ed2b647,Aditya1546/ai-study-assistant,200,,
2117,2026-08-30T21:30:54.520538+00:00,rag_engine.py,https://huggingface.co/spaces/Aditya1546/ai-study-assistant/resolve/e77f5ea413f717b4b0c2bff120cbd81e61c41382/rag_engine.py,e77f5ea413f717b4b0c2bff120cbd81e61c41382,8ed03f738c7be0ba728f85b1f66b493cf71da665d474a07449370188755b6f87,Aditya1546/ai-study-assistant,200,,
43,2026-08-30T21:30:54.531482+00:00,requirements.txt,https://huggingface.co/spaces/Aditya1546/ai-study-assistant/resolve/e77f5ea413f717b4b0c2bff120cbd81e61c41382/requirements.txt,e77f5ea413f717b4b0c2bff120cbd81e61c41382,1b20f04ddca96cac589162ec2e13ff2a08973f1e0008a73aad2915e6cfbf1912,Aditya1546/ai-study-assistant,200,,
1125,2026-08-30T21:30:54.688835+00:00,src/streamlit_app.py,https://huggingface.co/spaces/Aditya1546/ai-study-assistant/resolve/e77f5ea413f717b4b0c2bff120cbd81e61c41382/src/streamlit_app.py,e77f5ea413f717b4b0c2bff120cbd81e61c41382,67c3220df70c5f085a360e92abd29ba4c9f56cbd5ffcab04cd45ba6096794b04,Aditya1546/ai-study-assistant,200,,
313,2026-08-30T21:30:55.202151+00:00,README.md,https://huggingface.co/spaces/AdityaKokate/StudyAssistant/resolve/36597ebd9d89c0695aea6daa4c44d33680f03a50/README.md,36597ebd9d89c0695aea6daa4c44d33680f03a50,6fa0838a36937ea96aa0e57db537eb84488d5227778f7212efb1f13adf733ea1,AdityaKokate/StudyAssistant,200,,
1652,2026-08-30T21:30:55.712043+00:00,app.py,https://huggingface.co/spaces/AdityaKokate/StudyAssistant/resolve/36597ebd9d89c0695aea6daa4c44d33680f03a50/app.py,36597ebd9d89c0695aea6daa4c44d33680f03a50,61f38e90343a28971202f31ae706bbad1fc883bdf019a054f6820316deed6754,AdityaKokate/StudyAssistant,200,,
20,2026-08-30T21:30:55.737884+00:00,requirements.txt,https://huggingface.co/spaces/AdityaKokate/StudyAssistant/resolve/36597ebd9d89c0695aea6daa4c44d33680f03a50/requirements.txt,36597ebd9d89c0695aea6daa4c44d33680f03a50,6f1756c6ef672af0d7db4cad79cfc682868d203d904a5b6aa55db9c2017ca5ad,AdityaKokate/StudyAssistant,200,,
274,2026-08-30T21:30:56.815556+00:00,README.md,https://huggingface.co/spaces/Agents-MCP-Hackathon/AI-Quiz-Generator/resolve/d57400021ec3f6cbb3b53f2686075f536a96ff53/README.md,d57400021ec3f6cbb3b53f2686075f536a96ff53,140290a0c38812b86ac8b9983b5dbe3540701c7a0cb50fda92df71005573ceb7,Agents-MCP-Hackathon/AI-Quiz-Generator,200,,
2514,2026-08-30T21:30:57.337846+00:00,app.py,https://huggingface.co/spaces/Agents-MCP-Hackathon/AI-Quiz-Generator/resolve/d57400021ec3f6cbb3b53f2686075f536a96ff53/app.py,d57400021ec3f6cbb3b53f2686075f536a96ff53,249f64423144c28e033f6fe44b193d0d039be49afe475ae6beb54b2f53b301a1,Agents-MCP-Hackathon/AI-Quiz-Generator,200,,
64,2026-08-30T21:30:57.328505+00:00,requirements.txt,https://huggingface.co/spaces/Agents-MCP-Hackathon/AI-Quiz-Generator/resolve/d57400021ec3f6cbb3b53f2686075f536a96ff53/requirements.txt,d57400021ec3f6cbb3b53f2686075f536a96ff53,898d90ca0702113c3551a0f4f229af02c14a476dde5e88d5b5440664c3a53630,Agents-MCP-Hackathon/AI-Quiz-Generator,200,,
9172,2026-08-30T21:30:58.019110+00:00,README.md,https://huggingface.co/spaces/Agents-MCP-Hackathon/AI-Tutor-and-Syllabus-Planner/resolve/0b9fe734333e4c4228176db099be216a5d520ba5/README.md,0b9fe734333e4c4228176db099be216a5d520ba5,55d592d8a3a3a74224de53c59870b79e05c875948ac229db28ef9fbcf2a24291,Agents-MCP-Hackathon/AI-Tutor-and-Syllabus-Planner,200,,
25588,2026-08-30T21:30:58.523380+00:00,app.py,https://huggingface.co/spaces/Agents-MCP-Hackathon/AI-Tutor-and-Syllabus-Planner/resolve/0b9fe734333e4c4228176db099be216a5d520ba5/app.py,0b9fe734333e4c4228176db099be216a5d520ba5,0466b5a308e827a42230341433004c3547fc472567f93bfb24885d83cb68197e,Agents-MCP-Hackathon/AI-Tutor-and-Syllabus-Planner,200,,
5851,2026-08-30T21:30:58.552600+00:00,config.py,https://huggingface.co/spaces/Agents-MCP-Hackathon/AI-Tutor-and-Syllabus-Planner/resolve/0b9fe734333e4c4228176db099be216a5d520ba5/config.py,0b9fe734333e4c4228176db099be216a5d520ba5,b4839ae4294fb89f7f08ce379a59a6443506f8f2d93d079e26aee212ef8fbc22,Agents-MCP-Hackathon/AI-Tutor-and-Syllabus-Planner,200,,
2230,2026-08-30T21:30:58.531266+00:00,dspy_llm_wrapper.py,https://huggingface.co/spaces/Agents-MCP-Hackathon/AI-Tutor-and-Syllabus-Planner/resolve/0b9fe734333e4c4228176db099be216a5d520ba5/dspy_llm_wrapper.py,0b9fe734333e4c4228176db099be216a5d520ba5,ba5bcfbff75a3e78f234cdcd7699b3e09f4090ec4c3f0da9c9f89f4b6a0d259f,Agents-MCP-Hackathon/AI-Tutor-and-Syllabus-Planner,200,,
10983,2026-08-30T21:30:58.546307+00:00,dspy_modules.py,https://huggingface.co/spaces/Agents-MCP-Hackathon/AI-Tutor-and-Syllabus-Planner/resolve/0b9fe734333e4c4228176db099be216a5d520ba5/dspy_modules.py,0b9fe734333e4c4228176db099be216a5d520ba5,0231e3a2bbb021911a30bcafdf2fc04206f40ffcdb6c044fd6ad1ff95aa7016b,Agents-MCP-Hackathon/AI-Tutor-and-Syllabus-Planner,200,,
58152,2026-08-30T21:30:58.561087+00:00,dspy_signatures.py,https://huggingface.co/spaces/Agents-MCP-Hackathon/AI-Tutor-and-Syllabus-Planner/resolve/0b9fe734333e4c4228176db099be216a5d520ba5/dspy_signatures.py,0b9fe734333e4c4228176db099be216a5d520ba5,0763c6dbbfaa256e41ba5304b26d7eea81571894493f67e4add912f02fbbfb7e,Agents-MCP-Hackathon/AI-Tutor-and-Syllabus-Planner,200,,
31536,2026-08-30T21:30:58.614383+00:00,orchestrator.py,https://huggingface.co/spaces/Agents-MCP-Hackathon/AI-Tutor-and-Syllabus-Planner/resolve/0b9fe734333e4c4228176db099be216a5d520ba5/orchestrator.py,0b9fe734333e4c4228176db099be216a5d520ba5,e26d82a5967d8be87f6ae5b7e3d723505259650f718e49df56d1e43d36d69d0b,Agents-MCP-Hackathon/AI-Tutor-and-Syllabus-Planner,200,,
88,2026-08-30T21:30:58.593570+00:00,requirements.txt,https://huggingface.co/spaces/Agents-MCP-Hackathon/AI-Tutor-and-Syllabus-Planner/resolve/0b9fe734333e4c4228176db099be216a5d520ba5/requirements.txt,0b9fe734333e4c4228176db099be216a5d520ba5,7069372b7d39f43c40785a2afc09caa9ac563351c9a2f26a7897bbc54bf84e5c,Agents-MCP-Hackathon/AI-Tutor-and-Syllabus-Planner,200,,
3320,2026-08-30T21:30:58.606397+00:00,resource_processor.py,https://huggingface.co/spaces/Agents-MCP-Hackathon/AI-Tutor-and-Syllabus-Planner/resolve/0b9fe734333e4c4228176db099be216a5d520ba5/resource_processor.py,0b9fe734333e4c4228176db099be216a5d520ba5,f9b51c219535b28cbc1dbc5fa308d2bb50d942fcbfa5dfd987c8db0e7936b1af,Agents-MCP-Hackathon/AI-Tutor-and-Syllabus-Planner,200,,
3682,2026-08-30T21:30:59.195190+00:00,README.md,https://huggingface.co/spaces/Agents-MCP-Hackathon/AI_tutor/resolve/be9948b805c9256d50100efd40d9e5565ddb7e28/README.md,be9948b805c9256d50100efd40d9e5565ddb7e28,1168e5d5bc51cb29a6d44238f77e6f53d363b4cc6caef7f573a4f66050bfd1c5,Agents-MCP-Hackathon/AI_tutor,200,,
143,2026-08-30T21:30:59.738382+00:00,app/__init__.py,https://huggingface.co/spaces/Agents-MCP-Hackathon/AI_tutor/resolve/be9948b805c9256d50100efd40d9e5565ddb7e28/app/__init__.py,be9948b805c9256d50100efd40d9e5565ddb7e28,f6e5def2908699afa84a2756921afa6961b70cf2243e1f1d2d5e1bf71b4fc555,Agents-MCP-Hackathon/AI_tutor,200,,
10369,2026-08-30T21:30:59.739623+00:00,app/chatbot.py,https://huggingface.co/spaces/Agents-MCP-Hackathon/AI_tutor/resolve/be9948b805c9256d50100efd40d9e5565ddb7e28/app/chatbot.py,be9948b805c9256d50100efd40d9e5565ddb7e28,e9ee6e70fe4b172e7ce9f3a4502f0c3948e938645deaf8944a96b608aa417673,Agents-MCP-Hackathon/AI_tutor,200,,
16796,2026-08-30T21:30:59.716776+00:00,app/gradio_interface.py,https://huggingface.co/spaces/Agents-MCP-Hackathon/AI_tutor/resolve/be9948b805c9256d50100efd40d9e5565ddb7e28/app/gradio_interface.py,be9948b805c9256d50100efd40d9e5565ddb7e28,0a057dd30e48c7e4e9429e05cc8d83858ae16385f9331e6ad3b74419e978013a,Agents-MCP-Hackathon/AI_tutor,200,,
22561,2026-08-30T21:30:59.718884+00:00,app/lecture_generator.py,https://huggingface.co/spaces/Agents-MCP-Hackathon/AI_tutor/resolve/be9948b805c9256d50100efd40d9e5565ddb7e28/app/lecture_generator.py,be9948b805c9256d50100efd40d9e5565ddb7e28,fd5447710d96d46fb3e036f4cb9f67940353fbaa1a88cbc3021c2a16c36625e8,Agents-MCP-Hackathon/AI_tutor,200,,
933,2026-08-30T21:30:59.741128+00:00,app/models.py,https://huggingface.co/spaces/Agents-MCP-Hackathon/AI_tutor/resolve/be9948b805c9256d50100efd40d9e5565ddb7e28/app/models.py,be9948b805c9256d50100efd40d9e5565ddb7e28,1b490239eb63d287e1604b8ab2f39758c1e49334280cdc1c5eb974f6b43bface,Agents-MCP-Hackathon/AI_tutor,200,,
6896,2026-08-30T21:30:59.786501+00:00,app/pdf_processor.py,https://huggingface.co/spaces/Agents-MCP-Hackathon/AI_tutor/resolve/be9948b805c9256d50100efd40d9e5565ddb7e28/app/pdf_processor.py,be9948b805c9256d50100efd40d9e5565ddb7e28,bea86109b7bfe497417b703e87735922a94b0f815b8f9d5dc80c41c17e5d2ef9,Agents-MCP-Hackathon/AI_tutor,200,,
9772,2026-08-30T21:30:59.745868+00:00,app/rag_system.py,https://huggingface.co/spaces/Agents-MCP-Hackathon/AI_tutor/resolve/be9948b805c9256d50100efd40d9e5565ddb7e28/app/rag_system.py,be9948b805c9256d50100efd40d9e5565ddb7e28,f1e53fa5e0e303f38c3c17d6f4fa36be5a967f71490cb069d190435a37876fb1,Agents-MCP-Hackathon/AI_tutor,200,,
411,2026-08-30T21:30:59.748117+00:00,main.py,https://huggingface.co/spaces/Agents-MCP-Hackathon/AI_tutor/resolve/be9948b805c9256d50100efd40d9e5565ddb7e28/main.py,be9948b805c9256d50100efd40d9e5565ddb7e28,d64c807d9960cf7896b7d5c8dea313e4a9d1c5a02483c8241735beafcf7a292c,Agents-MCP-Hackathon/AI_tutor,200,,
222,2026-08-30T21:31:00.359384+00:00,requirements.txt,https://huggingface.co/spaces/Agents-MCP-Hackathon/AI_tutor/resolve/be9948b805c9256d50100efd40d9e5565ddb7e28/requirements.txt,be9948b805c9256d50100efd40d9e5565ddb7e28,7a2f488002365af9e03c633bbbeefb3ae81e54108638eef12f9f5226aaad004e,Agents-MCP-Hackathon/AI_tutor,200,,
259,2026-08-30T21:31:00.880747+00:00,README.md,https://huggingface.co/spaces/Ahmed653/studykar-smart-learning-companion/resolve/2ee769d0b68000c87f7742025e61fc2e59c7b2f9/README.md,2ee769d0b68000c87f7742025e61fc2e59c7b2f9,b8831df41ae221459fdd07096d133597c68e22a68eac5c91b7928fe2f17e8d56,Ahmed653/studykar-smart-learning-companion,200,,
22000,2026-08-30T21:31:01.385984+00:00,admin.html,https://huggingface.co/spaces/Ahmed653/studykar-smart-learning-companion/resolve/2ee769d0b68000c87f7742025e61fc2e59c7b2f9/admin.html,2ee769d0b68000c87f7742025e61fc2e59c7b2f9,a07924c02c4ba0b119a08e1aedaa090800a4ed1cf7dc8cf149c8791e1d1bc72c,Ahmed653/studykar-smart-learning-companion,200,,
49412,2026-08-30T21:31:01.393933+00:00,index.html,https://huggingface.co/spaces/Ahmed653/studykar-smart-learning-companion/resolve/2ee769d0b68000c87f7742025e61fc2e59c7b2f9/index.html,2ee769d0b68000c87f7742025e61fc2e59c7b2f9,57f0a58472751d96af4bc2dcc426bf1f091d319fc6558792cd63a1446075378a,Ahmed653/studykar-smart-learning-companion,200,,
11768,2026-08-30T21:31:01.381665+00:00,notes.html,https://huggingface.co/spaces/Ahmed653/studykar-smart-learning-companion/resolve/2ee769d0b68000c87f7742025e61fc2e59c7b2f9/notes.html,2ee769d0b68000c87f7742025e61fc2e59c7b2f9,0adc2c85d734968df7e135596e2b5762dad22a52a8ab3d17e58dd4164629cd1f,Ahmed653/studykar-smart-learning-companion,200,,
11473,2026-08-30T21:31:01.373368+00:00,videos.html,https://huggingface.co/spaces/Ahmed653/studykar-smart-learning-companion/resolve/2ee769d0b68000c87f7742025e61fc2e59c7b2f9/videos.html,2ee769d0b68000c87f7742025e61fc2e59c7b2f9,b0e36b0d47a2fe992abed5e5556b4d262c87e3dc842c457515873c5609a09843,Ahmed653/studykar-smart-learning-companion,200,,
238,2026-08-30T21:31:01.950805+00:00,README.md,https://huggingface.co/spaces/Ahsaanali/study_ai_assistant/resolve/7fa434aeec9291472cc98cd6f08e5c7d60b47492/README.md,7fa434aeec9291472cc98cd6f08e5c7d60b47492,e93f810f1f047ffc801a49342454d7eabaef2b2c028c6006eb494ac680aaf4df,Ahsaanali/study_ai_assistant,200,,
242,2026-08-30T21:31:02.955168+00:00,README.md,https://huggingface.co/spaces/Ai-Pro/Auto-Quiz-Generator/resolve/93070bd2170596730ff925919ae2a66a4ab659c3/README.md,93070bd2170596730ff925919ae2a66a4ab659c3,ac7e43379a92d0b7eea7258e64a6ab4b95ada7ccc53127146321d12ce76d98cf,Ai-Pro/Auto-Quiz-Generator,200,,
1284,2026-08-30T21:31:03.457626+00:00,app.py,https://huggingface.co/spaces/Ai-Pro/Auto-Quiz-Generator/resolve/93070bd2170596730ff925919ae2a66a4ab659c3/app.py,93070bd2170596730ff925919ae2a66a4ab659c3,fd99068f486823953f2bf500428b1054e40cea61e709df8de01c933b28055349,Ai-Pro/Auto-Quiz-Generator,200,,
250,2026-08-30T21:31:06.116050+00:00,README.md,https://huggingface.co/spaces/Akash035/my_study_assistant/resolve/cf8ce1019d02405129a26d4003b4b83ba54b77f8/README.md,cf8ce1019d02405129a26d4003b4b83ba54b77f8,8c1e4e9ba66859b18a73da52ffc7f25ed5431a76d44ae07f73c17ac2621aef6b,Akash035/my_study_assistant,200,,
1721,2026-08-30T21:31:06.615441+00:00,app.py,https://huggingface.co/spaces/Akash035/my_study_assistant/resolve/cf8ce1019d02405129a26d4003b4b83ba54b77f8/app.py,cf8ce1019d02405129a26d4003b4b83ba54b77f8,1a847b614b5aded04c5c10bc6b0bef94679eaae5541e8e1f0b8d5e3a760f4af1,Akash035/my_study_assistant,200,,
20,2026-08-30T21:31:06.636970+00:00,requirements.txt,https://huggingface.co/spaces/Akash035/my_study_assistant/resolve/cf8ce1019d02405129a26d4003b4b83ba54b77f8/requirements.txt,cf8ce1019d02405129a26d4003b4b83ba54b77f8,6f1756c6ef672af0d7db4cad79cfc682868d203d904a5b6aa55db9c2017ca5ad,Akash035/my_study_assistant,200,,
257,2026-08-30T21:31:08.786722+00:00,README.md,https://huggingface.co/spaces/Alan012/eduai-companion-smart-learning-buddy/resolve/12f0473ed2169c0e4f2f1387c86d87f7b5126772/README.md,12f0473ed2169c0e4f2f1387c86d87f7b5126772,d7b254362c2a2013eb3a484017b86920deef6d79d18fb1832f8a782f6b0b8e46,Alan012/eduai-companion-smart-learning-buddy,200,,
22324,2026-08-30T21:31:09.306138+00:00,dashboard.html,https://huggingface.co/spaces/Alan012/eduai-companion-smart-learning-buddy/resolve/12f0473ed2169c0e4f2f1387c86d87f7b5126772/dashboard.html,12f0473ed2169c0e4f2f1387c86d87f7b5126772,6cd1bd5d4519b1cbbc6f23e65be72ddc5c4ddce98c7496bb4b2dc4819793ae50,Alan012/eduai-companion-smart-learning-buddy,200,,
8720,2026-08-30T21:31:09.293153+00:00,index.html,https://huggingface.co/spaces/Alan012/eduai-companion-smart-learning-buddy/resolve/12f0473ed2169c0e4f2f1387c86d87f7b5126772/index.html,12f0473ed2169c0e4f2f1387c86d87f7b5126772,62a6aba071a6af36d560e5fe8032a4026a6154401134ef235143d425032a14d1,Alan012/eduai-companion-smart-learning-buddy,200,,
5841,2026-08-30T21:31:09.302006+00:00,login.html,https://huggingface.co/spaces/Alan012/eduai-companion-smart-learning-buddy/resolve/12f0473ed2169c0e4f2f1387c86d87f7b5126772/login.html,12f0473ed2169c0e4f2f1387c86d87f7b5126772,93a443b0586cca877d1d3b66ddd73fed83a57c9e9c217a5a27907c75b071ecca,Alan012/eduai-companion-smart-learning-buddy,200,,
4864,2026-08-30T21:31:09.308373+00:00,registration_success.html,https://huggingface.co/spaces/Alan012/eduai-companion-smart-learning-buddy/resolve/12f0473ed2169c0e4f2f1387c86d87f7b5126772/registration_success.html,12f0473ed2169c0e4f2f1387c86d87f7b5126772,691f75c398408f5d9a01d027e610407564e60afd47981ff3366703602b75407e,Alan012/eduai-companion-smart-learning-buddy,200,,
9824,2026-08-30T21:31:09.296622+00:00,signup.html,https://huggingface.co/spaces/Alan012/eduai-companion-smart-learning-buddy/resolve/12f0473ed2169c0e4f2f1387c86d87f7b5126772/signup.html,12f0473ed2169c0e4f2f1387c86d87f7b5126772,858d87c09894c9d7acd44afc693bcf24e64287417b4f4ac9e04db14d04095ffe,Alan012/eduai-companion-smart-learning-buddy,200,,
480,2026-08-30T21:31:09.835447+00:00,README.md,https://huggingface.co/spaces/Aleesha29/socratic_tutor/resolve/8ee693fcac3e99f264d0bca5dcc9b3460bc8f33a/README.md,8ee693fcac3e99f264d0bca5dcc9b3460bc8f33a,4023b79108343b41ea200061009d9c6fb078111e8a9c2bedc337756d486d64bf,Aleesha29/socratic_tutor,200,,
13407,2026-08-30T21:31:10.334275+00:00,app.py,https://huggingface.co/spaces/Aleesha29/socratic_tutor/resolve/8ee693fcac3e99f264d0bca5dcc9b3460bc8f33a/app.py,8ee693fcac3e99f264d0bca5dcc9b3460bc8f33a,ee4b226f6c24c32bd8ffd7a1eb3d46a2d4841ff98f396348ba3adaab6a9a3e3b,Aleesha29/socratic_tutor,200,,
45,2026-08-30T21:31:10.351136+00:00,requirements.txt,https://huggingface.co/spaces/Aleesha29/socratic_tutor/resolve/8ee693fcac3e99f264d0bca5dcc9b3460bc8f33a/requirements.txt,8ee693fcac3e99f264d0bca5dcc9b3460bc8f33a,0ea4add6b41ff0529f7154fe8619d0dff8a04da1aa5f511274aefd9e735d8ec0,Aleesha29/socratic_tutor,200,,
321,2026-08-30T21:31:14.658331+00:00,README.md,https://huggingface.co/spaces/Amandeep01/Quiz_Generator/resolve/4a01c06676c62c76a5dc549d39a1a2c289679702/README.md,4a01c06676c62c76a5dc549d39a1a2c289679702,dc792456f017d72b5fb1de94644d08cef250a01c8e674651d6926c9c2865d496,Amandeep01/Quiz_Generator,200,,
2553,2026-08-30T21:31:15.159599+00:00,app.py,https://huggingface.co/spaces/Amandeep01/Quiz_Generator/resolve/4a01c06676c62c76a5dc549d39a1a2c289679702/app.py,4a01c06676c62c76a5dc549d39a1a2c289679702,e76e752db590b62fc4d73c2fc8d4ffc5eb9a1e627979791c896270e8fa50ce6d,Amandeep01/Quiz_Generator,200,,
7,2026-08-30T21:31:15.255901+00:00,requirements.txt,https://huggingface.co/spaces/Amandeep01/Quiz_Generator/resolve/4a01c06676c62c76a5dc549d39a1a2c289679702/requirements.txt,4a01c06676c62c76a5dc549d39a1a2c289679702,5fdc213a8c2215b7ea246283616ac617f8755e3c4e7bda6c3dfd70f6f8c80466,Amandeep01/Quiz_Generator,200,,
134,2026-08-30T21:31:16.399915+00:00,README.md,https://huggingface.co/spaces/Anand000114/ai-virtual-teaching-assistant/resolve/4effb54e25eed35e07f1ae91fd6b50b746a63dbc/README.md,4effb54e25eed35e07f1ae91fd6b50b746a63dbc,264321130e200bbaaf87ea9bc97f6dbd33f6a4a50dcb8edd9362dc070f47b0d6,Anand000114/ai-virtual-teaching-assistant,200,,
1202,2026-08-30T21:31:16.910895+00:00,app.py,https://huggingface.co/spaces/Anand000114/ai-virtual-teaching-assistant/resolve/4effb54e25eed35e07f1ae91fd6b50b746a63dbc/app.py,4effb54e25eed35e07f1ae91fd6b50b746a63dbc,2ebbb06a3a300a4e50378b8f48381c6af4e7f2f7543c4787386368c97d982fc5,Anand000114/ai-virtual-teaching-assistant,200,,
43,2026-08-30T21:31:17.037935+00:00,requirements.txt,https://huggingface.co/spaces/Anand000114/ai-virtual-teaching-assistant/resolve/4effb54e25eed35e07f1ae91fd6b50b746a63dbc/requirements.txt,4effb54e25eed35e07f1ae91fd6b50b746a63dbc,a020fd3992f9472a676b45c546007820496349ad540c8cc821f8f7c565d1c77e,Anand000114/ai-virtual-teaching-assistant,200,,
3983,2026-08-30T21:31:17.084424+00:00,src/ml_system.py,https://huggingface.co/spaces/Anand000114/ai-virtual-teaching-assistant/resolve/4effb54e25eed35e07f1ae91fd6b50b746a63dbc/src/ml_system.py,4effb54e25eed35e07f1ae91fd6b50b746a63dbc,967ceffe042f08cce9323026f5c33b6a0b390104ded7b46b4ac62aeb73818c3a,Anand000114/ai-virtual-teaching-assistant,200,,
1313,2026-08-30T21:31:17.595908+00:00,README.md,https://huggingface.co/spaces/AneelaFatima/AI_Friendly_Study_Tutor/resolve/4f67d2d2dcacd2c1598a95fe64366c4f951f194a/README.md,4f67d2d2dcacd2c1598a95fe64366c4f951f194a,fdb3848540cd4b40370899e0f8bd6b681fae07ceeefd520c8dc692e94ed796ca,AneelaFatima/AI_Friendly_Study_Tutor,200,,
13375,2026-08-30T21:31:18.169267+00:00,app.py,https://huggingface.co/spaces/AneelaFatima/AI_Friendly_Study_Tutor/resolve/4f67d2d2dcacd2c1598a95fe64366c4f951f194a/app.py,4f67d2d2dcacd2c1598a95fe64366c4f951f194a,333e5e4592ecc8db460d1feceba99a103322450efcf1f3998bbb9b9a38734fb2,AneelaFatima/AI_Friendly_Study_Tutor,200,,
44,2026-08-30T21:31:18.107750+00:00,requirements.txt,https://huggingface.co/spaces/AneelaFatima/AI_Friendly_Study_Tutor/resolve/4f67d2d2dcacd2c1598a95fe64366c4f951f194a/requirements.txt,4f67d2d2dcacd2c1598a95fe64366c4f951f194a,e2d1d4a0d86ee4c281b8217e43ff9048d1e81252f3061ea39642505312cea9bd,AneelaFatima/AI_Friendly_Study_Tutor,200,,
200,2026-08-30T21:31:18.679511+00:00,README.md,https://huggingface.co/spaces/Anil3920/StudyAssistant/resolve/b49e049f1bd13d1592dc7c165789125c9a077c68/README.md,b49e049f1bd13d1592dc7c165789125c9a077c68,02bd697c98c5d84deaf8d323b8b44abf680180aeb47a570d6df1ea9707de8d98,Anil3920/StudyAssistant,200,,
1730,2026-09-02T19:08:29.133448+00:00,app.py,https://huggingface.co/spaces/Anil3920/StudyAssistant/resolve/b49e049f1bd13d1592dc7c165789125c9a077c68/app.py,b49e049f1bd13d1592dc7c165789125c9a077c68,0b0c84b1fbbb842b32ffbacd08c37a25dfe3b12b27bc24bb3eba30ef5a1bad07,Anil3920/StudyAssistant,200,lossless-v2,utf-8
20,2026-09-02T19:08:29.138752+00:00,requirements.txt,https://huggingface.co/spaces/Anil3920/StudyAssistant/resolve/b49e049f1bd13d1592dc7c165789125c9a077c68/requirements.txt,b49e049f1bd13d1592dc7c165789125c9a077c68,6f1756c6ef672af0d7db4cad79cfc682868d203d904a5b6aa55db9c2017ca5ad,Anil3920/StudyAssistant,200,lossless-v2,utf-8
271,2026-08-30T21:31:19.192784+00:00,README.md,https://huggingface.co/spaces/Anilkumar12/StudyAssistant/resolve/490d529a6052fffbf28bd784ec68cfce9f84ab69/README.md,490d529a6052fffbf28bd784ec68cfce9f84ab69,b38a2cc634b43a71872dbc66ae88de4c04ba33f0a0ab598bf58ce21dfe550012,Anilkumar12/StudyAssistant,200,,
1720,2026-09-02T19:08:29.662588+00:00,app.py,https://huggingface.co/spaces/Anilkumar12/StudyAssistant/resolve/490d529a6052fffbf28bd784ec68cfce9f84ab69/app.py,490d529a6052fffbf28bd784ec68cfce9f84ab69,a2a925f946e87647069547b7c1a85f948e5fa56e526bc20e639ef446b3b95c76,Anilkumar12/StudyAssistant,200,lossless-v2,utf-8
20,2026-09-02T19:08:29.686316+00:00,requirements.txt,https://huggingface.co/spaces/Anilkumar12/StudyAssistant/resolve/490d529a6052fffbf28bd784ec68cfce9f84ab69/requirements.txt,490d529a6052fffbf28bd784ec68cfce9f84ab69,6f1756c6ef672af0d7db4cad79cfc682868d203d904a5b6aa55db9c2017ca5ad,Anilkumar12/StudyAssistant,200,lossless-v2,utf-8
244,2026-08-30T21:31:20.901196+00:00,README.md,https://huggingface.co/spaces/AnishaG0201/maths_quiz_generator/resolve/719aaf3fea1333f543537390d583ce4d15aeaacc/README.md,719aaf3fea1333f543537390d583ce4d15aeaacc,ff932addd41dcf16b0430aeccb8bc292a14269b11a4ae2b4b943bbd436a9ac3f,AnishaG0201/maths_quiz_generator,200,,
2664,2026-08-30T21:31:21.403287+00:00,app.py,https://huggingface.co/spaces/AnishaG0201/maths_quiz_generator/resolve/719aaf3fea1333f543537390d583ce4d15aeaacc/app.py,719aaf3fea1333f543537390d583ce4d15aeaacc,a0a7f73f99823136d44cba776bb84b6cf52514fbc4a3a6117aaf864dc1b4a598,AnishaG0201/maths_quiz_generator,200,,
1655,2026-08-30T21:31:21.389553+00:00,function.py,https://huggingface.co/spaces/AnishaG0201/maths_quiz_generator/resolve/719aaf3fea1333f543537390d583ce4d15aeaacc/function.py,719aaf3fea1333f543537390d583ce4d15aeaacc,bf5fce62ef47a329e5e1f6121c980eddbbd4f1044e713e2734ab24e0ee0481e9,AnishaG0201/maths_quiz_generator,200,,
68,2026-08-30T21:31:21.411684+00:00,requirements.txt,https://huggingface.co/spaces/AnishaG0201/maths_quiz_generator/resolve/719aaf3fea1333f543537390d583ce4d15aeaacc/requirements.txt,719aaf3fea1333f543537390d583ce4d15aeaacc,df5101bbcb88b2034ed19067b36bece90f769bbab36f8fadce2fa26a805dfac4,AnishaG0201/maths_quiz_generator,200,,
332,2026-08-30T21:31:23.500516+00:00,README.md,https://huggingface.co/spaces/Anmol2006/AI_Study_Assistant/resolve/14ba597ebdcd9dc9d77a3358348f9d30b1598f82/README.md,14ba597ebdcd9dc9d77a3358348f9d30b1598f82,6720171775d2bfe86b271d146c596604d35998df486d6d41dfa89e414c75ba72,Anmol2006/AI_Study_Assistant,200,,
2239,2026-08-30T21:31:24.013075+00:00,app.py,https://huggingface.co/spaces/Anmol2006/AI_Study_Assistant/resolve/14ba597ebdcd9dc9d77a3358348f9d30b1598f82/app.py,14ba597ebdcd9dc9d77a3358348f9d30b1598f82,fd6ba769e797e22bcef5af81c6a5b51b5297324f894d811e8a40752e8738c3f3,Anmol2006/AI_Study_Assistant,200,,
20,2026-08-30T21:31:24.009041+00:00,requirements.txt,https://huggingface.co/spaces/Anmol2006/AI_Study_Assistant/resolve/14ba597ebdcd9dc9d77a3358348f9d30b1598f82/requirements.txt,14ba597ebdcd9dc9d77a3358348f9d30b1598f82,6f1756c6ef672af0d7db4cad79cfc682868d203d904a5b6aa55db9c2017ca5ad,Anmol2006/AI_Study_Assistant,200,,
250,2026-08-30T21:31:25.154703+00:00,README.md,https://huggingface.co/spaces/Anupam251272/Education-Chatbot-Anupam/resolve/3f2e3d404b9be110a032a8e4b1a1c8d96cdc12ec/README.md,3f2e3d404b9be110a032a8e4b1a1c8d96cdc12ec,c30ddea5d9359b5e70966993da6bd447c60ddde880ac6d52220d7fff05f11ae2,Anupam251272/Education-Chatbot-Anupam,200,,
4056,2026-08-30T21:31:25.672717+00:00,app.py,https://huggingface.co/spaces/Anupam251272/Education-Chatbot-Anupam/resolve/3f2e3d404b9be110a032a8e4b1a1c8d96cdc12ec/app.py,3f2e3d404b9be110a032a8e4b1a1c8d96cdc12ec,c62ccf0c590814de1c5fd0dfffd778871da2e0ddcd3e84bddc849a4a8e2b22e9,Anupam251272/Education-Chatbot-Anupam,200,,
2535,2026-08-30T21:31:25.657515+00:00,guardrail.py,https://huggingface.co/spaces/Anupam251272/Education-Chatbot-Anupam/resolve/3f2e3d404b9be110a032a8e4b1a1c8d96cdc12ec/guardrail.py,3f2e3d404b9be110a032a8e4b1a1c8d96cdc12ec,b0af76ab4aace6c178e0ed934e675bb3286c9aa3974faa8d2e0842b24b28e017,Anupam251272/Education-Chatbot-Anupam,200,,
2710,2026-08-30T21:31:25.666275+00:00,openai-app.py,https://huggingface.co/spaces/Anupam251272/Education-Chatbot-Anupam/resolve/3f2e3d404b9be110a032a8e4b1a1c8d96cdc12ec/openai-app.py,3f2e3d404b9be110a032a8e4b1a1c8d96cdc12ec,1ad4371c8a670f4a0ed3adfad995b14a9255e664a25fec78be2981f8535a8c25,Anupam251272/Education-Chatbot-Anupam,200,,
51,2026-08-30T21:31:25.675264+00:00,requirements.txt,https://huggingface.co/spaces/Anupam251272/Education-Chatbot-Anupam/resolve/3f2e3d404b9be110a032a8e4b1a1c8d96cdc12ec/requirements.txt,3f2e3d404b9be110a032a8e4b1a1c8d96cdc12ec,940e27f132b40d762e623e715d45d19789029025ef44507914c120d072d942e0,Anupam251272/Education-Chatbot-Anupam,200,,
232,2026-08-30T21:31:26.180985+00:00,README.md,https://huggingface.co/spaces/Aotim/brainsync-os-your-cognitive-learning-companion/resolve/dda9ffda9eba6f8d50e5c6781d839df04f00faea/README.md,dda9ffda9eba6f8d50e5c6781d839df04f00faea,c43a082d12f9513b9c2249a1625b3a6483e73352b1a978331ef56d08de0ede3a,Aotim/brainsync-os-your-cognitive-learning-companion,200,,
546,2026-08-30T21:31:26.831743+00:00,index.html,https://huggingface.co/spaces/Aotim/brainsync-os-your-cognitive-learning-companion/resolve/dda9ffda9eba6f8d50e5c6781d839df04f00faea/index.html,dda9ffda9eba6f8d50e5c6781d839df04f00faea,fef10b4e06879d75c496c1ce3e89410bff1b77bf51220f21570255d1f214580e,Aotim/brainsync-os-your-cognitive-learning-companion,200,,
259,2026-08-30T21:31:27.457244+00:00,README.md,https://huggingface.co/spaces/Apoorvahu/my-study-assistant/resolve/62e5d6528063f371eff792a8c7a93895afcbdc84/README.md,62e5d6528063f371eff792a8c7a93895afcbdc84,887936354c972e37608cd65ebfd2e6fe8eeec423ed0aeebc29411dda4ef5e62b,Apoorvahu/my-study-assistant,200,,
1737,2026-08-30T21:31:27.971062+00:00,app.py,https://huggingface.co/spaces/Apoorvahu/my-study-assistant/resolve/62e5d6528063f371eff792a8c7a93895afcbdc84/app.py,62e5d6528063f371eff792a8c7a93895afcbdc84,11fa27ddad7530d91886fb47047c81871137abc05ce83fe4f823f2661e125a7d,Apoorvahu/my-study-assistant,200,,
20,2026-08-30T21:31:27.989381+00:00,requirements.txt,https://huggingface.co/spaces/Apoorvahu/my-study-assistant/resolve/62e5d6528063f371eff792a8c7a93895afcbdc84/requirements.txt,62e5d6528063f371eff792a8c7a93895afcbdc84,95b4ef97b952c34747ec62bd11226237b56adcd53182fcd706b2f2be09c37c53,Apoorvahu/my-study-assistant,200,,
304,2026-08-30T21:31:30.072232+00:00,README.md,https://huggingface.co/spaces/Archimagos/ai_tutor/resolve/de74687273d2dd0b0fe90bc7699e20fd2226b3ec/README.md,de74687273d2dd0b0fe90bc7699e20fd2226b3ec,81fec5e64c4e099be0df25814e8d4d8cfb90543035a52f7493eb456d4eacfbf4,Archimagos/ai_tutor,200,,
995,2026-08-30T21:31:30.556245+00:00,app.py,https://huggingface.co/spaces/Archimagos/ai_tutor/resolve/de74687273d2dd0b0fe90bc7699e20fd2226b3ec/app.py,de74687273d2dd0b0fe90bc7699e20fd2226b3ec,f3354c452f9026130fdcf9d5972f6dd5de489cc196e1ccf85b94ecea1cf80e21,Archimagos/ai_tutor,200,,
99,2026-08-30T21:31:30.580357+00:00,requirements.txt,https://huggingface.co/spaces/Archimagos/ai_tutor/resolve/de74687273d2dd0b0fe90bc7699e20fd2226b3ec/requirements.txt,de74687273d2dd0b0fe90bc7699e20fd2226b3ec,3c39618fe41074772165f642e1a86543fa563131f2d94ef86d450802c736c3cc,Archimagos/ai_tutor,200,,
269,2026-08-30T21:31:31.081135+00:00,README.md,https://huggingface.co/spaces/Archimagos/ai_tutor_3.2/resolve/b4136662144530a01fe64d3ec2d6a8a15b67a480/README.md,b4136662144530a01fe64d3ec2d6a8a15b67a480,21b9a4d32e19a6f058cf522ad6c85cd131dd1a574080e765bfc4bbfa0e67d051,Archimagos/ai_tutor_3.2,200,,
3536,2026-08-30T21:31:31.598582+00:00,app.py,https://huggingface.co/spaces/Archimagos/ai_tutor_3.2/resolve/b4136662144530a01fe64d3ec2d6a8a15b67a480/app.py,b4136662144530a01fe64d3ec2d6a8a15b67a480,95271c2ece88bf647570f931fce33e0ca4ad95f934e2bd6bd223f20fd461d41d,Archimagos/ai_tutor_3.2,200,,
104,2026-08-30T21:31:31.578877+00:00,requirements.txt,https://huggingface.co/spaces/Archimagos/ai_tutor_3.2/resolve/b4136662144530a01fe64d3ec2d6a8a15b67a480/requirements.txt,b4136662144530a01fe64d3ec2d6a8a15b67a480,9c975126dd54432453964ca8ab457181af8e9cb0e89cd84227107fea712d2973,Archimagos/ai_tutor_3.2,200,,
424,2026-08-30T21:31:32.702863+00:00,README.md,https://huggingface.co/spaces/Arjun021/AI_Study_Assistant/resolve/6bd849c36da68e6c8681cb5dcb4699c2a47e2ebe/README.md,6bd849c36da68e6c8681cb5dcb4699c2a47e2ebe,a4e7915b56a5f9ba429b904156e9d2217b8dea8e7ac6351e950e8783c4d95288,Arjun021/AI_Study_Assistant,200,,
23,2026-08-30T21:31:33.209061+00:00,requirements.txt,https://huggingface.co/spaces/Arjun021/AI_Study_Assistant/resolve/6bd849c36da68e6c8681cb5dcb4699c2a47e2ebe/requirements.txt,6bd849c36da68e6c8681cb5dcb4699c2a47e2ebe,0eab15ba6b51230309e4c83903237faceae6e1e2158257084c6a3db910a1bcc7,Arjun021/AI_Study_Assistant,200,,
1125,2026-08-30T21:31:33.213257+00:00,src/streamlit_app.py,https://huggingface.co/spaces/Arjun021/AI_Study_Assistant/resolve/6bd849c36da68e6c8681cb5dcb4699c2a47e2ebe/src/streamlit_app.py,6bd849c36da68e6c8681cb5dcb4699c2a47e2ebe,67c3220df70c5f085a360e92abd29ba4c9f56cbd5ffcab04cd45ba6096794b04,Arjun021/AI_Study_Assistant,200,,
213,2026-08-30T21:31:36.143794+00:00,README.md,https://huggingface.co/spaces/Arjunrathod01/StudyAssistant/resolve/8c5846a918812b5cf9ece7235330ed1ca76c03bc/README.md,8c5846a918812b5cf9ece7235330ed1ca76c03bc,71497f9a88a2390d53e7e564d7b9b36acdc50fdeeaac7fc4058b7e83b856f745,Arjunrathod01/StudyAssistant,200,,
1664,2026-09-02T19:08:32.338312+00:00,index.html,https://huggingface.co/spaces/Arjunrathod01/StudyAssistant/resolve/8c5846a918812b5cf9ece7235330ed1ca76c03bc/index.html,8c5846a918812b5cf9ece7235330ed1ca76c03bc,870dca6ad2db4be31e3278dcbe59b8c43c3f02baf1c1e105a7d8e73a68c23d7a,Arjunrathod01/StudyAssistant,200,lossless-v2,utf-8
209,2026-08-30T21:31:36.640404+00:00,README.md,https://huggingface.co/spaces/Arjunrathod01/StudyAssistant1/resolve/056d5530da67430e4188d34c7ee19925c0ea294f/README.md,056d5530da67430e4188d34c7ee19925c0ea294f,b6f864e21aa31a0ce15cf9218e1cba85b1069c56d1520129d161b1e8969645b3,Arjunrathod01/StudyAssistant1,200,,
290,2026-08-30T21:31:38.227550+00:00,README.md,https://huggingface.co/spaces/Arko3910/Study_Assistant/resolve/262ef2f22f2c31167bb57faf2ad46dd4147515e8/README.md,262ef2f22f2c31167bb57faf2ad46dd4147515e8,8ae7aa55cf959a39bc38080b468b5e2b41988963a98764c5349371e1bf125161,Arko3910/Study_Assistant,200,,
6336,2026-08-30T21:31:38.741323+00:00,app.py,https://huggingface.co/spaces/Arko3910/Study_Assistant/resolve/262ef2f22f2c31167bb57faf2ad46dd4147515e8/app.py,262ef2f22f2c31167bb57faf2ad46dd4147515e8,15e8581516229c71ca30d143cce6387419fbfbf22c24d507f7d85c4b0c41492d,Arko3910/Study_Assistant,200,,
1993,2026-08-30T21:31:38.958118+00:00,data_generator.py,https://huggingface.co/spaces/Arko3910/Study_Assistant/resolve/262ef2f22f2c31167bb57faf2ad46dd4147515e8/data_generator.py,262ef2f22f2c31167bb57faf2ad46dd4147515e8,e9f22f06aa893699200ee57b91f0fef19d90dadc36fb0cc4969e10c0bbad9b82,Arko3910/Study_Assistant,200,,
25,2026-08-30T21:31:38.716045+00:00,requirements.txt,https://huggingface.co/spaces/Arko3910/Study_Assistant/resolve/262ef2f22f2c31167bb57faf2ad46dd4147515e8/requirements.txt,262ef2f22f2c31167bb57faf2ad46dd4147515e8,1cb3c300ae4b954486da78d91301a64b4dd0c47afd27b1d4ba8016b189937e55,Arko3910/Study_Assistant,200,,
252,2026-08-30T21:31:39.506483+00:00,README.md,https://huggingface.co/spaces/Armour-12/Quiz-Generator/resolve/157bf5c86c47c64f6943ac29e9bbf527de61bd6b/README.md,157bf5c86c47c64f6943ac29e9bbf527de61bd6b,0590208216f3cb138e72e65a7c2ecd739bb654a678572f2c5582a2c6ff45f38d,Armour-12/Quiz-Generator,200,,
31493,2026-08-30T21:31:40.027272+00:00,app.py,https://huggingface.co/spaces/Armour-12/Quiz-Generator/resolve/157bf5c86c47c64f6943ac29e9bbf527de61bd6b/app.py,157bf5c86c47c64f6943ac29e9bbf527de61bd6b,d890c7bb00429a27aa2765af60c268ceee3b084b80d7a3b8ab7b76cfceffe9e5,Armour-12/Quiz-Generator,200,,
68,2026-08-30T21:31:40.105355+00:00,requirements.txt,https://huggingface.co/spaces/Armour-12/Quiz-Generator/resolve/157bf5c86c47c64f6943ac29e9bbf527de61bd6b/requirements.txt,157bf5c86c47c64f6943ac29e9bbf527de61bd6b,7c2fb8fac988c0ce797a873d323e14ee4d7a7c8a3b0245f4ca04df819ed741c6,Armour-12/Quiz-Generator,200,,
259,2026-08-30T21:31:40.626838+00:00,README.md,https://huggingface.co/spaces/Armour-12/Quiz-generator-t5base/resolve/5ed1c85b68ddb2dbe923ca8498c749b83f1cee64/README.md,5ed1c85b68ddb2dbe923ca8498c749b83f1cee64,34a2bb8d47369951d0b92829091bef3ba54ad1f120731daf6041fd514ced0182,Armour-12/Quiz-generator-t5base,200,,
1316,2026-08-30T21:31:41.123231+00:00,app.py,https://huggingface.co/spaces/Armour-12/Quiz-generator-t5base/resolve/5ed1c85b68ddb2dbe923ca8498c749b83f1cee64/app.py,5ed1c85b68ddb2dbe923ca8498c749b83f1cee64,e9a269a06bb5a13d995309d2d7d1d0f7ed0f807b92bfc2b2aa4eb5dbc7a4e9e9,Armour-12/Quiz-generator-t5base,200,,
59,2026-08-30T21:31:41.125631+00:00,requirements.txt,https://huggingface.co/spaces/Armour-12/Quiz-generator-t5base/resolve/5ed1c85b68ddb2dbe923ca8498c749b83f1cee64/requirements.txt,5ed1c85b68ddb2dbe923ca8498c749b83f1cee64,f96e9e7dce64dc44075105d419b13c7b99bdb08bfdd0677de006fe7a0d5aa009,Armour-12/Quiz-generator-t5base,200,,
241,2026-08-30T21:31:41.787345+00:00,README.md,https://huggingface.co/spaces/Armour-12/Quiz_Generator/resolve/653fd052690ddee05525c5a244c371a3a98bf887/README.md,653fd052690ddee05525c5a244c371a3a98bf887,115da014d75144ae5cbef41a7a2506252181f14634c4ea3dff4af285d46a5368,Armour-12/Quiz_Generator,200,,
5271,2026-08-30T21:31:42.469521+00:00,app.py,https://huggingface.co/spaces/Armour-12/Quiz_Generator/resolve/653fd052690ddee05525c5a244c371a3a98bf887/app.py,653fd052690ddee05525c5a244c371a3a98bf887,1d23b7c68e0b779c73cdbc0c5f18a2a32173a96e7f30f59718956d2413e28ad2,Armour-12/Quiz_Generator,200,,
124,2026-08-30T21:31:42.448996+00:00,requirements.txt,https://huggingface.co/spaces/Armour-12/Quiz_Generator/resolve/653fd052690ddee05525c5a244c371a3a98bf887/requirements.txt,653fd052690ddee05525c5a244c371a3a98bf887,6f569d8840693b32da08f94573d0c9ae08186ad2354ff98ecea1e2f243e11485,Armour-12/Quiz_Generator,200,,
688,2026-08-30T21:31:44.018503+00:00,README.md,https://huggingface.co/spaces/ArnoChristie/CourseGeneratorV2/resolve/3fd0024f78fb518e505d61cfefa848d5e0890675/README.md,3fd0024f78fb518e505d61cfefa848d5e0890675,c8a4909755b64d6a3aef45f0eee403615ab69cf923efbb0ec1fdc624c6d8787a,ArnoChristie/CourseGeneratorV2,200,,
161,2026-08-30T21:31:45.617324+00:00,README.md,https://huggingface.co/spaces/Artykun/Ai-Quiz-Generator/resolve/e40da7249db66dd16515b006d5b5fe9179b4d660/README.md,e40da7249db66dd16515b006d5b5fe9179b4d660,e82a200af4f34c037ca58b6b6f827bc6447d7065eabb54e489b52189ffd5c04f,Artykun/Ai-Quiz-Generator,200,,
220,2026-08-30T21:31:46.120096+00:00,backend/README.md,https://huggingface.co/spaces/Artykun/Ai-Quiz-Generator/resolve/e40da7249db66dd16515b006d5b5fe9179b4d660/backend/README.md,e40da7249db66dd16515b006d5b5fe9179b4d660,0841aa24288494ba7a10c46daab3d9b778136c62bc44946bb96cf1bd786fdce9,Artykun/Ai-Quiz-Generator,200,,
22570,2026-08-30T21:31:46.123488+00:00,backend/main.py,https://huggingface.co/spaces/Artykun/Ai-Quiz-Generator/resolve/e40da7249db66dd16515b006d5b5fe9179b4d660/backend/main.py,e40da7249db66dd16515b006d5b5fe9179b4d660,cde0653ec10f20aff4f06ef60559e70483bfa1337eb7b609842ea69a2e8757f4,Artykun/Ai-Quiz-Generator,200,,
119,2026-08-30T21:31:46.172679+00:00,backend/requirements.txt,https://huggingface.co/spaces/Artykun/Ai-Quiz-Generator/resolve/e40da7249db66dd16515b006d5b5fe9179b4d660/backend/requirements.txt,e40da7249db66dd16515b006d5b5fe9179b4d660,8b718a66c1c9936b1f4ae2c75a99ddd545d36d0da947d1c1fd8b59b64b014d3d,Artykun/Ai-Quiz-Generator,200,,
228,2026-08-30T21:31:46.197463+00:00,frontend/next-env.d.ts,https://huggingface.co/spaces/Artykun/Ai-Quiz-Generator/resolve/e40da7249db66dd16515b006d5b5fe9179b4d660/frontend/next-env.d.ts,e40da7249db66dd16515b006d5b5fe9179b4d660,9dd9d642cdb87d4d5b3173217e0c45429b3e47a6f5cf5fb0ead6c644ec5fed01,Artykun/Ai-Quiz-Generator,200,,
120,2026-08-30T21:31:46.218055+00:00,frontend/next.config.js,https://huggingface.co/spaces/Artykun/Ai-Quiz-Generator/resolve/e40da7249db66dd16515b006d5b5fe9179b4d660/frontend/next.config.js,e40da7249db66dd16515b006d5b5fe9179b4d660,631aef92db3169ec80d463078149df1c9c57cbaf4b1d40b85556f9bb415382ca,Artykun/Ai-Quiz-Generator,200,,
621,2026-08-30T21:31:46.186646+00:00,frontend/package.json,https://huggingface.co/spaces/Artykun/Ai-Quiz-Generator/resolve/e40da7249db66dd16515b006d5b5fe9179b4d660/frontend/package.json,e40da7249db66dd16515b006d5b5fe9179b4d660,10c4167120bfe03b63abdcef672e2c637935f8ee6d4d44caadd5d0236e3f318a,Artykun/Ai-Quiz-Generator,200,,
1722,2026-08-30T21:31:46.235537+00:00,frontend/tailwind.config.ts,https://huggingface.co/spaces/Artykun/Ai-Quiz-Generator/resolve/e40da7249db66dd16515b006d5b5fe9179b4d660/frontend/tailwind.config.ts,e40da7249db66dd16515b006d5b5fe9179b4d660,e5a6e0abdea29a342033b6e39827a61f15680ff2275f3fd83d1d466e068d1d5c,Artykun/Ai-Quiz-Generator,200,,
451,2026-08-30T21:31:49.197862+00:00,README.md,https://huggingface.co/spaces/Ashwand5/AI_Educational_Assistant/resolve/d166555bc5cc51e04d0cba17b3cc9d2280051219/README.md,d166555bc5cc51e04d0cba17b3cc9d2280051219,18bf6304b95d8f39c92112b8014fa8fa56cab97b5fd8735c51b39b3f42437f8e,Ashwand5/AI_Educational_Assistant,200,,
968,2026-08-30T21:31:49.723200+00:00,requirements.txt,https://huggingface.co/spaces/Ashwand5/AI_Educational_Assistant/resolve/d166555bc5cc51e04d0cba17b3cc9d2280051219/requirements.txt,d166555bc5cc51e04d0cba17b3cc9d2280051219,f94fa6c958321af8dbae3377a883f26c947b4d630436d319ca8f7c7d5c11093e,Ashwand5/AI_Educational_Assistant,200,,
22458,2026-08-30T21:31:49.724759+00:00,src/streamlit_app.py,https://huggingface.co/spaces/Ashwand5/AI_Educational_Assistant/resolve/d166555bc5cc51e04d0cba17b3cc9d2280051219/src/streamlit_app.py,d166555bc5cc51e04d0cba17b3cc9d2280051219,1182202242b7b27376754419201137513743ab8e0cac833a9ab3fb48453f31f4,Ashwand5/AI_Educational_Assistant,200,,
199,2026-08-30T21:31:50.266489+00:00,README.md,https://huggingface.co/spaces/Asif1karim/Study_Assistant/resolve/941d6c983e0122bc7fffc8170a2e21c360c5c6f9/README.md,941d6c983e0122bc7fffc8170a2e21c360c5c6f9,24b610bd386dd9f6faf5c41091feaa1dba5a65ad518d5e8a5f5a82059742e137,Asif1karim/Study_Assistant,200,,
3115,2026-08-30T21:31:50.779300+00:00,embeddings.py,https://huggingface.co/spaces/Asif1karim/Study_Assistant/resolve/941d6c983e0122bc7fffc8170a2e21c360c5c6f9/embeddings.py,941d6c983e0122bc7fffc8170a2e21c360c5c6f9,7580972ef76b0dcf8a1bb99ce69fd56da2fb40e836e8e2a243ea1e8a9878354f,Asif1karim/Study_Assistant,200,,
7478,2026-08-30T21:31:50.788891+00:00,main.py,https://huggingface.co/spaces/Asif1karim/Study_Assistant/resolve/941d6c983e0122bc7fffc8170a2e21c360c5c6f9/main.py,941d6c983e0122bc7fffc8170a2e21c360c5c6f9,86f65d0ac4bca440b75a1d8ccb3e8087a76c2b492b9b3de3a03fa395adc1937f,Asif1karim/Study_Assistant,200,,
2489,2026-08-30T21:31:50.772136+00:00,preprocess.py,https://huggingface.co/spaces/Asif1karim/Study_Assistant/resolve/941d6c983e0122bc7fffc8170a2e21c360c5c6f9/preprocess.py,941d6c983e0122bc7fffc8170a2e21c360c5c6f9,c7c4b96ab6211277463cfe05a9cb3335334fa5803c4167400cbd918f9ede722a,Asif1karim/Study_Assistant,200,,
11630,2026-08-30T21:31:50.871404+00:00,rag.py,https://huggingface.co/spaces/Asif1karim/Study_Assistant/resolve/941d6c983e0122bc7fffc8170a2e21c360c5c6f9/rag.py,941d6c983e0122bc7fffc8170a2e21c360c5c6f9,57f9d73b61f99832de1419a896236ea66dc401ea3fade0c3a88cb34d6ca85aa6,Asif1karim/Study_Assistant,200,,
238,2026-08-30T21:31:50.921017+00:00,requirements.txt,https://huggingface.co/spaces/Asif1karim/Study_Assistant/resolve/941d6c983e0122bc7fffc8170a2e21c360c5c6f9/requirements.txt,941d6c983e0122bc7fffc8170a2e21c360c5c6f9,fb205884cab083955212d91eaecea9ea19e653036c47dd5b37cb7eb898a06986,Asif1karim/Study_Assistant,200,,
250,2026-08-30T21:31:53.548678+00:00,README.md,https://huggingface.co/spaces/Axiosingular/ai-tutor/resolve/07a7531bb4c33c5f44529ea26b453b4117303d75/README.md,07a7531bb4c33c5f44529ea26b453b4117303d75,7ccf5ccfdb2521f19b0d242167f5e9560f4ceaa7ee859ab4a8ed5849ebc4b5cd,Axiosingular/ai-tutor,200,,
6855,2026-08-30T21:31:54.091125+00:00,app.py,https://huggingface.co/spaces/Axiosingular/ai-tutor/resolve/07a7531bb4c33c5f44529ea26b453b4117303d75/app.py,07a7531bb4c33c5f44529ea26b453b4117303d75,da209f5fa2cbd05ba689bc2cffeafce418c1f9d73eef03b02c2006f99f63e0c0,Axiosingular/ai-tutor,200,,
30,2026-08-30T21:31:54.216646+00:00,requirements.txt,https://huggingface.co/spaces/Axiosingular/ai-tutor/resolve/07a7531bb4c33c5f44529ea26b453b4117303d75/requirements.txt,07a7531bb4c33c5f44529ea26b453b4117303d75,1bd110902f0be0bb4e01859b199d25ab4727d4f94aea1b3a664ed79000abc8cd,Axiosingular/ai-tutor,200,,
252,2026-08-30T21:31:55.839796+00:00,README.md,https://huggingface.co/spaces/AyeshaMasood/quiz-generator/resolve/2317fdacb4fd791da0f6bcc52610f629c71a10dd/README.md,2317fdacb4fd791da0f6bcc52610f629c71a10dd,d0d94cec650b67ac76814faff62dbbf6683c914d8f39c75818397de0ae0b08ba,AyeshaMasood/quiz-generator,200,,
6198,2026-08-30T21:31:56.349885+00:00,app.py,https://huggingface.co/spaces/AyeshaMasood/quiz-generator/resolve/2317fdacb4fd791da0f6bcc52610f629c71a10dd/app.py,2317fdacb4fd791da0f6bcc52610f629c71a10dd,265e057cd91d2e97acd04630decbd8397fc2c3d19d838d157bee3606d8502e0d,AyeshaMasood/quiz-generator,200,,
71,2026-08-30T21:31:56.443969+00:00,requirements.txt,https://huggingface.co/spaces/AyeshaMasood/quiz-generator/resolve/2317fdacb4fd791da0f6bcc52610f629c71a10dd/requirements.txt,2317fdacb4fd791da0f6bcc52610f629c71a10dd,2b3c69bccbf5d4c713dbeb50be0797798f0e8243db57fc93f8b43d094b77cc6e,AyeshaMasood/quiz-generator,200,,
242,2026-08-30T21:31:56.962787+00:00,README.md,https://huggingface.co/spaces/Ayminn/study-planner-assistant/resolve/124135e1f3f14b6a477d353ab7b3b12ca7d882ec/README.md,124135e1f3f14b6a477d353ab7b3b12ca7d882ec,dc786d8d79bd62529e8d7af6025903b99c5c480b6da49b0b2042c94d83368664,Ayminn/study-planner-assistant,200,,
289,2026-08-30T21:32:24.355871+00:00,README.md,https://huggingface.co/spaces/BRH-Burhanudin/kimia-ai-tutor/resolve/a8c5c70d196d3ff0600045331526dbd410bb4164/README.md,a8c5c70d196d3ff0600045331526dbd410bb4164,ff1b129b85a38b0556577780650f2f841fad5597b279bfed29a36883a5cdeaa7,BRH-Burhanudin/kimia-ai-tutor,200,,
5430,2026-08-30T21:32:24.852104+00:00,app/main.py,https://huggingface.co/spaces/BRH-Burhanudin/kimia-ai-tutor/resolve/a8c5c70d196d3ff0600045331526dbd410bb4164/app/main.py,a8c5c70d196d3ff0600045331526dbd410bb4164,bdc35dd16af920dc716e9bd2967d3a66d9e6fdec5e93632631283b80051b9d94,BRH-Burhanudin/kimia-ai-tutor,200,,
22900,2026-08-30T21:32:24.895408+00:00,app_ui.py,https://huggingface.co/spaces/BRH-Burhanudin/kimia-ai-tutor/resolve/a8c5c70d196d3ff0600045331526dbd410bb4164/app_ui.py,a8c5c70d196d3ff0600045331526dbd410bb4164,a99a0656987aae3e44d956ba14d9725c8b9ad9cf60f5919153539c5e1e324492,BRH-Burhanudin/kimia-ai-tutor,200,,
15659,2026-08-30T21:32:24.856878+00:00,extract_soal.py,https://huggingface.co/spaces/BRH-Burhanudin/kimia-ai-tutor/resolve/a8c5c70d196d3ff0600045331526dbd410bb4164/extract_soal.py,a8c5c70d196d3ff0600045331526dbd410bb4164,52ed563b3dec1a7ccc5b74f43d8eba54672c41b959aded6047884b9e11d374b9,BRH-Burhanudin/kimia-ai-tutor,200,,
8208,2026-08-30T21:32:24.876844+00:00,generate_hints.py,https://huggingface.co/spaces/BRH-Burhanudin/kimia-ai-tutor/resolve/a8c5c70d196d3ff0600045331526dbd410bb4164/generate_hints.py,a8c5c70d196d3ff0600045331526dbd410bb4164,cee8db2f44269b8e824e9e1d1ffb0c34dc2ed3887809952b451ba1d92d7bb9ac,BRH-Burhanudin/kimia-ai-tutor,200,,
435,2026-08-30T21:32:24.864536+00:00,requirements.txt,https://huggingface.co/spaces/BRH-Burhanudin/kimia-ai-tutor/resolve/a8c5c70d196d3ff0600045331526dbd410bb4164/requirements.txt,a8c5c70d196d3ff0600045331526dbd410bb4164,50e19f50e417f0e594ec7a6f64ca07890ad17cbb3cd40bc8074f8b08d3016b9d,BRH-Burhanudin/kimia-ai-tutor,200,,
4272,2026-08-30T21:32:24.866344+00:00,scripts/ingest_chromadb.py,https://huggingface.co/spaces/BRH-Burhanudin/kimia-ai-tutor/resolve/a8c5c70d196d3ff0600045331526dbd410bb4164/scripts/ingest_chromadb.py,a8c5c70d196d3ff0600045331526dbd410bb4164,fb4e96086c54acc1fd3b22effe86819dd47815fbca8096e05077bb98534ea0d9,BRH-Burhanudin/kimia-ai-tutor,200,,
275,2026-08-30T21:32:29.380795+00:00,README.md,https://huggingface.co/spaces/BUNNY95R/AI_study_assistant/resolve/f598fc514d86c3c21a6846b9f25778fd414f9865/README.md,f598fc514d86c3c21a6846b9f25778fd414f9865,bf8dd347378b7c94e048b2dec6da8a18a7bf26c167646f2bca5fa8cceb70653a,BUNNY95R/AI_study_assistant,200,,
2261,2026-08-30T21:32:29.878385+00:00,app.py,https://huggingface.co/spaces/BUNNY95R/AI_study_assistant/resolve/f598fc514d86c3c21a6846b9f25778fd414f9865/app.py,f598fc514d86c3c21a6846b9f25778fd414f9865,6f5b745e82020d0b28205e718ad357f6427412ea9db7d30b0aca2520fa347d90,BUNNY95R/AI_study_assistant,200,,
53,2026-08-30T21:32:29.899921+00:00,requirements.txt,https://huggingface.co/spaces/BUNNY95R/AI_study_assistant/resolve/f598fc514d86c3c21a6846b9f25778fd414f9865/requirements.txt,f598fc514d86c3c21a6846b9f25778fd414f9865,27a6f4d5a2b16cc0ba100bc73af3b98fb53d4db7df60fbcba5397e95e32a5884,BUNNY95R/AI_study_assistant,200,,
2734,2026-08-30T21:32:01.986735+00:00,README.md,https://huggingface.co/spaces/Bach2007/quiz-generator/resolve/86ece28e4b8152f2207443b5722fbe7cbe7c209c/README.md,86ece28e4b8152f2207443b5722fbe7cbe7c209c,272abc8ea18247cd4e93e0bfe24beb002676e4e922b32224829be524e8c9c934,Bach2007/quiz-generator,200,,
325,2026-08-30T21:32:03.673213+00:00,README.md,https://huggingface.co/spaces/BadaPoojitha/StudyAssistant/resolve/e2b093757dddb86c87601018bc2c96fa2495e306/README.md,e2b093757dddb86c87601018bc2c96fa2495e306,6b55e1b6e76410ef2aecfa0e8a1a4264b6eee4244e07f41cfbe7d2a25570f34a,BadaPoojitha/StudyAssistant,200,,
1774,2026-08-30T21:32:04.181376+00:00,app.py,https://huggingface.co/spaces/BadaPoojitha/StudyAssistant/resolve/e2b093757dddb86c87601018bc2c96fa2495e306/app.py,e2b093757dddb86c87601018bc2c96fa2495e306,5684cd6023c77df8b39d215296f13f88d430b0365f23e69233548a8b861ed133,BadaPoojitha/StudyAssistant,200,,
20,2026-08-30T21:32:04.194509+00:00,requirements.txt,https://huggingface.co/spaces/BadaPoojitha/StudyAssistant/resolve/e2b093757dddb86c87601018bc2c96fa2495e306/requirements.txt,e2b093757dddb86c87601018bc2c96fa2495e306,95b4ef97b952c34747ec62bd11226237b56adcd53182fcd706b2f2be09c37c53,BadaPoojitha/StudyAssistant,200,,
252,2026-08-30T21:32:04.706870+00:00,README.md,https://huggingface.co/spaces/Bahauddin01/language-tutor-ai/resolve/66c0c14928e44bf9ec0ebd0473e9432f24396859/README.md,66c0c14928e44bf9ec0ebd0473e9432f24396859,f88cd674ccea81b81223b6ea8f0daf8cb3f607ed4112cbca8e2616550dffeccf,Bahauddin01/language-tutor-ai,200,,
3287,2026-08-30T21:32:05.210280+00:00,app.py,https://huggingface.co/spaces/Bahauddin01/language-tutor-ai/resolve/66c0c14928e44bf9ec0ebd0473e9432f24396859/app.py,66c0c14928e44bf9ec0ebd0473e9432f24396859,4c9afd95db2d9b266752496b4d151305bfffb53fac5573595fc42b65d2ec5447,Bahauddin01/language-tutor-ai,200,,
23,2026-08-30T21:32:05.222556+00:00,requirements.txt,https://huggingface.co/spaces/Bahauddin01/language-tutor-ai/resolve/66c0c14928e44bf9ec0ebd0473e9432f24396859/requirements.txt,66c0c14928e44bf9ec0ebd0473e9432f24396859,c61b1c947fa3b50b585dfd427fcaacaa10b3669d8f95e709f369f79d52420590,Bahauddin01/language-tutor-ai,200,,
420,2026-08-30T21:32:07.261352+00:00,README.md,https://huggingface.co/spaces/Belliar666/english-tutor-chatbot/resolve/d0c4f2c503f7e0ff3184172c7a183806e3f25350/README.md,d0c4f2c503f7e0ff3184172c7a183806e3f25350,1c497886303037ffd016a614768649938155868812f4e6e2093b5806960ad9f1,Belliar666/english-tutor-chatbot,200,,
8898,2026-08-30T21:32:07.751228+00:00,app.py,https://huggingface.co/spaces/Belliar666/english-tutor-chatbot/resolve/d0c4f2c503f7e0ff3184172c7a183806e3f25350/app.py,d0c4f2c503f7e0ff3184172c7a183806e3f25350,120b2ce86ae0ba956efb0f83673661e5b3c89cb77ce74a5ad3d99707393de422,Belliar666/english-tutor-chatbot,200,,
473,2026-08-30T21:32:07.771142+00:00,requirements.txt,https://huggingface.co/spaces/Belliar666/english-tutor-chatbot/resolve/d0c4f2c503f7e0ff3184172c7a183806e3f25350/requirements.txt,d0c4f2c503f7e0ff3184172c7a183806e3f25350,da433e0499cd45a2f8e56e4d337a8396b0d96d26125c0b4589d3c6497ebc0bd7,Belliar666/english-tutor-chatbot,200,,
224,2026-08-30T21:32:08.928042+00:00,README.md,https://huggingface.co/spaces/Betao2000/questmaster-pro-the-ultimate-quiz-generator/resolve/3dc6f64be8d9f924d7900d426f41ecf31e2e0325/README.md,3dc6f64be8d9f924d7900d426f41ecf31e2e0325,742a12adc2b0aa04973301e8a241df094c427af93599e6dd4512e4aa7d1c40bc,Betao2000/questmaster-pro-the-ultimate-quiz-generator,200,,
546,2026-08-30T21:32:09.426160+00:00,index.html,https://huggingface.co/spaces/Betao2000/questmaster-pro-the-ultimate-quiz-generator/resolve/3dc6f64be8d9f924d7900d426f41ecf31e2e0325/index.html,3dc6f64be8d9f924d7900d426f41ecf31e2e0325,fef10b4e06879d75c496c1ce3e89410bff1b77bf51220f21570255d1f214580e,Betao2000/questmaster-pro-the-ultimate-quiz-generator,200,,
257,2026-08-30T21:32:10.920791+00:00,README.md,https://huggingface.co/spaces/Bharath8940/edugenius-ai-smart-learning-companion/resolve/1def1bd43668ef6c3538fad634984c65f7fb3824/README.md,1def1bd43668ef6c3538fad634984c65f7fb3824,801deb4207451620e9b2f8a0fd1b11db037001c016d374e2864ea66512b3bf65,Bharath8940/edugenius-ai-smart-learning-companion,200,,
15716,2026-08-30T21:32:11.438702+00:00,content-creator.html,https://huggingface.co/spaces/Bharath8940/edugenius-ai-smart-learning-companion/resolve/1def1bd43668ef6c3538fad634984c65f7fb3824/content-creator.html,1def1bd43668ef6c3538fad634984c65f7fb3824,3f199f956edfb6ce046e126d296b894aaab3b3118c9aa13f0cb68235b19b10ef,Bharath8940/edugenius-ai-smart-learning-companion,200,,
20625,2026-08-30T21:32:11.434355+00:00,courses.html,https://huggingface.co/spaces/Bharath8940/edugenius-ai-smart-learning-companion/resolve/1def1bd43668ef6c3538fad634984c65f7fb3824/courses.html,1def1bd43668ef6c3538fad634984c65f7fb3824,cbf1e881611e8630f976344e29c59fcd62188a0bbd0ec9d6cef5e04e74bad0ac,Bharath8940/edugenius-ai-smart-learning-companion,200,,
19665,2026-08-30T21:32:11.469143+00:00,creator.html,https://huggingface.co/spaces/Bharath8940/edugenius-ai-smart-learning-companion/resolve/1def1bd43668ef6c3538fad634984c65f7fb3824/creator.html,1def1bd43668ef6c3538fad634984c65f7fb3824,3994e47bc0ce469f3888bf85b791dc68d2e9bce7ead3a12d8cd940fb6ea8d25b,Bharath8940/edugenius-ai-smart-learning-companion,200,,
17849,2026-08-30T21:32:11.453444+00:00,dashboard.html,https://huggingface.co/spaces/Bharath8940/edugenius-ai-smart-learning-companion/resolve/1def1bd43668ef6c3538fad634984c65f7fb3824/dashboard.html,1def1bd43668ef6c3538fad634984c65f7fb3824,bc09b001bfbce83f0d5f896bb8caf20d1e8d8d88350184abc26c060ad2580e65,Bharath8940/edugenius-ai-smart-learning-companion,200,,
15767,2026-08-30T21:32:11.430160+00:00,index.html,https://huggingface.co/spaces/Bharath8940/edugenius-ai-smart-learning-companion/resolve/1def1bd43668ef6c3538fad634984c65f7fb3824/index.html,1def1bd43668ef6c3538fad634984c65f7fb3824,9536a7939111f77edcbb48f3295218d9f7abc3f78a6291fa7c22b49b4b3a8932,Bharath8940/edugenius-ai-smart-learning-companion,200,,
15521,2026-08-30T21:32:11.466439+00:00,instructors.html,https://huggingface.co/spaces/Bharath8940/edugenius-ai-smart-learning-companion/resolve/1def1bd43668ef6c3538fad634984c65f7fb3824/instructors.html,1def1bd43668ef6c3538fad634984c65f7fb3824,5e1a36e819ba12a969ad109d078a3137d5ae7fff589b0d21d6922a5f0c66f78c,Bharath8940/edugenius-ai-smart-learning-companion,200,,
7998,2026-08-30T21:32:11.472196+00:00,register.html,https://huggingface.co/spaces/Bharath8940/edugenius-ai-smart-learning-companion/resolve/1def1bd43668ef6c3538fad634984c65f7fb3824/register.html,1def1bd43668ef6c3538fad634984c65f7fb3824,9aa6c70d34b4659678b6d12a3e87e81b88f70253aac122f7b397fdd75cb4b325,Bharath8940/edugenius-ai-smart-learning-companion,200,,
253,2026-08-30T21:32:12.027362+00:00,README.md,https://huggingface.co/spaces/Bhargavi-31/Ai_tutor/resolve/ecb8073259c725c77993caa6d8adb2e2eec17a63/README.md,ecb8073259c725c77993caa6d8adb2e2eec17a63,951ba0a0a9985bd954034fe570ee43b2a75846b26602c79f0b8874ddb2a2d5f4,Bhargavi-31/Ai_tutor,200,,
950,2026-08-30T21:32:12.521648+00:00,app.py,https://huggingface.co/spaces/Bhargavi-31/Ai_tutor/resolve/ecb8073259c725c77993caa6d8adb2e2eec17a63/app.py,ecb8073259c725c77993caa6d8adb2e2eec17a63,f2c0bacd720e0fb0c5e64f70addd5344057246a61dc0e41746a0c1768b81438f,Bhargavi-31/Ai_tutor,200,,
20,2026-08-30T21:32:12.538056+00:00,requirements.txt,https://huggingface.co/spaces/Bhargavi-31/Ai_tutor/resolve/ecb8073259c725c77993caa6d8adb2e2eec17a63/requirements.txt,ecb8073259c725c77993caa6d8adb2e2eec17a63,6f1756c6ef672af0d7db4cad79cfc682868d203d904a5b6aa55db9c2017ca5ad,Bhargavi-31/Ai_tutor,200,,
268,2026-08-30T21:32:14.311125+00:00,README.md,https://huggingface.co/spaces/Bhuvana908/StudyAssistant/resolve/6c1b60fad3fd179de9224b587aaeeff3988764ab/README.md,6c1b60fad3fd179de9224b587aaeeff3988764ab,350b978e4812fafd1d6a75ffe78003f03d80d29dbe33ecb6a6c59b0d7039db10,Bhuvana908/StudyAssistant,200,,
1736,2026-09-02T19:08:33.735958+00:00,app.py,https://huggingface.co/spaces/Bhuvana908/StudyAssistant/resolve/6c1b60fad3fd179de9224b587aaeeff3988764ab/app.py,6c1b60fad3fd179de9224b587aaeeff3988764ab,25c8cf44b79b2c66ba6eefff8bda10afc967d910da4005a1d9a19b3322e83ed8,Bhuvana908/StudyAssistant,200,lossless-v2,utf-8
20,2026-09-02T19:08:33.735599+00:00,requirements.txt,https://huggingface.co/spaces/Bhuvana908/StudyAssistant/resolve/6c1b60fad3fd179de9224b587aaeeff3988764ab/requirements.txt,6c1b60fad3fd179de9224b587aaeeff3988764ab,95b4ef97b952c34747ec62bd11226237b56adcd53182fcd706b2f2be09c37c53,Bhuvana908/StudyAssistant,200,lossless-v2,utf-8
1237,2026-08-30T21:32:21.752354+00:00,.env.example,https://huggingface.co/spaces/Boyston/reachy_mini_language_tutor/resolve/7309d37e73cd4100646e457bc2233da47ef4777e/.env.example,7309d37e73cd4100646e457bc2233da47ef4777e,c7ded9c83d4ed6a6f0854bc886413b56304c5cd5458cca55d17a6e7a032b778a,Boyston/reachy_mini_language_tutor,200,,
11357,2026-08-30T21:32:21.697519+00:00,LICENSE,https://huggingface.co/spaces/Boyston/reachy_mini_language_tutor/resolve/7309d37e73cd4100646e457bc2233da47ef4777e/LICENSE,7309d37e73cd4100646e457bc2233da47ef4777e,c71d239df91726fc519c6eb72d318ec65820627232b2f796219e87dcf35d0ab4,Boyston/reachy_mini_language_tutor,200,,
4732,2026-08-30T21:32:21.193741+00:00,README.md,https://huggingface.co/spaces/Boyston/reachy_mini_language_tutor/resolve/7309d37e73cd4100646e457bc2233da47ef4777e/README.md,7309d37e73cd4100646e457bc2233da47ef4777e,064904b7524b7419aad8c4e2448c2edf12cabcb7b6c16d87d69bb0baf0540f15,Boyston/reachy_mini_language_tutor,200,,
41689,2026-08-30T21:32:21.724066+00:00,index.html,https://huggingface.co/spaces/Boyston/reachy_mini_language_tutor/resolve/7309d37e73cd4100646e457bc2233da47ef4777e/index.html,7309d37e73cd4100646e457bc2233da47ef4777e,036ab15a8ebcd19785b1c0e2376cd9d4f17412d7e9e34bf8bb2828cef53a9b35,Boyston/reachy_mini_language_tutor,200,,
3015,2026-08-30T21:32:21.724974+00:00,pyproject.toml,https://huggingface.co/spaces/Boyston/reachy_mini_language_tutor/resolve/7309d37e73cd4100646e457bc2233da47ef4777e/pyproject.toml,7309d37e73cd4100646e457bc2233da47ef4777e,a20400d902a67f9696021b3bc1c3fc63bf99a1c2ea8dd1795d14bb6dabd7ee35,Boyston/reachy_mini_language_tutor,200,,
26,2026-08-30T21:32:21.762589+00:00,reachy_mini_language_tutor/__init__.py,https://huggingface.co/spaces/Boyston/reachy_mini_language_tutor/resolve/7309d37e73cd4100646e457bc2233da47ef4777e/reachy_mini_language_tutor/__init__.py,7309d37e73cd4100646e457bc2233da47ef4777e,0ce125850deb6556fea0d19993c3b3b0fd641f97edf66e24598c5c9e1f50e52d,Boyston/reachy_mini_language_tutor,200,,
11200,2026-08-30T21:32:21.771115+00:00,reachy_mini_language_tutor/camera_worker.py,https://huggingface.co/spaces/Boyston/reachy_mini_language_tutor/resolve/7309d37e73cd4100646e457bc2233da47ef4777e/reachy_mini_language_tutor/camera_worker.py,7309d37e73cd4100646e457bc2233da47ef4777e,a42ef0f21bf6eec8805cc1d8924e261e92cc1585006f58ec12fbffc7e136fd2d,Boyston/reachy_mini_language_tutor,200,,
2166,2026-08-30T21:32:21.741861+00:00,reachy_mini_language_tutor/config.py,https://huggingface.co/spaces/Boyston/reachy_mini_language_tutor/resolve/7309d37e73cd4100646e457bc2233da47ef4777e/reachy_mini_language_tutor/config.py,7309d37e73cd4100646e457bc2233da47ef4777e,72bce70c18e29fe60b0cb463b19a5e22b19d5b980eff35f959541f7904a11f67,Boyston/reachy_mini_language_tutor,200,,
27323,2026-08-30T21:32:21.748713+00:00,reachy_mini_language_tutor/console.py,https://huggingface.co/spaces/Boyston/reachy_mini_language_tutor/resolve/7309d37e73cd4100646e457bc2233da47ef4777e/reachy_mini_language_tutor/console.py,7309d37e73cd4100646e457bc2233da47ef4777e,dffcf7d2fea15b833d16e5f760cbe26981595865dd83e1bd577f26462783d4e7,Boyston/reachy_mini_language_tutor,200,,
6240,2026-08-30T21:32:22.188906+00:00,reachy_mini_language_tutor/dance_emotion_moves.py,https://huggingface.co/spaces/Boyston/reachy_mini_language_tutor/resolve/7309d37e73cd4100646e457bc2233da47ef4777e/reachy_mini_language_tutor/dance_emotion_moves.py,7309d37e73cd4100646e457bc2233da47ef4777e,feb7406f82affade3a8e84d413b89d30a15bd716a9b3375f0467599e14aa25ad,Boyston/reachy_mini_language_tutor,200,,
252,2026-08-30T21:32:25.429228+00:00,README.md,https://huggingface.co/spaces/Brisha124/AI_TUTOR/resolve/eee4c35842d75e9d88e815a39ed12003fc9a88c9/README.md,eee4c35842d75e9d88e815a39ed12003fc9a88c9,8cc5aa6bd65cc40afa2af4eedfc44284e87e031bf40cb9f746c739f4bb0793d8,Brisha124/AI_TUTOR,200,,
1926,2026-08-30T21:32:25.971047+00:00,app.py,https://huggingface.co/spaces/Brisha124/AI_TUTOR/resolve/eee4c35842d75e9d88e815a39ed12003fc9a88c9/app.py,eee4c35842d75e9d88e815a39ed12003fc9a88c9,fd2b41790495b48076f60090f020aa3c69c7746ef84c912e31d028f239a20a7a,Brisha124/AI_TUTOR,200,,
19,2026-08-30T21:32:25.942403+00:00,requirements.txt,https://huggingface.co/spaces/Brisha124/AI_TUTOR/resolve/eee4c35842d75e9d88e815a39ed12003fc9a88c9/requirements.txt,eee4c35842d75e9d88e815a39ed12003fc9a88c9,7b8a226e55bb285e1ab07c5ed9320591e97a3aae4c072264d418d1dae77d8228,Brisha124/AI_TUTOR,200,,
248,2026-08-30T21:32:55.242623+00:00,README.md,https://huggingface.co/spaces/CT-AITUTOR/AITUTOR/resolve/a066775695f3d6d5fa1b2efc6429661b7f3d6436/README.md,a066775695f3d6d5fa1b2efc6429661b7f3d6436,a3cd9885d7b48e6369e560fde7e56944dbccaeaadf7055f8ffbbd39c13c691fa,CT-AITUTOR/AITUTOR,200,,
5037,2026-08-30T21:32:55.745692+00:00,app.py,https://huggingface.co/spaces/CT-AITUTOR/AITUTOR/resolve/a066775695f3d6d5fa1b2efc6429661b7f3d6436/app.py,a066775695f3d6d5fa1b2efc6429661b7f3d6436,bddd180549eaefcf32149704ff9b81ff301cf5efb43f66dd85573d9c7f424446,CT-AITUTOR/AITUTOR,200,,
74,2026-08-30T21:32:55.746796+00:00,requirements.txt,https://huggingface.co/spaces/CT-AITUTOR/AITUTOR/resolve/a066775695f3d6d5fa1b2efc6429661b7f3d6436/requirements.txt,a066775695f3d6d5fa1b2efc6429661b7f3d6436,63eced747360951f272d1ce60e11dac99ce84cff991c0564e6fc9de836daeeff,CT-AITUTOR/AITUTOR,200,,
252,2026-08-30T21:32:56.255087+00:00,README.md,https://huggingface.co/spaces/CT-AITUTOR/AITUTOR2/resolve/c3220651be34e160abab2faffd8fe7aa7009697a/README.md,c3220651be34e160abab2faffd8fe7aa7009697a,2bd4d3b83b05d26a273eac493d17260c33d43b5dbef4571e5cae6b5b37048df7,CT-AITUTOR/AITUTOR2,200,,
252,2026-08-30T21:32:34.088026+00:00,README.md,https://huggingface.co/spaces/ChandiniSiri/AI_TUTOR/resolve/2b2a06e631cfcf09000518bb793019517b2d6f31/README.md,2b2a06e631cfcf09000518bb793019517b2d6f31,03c90393b0059cf1a55a174d3c58f17ec5057face3eb3ec5f724ce73f4b9555b,ChandiniSiri/AI_TUTOR,200,,
2393,2026-08-30T21:32:34.592942+00:00,app.py,https://huggingface.co/spaces/ChandiniSiri/AI_TUTOR/resolve/2b2a06e631cfcf09000518bb793019517b2d6f31/app.py,2b2a06e631cfcf09000518bb793019517b2d6f31,180a04bbebb807e8f25364d19a2efe536631e9b3afbbedfcaf8f2b5a4cf2e337,ChandiniSiri/AI_TUTOR,200,,
20,2026-08-30T21:32:34.596391+00:00,requirements.txt,https://huggingface.co/spaces/ChandiniSiri/AI_TUTOR/resolve/2b2a06e631cfcf09000518bb793019517b2d6f31/requirements.txt,2b2a06e631cfcf09000518bb793019517b2d6f31,72415a44c49cd6184170f325dc76d5599756be4a281525394cbfcbf370e0ab74,ChandiniSiri/AI_TUTOR,200,,
252,2026-08-30T21:32:37.250771+00:00,README.md,https://huggingface.co/spaces/Charan-27-10/AI_TUTOR/resolve/e374f7e82076b0fbe0f1a43caf6fd6337f69df9b/README.md,e374f7e82076b0fbe0f1a43caf6fd6337f69df9b,9f3187ab8405e625fbf3b030e473fd9b260b93a0d7a1333780b2f225a48bdd71,Charan-27-10/AI_TUTOR,200,,
1707,2026-08-30T21:32:37.770482+00:00,app.py,https://huggingface.co/spaces/Charan-27-10/AI_TUTOR/resolve/e374f7e82076b0fbe0f1a43caf6fd6337f69df9b/app.py,e374f7e82076b0fbe0f1a43caf6fd6337f69df9b,c6d8624b5e855dc74695b60c624cb76c28bb1d48838da3f5bbff1bb45f6cdf51,Charan-27-10/AI_TUTOR,200,,
20,2026-08-30T21:32:37.761267+00:00,requirements.txt,https://huggingface.co/spaces/Charan-27-10/AI_TUTOR/resolve/e374f7e82076b0fbe0f1a43caf6fd6337f69df9b/requirements.txt,e374f7e82076b0fbe0f1a43caf6fd6337f69df9b,95b4ef97b952c34747ec62bd11226237b56adcd53182fcd706b2f2be09c37c53,Charan-27-10/AI_TUTOR,200,,
424,2026-08-30T21:32:39.808903+00:00,README.md,https://huggingface.co/spaces/Chidvilash3/socratic-tutor/resolve/dd5aa66a59e47826f135a1dcaa78894cd7470d81/README.md,dd5aa66a59e47826f135a1dcaa78894cd7470d81,7daf2fef331a9db62676c84fae5c908d3786f4ed52c630c2b250c9f19e63f3be,Chidvilash3/socratic-tutor,200,,
3167,2026-08-30T21:32:40.314088+00:00,app.py,https://huggingface.co/spaces/Chidvilash3/socratic-tutor/resolve/dd5aa66a59e47826f135a1dcaa78894cd7470d81/app.py,dd5aa66a59e47826f135a1dcaa78894cd7470d81,3bd5537e656cd818993eefd424d64ca586ee728fedfbede6701f49afaabaa829,Chidvilash3/socratic-tutor,200,,
11,2026-08-30T21:32:40.306460+00:00,requirements.txt,https://huggingface.co/spaces/Chidvilash3/socratic-tutor/resolve/dd5aa66a59e47826f135a1dcaa78894cd7470d81/requirements.txt,dd5aa66a59e47826f135a1dcaa78894cd7470d81,fb2abab461a9f402f4b8dff486a495676ee56b9d94bbd15a58e004bbcdc2e052,Chidvilash3/socratic-tutor,200,,
266,2026-08-30T21:32:43.992017+00:00,README.md,https://huggingface.co/spaces/Clautonx/studymaster-pro-ai-learning-companion/resolve/d8c992e5cc9d2562e5d04a4e43f1980f6da355dd/README.md,d8c992e5cc9d2562e5d04a4e43f1980f6da355dd,0cd5fa53f762be1792c15b438b62368bd0fd9c036b5ec1fd535e34f6605e03ff,Clautonx/studymaster-pro-ai-learning-companion,200,,
2236,2026-08-30T21:32:44.479107+00:00,components/flashcards.js,https://huggingface.co/spaces/Clautonx/studymaster-pro-ai-learning-companion/resolve/d8c992e5cc9d2562e5d04a4e43f1980f6da355dd/components/flashcards.js,d8c992e5cc9d2562e5d04a4e43f1980f6da355dd,087a86240587d142e7af9caf535c077573adfde81e036d2b60b89e037e607612,Clautonx/studymaster-pro-ai-learning-companion,200,,
1753,2026-08-30T21:32:44.553226+00:00,components/navbar.js,https://huggingface.co/spaces/Clautonx/studymaster-pro-ai-learning-companion/resolve/d8c992e5cc9d2562e5d04a4e43f1980f6da355dd/components/navbar.js,d8c992e5cc9d2562e5d04a4e43f1980f6da355dd,83c189936b302cbbea66225efab6755f14f80a471b6415172736caf75b24a5fe,Clautonx/studymaster-pro-ai-learning-companion,200,,
6328,2026-08-30T21:32:44.537325+00:00,index.html,https://huggingface.co/spaces/Clautonx/studymaster-pro-ai-learning-companion/resolve/d8c992e5cc9d2562e5d04a4e43f1980f6da355dd/index.html,d8c992e5cc9d2562e5d04a4e43f1980f6da355dd,a4b72f7d4463962ea80756606f151a2dc595dfaed40336b935ea1ecaead12b6c,Clautonx/studymaster-pro-ai-learning-companion,200,,
1826,2026-08-30T21:32:44.521836+00:00,script.js,https://huggingface.co/spaces/Clautonx/studymaster-pro-ai-learning-companion/resolve/d8c992e5cc9d2562e5d04a4e43f1980f6da355dd/script.js,d8c992e5cc9d2562e5d04a4e43f1980f6da355dd,4def9c0a31a48dc7f86fc3a9e610394b8c46a0378fb118c5475d827573e61201,Clautonx/studymaster-pro-ai-learning-companion,200,,
1206,2026-08-30T21:32:47.705520+00:00,README.md,https://huggingface.co/spaces/CodeDiva42/study-assistant/resolve/b564817ecc8a685fe092dc85770935005209017e/README.md,b564817ecc8a685fe092dc85770935005209017e,b87ce7ff174b60c4c1cd873ec8597d14e7205514d415a3758fe3d79191172139,CodeDiva42/study-assistant,200,,
7555,2026-08-30T21:32:48.217759+00:00,app.py,https://huggingface.co/spaces/CodeDiva42/study-assistant/resolve/b564817ecc8a685fe092dc85770935005209017e/app.py,b564817ecc8a685fe092dc85770935005209017e,7463f3492e23a1adb47e53ad6e2f14fbf30f72ad08b880a87bc1b28c76906641,CodeDiva42/study-assistant,200,,
546,2026-08-30T21:32:48.430506+00:00,index.html,https://huggingface.co/spaces/CodeDiva42/study-assistant/resolve/b564817ecc8a685fe092dc85770935005209017e/index.html,b564817ecc8a685fe092dc85770935005209017e,fef10b4e06879d75c496c1ce3e89410bff1b77bf51220f21570255d1f214580e,CodeDiva42/study-assistant,200,,
52,2026-08-30T21:32:48.247888+00:00,requirements.txt,https://huggingface.co/spaces/CodeDiva42/study-assistant/resolve/b564817ecc8a685fe092dc85770935005209017e/requirements.txt,b564817ecc8a685fe092dc85770935005209017e,148520db53ef1fd9691bef5696a774c45bc79e0c9b9bc06eae9ea354510d006d,CodeDiva42/study-assistant,200,,
232,2026-08-30T21:32:58.405211+00:00,README.md,https://huggingface.co/spaces/Cyfer-ap/AI-Coding-Tutor/resolve/1c15bbabaad198bc434fcf05d2d3940a502ff2c8/README.md,1c15bbabaad198bc434fcf05d2d3940a502ff2c8,820f4105606cfc78b7c2b62b15607efb0483ba27fa30802f543bf476ecbfae91,Cyfer-ap/AI-Coding-Tutor,200,,
8024,2026-08-30T21:32:58.905635+00:00,app.py,https://huggingface.co/spaces/Cyfer-ap/AI-Coding-Tutor/resolve/1c15bbabaad198bc434fcf05d2d3940a502ff2c8/app.py,1c15bbabaad198bc434fcf05d2d3940a502ff2c8,6a1b562ca63c8345258b32cf792d3a80daf73e4c56072e03719361977478b8c9,Cyfer-ap/AI-Coding-Tutor,200,,
532,2026-08-30T21:32:58.912425+00:00,backend/code_executor.py,https://huggingface.co/spaces/Cyfer-ap/AI-Coding-Tutor/resolve/1c15bbabaad198bc434fcf05d2d3940a502ff2c8/backend/code_executor.py,1c15bbabaad198bc434fcf05d2d3940a502ff2c8,af705e4ade10a1e9bd1ef6357db98fe95e96fdfc987c3c06b5c8db209b4fa42b,Cyfer-ap/AI-Coding-Tutor,200,,
213,2026-08-30T21:32:58.907215+00:00,backend/code_generator.py,https://huggingface.co/spaces/Cyfer-ap/AI-Coding-Tutor/resolve/1c15bbabaad198bc434fcf05d2d3940a502ff2c8/backend/code_generator.py,1c15bbabaad198bc434fcf05d2d3940a502ff2c8,56863177fdacc6b6e2839e67603237fd586421c92cbaea03817f1602bc50c76a,Cyfer-ap/AI-Coding-Tutor,200,,
201,2026-08-30T21:32:58.916398+00:00,backend/complexity_analyzer.py,https://huggingface.co/spaces/Cyfer-ap/AI-Coding-Tutor/resolve/1c15bbabaad198bc434fcf05d2d3940a502ff2c8/backend/complexity_analyzer.py,1c15bbabaad198bc434fcf05d2d3940a502ff2c8,b91f3d65f5be1a4d083e80039c73f268e691e9bb42eb6ca8bb8d8c00e9d95f97,Cyfer-ap/AI-Coding-Tutor,200,,
778,2026-08-30T21:32:58.944742+00:00,backend/debug_hf_api.py,https://huggingface.co/spaces/Cyfer-ap/AI-Coding-Tutor/resolve/1c15bbabaad198bc434fcf05d2d3940a502ff2c8/backend/debug_hf_api.py,1c15bbabaad198bc434fcf05d2d3940a502ff2c8,cb8fcb81f2a1e2c5eeed0603c8ef02d405314e6454c6280d9bf8f3d57b15ed80,Cyfer-ap/AI-Coding-Tutor,200,,
198,2026-08-30T21:32:58.917512+00:00,backend/debugger.py,https://huggingface.co/spaces/Cyfer-ap/AI-Coding-Tutor/resolve/1c15bbabaad198bc434fcf05d2d3940a502ff2c8/backend/debugger.py,1c15bbabaad198bc434fcf05d2d3940a502ff2c8,3e7a3c0aac6824a873eb7d9e2bee28764c1559e9174bf17c6d6e9f83f3b98590,Cyfer-ap/AI-Coding-Tutor,200,,
193,2026-08-30T21:32:58.932246+00:00,backend/logic_parser.py,https://huggingface.co/spaces/Cyfer-ap/AI-Coding-Tutor/resolve/1c15bbabaad198bc434fcf05d2d3940a502ff2c8/backend/logic_parser.py,1c15bbabaad198bc434fcf05d2d3940a502ff2c8,8bdeb79552f658276f2a94b3e2ee92a7e8adb4453fb3848fc1820040d7e640ce,Cyfer-ap/AI-Coding-Tutor,200,,
204,2026-08-30T21:32:58.962875+00:00,backend/optimizer.py,https://huggingface.co/spaces/Cyfer-ap/AI-Coding-Tutor/resolve/1c15bbabaad198bc434fcf05d2d3940a502ff2c8/backend/optimizer.py,1c15bbabaad198bc434fcf05d2d3940a502ff2c8,482f21d7fbb39a68d1f7022fa60707b7d0b981898150bf1c494e058bc8392782,Cyfer-ap/AI-Coding-Tutor,200,,
45,2026-08-30T21:32:59.426769+00:00,requirements.txt,https://huggingface.co/spaces/Cyfer-ap/AI-Coding-Tutor/resolve/1c15bbabaad198bc434fcf05d2d3940a502ff2c8/requirements.txt,1c15bbabaad198bc434fcf05d2d3940a502ff2c8,63e0de984ea2d77c66462b8291b3c4b188a89e15292ea5afac658a695fc9786b,Cyfer-ap/AI-Coding-Tutor,200,,
252,2026-08-30T21:33:02.185466+00:00,README.md,https://huggingface.co/spaces/DakshSadotra/my-study-assistant/resolve/e2e1102977fa92a376d1a566ed495ce6af179c41/README.md,e2e1102977fa92a376d1a566ed495ce6af179c41,df7c2512156bb7df248384e97e52ced2e063f0af9aa5d5b59cbd2f31c16d03b5,DakshSadotra/my-study-assistant,200,,
1757,2026-08-30T21:33:02.678054+00:00,app.py,https://huggingface.co/spaces/DakshSadotra/my-study-assistant/resolve/e2e1102977fa92a376d1a566ed495ce6af179c41/app.py,e2e1102977fa92a376d1a566ed495ce6af179c41,19c8aa315d83a87cc692f8ac7292e1bf09b7662f62e11b711b3ea6e3d2d893cc,DakshSadotra/my-study-assistant,200,,
20,2026-08-30T21:33:02.680451+00:00,requirements.txt,https://huggingface.co/spaces/DakshSadotra/my-study-assistant/resolve/e2e1102977fa92a376d1a566ed495ce6af179c41/requirements.txt,e2e1102977fa92a376d1a566ed495ce6af179c41,95b4ef97b952c34747ec62bd11226237b56adcd53182fcd706b2f2be09c37c53,DakshSadotra/my-study-assistant,200,,
232,2026-08-30T21:33:05.369571+00:00,README.md,https://huggingface.co/spaces/Danny2311/Quiz-Generator/resolve/c3594967b10c0c89dbbd3d11b0d18486f9a99008/README.md,c3594967b10c0c89dbbd3d11b0d18486f9a99008,a09bfedabf8467937a15986581319b381a262a3ec78f7ec716c04dd37da6c35b,Danny2311/Quiz-Generator,200,,
2159,2026-08-30T21:33:05.871914+00:00,app.py,https://huggingface.co/spaces/Danny2311/Quiz-Generator/resolve/c3594967b10c0c89dbbd3d11b0d18486f9a99008/app.py,c3594967b10c0c89dbbd3d11b0d18486f9a99008,5463e8ce7a21f38b805a929170061d89d903838dff147c10ed527c4ecdb013c4,Danny2311/Quiz-Generator,200,,
19,2026-08-30T21:33:05.917007+00:00,requirements.txt,https://huggingface.co/spaces/Danny2311/Quiz-Generator/resolve/c3594967b10c0c89dbbd3d11b0d18486f9a99008/requirements.txt,c3594967b10c0c89dbbd3d11b0d18486f9a99008,52a53d7bc8faf8ac3da098be359f337016e6bbab6148b7420e87f3131c30cb9c,Danny2311/Quiz-Generator,200,,
26526,2026-08-30T21:33:12.342648+00:00,LICENSE,https://huggingface.co/spaces/DataRebels/chatbot_language_tutor/resolve/60c1642262d20abe69a8c2005d5375fe6c2d2f0c/LICENSE,60c1642262d20abe69a8c2005d5375fe6c2d2f0c,20c17d8b8c48a600800dfd14f95d5cb9ff47066a9641ddeab48dc54aec96e331,DataRebels/chatbot_language_tutor,200,,
4735,2026-08-30T21:33:11.838400+00:00,README.md,https://huggingface.co/spaces/DataRebels/chatbot_language_tutor/resolve/60c1642262d20abe69a8c2005d5375fe6c2d2f0c/README.md,60c1642262d20abe69a8c2005d5375fe6c2d2f0c,756e9ee77bf5088e4765945941e065d8ae2b298edd02c8fca44034a28ca5fcee,DataRebels/chatbot_language_tutor,200,,
2293,2026-08-30T21:33:12.372756+00:00,experiments/autogen_hooks.py,https://huggingface.co/spaces/DataRebels/chatbot_language_tutor/resolve/60c1642262d20abe69a8c2005d5375fe6c2d2f0c/experiments/autogen_hooks.py,60c1642262d20abe69a8c2005d5375fe6c2d2f0c,812e03d479f47692606fa11ceb6ebc2f543cf8b510bd5e7e8d9bf848d525b899,DataRebels/chatbot_language_tutor,200,,
419,2026-08-30T21:33:12.384086+00:00,gradio_components/multimodalchatbot/README.md,https://huggingface.co/spaces/DataRebels/chatbot_language_tutor/resolve/60c1642262d20abe69a8c2005d5375fe6c2d2f0c/gradio_components/multimodalchatbot/README.md,60c1642262d20abe69a8c2005d5375fe6c2d2f0c,022c7eb34d64aac0a4888306fa97ad6dc5b0a92eba589a3f9d6f4deed7212b2e,DataRebels/chatbot_language_tutor,200,,
24,2026-08-30T21:33:12.361418+00:00,gradio_components/multimodalchatbot/demo/requirements.txt,https://huggingface.co/spaces/DataRebels/chatbot_language_tutor/resolve/60c1642262d20abe69a8c2005d5375fe6c2d2f0c/gradio_components/multimodalchatbot/demo/requirements.txt,60c1642262d20abe69a8c2005d5375fe6c2d2f0c,9cf7ab275495ba27a7ae3906de319b4ffd9b24396102afbb2b1b2db134352356,DataRebels/chatbot_language_tutor,200,,
872,2026-08-30T21:33:12.423882+00:00,gradio_components/multimodalchatbot/frontend/package.json,https://huggingface.co/spaces/DataRebels/chatbot_language_tutor/resolve/60c1642262d20abe69a8c2005d5375fe6c2d2f0c/gradio_components/multimodalchatbot/frontend/package.json,60c1642262d20abe69a8c2005d5375fe6c2d2f0c,880ad3fe417e774d1daf43cc4791619ef2b7e53bebf45cd3d34bc48cc5807da4,DataRebels/chatbot_language_tutor,200,,
1786,2026-08-30T21:33:12.428721+00:00,gradio_components/multimodalchatbot/pyproject.toml,https://huggingface.co/spaces/DataRebels/chatbot_language_tutor/resolve/60c1642262d20abe69a8c2005d5375fe6c2d2f0c/gradio_components/multimodalchatbot/pyproject.toml,60c1642262d20abe69a8c2005d5375fe6c2d2f0c,c583623a9b77912c9df9c7dd5dd60f6d7b5bf91866973bb1d5af1ae1c59c7d7a,DataRebels/chatbot_language_tutor,200,,
64,2026-08-30T21:33:12.443653+00:00,requirements.txt,https://huggingface.co/spaces/DataRebels/chatbot_language_tutor/resolve/60c1642262d20abe69a8c2005d5375fe6c2d2f0c/requirements.txt,60c1642262d20abe69a8c2005d5375fe6c2d2f0c,b349f2fe8d64faa39a92e38585014b3ea9408a375edcf888f16e76d146825575,DataRebels/chatbot_language_tutor,200,,
21609,2026-08-30T21:33:12.430944+00:00,stream_app.py,https://huggingface.co/spaces/DataRebels/chatbot_language_tutor/resolve/60c1642262d20abe69a8c2005d5375fe6c2d2f0c/stream_app.py,60c1642262d20abe69a8c2005d5375fe6c2d2f0c,f9d600baca595c5ebb0da86eba754a0283bbfe1a752f0de0f6bdcc18fcceef26,DataRebels/chatbot_language_tutor,200,,
243,2026-08-30T21:33:12.947364+00:00,README.md,https://huggingface.co/spaces/DataWizard9742/LessonPlanGenerator/resolve/23162eb1a7db210f798db2fa5a954057e4a323b3/README.md,23162eb1a7db210f798db2fa5a954057e4a323b3,56f398bafd6517c8c0e2f53aba8dfd2cb9e4b386b82df02b2e2f8f3188a6677f,DataWizard9742/LessonPlanGenerator,200,,
3093,2026-09-02T19:08:37.246606+00:00,app.py,https://huggingface.co/spaces/DataWizard9742/LessonPlanGenerator/resolve/23162eb1a7db210f798db2fa5a954057e4a323b3/app.py,23162eb1a7db210f798db2fa5a954057e4a323b3,636456082f9711011ab051d2322440248daff5cf6fb39bd129d9d1f6bf779ea6,DataWizard9742/LessonPlanGenerator,200,lossless-v2,utf-8
17,2026-09-02T19:08:37.260207+00:00,requirements.txt,https://huggingface.co/spaces/DataWizard9742/LessonPlanGenerator/resolve/23162eb1a7db210f798db2fa5a954057e4a323b3/requirements.txt,23162eb1a7db210f798db2fa5a954057e4a323b3,1197b181bbdaa86f5d2bafa021d11915f1e47ddd6ad4f9203fa849ca2e54b82d,DataWizard9742/LessonPlanGenerator,200,lossless-v2,utf-8
10231,2026-08-30T21:33:16.741714+00:00,README.md,https://huggingface.co/spaces/DeepLearningAI/quiz-generator-v3/resolve/b848ebdb7f87b9d08b3a6e323c8fa3b00b615b76/README.md,b848ebdb7f87b9d08b3a6e323c8fa3b00b615b76,9b288d31980f81b962ef479991c9f5aa7c85224566a87a180e8b5a12dea83400,DeepLearningAI/quiz-generator-v3,200,,
425,2026-08-30T21:33:17.247782+00:00,app.py,https://huggingface.co/spaces/DeepLearningAI/quiz-generator-v3/resolve/b848ebdb7f87b9d08b3a6e323c8fa3b00b615b76/app.py,b848ebdb7f87b9d08b3a6e323c8fa3b00b615b76,6c274d3efa6fd25771ade7b5c207c8d7f388c3ebf5ac374fcefd33f4f6b65eb3,DeepLearningAI/quiz-generator-v3,200,,
91,2026-08-30T21:33:17.251433+00:00,learning_objective_generator/__init__.py,https://huggingface.co/spaces/DeepLearningAI/quiz-generator-v3/resolve/b848ebdb7f87b9d08b3a6e323c8fa3b00b615b76/learning_objective_generator/__init__.py,b848ebdb7f87b9d08b3a6e323c8fa3b00b615b76,7bde2bac1181472fb605bf3a9783e37539672980cec9259fac6d51dae3332b69,DeepLearningAI/quiz-generator-v3,200,,
12491,2026-08-30T21:33:17.228674+00:00,learning_objective_generator/base_generation.py,https://huggingface.co/spaces/DeepLearningAI/quiz-generator-v3/resolve/b848ebdb7f87b9d08b3a6e323c8fa3b00b615b76/learning_objective_generator/base_generation.py,b848ebdb7f87b9d08b3a6e323c8fa3b00b615b76,2b73183a4656db0853705cdfaef7200fa38d54d0f8580aa5ea1b5af1badb9962,DeepLearningAI/quiz-generator-v3,200,,
5642,2026-08-30T21:33:17.254317+00:00,learning_objective_generator/enhancement.py,https://huggingface.co/spaces/DeepLearningAI/quiz-generator-v3/resolve/b848ebdb7f87b9d08b3a6e323c8fa3b00b615b76/learning_objective_generator/enhancement.py,b848ebdb7f87b9d08b3a6e323c8fa3b00b615b76,1a10e9f9fd2c47ac66bbd6c7f1618ddcac83813b4815e3b4e1a158076fc01d9f,DeepLearningAI/quiz-generator-v3,200,,
3388,2026-08-30T21:33:17.244356+00:00,learning_objective_generator/generator.py,https://huggingface.co/spaces/DeepLearningAI/quiz-generator-v3/resolve/b848ebdb7f87b9d08b3a6e323c8fa3b00b615b76/learning_objective_generator/generator.py,b848ebdb7f87b9d08b3a6e323c8fa3b00b615b76,6d6ff67b78625a275cf541b3d3d94d25a561aa4a95ea6354d497058a3818cc0d,DeepLearningAI/quiz-generator-v3,200,,
17354,2026-08-30T21:33:17.252202+00:00,learning_objective_generator/grouping_and_ranking.py,https://huggingface.co/spaces/DeepLearningAI/quiz-generator-v3/resolve/b848ebdb7f87b9d08b3a6e323c8fa3b00b615b76/learning_objective_generator/grouping_and_ranking.py,b848ebdb7f87b9d08b3a6e323c8fa3b00b615b76,8b87da51ddeef1d7ebb622bff51d310a45b3899176548ce80f3a71ad7a4702e5,DeepLearningAI/quiz-generator-v3,200,,
18528,2026-08-30T21:33:17.279546+00:00,learning_objective_generator/suggestion_improvement.py,https://huggingface.co/spaces/DeepLearningAI/quiz-generator-v3/resolve/b848ebdb7f87b9d08b3a6e323c8fa3b00b615b76/learning_objective_generator/suggestion_improvement.py,b848ebdb7f87b9d08b3a6e323c8fa3b00b615b76,bdd6d36fb689f1b66596f6c43b2fae15d69b2fedc4490781599967bc58103fa9,DeepLearningAI/quiz-generator-v3,200,,
1742,2026-08-30T21:33:17.300834+00:00,models/__init__.py,https://huggingface.co/spaces/DeepLearningAI/quiz-generator-v3/resolve/b848ebdb7f87b9d08b3a6e323c8fa3b00b615b76/models/__init__.py,b848ebdb7f87b9d08b3a6e323c8fa3b00b615b76,2227d6c52f04cffd10aba2ab9dce1c4e86b49ecc65aa60031581e58368736daf,DeepLearningAI/quiz-generator-v3,200,,
46,2026-08-30T21:33:17.780802+00:00,requirements.txt,https://huggingface.co/spaces/DeepLearningAI/quiz-generator-v3/resolve/b848ebdb7f87b9d08b3a6e323c8fa3b00b615b76/requirements.txt,b848ebdb7f87b9d08b3a6e323c8fa3b00b615b76,6ef724347fead21af354b88131aae9ffe7fa482486570b7fb3a4d5b1f90963ed,DeepLearningAI/quiz-generator-v3,200,,
217,2026-08-30T21:33:19.879694+00:00,README.md,https://huggingface.co/spaces/Dexter1928/studymate-pro-ai-learning-companion/resolve/34463dbae8140e5feaf597e726743fe30824cfa4/README.md,34463dbae8140e5feaf597e726743fe30824cfa4,e72585636a92cff07bbb7d0b1d2ac11378604b85c4a57c8bd7fd60c4a5daa31b,Dexter1928/studymate-pro-ai-learning-companion,200,,
546,2026-08-30T21:33:20.376996+00:00,index.html,https://huggingface.co/spaces/Dexter1928/studymate-pro-ai-learning-companion/resolve/34463dbae8140e5feaf597e726743fe30824cfa4/index.html,34463dbae8140e5feaf597e726743fe30824cfa4,fef10b4e06879d75c496c1ce3e89410bff1b77bf51220f21570255d1f214580e,Dexter1928/studymate-pro-ai-learning-companion,200,,
503,2026-08-30T21:33:21.949713+00:00,README.md,https://huggingface.co/spaces/DheerajKausik/RAG_BASED_AI_TEACHING_ASSISTANT/resolve/5a8be2657f0b156cdf01ef0103fb17d44739685a/README.md,5a8be2657f0b156cdf01ef0103fb17d44739685a,233e60aa3a732eed8513c953f28bfc732e40d580857be14b7091310a21f18c6f,DheerajKausik/RAG_BASED_AI_TEACHING_ASSISTANT,200,,
2664,2026-08-30T21:33:22.458954+00:00,app.py,https://huggingface.co/spaces/DheerajKausik/RAG_BASED_AI_TEACHING_ASSISTANT/resolve/5a8be2657f0b156cdf01ef0103fb17d44739685a/app.py,5a8be2657f0b156cdf01ef0103fb17d44739685a,a3dd76ec919dcea877f91af8d73fe11f152a6dfa2b12376391df253ef784b280,DheerajKausik/RAG_BASED_AI_TEACHING_ASSISTANT,200,,
3986,2026-08-30T21:33:22.473048+00:00,rag_pipeline.py,https://huggingface.co/spaces/DheerajKausik/RAG_BASED_AI_TEACHING_ASSISTANT/resolve/5a8be2657f0b156cdf01ef0103fb17d44739685a/rag_pipeline.py,5a8be2657f0b156cdf01ef0103fb17d44739685a,d358401d55f3d38831bc6e83bc11a8dbd62c73c7cac691c42311f925dde9cdf4,DheerajKausik/RAG_BASED_AI_TEACHING_ASSISTANT,200,,
63,2026-08-30T21:33:22.516734+00:00,requirements.txt,https://huggingface.co/spaces/DheerajKausik/RAG_BASED_AI_TEACHING_ASSISTANT/resolve/5a8be2657f0b156cdf01ef0103fb17d44739685a/requirements.txt,5a8be2657f0b156cdf01ef0103fb17d44739685a,70ea26ca1292a4d7a219c5d5334bcba41489d87ce27c2e3cc4f907ec7cde4269,DheerajKausik/RAG_BASED_AI_TEACHING_ASSISTANT,200,,
413,2026-08-30T21:33:24.050801+00:00,README.md,https://huggingface.co/spaces/Diid12rt/AITUTOR/resolve/4ae29b6cbeab0f35db0a83a13cc9ea81dabfe65e/README.md,4ae29b6cbeab0f35db0a83a13cc9ea81dabfe65e,f55f3c0769e674eb5d482877294278bba430ea29df8ddb6278ea29b6bd7cd320,Diid12rt/AITUTOR,200,,
3079,2026-08-30T21:33:24.612425+00:00,app.py,https://huggingface.co/spaces/Diid12rt/AITUTOR/resolve/4ae29b6cbeab0f35db0a83a13cc9ea81dabfe65e/app.py,4ae29b6cbeab0f35db0a83a13cc9ea81dabfe65e,0395a50cee1003c6eee869875c3727d1ed51adad3295fa4eb5ff90880ab3cdfe,Diid12rt/AITUTOR,200,,
55,2026-08-30T21:33:24.547860+00:00,requirements.txt,https://huggingface.co/spaces/Diid12rt/AITUTOR/resolve/4ae29b6cbeab0f35db0a83a13cc9ea81dabfe65e/requirements.txt,4ae29b6cbeab0f35db0a83a13cc9ea81dabfe65e,d7aab14b9b5c44931f435794d16cbf158f982147f9bfd0a3a5116ebcd4c02cca,Diid12rt/AITUTOR,200,,
1125,2026-08-30T21:33:24.564211+00:00,src/streamlit_app.py,https://huggingface.co/spaces/Diid12rt/AITUTOR/resolve/4ae29b6cbeab0f35db0a83a13cc9ea81dabfe65e/src/streamlit_app.py,4ae29b6cbeab0f35db0a83a13cc9ea81dabfe65e,67c3220df70c5f085a360e92abd29ba4c9f56cbd5ffcab04cd45ba6096794b04,Diid12rt/AITUTOR,200,,
1022,2026-08-30T21:33:24.634784+00:00,utils/ai_helper.py,https://huggingface.co/spaces/Diid12rt/AITUTOR/resolve/4ae29b6cbeab0f35db0a83a13cc9ea81dabfe65e/utils/ai_helper.py,4ae29b6cbeab0f35db0a83a13cc9ea81dabfe65e,92eaace73f9f966e4432830bc8b715ff4c6615aa171508a919fb0c1556438660,Diid12rt/AITUTOR,200,,
2833,2026-08-30T21:33:24.734528+00:00,utils/prompt_templates.py,https://huggingface.co/spaces/Diid12rt/AITUTOR/resolve/4ae29b6cbeab0f35db0a83a13cc9ea81dabfe65e/utils/prompt_templates.py,4ae29b6cbeab0f35db0a83a13cc9ea81dabfe65e,ea11c3f4708e91040e7f30ef56f972ac34b7a316ba086fcde13bb81d72841177,Diid12rt/AITUTOR,200,,
418,2026-08-30T21:33:28.204772+00:00,README.md,https://huggingface.co/spaces/DipakBundheliya/flask_ai_tutor/resolve/b9b91cfc31af8bf751d361d624448127892f8df7/README.md,b9b91cfc31af8bf751d361d624448127892f8df7,c5e2d8f5156ebf7cd43d443015eb16a6fa4144868c1622c826bd7b455037436b,DipakBundheliya/flask_ai_tutor,200,,
4371,2026-08-30T21:33:28.712060+00:00,app.py,https://huggingface.co/spaces/DipakBundheliya/flask_ai_tutor/resolve/b9b91cfc31af8bf751d361d624448127892f8df7/app.py,b9b91cfc31af8bf751d361d624448127892f8df7,54aa40524d6ac32b0dbdfcfb211cc30cfd5ce113957c86addbabd2e8d5d8bc07,DipakBundheliya/flask_ai_tutor,200,,
2057,2026-08-30T21:33:28.726610+00:00,prompt.py,https://huggingface.co/spaces/DipakBundheliya/flask_ai_tutor/resolve/b9b91cfc31af8bf751d361d624448127892f8df7/prompt.py,b9b91cfc31af8bf751d361d624448127892f8df7,eafcc7aa614ca7bdc3836b41663f5a61b17c68079a0f9e72e77f788c7f4c4525,DipakBundheliya/flask_ai_tutor,200,,
2698,2026-08-31T01:25:30.305019+00:00,requirements.txt,https://huggingface.co/spaces/DipakBundheliya/flask_ai_tutor/resolve/b9b91cfc31af8bf751d361d624448127892f8df7/requirements.txt,b9b91cfc31af8bf751d361d624448127892f8df7,2ea6e82155293e8e07d135445c8cb8b1cc251c538df26e503284c2c19dcc4fb0,DipakBundheliya/flask_ai_tutor,200,,utf-16-le-bom
35149,2026-08-30T21:33:31.276170+00:00,LICENSE,https://huggingface.co/spaces/DoctorHolly/BIO_Tutor_Chatbot/resolve/9c19f000e69ef068fff41b86308b9c1b9970e070/LICENSE,9c19f000e69ef068fff41b86308b9c1b9970e070,3972dc9744f6499f0f9b2dbf76696f2ae7ad8af9b23dde66d6af86c9dfb36986,DoctorHolly/BIO_Tutor_Chatbot,200,,
474,2026-08-30T21:33:30.763393+00:00,README.md,https://huggingface.co/spaces/DoctorHolly/BIO_Tutor_Chatbot/resolve/9c19f000e69ef068fff41b86308b9c1b9970e070/README.md,9c19f000e69ef068fff41b86308b9c1b9970e070,f539531b34331f5310c4103dcde4a9e68835486aedfe3569e92391f21ba166e3,DoctorHolly/BIO_Tutor_Chatbot,200,,
6021,2026-08-30T21:33:31.279725+00:00,app.py,https://huggingface.co/spaces/DoctorHolly/BIO_Tutor_Chatbot/resolve/9c19f000e69ef068fff41b86308b9c1b9970e070/app.py,9c19f000e69ef068fff41b86308b9c1b9970e070,06dc2ba88dfed39da745aac722c6e3af86a76038ac64c831c57c181412d428a0,DoctorHolly/BIO_Tutor_Chatbot,200,,
10384,2026-08-30T21:33:31.303975+00:00,config.py,https://huggingface.co/spaces/DoctorHolly/BIO_Tutor_Chatbot/resolve/9c19f000e69ef068fff41b86308b9c1b9970e070/config.py,9c19f000e69ef068fff41b86308b9c1b9970e070,10e9dbeeae353f674da525d449213615c4566505cc966b1c98521e1087dd4813,DoctorHolly/BIO_Tutor_Chatbot,200,,
45,2026-08-30T21:33:31.292441+00:00,requirements.txt,https://huggingface.co/spaces/DoctorHolly/BIO_Tutor_Chatbot/resolve/9c19f000e69ef068fff41b86308b9c1b9970e070/requirements.txt,9c19f000e69ef068fff41b86308b9c1b9970e070,7ee7d1a392097527e55bf27544f861d7cf59396e1829753081777e8938476b5d,DoctorHolly/BIO_Tutor_Chatbot,200,,
7991,2026-08-30T21:33:34.934190+00:00,README.md,https://huggingface.co/spaces/DroolingPanda/teachingAssistant/resolve/97938cc5da8630335c522b9ed1ad8497a9044f3a/README.md,97938cc5da8630335c522b9ed1ad8497a9044f3a,a7310d2abfb59769915090229b6336ffa6a7391b63a7d97dac5add2b0aa65f81,DroolingPanda/teachingAssistant,200,,
11777,2026-09-02T19:08:39.593876+00:00,app.py,https://huggingface.co/spaces/DroolingPanda/teachingAssistant/resolve/97938cc5da8630335c522b9ed1ad8497a9044f3a/app.py,97938cc5da8630335c522b9ed1ad8497a9044f3a,1178c02fa059bd333d5bad24ddeb8cfd6745d5f5f33a4fb2d6687550ece20969,DroolingPanda/teachingAssistant,200,lossless-v2,utf-8
1322,2026-09-02T19:08:39.537089+00:00,pyproject.toml,https://huggingface.co/spaces/DroolingPanda/teachingAssistant/resolve/97938cc5da8630335c522b9ed1ad8497a9044f3a/pyproject.toml,97938cc5da8630335c522b9ed1ad8497a9044f3a,36b8937d91df190ee5eefb94c311d9b9ec26263c7ebfac55382d2fa70ef51934,DroolingPanda/teachingAssistant,200,lossless-v2,utf-8
182,2026-09-02T19:08:39.601920+00:00,requirements.txt,https://huggingface.co/spaces/DroolingPanda/teachingAssistant/resolve/97938cc5da8630335c522b9ed1ad8497a9044f3a/requirements.txt,97938cc5da8630335c522b9ed1ad8497a9044f3a,d0573c219e2743c17efe955be8b0730178422ed1c6d8c75a81872d7e1d8d7b3e,DroolingPanda/teachingAssistant,200,lossless-v2,utf-8
237,2026-08-30T21:33:38.682604+00:00,README.md,https://huggingface.co/spaces/Ehtisham-84/Study-Assistant/resolve/df1186ba88ed84cc96948cba7d1fe6b40dbc9a6d/README.md,df1186ba88ed84cc96948cba7d1fe6b40dbc9a6d,4fbf9e5ec49a556353567fa4a62d91911a5abfbdfbc3d85c246be132a1204f14,Ehtisham-84/Study-Assistant,200,,
6524,2026-08-30T21:33:39.195877+00:00,app.py,https://huggingface.co/spaces/Ehtisham-84/Study-Assistant/resolve/df1186ba88ed84cc96948cba7d1fe6b40dbc9a6d/app.py,df1186ba88ed84cc96948cba7d1fe6b40dbc9a6d,f92258cb7498b8a4844878a4bb8fcdee642bc63c6276c7e6fb83b24dcd51a80d,Ehtisham-84/Study-Assistant,200,,
274,2026-08-30T21:33:50.112339+00:00,README.md,https://huggingface.co/spaces/Esco11/lingualoom-free-voice-language-tutor/resolve/39e49286310fee6c4e7ca099b6583ace607541a3/README.md,39e49286310fee6c4e7ca099b6583ace607541a3,9eb92b24996e8e2fec3685c38fc576cd417bf5c45f5ed0bf2efac68b30d32478,Esco11/lingualoom-free-voice-language-tutor,200,,
5602,2026-08-30T21:33:50.629610+00:00,components/auth-modal.js,https://huggingface.co/spaces/Esco11/lingualoom-free-voice-language-tutor/resolve/39e49286310fee6c4e7ca099b6583ace607541a3/components/auth-modal.js,39e49286310fee6c4e7ca099b6583ace607541a3,ea7d58676de21afa95255ce329fa3792d3ef7c75dfd3ed84c2760e4e83b101d2,Esco11/lingualoom-free-voice-language-tutor,200,,
4324,2026-08-30T21:33:50.606352+00:00,components/language-selector.js,https://huggingface.co/spaces/Esco11/lingualoom-free-voice-language-tutor/resolve/39e49286310fee6c4e7ca099b6583ace607541a3/components/language-selector.js,39e49286310fee6c4e7ca099b6583ace607541a3,a44018562089c14aaadcf272d93b8f303c1777a9acb2afafa6a936a0d826b697,Esco11/lingualoom-free-voice-language-tutor,200,,
5416,2026-08-30T21:33:50.652249+00:00,components/navbar.js,https://huggingface.co/spaces/Esco11/lingualoom-free-voice-language-tutor/resolve/39e49286310fee6c4e7ca099b6583ace607541a3/components/navbar.js,39e49286310fee6c4e7ca099b6583ace607541a3,8acbf1ef2d8e0a6443eb7bbc0e54d48308d8e5f0b30496102d1e04b7158e2217,Esco11/lingualoom-free-voice-language-tutor,200,,
2023,2026-08-30T21:33:50.656945+00:00,components/voice-recorder.js,https://huggingface.co/spaces/Esco11/lingualoom-free-voice-language-tutor/resolve/39e49286310fee6c4e7ca099b6583ace607541a3/components/voice-recorder.js,39e49286310fee6c4e7ca099b6583ace607541a3,a2f926eccdbcd52f86b3f651becaaab9849d9587c21d1b98beb9ba16ca6009c3,Esco11/lingualoom-free-voice-language-tutor,200,,
5745,2026-08-30T21:33:50.661497+00:00,index.html,https://huggingface.co/spaces/Esco11/lingualoom-free-voice-language-tutor/resolve/39e49286310fee6c4e7ca099b6583ace607541a3/index.html,39e49286310fee6c4e7ca099b6583ace607541a3,9d34951dc213680dbfc5754f1bb4313cda19cfd594c798586ae49d871482b08c,Esco11/lingualoom-free-voice-language-tutor,200,,
2381,2026-08-30T21:33:50.675272+00:00,script.js,https://huggingface.co/spaces/Esco11/lingualoom-free-voice-language-tutor/resolve/39e49286310fee6c4e7ca099b6583ace607541a3/script.js,39e49286310fee6c4e7ca099b6583ace607541a3,355e3bed4f92c11958283e1a66e9e15579c5d4d38e1d548fc795bd701923741c,Esco11/lingualoom-free-voice-language-tutor,200,,
266,2026-08-30T21:33:51.282394+00:00,README.md,https://huggingface.co/spaces/Etalre/edugenius-ai-smart-learning-companion/resolve/0d9cc49891d40d4f15c83e71cfa485574893ca2c/README.md,0d9cc49891d40d4f15c83e71cfa485574893ca2c,d42100ad20e0fa05b2751c236be98a8231d185124fb08d435dc27cdf499c81fb,Etalre/edugenius-ai-smart-learning-companion,200,,
17092,2026-08-30T21:33:51.795719+00:00,ai-assistant.html,https://huggingface.co/spaces/Etalre/edugenius-ai-smart-learning-companion/resolve/0d9cc49891d40d4f15c83e71cfa485574893ca2c/ai-assistant.html,0d9cc49891d40d4f15c83e71cfa485574893ca2c,10fff6acec36731a9ce13a011ea9b268ca33b286596f550b53f002e98722c726,Etalre/edugenius-ai-smart-learning-companion,200,,
4063,2026-08-30T21:33:51.810431+00:00,components/footer.js,https://huggingface.co/spaces/Etalre/edugenius-ai-smart-learning-companion/resolve/0d9cc49891d40d4f15c83e71cfa485574893ca2c/components/footer.js,0d9cc49891d40d4f15c83e71cfa485574893ca2c,c3e836fc1d086fc66b721c844b774750057f6c55bebcd728eda47b84fa0057d7,Etalre/edugenius-ai-smart-learning-companion,200,,
2456,2026-08-30T21:33:51.786555+00:00,components/navbar.js,https://huggingface.co/spaces/Etalre/edugenius-ai-smart-learning-companion/resolve/0d9cc49891d40d4f15c83e71cfa485574893ca2c/components/navbar.js,0d9cc49891d40d4f15c83e71cfa485574893ca2c,02bb97ce6f974dc3c55186b3d63bfa1f8107c74d02a4b1a644c5364748f2cd6c,Etalre/edugenius-ai-smart-learning-companion,200,,
4440,2026-08-30T21:33:51.803581+00:00,index.html,https://huggingface.co/spaces/Etalre/edugenius-ai-smart-learning-companion/resolve/0d9cc49891d40d4f15c83e71cfa485574893ca2c/index.html,0d9cc49891d40d4f15c83e71cfa485574893ca2c,7d01c4d64e983147865a9bcc76dccaedb61609996b8839cd621358c83f67ebfb,Etalre/edugenius-ai-smart-learning-companion,200,,
5801,2026-08-30T21:33:51.788927+00:00,login.html,https://huggingface.co/spaces/Etalre/edugenius-ai-smart-learning-companion/resolve/0d9cc49891d40d4f15c83e71cfa485574893ca2c/login.html,0d9cc49891d40d4f15c83e71cfa485574893ca2c,97c8c091c2e2051bef28b3c178a76e5ae5bc504b77de162f7696bc6947e0693e,Etalre/edugenius-ai-smart-learning-companion,200,,
361,2026-08-30T21:33:51.798021+00:00,package.json,https://huggingface.co/spaces/Etalre/edugenius-ai-smart-learning-companion/resolve/0d9cc49891d40d4f15c83e71cfa485574893ca2c/package.json,0d9cc49891d40d4f15c83e71cfa485574893ca2c,2df328c9eaa947a16b823e7c8de6543b9c9c13c980bf95fe10fe1c0fc29ecf8b,Etalre/edugenius-ai-smart-learning-companion,200,,
18539,2026-08-30T21:33:51.827516+00:00,profile.html,https://huggingface.co/spaces/Etalre/edugenius-ai-smart-learning-companion/resolve/0d9cc49891d40d4f15c83e71cfa485574893ca2c/profile.html,0d9cc49891d40d4f15c83e71cfa485574893ca2c,9b3e81c676911212aa5210d5b629ed5c3505dd52485d3fb81c3469434e2598ab,Etalre/edugenius-ai-smart-learning-companion,200,,
1153,2026-08-30T21:33:51.822765+00:00,script.js,https://huggingface.co/spaces/Etalre/edugenius-ai-smart-learning-companion/resolve/0d9cc49891d40d4f15c83e71cfa485574893ca2c/script.js,0d9cc49891d40d4f15c83e71cfa485574893ca2c,c95cae0f984e752eee4d7b296423c156c2f396cd5d40b4d9bc52ec4e0c79cf38,Etalre/edugenius-ai-smart-learning-companion,200,,
1160,2026-08-30T21:33:59.745480+00:00,App.py,https://huggingface.co/spaces/Faiz3399/Ai-tutor-assistant/resolve/a0b0576248f0a0fdcbad4af0fb2379a6b4786b9a/App.py,a0b0576248f0a0fdcbad4af0fb2379a6b4786b9a,1260dad1db63211761d102ee6660b9bb7d9328704a43f0147331766b41a562b7,Faiz3399/Ai-tutor-assistant,200,,
464,2026-08-30T21:33:59.241671+00:00,README.md,https://huggingface.co/spaces/Faiz3399/Ai-tutor-assistant/resolve/a0b0576248f0a0fdcbad4af0fb2379a6b4786b9a/README.md,a0b0576248f0a0fdcbad4af0fb2379a6b4786b9a,8e99722c35643ee1299cecff444c0df8e92a45b9820f2a46496298622bbdb723,Faiz3399/Ai-tutor-assistant,200,,
1711,2026-08-30T21:33:59.741840+00:00,app.py,https://huggingface.co/spaces/Faiz3399/Ai-tutor-assistant/resolve/a0b0576248f0a0fdcbad4af0fb2379a6b4786b9a/app.py,a0b0576248f0a0fdcbad4af0fb2379a6b4786b9a,c1f82802eea90339633ac3e8953ef85038ae8f939d94ec9f2685219b0fdf6bb6,Faiz3399/Ai-tutor-assistant,200,,
23,2026-08-30T21:33:59.891465+00:00,requirements.txt,https://huggingface.co/spaces/Faiz3399/Ai-tutor-assistant/resolve/a0b0576248f0a0fdcbad4af0fb2379a6b4786b9a/requirements.txt,a0b0576248f0a0fdcbad4af0fb2379a6b4786b9a,48293d5aac441f371121b28f1ff76c2495cf372febd85401e0f33f12789b4971,Faiz3399/Ai-tutor-assistant,200,,
3695,2026-08-30T21:34:00.390414+00:00,README.md,https://huggingface.co/spaces/Fatma033/Educational-Chatbot/resolve/384f0b4b45c915b697de8c45a9b439dc001b478f/README.md,384f0b4b45c915b697de8c45a9b439dc001b478f,30f83013dafe5191416492f9e054f63a3205002f95faa90052ae3c9306daa01d,Fatma033/Educational-Chatbot,200,,
5098,2026-08-30T21:34:00.891327+00:00,app.py,https://huggingface.co/spaces/Fatma033/Educational-Chatbot/resolve/384f0b4b45c915b697de8c45a9b439dc001b478f/app.py,384f0b4b45c915b697de8c45a9b439dc001b478f,2fbdddde1a6135bc7887ee8a7c3885fab7578b3c03420be447a930a3d7b673c7,Fatma033/Educational-Chatbot,200,,
167,2026-08-30T21:34:00.911209+00:00,requirements.txt,https://huggingface.co/spaces/Fatma033/Educational-Chatbot/resolve/384f0b4b45c915b697de8c45a9b439dc001b478f/requirements.txt,384f0b4b45c915b697de8c45a9b439dc001b478f,09e4cf3c484f2f61fcc7d0c55b40a6aad52f18ee255239c433e1c380cb8fd5d9,Fatma033/Educational-Chatbot,200,,
270,2026-08-30T21:34:02.700617+00:00,README.md,https://huggingface.co/spaces/Felrose/trisem-lesson-plan-generator/resolve/5c4b5e7fbb56fee9009752ef29784a3cd18fd184/README.md,5c4b5e7fbb56fee9009752ef29784a3cd18fd184,727466d5e6f1c48fee83c70e6b172557c19565f9fc716a4b9eec369c2fc8a959,Felrose/trisem-lesson-plan-generator,200,,
15486,2026-08-30T21:34:03.201568+00:00,app.py,https://huggingface.co/spaces/Felrose/trisem-lesson-plan-generator/resolve/5c4b5e7fbb56fee9009752ef29784a3cd18fd184/app.py,5c4b5e7fbb56fee9009752ef29784a3cd18fd184,d37ad974db819c53dc3d7c23e47de682fcff46f30e7f30282ed5062b518f526e,Felrose/trisem-lesson-plan-generator,200,,
47,2026-08-30T21:34:03.207212+00:00,requirements.txt,https://huggingface.co/spaces/Felrose/trisem-lesson-plan-generator/resolve/5c4b5e7fbb56fee9009752ef29784a3cd18fd184/requirements.txt,5c4b5e7fbb56fee9009752ef29784a3cd18fd184,51a977bb07016fdd147b2ccb9971ce7155e42ac1107469915e3994a83a54dffa,Felrose/trisem-lesson-plan-generator,200,,
270,2026-08-30T21:34:03.725908+00:00,README.md,https://huggingface.co/spaces/Felrose/trisem-lesson-plan-generator-ENGLISH-LINK2/resolve/5c4b5e7fbb56fee9009752ef29784a3cd18fd184/README.md,5c4b5e7fbb56fee9009752ef29784a3cd18fd184,727466d5e6f1c48fee83c70e6b172557c19565f9fc716a4b9eec369c2fc8a959,Felrose/trisem-lesson-plan-generator-ENGLISH-LINK2,200,,
15486,2026-08-30T21:34:04.210767+00:00,app.py,https://huggingface.co/spaces/Felrose/trisem-lesson-plan-generator-ENGLISH-LINK2/resolve/5c4b5e7fbb56fee9009752ef29784a3cd18fd184/app.py,5c4b5e7fbb56fee9009752ef29784a3cd18fd184,d37ad974db819c53dc3d7c23e47de682fcff46f30e7f30282ed5062b518f526e,Felrose/trisem-lesson-plan-generator-ENGLISH-LINK2,200,,
47,2026-08-30T21:34:04.223890+00:00,requirements.txt,https://huggingface.co/spaces/Felrose/trisem-lesson-plan-generator-ENGLISH-LINK2/resolve/5c4b5e7fbb56fee9009752ef29784a3cd18fd184/requirements.txt,5c4b5e7fbb56fee9009752ef29784a3cd18fd184,51a977bb07016fdd147b2ccb9971ce7155e42ac1107469915e3994a83a54dffa,Felrose/trisem-lesson-plan-generator-ENGLISH-LINK2,200,,
280,2026-08-30T21:34:09.770051+00:00,README.md,https://huggingface.co/spaces/Forsaken2508/studysensei-ai-powered-learning-companion/resolve/b8a0bf1aa8e245097d1dd148b1bb5c51fc97a9c9/README.md,b8a0bf1aa8e245097d1dd148b1bb5c51fc97a9c9,d975431e4a3c84ac90354a73d83508871fffee4423da0f4560ee9505450bfc6a,Forsaken2508/studysensei-ai-powered-learning-companion,200,,
6028,2026-08-30T21:34:10.277255+00:00,components/ai-assistant-panel.js,https://huggingface.co/spaces/Forsaken2508/studysensei-ai-powered-learning-companion/resolve/b8a0bf1aa8e245097d1dd148b1bb5c51fc97a9c9/components/ai-assistant-panel.js,b8a0bf1aa8e245097d1dd148b1bb5c51fc97a9c9,dd165db8e0de74bafad4bb4ece81f7e2686d790dcf26ee2152ca1cc094843aa3,Forsaken2508/studysensei-ai-powered-learning-companion,200,,
2798,2026-08-30T21:34:10.285033+00:00,index.html,https://huggingface.co/spaces/Forsaken2508/studysensei-ai-powered-learning-companion/resolve/b8a0bf1aa8e245097d1dd148b1bb5c51fc97a9c9/index.html,b8a0bf1aa8e245097d1dd148b1bb5c51fc97a9c9,6cf8d7322003fffe30449131d37fd1d1bdb4af2e51d6d7ec87c1a1a78f24cc4d,Forsaken2508/studysensei-ai-powered-learning-companion,200,,
408,2026-08-30T21:34:12.951837+00:00,README.md,https://huggingface.co/spaces/FreeAi1111/Aitutorprep/resolve/92e4c1453171f5f70dad38202a0beb8508075bc1/README.md,92e4c1453171f5f70dad38202a0beb8508075bc1,9cc7ba19c54f8dc1d539ae5a1400a320cb55e96f2c3e8486e7ab02fdd53734c8,FreeAi1111/Aitutorprep,200,,
260,2026-08-30T21:34:13.451385+00:00,README.md,https://huggingface.co/spaces/Fuckyoumotherfucker/cs-ai-tutor/resolve/5f524ae9f295b24a6172edfa1b0c573f40d51515/README.md,5f524ae9f295b24a6172edfa1b0c573f40d51515,1eb29c0287a7c46a7ec1a92125ae4b8927974e4d57c9f36fe657681e1925c153,Fuckyoumotherfucker/cs-ai-tutor,200,,
3276,2026-08-30T21:34:13.956873+00:00,index.html,https://huggingface.co/spaces/Fuckyoumotherfucker/cs-ai-tutor/resolve/5f524ae9f295b24a6172edfa1b0c573f40d51515/index.html,5f524ae9f295b24a6172edfa1b0c573f40d51515,b8d5ddbfe327f005306de4d9fcdc782ddca2f95681325b1bbca19db593b5fcc9,Fuckyoumotherfucker/cs-ai-tutor,200,,
241,2026-08-30T21:34:14.466092+00:00,README.md,https://huggingface.co/spaces/Fuckyoumotherfucker/cs-ai-tutor2/resolve/c7b2248e8262d4a1e537fa4989955cc775e5aa83/README.md,c7b2248e8262d4a1e537fa4989955cc775e5aa83,f4c3954f0a073bed78338eee09a6acc372b451a860e7d925387ed6dcb4c763dd,Fuckyoumotherfucker/cs-ai-tutor2,200,,
232,2026-08-30T21:34:19.218266+00:00,README.md,https://huggingface.co/spaces/GenerativeGuru/ai-assistant-study-career/resolve/790468b3f582001e9bce17011e60d2797337cac9/README.md,790468b3f582001e9bce17011e60d2797337cac9,3ff9c465f9d2c345c2bbf052c7a40e891808287a9a57d333fe9f81787d75b562,GenerativeGuru/ai-assistant-study-career,200,,
266,2026-08-30T21:34:19.717123+00:00,README.md,https://huggingface.co/spaces/Gimgaru/finalproject_aitutor/resolve/67cd96d0565b05fd053d7d6b04091a17a91bb88d/README.md,67cd96d0565b05fd053d7d6b04091a17a91bb88d,f61df35519d5f0d9a62af3595a690402d44cba54a19eb8d1d47c83a1794c2393,Gimgaru/finalproject_aitutor,200,,
16386,2026-08-30T21:34:20.209539+00:00,app.py,https://huggingface.co/spaces/Gimgaru/finalproject_aitutor/resolve/67cd96d0565b05fd053d7d6b04091a17a91bb88d/app.py,67cd96d0565b05fd053d7d6b04091a17a91bb88d,c5be340654787e765a501246d36a6b2e116d16b4aad3063627c95ccfb2902e45,Gimgaru/finalproject_aitutor,200,,
26,2026-08-30T21:34:20.261559+00:00,requirements.txt,https://huggingface.co/spaces/Gimgaru/finalproject_aitutor/resolve/67cd96d0565b05fd053d7d6b04091a17a91bb88d/requirements.txt,67cd96d0565b05fd053d7d6b04091a17a91bb88d,c5b95bb8711f5785c1bde02569e9ac7a497779368f2ac856505551f232b8fc04,Gimgaru/finalproject_aitutor,200,,
273,2026-08-30T21:34:24.135738+00:00,README.md,https://huggingface.co/spaces/GoIpKrIsHnA/studyAssistantAI/resolve/ca8acf69f5ccb5a836cafe04b1797aca0761d5e4/README.md,ca8acf69f5ccb5a836cafe04b1797aca0761d5e4,5138accdb5d5e5bc9f87d10515bbc1b23fd7500a7e8182e83f4677d092807eb4,GoIpKrIsHnA/studyAssistantAI,200,,
1688,2026-09-02T19:08:42.020407+00:00,app.py,https://huggingface.co/spaces/GoIpKrIsHnA/studyAssistantAI/resolve/ca8acf69f5ccb5a836cafe04b1797aca0761d5e4/app.py,ca8acf69f5ccb5a836cafe04b1797aca0761d5e4,6cc5cc07b2a89bd98b75c104f2bbb68242ef7ce389ecde4dfa0f785b0efd42b8,GoIpKrIsHnA/studyAssistantAI,200,lossless-v2,utf-8
20,2026-09-02T19:08:42.035043+00:00,requirements.txt,https://huggingface.co/spaces/GoIpKrIsHnA/studyAssistantAI/resolve/ca8acf69f5ccb5a836cafe04b1797aca0761d5e4/requirements.txt,ca8acf69f5ccb5a836cafe04b1797aca0761d5e4,6f1756c6ef672af0d7db4cad79cfc682868d203d904a5b6aa55db9c2017ca5ad,GoIpKrIsHnA/studyAssistantAI,200,lossless-v2,utf-8
4626,2026-08-30T21:34:31.418073+00:00,README.md,https://huggingface.co/spaces/Gungz/quiz-generator-baidu-ernie/resolve/1f031479b09f90bce692b494188338db827c92ac/README.md,1f031479b09f90bce692b494188338db827c92ac,0cca2d55f610c44885c620db69b1c5f469b7b1e662ecbd73ae83725f2e5f15a8,Gungz/quiz-generator-baidu-ernie,200,,
9161,2026-08-30T21:34:31.919093+00:00,app.py,https://huggingface.co/spaces/Gungz/quiz-generator-baidu-ernie/resolve/1f031479b09f90bce692b494188338db827c92ac/app.py,1f031479b09f90bce692b494188338db827c92ac,323d4f3f0034d75f70e2f9d6aa5860ecda42fefb175a493662ef22a2c8e4551d,Gungz/quiz-generator-baidu-ernie,200,,
50,2026-08-30T21:34:31.929744+00:00,requirements.txt,https://huggingface.co/spaces/Gungz/quiz-generator-baidu-ernie/resolve/1f031479b09f90bce692b494188338db827c92ac/requirements.txt,1f031479b09f90bce692b494188338db827c92ac,016cdd3a3526cf00f04770c5b56a11f9048a31ab2fea0789e671f02d2274ff68,Gungz/quiz-generator-baidu-ernie,200,,
101,2026-08-30T21:34:35.787364+00:00,README.md,https://huggingface.co/spaces/Hafeezaqsa01/Quiz_generator/resolve/af349936cf0251936e19e40d47e1ad62e8fbc167/README.md,af349936cf0251936e19e40d47e1ad62e8fbc167,9db759306073f3ee8bdf9050ba79e06f6fefcba592f0b10c80a4474e259bbd14,Hafeezaqsa01/Quiz_generator,200,,
260,2026-08-30T21:34:36.356510+00:00,app/main.py,https://huggingface.co/spaces/Hafeezaqsa01/Quiz_generator/resolve/af349936cf0251936e19e40d47e1ad62e8fbc167/app/main.py,af349936cf0251936e19e40d47e1ad62e8fbc167,8630f5881fcd7468ea95298414b371e3df27b0bc6770b14dcf566fb0037c6769,Hafeezaqsa01/Quiz_generator,200,,
43,2026-08-30T21:34:36.339030+00:00,requirements.txt,https://huggingface.co/spaces/Hafeezaqsa01/Quiz_generator/resolve/af349936cf0251936e19e40d47e1ad62e8fbc167/requirements.txt,af349936cf0251936e19e40d47e1ad62e8fbc167,9f7ae9c1b4cafe3fdff63fbf6c44f2cc410eb9bf93026a349e0dd75bd8f1c804,Hafeezaqsa01/Quiz_generator,200,,
318,2026-08-30T21:34:36.857850+00:00,README.md,https://huggingface.co/spaces/Hafsah-Fatima/Programming_Tutor_Chatbot/resolve/edb788ec4bcb0db3f54fac085f7fadba5babf7de/README.md,edb788ec4bcb0db3f54fac085f7fadba5babf7de,ab729a6459ba9bcc07f37b6d82c6711eaf53cd44b3694ca0745c6317f90ee3a9,Hafsah-Fatima/Programming_Tutor_Chatbot,200,,
1290,2026-08-30T21:34:37.366329+00:00,app.py,https://huggingface.co/spaces/Hafsah-Fatima/Programming_Tutor_Chatbot/resolve/edb788ec4bcb0db3f54fac085f7fadba5babf7de/app.py,edb788ec4bcb0db3f54fac085f7fadba5babf7de,05b62bcdded894dce81847e73d8a5bc521c57f670a4f2d73f7f90ea36c2d827e,Hafsah-Fatima/Programming_Tutor_Chatbot,200,,
16,2026-08-30T21:34:37.364536+00:00,requirements.txt,https://huggingface.co/spaces/Hafsah-Fatima/Programming_Tutor_Chatbot/resolve/edb788ec4bcb0db3f54fac085f7fadba5babf7de/requirements.txt,edb788ec4bcb0db3f54fac085f7fadba5babf7de,5d569e3212015903807c5623e9a485aa0dd05cd1438c876b482c94276f192796,Hafsah-Fatima/Programming_Tutor_Chatbot,200,,
305,2026-08-30T21:34:37.856449+00:00,README.md,https://huggingface.co/spaces/Hafsah-Fatima/Programming_Tutor_Chatbot_0.2/resolve/207f72686ba9d2a2c933b9d1c6618123309cd112/README.md,207f72686ba9d2a2c933b9d1c6618123309cd112,c7f4f14fb562ae935721fbefdceb4642ce24a09c415953377277505920f700d8,Hafsah-Fatima/Programming_Tutor_Chatbot_0.2,200,,
1318,2026-08-30T21:34:38.367374+00:00,app.py,https://huggingface.co/spaces/Hafsah-Fatima/Programming_Tutor_Chatbot_0.2/resolve/207f72686ba9d2a2c933b9d1c6618123309cd112/app.py,207f72686ba9d2a2c933b9d1c6618123309cd112,564b6dc09dd0d63ea2446c9ff352f6e3d53106a44faf11d99f90e8f9c3ca83e7,Hafsah-Fatima/Programming_Tutor_Chatbot_0.2,200,,
17,2026-08-30T21:34:38.366657+00:00,requirements.txt,https://huggingface.co/spaces/Hafsah-Fatima/Programming_Tutor_Chatbot_0.2/resolve/207f72686ba9d2a2c933b9d1c6618123309cd112/requirements.txt,207f72686ba9d2a2c933b9d1c6618123309cd112,b40a66c71d24d172d59c1152686114d624416cdddf5b2e777907791b95e3a797,Hafsah-Fatima/Programming_Tutor_Chatbot_0.2,200,,
234,2026-08-30T21:34:41.973335+00:00,README.md,https://huggingface.co/spaces/Hamsi-1234/lesson-plan-generator/resolve/97ea06a043d00255bf08fa062bd8c5863f907146/README.md,97ea06a043d00255bf08fa062bd8c5863f907146,15ac9bcda50ca95dacea7f48c1d376e08eeb294cee5ffc5f56a0b354b8d0ce7d,Hamsi-1234/lesson-plan-generator,200,,
546,2026-08-30T21:34:42.721251+00:00,index.html,https://huggingface.co/spaces/Hamsi-1234/lesson-plan-generator/resolve/97ea06a043d00255bf08fa062bd8c5863f907146/index.html,97ea06a043d00255bf08fa062bd8c5863f907146,fef10b4e06879d75c496c1ce3e89410bff1b77bf51220f21570255d1f214580e,Hamsi-1234/lesson-plan-generator,200,,
431,2026-08-30T21:34:43.221581+00:00,README.md,https://huggingface.co/spaces/Hamsini11/ai-agents-intensive-tutor/resolve/b0d3515a85460d80ec9155a6c6d2b2f80183f397/README.md,b0d3515a85460d80ec9155a6c6d2b2f80183f397,0e1cff4b8f18581fbf49b01e960b6ac0ed9ac5cedd7db85bdf27719765527ebe,Hamsini11/ai-agents-intensive-tutor,200,,
23,2026-08-30T21:34:43.739911+00:00,requirements.txt,https://huggingface.co/spaces/Hamsini11/ai-agents-intensive-tutor/resolve/b0d3515a85460d80ec9155a6c6d2b2f80183f397/requirements.txt,b0d3515a85460d80ec9155a6c6d2b2f80183f397,0eab15ba6b51230309e4c83903237faceae6e1e2158257084c6a3db910a1bcc7,Hamsini11/ai-agents-intensive-tutor,200,,
1125,2026-08-30T21:34:43.734971+00:00,src/streamlit_app.py,https://huggingface.co/spaces/Hamsini11/ai-agents-intensive-tutor/resolve/b0d3515a85460d80ec9155a6c6d2b2f80183f397/src/streamlit_app.py,b0d3515a85460d80ec9155a6c6d2b2f80183f397,67c3220df70c5f085a360e92abd29ba4c9f56cbd5ffcab04cd45ba6096794b04,Hamsini11/ai-agents-intensive-tutor,200,,
266,2026-08-30T21:34:44.327818+00:00,README.md,https://huggingface.co/spaces/Hamzajutt17/AI-Study-Assistant/resolve/64240a2e6091868daafa43789e2d7860d2ae4dcc/README.md,64240a2e6091868daafa43789e2d7860d2ae4dcc,6548a95fbb6f7754c070a64081980688135d2995a6d828194fbc26e77b855509,Hamzajutt17/AI-Study-Assistant,200,,
546,2026-08-30T21:34:44.903043+00:00,index.html,https://huggingface.co/spaces/Hamzajutt17/AI-Study-Assistant/resolve/64240a2e6091868daafa43789e2d7860d2ae4dcc/index.html,64240a2e6091868daafa43789e2d7860d2ae4dcc,fef10b4e06879d75c496c1ce3e89410bff1b77bf51220f21570255d1f214580e,Hamzajutt17/AI-Study-Assistant,200,,
313,2026-08-30T21:34:46.510218+00:00,README.md,https://huggingface.co/spaces/Hardik2704/Teaching_Assistant/resolve/f90b8f7d97ff37ed1cc73c27f4a8791f7b299efb/README.md,f90b8f7d97ff37ed1cc73c27f4a8791f7b299efb,4c3c18eff79b9df293639d71d14dedd519ea0fc02bedd337140ff7e4a1c8175f,Hardik2704/Teaching_Assistant,200,,
3630,2026-08-30T21:34:47.025212+00:00,app.py,https://huggingface.co/spaces/Hardik2704/Teaching_Assistant/resolve/f90b8f7d97ff37ed1cc73c27f4a8791f7b299efb/app.py,f90b8f7d97ff37ed1cc73c27f4a8791f7b299efb,6865af44d6df67db291aa7b950a11205e1dd98142be1a020747e86c18daaf3c7,Hardik2704/Teaching_Assistant,200,,
104,2026-08-30T21:34:47.002884+00:00,requirements.txt,https://huggingface.co/spaces/Hardik2704/Teaching_Assistant/resolve/f90b8f7d97ff37ed1cc73c27f4a8791f7b299efb/requirements.txt,f90b8f7d97ff37ed1cc73c27f4a8791f7b299efb,84fb38b29f72b0175aa783a7bc9db86fb124ff92062db465fb2bae9d835ee6ad,Hardik2704/Teaching_Assistant,200,,
253,2026-08-30T21:34:47.525489+00:00,README.md,https://huggingface.co/spaces/Hareesh221/30-day-course-generator/resolve/88efe1046aaf1f96a2d4d0c714146b0f5c462235/README.md,88efe1046aaf1f96a2d4d0c714146b0f5c462235,5a41d59faa00f4ee145b0afa808cd1d4333989e7cdc3af717a2292fd238770f8,Hareesh221/30-day-course-generator,200,,
1721,2026-08-30T21:34:48.043408+00:00,app.py,https://huggingface.co/spaces/Hareesh221/30-day-course-generator/resolve/88efe1046aaf1f96a2d4d0c714146b0f5c462235/app.py,88efe1046aaf1f96a2d4d0c714146b0f5c462235,f7f2d81e1f95094da543e1db70cc951ee49809475e3bba04535f6b0e357559e4,Hareesh221/30-day-course-generator,200,,
19,2026-08-30T21:34:48.028256+00:00,requirements.txt,https://huggingface.co/spaces/Hareesh221/30-day-course-generator/resolve/88efe1046aaf1f96a2d4d0c714146b0f5c462235/requirements.txt,88efe1046aaf1f96a2d4d0c714146b0f5c462235,3dbbccab46b1a16016cf292162c30874c381318e1f3444d94497abf8c61b69af,Hareesh221/30-day-course-generator,200,,
251,2026-08-30T21:34:49.715792+00:00,README.md,https://huggingface.co/spaces/Harika06/AI_TUTOR/resolve/823c5b21406fd72637027af536a417009ca1e5be/README.md,823c5b21406fd72637027af536a417009ca1e5be,1bc1265b0e381ccf659af2ef9184d5580942d825f1733972a1c29658f7b12bbb,Harika06/AI_TUTOR,200,,
1698,2026-08-30T21:34:50.308964+00:00,app.py,https://huggingface.co/spaces/Harika06/AI_TUTOR/resolve/823c5b21406fd72637027af536a417009ca1e5be/app.py,823c5b21406fd72637027af536a417009ca1e5be,211a6d19f732e9cd5695839991f128ee2ce6a5fec1a7e7256a8f12028d07841e,Harika06/AI_TUTOR,200,,
19,2026-08-30T21:34:50.326536+00:00,requirements.txt,https://huggingface.co/spaces/Harika06/AI_TUTOR/resolve/823c5b21406fd72637027af536a417009ca1e5be/requirements.txt,823c5b21406fd72637027af536a417009ca1e5be,7b8a226e55bb285e1ab07c5ed9320591e97a3aae4c072264d418d1dae77d8228,Harika06/AI_TUTOR,200,,
295,2026-08-30T21:34:52.015363+00:00,README.md,https://huggingface.co/spaces/Hariprasaadh/QuizGenerator/resolve/e750d1e615b476d44e831d5f6a4a82d0a0a7f635/README.md,e750d1e615b476d44e831d5f6a4a82d0a0a7f635,66f8298ed1f080888720e281b3bb6bc518da4024450b7956deb47bbd5502886b,Hariprasaadh/QuizGenerator,200,,
7401,2026-08-30T21:34:52.538724+00:00,app.py,https://huggingface.co/spaces/Hariprasaadh/QuizGenerator/resolve/e750d1e615b476d44e831d5f6a4a82d0a0a7f635/app.py,e750d1e615b476d44e831d5f6a4a82d0a0a7f635,4f23176d05b0806fbd22ad9463abbfae68fb309707a92f493e307a0dc3eb1a37,Hariprasaadh/QuizGenerator,200,,
40,2026-08-30T21:34:52.608589+00:00,requirements.txt,https://huggingface.co/spaces/Hariprasaadh/QuizGenerator/resolve/e750d1e615b476d44e831d5f6a4a82d0a0a7f635/requirements.txt,e750d1e615b476d44e831d5f6a4a82d0a0a7f635,b533bcde2ccb83e715dfa9dd3e336495fcbb3e8683cea6dcb76f2fdc2fea879b,Hariprasaadh/QuizGenerator,200,,
286,2026-08-30T21:34:53.121632+00:00,README.md,https://huggingface.co/spaces/HarryPotter1o1/Study_Assistant/resolve/2cf2159b1329e3255b180643ca46efe616b30dab/README.md,2cf2159b1329e3255b180643ca46efe616b30dab,665b04dc5cfcef890d72ef7eb451f7d1d29dea0c7de492608ed08e5e4a86477f,HarryPotter1o1/Study_Assistant,200,,
5626,2026-08-30T21:34:53.666990+00:00,app.py,https://huggingface.co/spaces/HarryPotter1o1/Study_Assistant/resolve/2cf2159b1329e3255b180643ca46efe616b30dab/app.py,2cf2159b1329e3255b180643ca46efe616b30dab,063c23fdd76638376e6a093f4b9cf3b309724b40db1de5f21e2aed8cf81c56e9,HarryPotter1o1/Study_Assistant,200,,
81,2026-08-30T21:34:53.629084+00:00,requirements.txt,https://huggingface.co/spaces/HarryPotter1o1/Study_Assistant/resolve/2cf2159b1329e3255b180643ca46efe616b30dab/requirements.txt,2cf2159b1329e3255b180643ca46efe616b30dab,f05240ac59f5b737ecac36620dd34661aa7cfa5cfef652258af86b4214127f75,HarryPotter1o1/Study_Assistant,200,,
313,2026-08-30T21:34:54.758112+00:00,README.md,https://huggingface.co/spaces/Harsha855/StudyAssistant/resolve/6ec458afc73eb435f19eaa917d38bc580851bba9/README.md,6ec458afc73eb435f19eaa917d38bc580851bba9,0c428b9e13be50e23939ac696bebd4f37504addc0dd778024c8e473956b793df,Harsha855/StudyAssistant,200,,
1084,2026-08-30T21:34:55.275202+00:00,app.py,https://huggingface.co/spaces/Harsha855/StudyAssistant/resolve/6ec458afc73eb435f19eaa917d38bc580851bba9/app.py,6ec458afc73eb435f19eaa917d38bc580851bba9,d9e4c20dcac5f8b0241d7cc59c9f5d12fbc9725956f78799a86813cd2565a78b,Harsha855/StudyAssistant,200,,
20,2026-08-30T21:34:55.338673+00:00,requirements.txt,https://huggingface.co/spaces/Harsha855/StudyAssistant/resolve/6ec458afc73eb435f19eaa917d38bc580851bba9/requirements.txt,6ec458afc73eb435f19eaa917d38bc580851bba9,6f1756c6ef672af0d7db4cad79cfc682868d203d904a5b6aa55db9c2017ca5ad,Harsha855/StudyAssistant,200,,
288,2026-08-30T21:35:02.134200+00:00,README.md,https://huggingface.co/spaces/HemanthRaj/Socratic-AI-Tutor-Model/resolve/ede565a4ab8b516e632478b15149b15a48e358ff/README.md,ede565a4ab8b516e632478b15149b15a48e358ff,a69e0e64c73dddc273eb78e4ff823efc1cf572c8729d996f8852e2ef9b3f331e,HemanthRaj/Socratic-AI-Tutor-Model,200,,
2430,2026-08-30T21:35:02.638277+00:00,app.py,https://huggingface.co/spaces/HemanthRaj/Socratic-AI-Tutor-Model/resolve/ede565a4ab8b516e632478b15149b15a48e358ff/app.py,ede565a4ab8b516e632478b15149b15a48e358ff,c39d0513affbfdc91718796b67e234a373ae00dc40fcb7f38f9224317e708b50,HemanthRaj/Socratic-AI-Tutor-Model,200,,
120,2026-08-30T21:35:02.726709+00:00,requirements.txt,https://huggingface.co/spaces/HemanthRaj/Socratic-AI-Tutor-Model/resolve/ede565a4ab8b516e632478b15149b15a48e358ff/requirements.txt,ede565a4ab8b516e632478b15149b15a48e358ff,7ff217147d7fc2f44eb82e7166a8ae22e7d2669f838f3ecf5b9cbd263a1a0031,HemanthRaj/Socratic-AI-Tutor-Model,200,,
1745,2026-08-30T21:35:02.655269+00:00,socratic_tutor_final/README.md,https://huggingface.co/spaces/HemanthRaj/Socratic-AI-Tutor-Model/resolve/ede565a4ab8b516e632478b15149b15a48e358ff/socratic_tutor_final/README.md,ede565a4ab8b516e632478b15149b15a48e358ff,fa241def3e9f4f84e2c3714600314e88c37de8dfdce07260ffb81dc8d0d494ce,HemanthRaj/Socratic-AI-Tutor-Model,200,,
5108,2026-08-30T21:35:02.735381+00:00,socratic_tutor_final/checkpoint-100/README.md,https://huggingface.co/spaces/HemanthRaj/Socratic-AI-Tutor-Model/resolve/ede565a4ab8b516e632478b15149b15a48e358ff/socratic_tutor_final/checkpoint-100/README.md,ede565a4ab8b516e632478b15149b15a48e358ff,321ce2ed663828a34a7bf84866f028bc9d72799f9474c9c87755bad885802bf8,HemanthRaj/Socratic-AI-Tutor-Model,200,,
5108,2026-08-30T21:35:02.771386+00:00,socratic_tutor_final/checkpoint-200/README.md,https://huggingface.co/spaces/HemanthRaj/Socratic-AI-Tutor-Model/resolve/ede565a4ab8b516e632478b15149b15a48e358ff/socratic_tutor_final/checkpoint-200/README.md,ede565a4ab8b516e632478b15149b15a48e358ff,321ce2ed663828a34a7bf84866f028bc9d72799f9474c9c87755bad885802bf8,HemanthRaj/Socratic-AI-Tutor-Model,200,,
5108,2026-08-30T21:35:02.744563+00:00,socratic_tutor_final/checkpoint-300/README.md,https://huggingface.co/spaces/HemanthRaj/Socratic-AI-Tutor-Model/resolve/ede565a4ab8b516e632478b15149b15a48e358ff/socratic_tutor_final/checkpoint-300/README.md,ede565a4ab8b516e632478b15149b15a48e358ff,321ce2ed663828a34a7bf84866f028bc9d72799f9474c9c87755bad885802bf8,HemanthRaj/Socratic-AI-Tutor-Model,200,,
5108,2026-08-30T21:35:02.720207+00:00,socratic_tutor_final/checkpoint-400/README.md,https://huggingface.co/spaces/HemanthRaj/Socratic-AI-Tutor-Model/resolve/ede565a4ab8b516e632478b15149b15a48e358ff/socratic_tutor_final/checkpoint-400/README.md,ede565a4ab8b516e632478b15149b15a48e358ff,321ce2ed663828a34a7bf84866f028bc9d72799f9474c9c87755bad885802bf8,HemanthRaj/Socratic-AI-Tutor-Model,200,,
5108,2026-08-30T21:35:02.748276+00:00,socratic_tutor_final/checkpoint-500/README.md,https://huggingface.co/spaces/HemanthRaj/Socratic-AI-Tutor-Model/resolve/ede565a4ab8b516e632478b15149b15a48e358ff/socratic_tutor_final/checkpoint-500/README.md,ede565a4ab8b516e632478b15149b15a48e358ff,321ce2ed663828a34a7bf84866f028bc9d72799f9474c9c87755bad885802bf8,HemanthRaj/Socratic-AI-Tutor-Model,200,,
224,2026-08-30T21:35:03.278490+00:00,README.md,https://huggingface.co/spaces/HemanthRaj/socratic-tutor-embedder/resolve/ec97095f48cd2615023deea19c656cb3388c7e52/README.md,ec97095f48cd2615023deea19c656cb3388c7e52,72ea1e9b7885fc62ec0108dba910059a63ef043d09bedd903fcd1a7f37052a0a,HemanthRaj/socratic-tutor-embedder,200,,
882,2026-08-30T21:35:03.991829+00:00,app.py,https://huggingface.co/spaces/HemanthRaj/socratic-tutor-embedder/resolve/ec97095f48cd2615023deea19c656cb3388c7e52/app.py,ec97095f48cd2615023deea19c656cb3388c7e52,9c00d943f1d638e000f6330b4c3e5492136c7fa9430d80582814816596538aaf,HemanthRaj/socratic-tutor-embedder,200,,
92,2026-08-30T21:35:03.902733+00:00,requirements.txt,https://huggingface.co/spaces/HemanthRaj/socratic-tutor-embedder/resolve/ec97095f48cd2615023deea19c656cb3388c7e52/requirements.txt,ec97095f48cd2615023deea19c656cb3388c7e52,96abb0ec45f80399b2f47706be79e9f5440ca35729638b2cc551d776ab471c9c,HemanthRaj/socratic-tutor-embedder,200,,
210,2026-08-30T21:35:05.039488+00:00,README.md,https://huggingface.co/spaces/Hocba299-3/tutorhub-ai/resolve/b406fd38971da1c3dfc71cf9c30cf87beecbdcfe/README.md,b406fd38971da1c3dfc71cf9c30cf87beecbdcfe,4d2fb5394faad6d85390b7fb5880867ad34bf29a198c3862feaf70472c7e0c23,Hocba299-3/tutorhub-ai,200,,
210,2026-08-30T21:35:05.558609+00:00,README.md,https://huggingface.co/spaces/Hocbatrolai293/tutorhub-ai/resolve/e6c9c8107777ac5a454b8ab9a5435abf76df79ca/README.md,e6c9c8107777ac5a454b8ab9a5435abf76df79ca,4d2fb5394faad6d85390b7fb5880867ad34bf29a198c3862feaf70472c7e0c23,Hocbatrolai293/tutorhub-ai,200,,
216,2026-08-30T21:35:06.055869+00:00,README.md,https://huggingface.co/spaces/Hrishitha12/my_study_assistant/resolve/b4f93522f5d397997db0cb83f004047b2aba3145/README.md,b4f93522f5d397997db0cb83f004047b2aba3145,e58e8cfa56767e48dcefcdf2b8276688dcd8c8300ed659c3165972c266a952ce,Hrishitha12/my_study_assistant,200,,
546,2026-08-30T21:35:06.592742+00:00,index.html,https://huggingface.co/spaces/Hrishitha12/my_study_assistant/resolve/b4f93522f5d397997db0cb83f004047b2aba3145/index.html,b4f93522f5d397997db0cb83f004047b2aba3145,fef10b4e06879d75c496c1ce3e89410bff1b77bf51220f21570255d1f214580e,Hrishitha12/my_study_assistant,200,,
266,2026-08-30T21:35:07.584203+00:00,README.md,https://huggingface.co/spaces/HugoMann/hdh-delfin-smart-learning-companion/resolve/b4b9fa7330e7d72533e042457effcd6b5eb4abee/README.md,b4b9fa7330e7d72533e042457effcd6b5eb4abee,6fb339b6f73c18d1fb478d8b6d5c91070bfb6a2854bc8d49ab25c7ebe9adff10,HugoMann/hdh-delfin-smart-learning-companion,200,,
17482,2026-08-30T21:35:08.088108+00:00,index.html,https://huggingface.co/spaces/HugoMann/hdh-delfin-smart-learning-companion/resolve/b4b9fa7330e7d72533e042457effcd6b5eb4abee/index.html,b4b9fa7330e7d72533e042457effcd6b5eb4abee,9915125dd24e4df6928516e869b0a9d79ea70dec614f2d8495d8e2f260f2daab,HugoMann/hdh-delfin-smart-learning-companion,200,,
264,2026-08-30T21:35:08.575216+00:00,README.md,https://huggingface.co/spaces/HumeraAI/lesson-plan-generator/resolve/59af7945c040d7e957c675056ebb4c9f4fada196/README.md,59af7945c040d7e957c675056ebb4c9f4fada196,f3a272459961d0e1cddbbc566f9291bc27e4b3403ce9747d6bd15df4acf3911d,HumeraAI/lesson-plan-generator,200,,
3888,2026-08-30T21:35:09.071165+00:00,app.py,https://huggingface.co/spaces/HumeraAI/lesson-plan-generator/resolve/59af7945c040d7e957c675056ebb4c9f4fada196/app.py,59af7945c040d7e957c675056ebb4c9f4fada196,7382d579dc9a69c164acd68b29699b07e12c9953f7b07317b2e136ebf1e4646d,HumeraAI/lesson-plan-generator,200,,
11,2026-08-30T21:35:09.080872+00:00,requirements.txt,https://huggingface.co/spaces/HumeraAI/lesson-plan-generator/resolve/59af7945c040d7e957c675056ebb4c9f4fada196/requirements.txt,59af7945c040d7e957c675056ebb4c9f4fada196,fb2abab461a9f402f4b8dff486a495676ee56b9d94bbd15a58e004bbcdc2e052,HumeraAI/lesson-plan-generator,200,,
242,2026-08-30T21:35:09.605382+00:00,README.md,https://huggingface.co/spaces/HumeraAI/quiz-generator-from-PDF/resolve/c6454e934d2535a0f3780f60b43b1b28109ce534/README.md,c6454e934d2535a0f3780f60b43b1b28109ce534,6d8ee232627e32e24c6c3235770cd3e7a1f36b82528ca700e83485331c6d04b1,HumeraAI/quiz-generator-from-PDF,200,,
4453,2026-08-30T21:35:10.122148+00:00,app.py,https://huggingface.co/spaces/HumeraAI/quiz-generator-from-PDF/resolve/c6454e934d2535a0f3780f60b43b1b28109ce534/app.py,c6454e934d2535a0f3780f60b43b1b28109ce534,4efd893fcaa8713d862b5efa7b3a3af9224b562e5f03504fe63f688804a5ae20,HumeraAI/quiz-generator-from-PDF,200,,
61,2026-08-30T21:35:10.098507+00:00,requirements.txt,https://huggingface.co/spaces/HumeraAI/quiz-generator-from-PDF/resolve/c6454e934d2535a0f3780f60b43b1b28109ce534/requirements.txt,c6454e934d2535a0f3780f60b43b1b28109ce534,cc79bd90ace39fc402406863328d988e8fa44340963fef1b5ade1a565ac5e7d8,HumeraAI/quiz-generator-from-PDF,200,,
254,2026-08-30T21:35:15.466971+00:00,README.md,https://huggingface.co/spaces/IgaCh/edubot-smart-learning-companions/resolve/e83cba0bcda4de9f7ac501a97bdd544a4518d65c/README.md,e83cba0bcda4de9f7ac501a97bdd544a4518d65c,f077d81b53eddbd5b55a76c956bf0270ba769ef752fbc0643c3092250c8d42e4,IgaCh/edubot-smart-learning-companions,200,,
36613,2026-08-30T21:35:15.998667+00:00,index.html,https://huggingface.co/spaces/IgaCh/edubot-smart-learning-companions/resolve/e83cba0bcda4de9f7ac501a97bdd544a4518d65c/index.html,e83cba0bcda4de9f7ac501a97bdd544a4518d65c,993a4d4f67b83e9ed6508e846335b55400254aebec3e3ae00fa30408ed0cccef,IgaCh/edubot-smart-learning-companions,200,,
145,2026-08-30T21:35:20.087129+00:00,README.md,https://huggingface.co/spaces/Imsachinsingh00/education_chatbot/resolve/6d313cf846c20f95388fc26584881f4ce4169b08/README.md,6d313cf846c20f95388fc26584881f4ce4169b08,d3347d849cc451129e12df36bd38aa8494d1ccc35d3c4b47471d1731303d7bfe,Imsachinsingh00/education_chatbot,200,,
1843,2026-08-30T21:35:20.581264+00:00,app.py,https://huggingface.co/spaces/Imsachinsingh00/education_chatbot/resolve/6d313cf846c20f95388fc26584881f4ce4169b08/app.py,6d313cf846c20f95388fc26584881f4ce4169b08,a895c9b137cd5ea5108a947cb4b365844fa038aedc897577359a2911c6e53021,Imsachinsingh00/education_chatbot,200,,
102,2026-08-30T21:35:20.601909+00:00,requirements.txt,https://huggingface.co/spaces/Imsachinsingh00/education_chatbot/resolve/6d313cf846c20f95388fc26584881f4ce4169b08/requirements.txt,6d313cf846c20f95388fc26584881f4ce4169b08,7f775728850e3874a6425ab1d6ba43b0655393b562a4cfbe2fbb6f60d2c88f81,Imsachinsingh00/education_chatbot,200,,
321,2026-08-30T21:35:57.486521+00:00,README.md,https://huggingface.co/spaces/JPPD/Tutor-fisica-abp-chatbot/resolve/afeaf267a7b43e43aee4a902cb2ea3bab85ea07a/README.md,afeaf267a7b43e43aee4a902cb2ea3bab85ea07a,6eb68d81eaa448c2f59a83a57216c90b6761bd0217189da2f4d3a60be04b90c1,JPPD/Tutor-fisica-abp-chatbot,200,,
3616,2026-08-30T21:35:57.984769+00:00,app.py,https://huggingface.co/spaces/JPPD/Tutor-fisica-abp-chatbot/resolve/afeaf267a7b43e43aee4a902cb2ea3bab85ea07a/app.py,afeaf267a7b43e43aee4a902cb2ea3bab85ea07a,ccc93e162b6877930f0509479ba78b1cd309699250290ac50f4687d95f725450,JPPD/Tutor-fisica-abp-chatbot,200,,
87,2026-08-30T21:35:57.994633+00:00,requirements.txt,https://huggingface.co/spaces/JPPD/Tutor-fisica-abp-chatbot/resolve/afeaf267a7b43e43aee4a902cb2ea3bab85ea07a/requirements.txt,afeaf267a7b43e43aee4a902cb2ea3bab85ea07a,4162909be4470680b583d0468027be821fbfccd18c6fc6a3e81874107c4bfc7d,JPPD/Tutor-fisica-abp-chatbot,200,,
287,2026-08-30T21:35:26.400878+00:00,README.md,https://huggingface.co/spaces/Jainish210705/Quiz_Generator/resolve/993e2f705fd3995bbf1eb5276f4871dce62f6755/README.md,993e2f705fd3995bbf1eb5276f4871dce62f6755,be9edf076ae62d0b01c93cfc2162e68ccf30704eaea6565a114a2a6340ef0ecb,Jainish210705/Quiz_Generator,200,,
15533,2026-08-30T21:35:26.903885+00:00,app.py,https://huggingface.co/spaces/Jainish210705/Quiz_Generator/resolve/993e2f705fd3995bbf1eb5276f4871dce62f6755/app.py,993e2f705fd3995bbf1eb5276f4871dce62f6755,392cd1ed96dbd2da6b0b07701f2b2fd939773029db1d5a87fcd3c55c5acb8a9c,Jainish210705/Quiz_Generator,200,,
78,2026-08-30T21:35:26.931162+00:00,requirements.txt,https://huggingface.co/spaces/Jainish210705/Quiz_Generator/resolve/993e2f705fd3995bbf1eb5276f4871dce62f6755/requirements.txt,993e2f705fd3995bbf1eb5276f4871dce62f6755,ca650be248da908a4035dab02577a7d35a7cca5e5b861f809efdcdfd78aa8905,Jainish210705/Quiz_Generator,200,,
256,2026-08-30T21:35:28.505199+00:00,README.md,https://huggingface.co/spaces/Jamest332/studyforza-ai-powered-study-assistant/resolve/b70c2b7b0f5345d1306c1c64dee9add574d4b9b9/README.md,b70c2b7b0f5345d1306c1c64dee9add574d4b9b9,8a2d65a6ef0c8ad9636ae9bd8fb1f2ebb5ee1d00d28afa5f0645484e5a7259c4,Jamest332/studyforza-ai-powered-study-assistant,200,,
42322,2026-08-30T21:35:29.013488+00:00,index.html,https://huggingface.co/spaces/Jamest332/studyforza-ai-powered-study-assistant/resolve/b70c2b7b0f5345d1306c1c64dee9add574d4b9b9/index.html,b70c2b7b0f5345d1306c1c64dee9add574d4b9b9,4b6eb83de9c0a0e664ad1b5dcafb63a10f43797815cc3ac085a12ea69971826f,Jamest332/studyforza-ai-powered-study-assistant,200,,
482,2026-08-30T21:35:29.552589+00:00,README.md,https://huggingface.co/spaces/Janakimeena/RAG-Base-Educational-Chatbot/resolve/fefb0d34d412eb28e13e76f96e7c74ca963a3ffa/README.md,fefb0d34d412eb28e13e76f96e7c74ca963a3ffa,0c69f1611ffe930e2879dc14bf6402ee986c89ac9a1bb9fe2ffcb2f071089833,Janakimeena/RAG-Base-Educational-Chatbot,200,,
8829,2026-08-30T21:35:30.056786+00:00,build_faiss_index.py,https://huggingface.co/spaces/Janakimeena/RAG-Base-Educational-Chatbot/resolve/fefb0d34d412eb28e13e76f96e7c74ca963a3ffa/build_faiss_index.py,fefb0d34d412eb28e13e76f96e7c74ca963a3ffa,0c78c5e3f252988bcdc55c19328e666537530a317bed30ec56b96d4636aafe77,Janakimeena/RAG-Base-Educational-Chatbot,200,,
12599,2026-08-30T21:35:30.057306+00:00,chat_faiss.py,https://huggingface.co/spaces/Janakimeena/RAG-Base-Educational-Chatbot/resolve/fefb0d34d412eb28e13e76f96e7c74ca963a3ffa/chat_faiss.py,fefb0d34d412eb28e13e76f96e7c74ca963a3ffa,e75c9a0e830297bef0b69fc76ee9eb42ec6a87837b4d2cca50a60610b763c1de,Janakimeena/RAG-Base-Educational-Chatbot,200,,
5339,2026-08-30T21:35:30.066786+00:00,query_faiss.py,https://huggingface.co/spaces/Janakimeena/RAG-Base-Educational-Chatbot/resolve/fefb0d34d412eb28e13e76f96e7c74ca963a3ffa/query_faiss.py,fefb0d34d412eb28e13e76f96e7c74ca963a3ffa,ef46cf3c25bf20a6aeb3be4f9aa074ccd6bf7580bb4696e7ab85e3f9b96fa83e,Janakimeena/RAG-Base-Educational-Chatbot,200,,
13786,2026-08-30T21:35:30.222848+00:00,rag_fastapi_gui.py,https://huggingface.co/spaces/Janakimeena/RAG-Base-Educational-Chatbot/resolve/fefb0d34d412eb28e13e76f96e7c74ca963a3ffa/rag_fastapi_gui.py,fefb0d34d412eb28e13e76f96e7c74ca963a3ffa,43aa2f908dba3a8126c7709cceca544fd37a8eb18c7288662aa6605e05179758,Janakimeena/RAG-Base-Educational-Chatbot,200,,
224,2026-08-30T21:35:30.106682+00:00,requirements.txt,https://huggingface.co/spaces/Janakimeena/RAG-Base-Educational-Chatbot/resolve/fefb0d34d412eb28e13e76f96e7c74ca963a3ffa/requirements.txt,fefb0d34d412eb28e13e76f96e7c74ca963a3ffa,8829d82dcdf60d5b036b173a096548d3a4310ebc301820bd8cfc704ee273ed21,Janakimeena/RAG-Base-Educational-Chatbot,200,,
688,2026-08-30T21:35:30.780829+00:00,README.md,https://huggingface.co/spaces/Jangasathwika/ai.tutor/resolve/80aaa1f53b77cb9ae74a238de3edd0252f1ec679/README.md,80aaa1f53b77cb9ae74a238de3edd0252f1ec679,96aed56258df0f3b95ac91b815078d703eab54f1382f012624fd888b020458ea,Jangasathwika/ai.tutor,200,,
1387,2026-08-30T21:35:31.294777+00:00,app.py,https://huggingface.co/spaces/Jangasathwika/ai.tutor/resolve/80aaa1f53b77cb9ae74a238de3edd0252f1ec679/app.py,80aaa1f53b77cb9ae74a238de3edd0252f1ec679,18782715e6f445880070b72f1754c4b0a8bf9ce0b8a5c71e0f98f31f1d5e6021,Jangasathwika/ai.tutor,200,,
461,2026-08-30T21:35:31.288053+00:00,prompt.py,https://huggingface.co/spaces/Jangasathwika/ai.tutor/resolve/80aaa1f53b77cb9ae74a238de3edd0252f1ec679/prompt.py,80aaa1f53b77cb9ae74a238de3edd0252f1ec679,acc81f0dd7742f1d857bbe39ff633077136293872b7fe380b28bfcbe3e6db440,Jangasathwika/ai.tutor,200,,
77,2026-08-30T21:35:31.298776+00:00,requirements.txt,https://huggingface.co/spaces/Jangasathwika/ai.tutor/resolve/80aaa1f53b77cb9ae74a238de3edd0252f1ec679/requirements.txt,80aaa1f53b77cb9ae74a238de3edd0252f1ec679,af6d45303ce3dd6c733ce02170525a7602b2b42f125b11cb7eb542ed2258a6df,Jangasathwika/ai.tutor,200,,
1125,2026-08-30T21:35:31.279633+00:00,src/streamlit_app.py,https://huggingface.co/spaces/Jangasathwika/ai.tutor/resolve/80aaa1f53b77cb9ae74a238de3edd0252f1ec679/src/streamlit_app.py,80aaa1f53b77cb9ae74a238de3edd0252f1ec679,67c3220df70c5f085a360e92abd29ba4c9f56cbd5ffcab04cd45ba6096794b04,Jangasathwika/ai.tutor,200,,
404,2026-08-30T21:35:31.300736+00:00,tutor.py,https://huggingface.co/spaces/Jangasathwika/ai.tutor/resolve/80aaa1f53b77cb9ae74a238de3edd0252f1ec679/tutor.py,80aaa1f53b77cb9ae74a238de3edd0252f1ec679,2331d3fe7203ae113315e131e223da14ab5aa324977a7c5718557eb140410b5a,Jangasathwika/ai.tutor,200,,
414,2026-08-30T21:35:31.814716+00:00,README.md,https://huggingface.co/spaces/Jangasathwika/ai_tutor/resolve/8d31d08bc88155e984b45ed821144a6b999b37c4/README.md,8d31d08bc88155e984b45ed821144a6b999b37c4,797ec31c0328ed90dbb56201e90a75dcb7e5d0391df623cca8f3282c4d6dde66,Jangasathwika/ai_tutor,200,,
23,2026-08-30T21:35:32.311607+00:00,requirements.txt,https://huggingface.co/spaces/Jangasathwika/ai_tutor/resolve/8d31d08bc88155e984b45ed821144a6b999b37c4/requirements.txt,8d31d08bc88155e984b45ed821144a6b999b37c4,0eab15ba6b51230309e4c83903237faceae6e1e2158257084c6a3db910a1bcc7,Jangasathwika/ai_tutor,200,,
1125,2026-08-30T21:35:32.321351+00:00,src/streamlit_app.py,https://huggingface.co/spaces/Jangasathwika/ai_tutor/resolve/8d31d08bc88155e984b45ed821144a6b999b37c4/src/streamlit_app.py,8d31d08bc88155e984b45ed821144a6b999b37c4,67c3220df70c5f085a360e92abd29ba4c9f56cbd5ffcab04cd45ba6096794b04,Jangasathwika/ai_tutor,200,,
278,2026-08-30T21:35:32.888439+00:00,README.md,https://huggingface.co/spaces/Jangasathwika/aitutor/resolve/8b2d0b2cdfb036c88aaed42f3ca2f52f40778a3e/README.md,8b2d0b2cdfb036c88aaed42f3ca2f52f40778a3e,a6626de83f8f7aa6cda7d1b23001bd0e39d12f970aa6f871148e42a91aea3766,Jangasathwika/aitutor,200,,
1387,2026-08-30T21:35:33.394080+00:00,app.py,https://huggingface.co/spaces/Jangasathwika/aitutor/resolve/8b2d0b2cdfb036c88aaed42f3ca2f52f40778a3e/app.py,8b2d0b2cdfb036c88aaed42f3ca2f52f40778a3e,18782715e6f445880070b72f1754c4b0a8bf9ce0b8a5c71e0f98f31f1d5e6021,Jangasathwika/aitutor,200,,
546,2026-08-30T21:35:33.428512+00:00,index.html,https://huggingface.co/spaces/Jangasathwika/aitutor/resolve/8b2d0b2cdfb036c88aaed42f3ca2f52f40778a3e/index.html,8b2d0b2cdfb036c88aaed42f3ca2f52f40778a3e,fef10b4e06879d75c496c1ce3e89410bff1b77bf51220f21570255d1f214580e,Jangasathwika/aitutor,200,,
461,2026-08-30T21:35:33.400607+00:00,prompt.py,https://huggingface.co/spaces/Jangasathwika/aitutor/resolve/8b2d0b2cdfb036c88aaed42f3ca2f52f40778a3e/prompt.py,8b2d0b2cdfb036c88aaed42f3ca2f52f40778a3e,acc81f0dd7742f1d857bbe39ff633077136293872b7fe380b28bfcbe3e6db440,Jangasathwika/aitutor,200,,
77,2026-08-30T21:35:33.392297+00:00,requirements.txt,https://huggingface.co/spaces/Jangasathwika/aitutor/resolve/8b2d0b2cdfb036c88aaed42f3ca2f52f40778a3e/requirements.txt,8b2d0b2cdfb036c88aaed42f3ca2f52f40778a3e,af6d45303ce3dd6c733ce02170525a7602b2b42f125b11cb7eb542ed2258a6df,Jangasathwika/aitutor,200,,
404,2026-08-30T21:35:33.397406+00:00,tutor.py,https://huggingface.co/spaces/Jangasathwika/aitutor/resolve/8b2d0b2cdfb036c88aaed42f3ca2f52f40778a3e/tutor.py,8b2d0b2cdfb036c88aaed42f3ca2f52f40778a3e,2331d3fe7203ae113315e131e223da14ab5aa324977a7c5718557eb140410b5a,Jangasathwika/aitutor,200,,
236,2026-08-30T21:35:35.096955+00:00,README.md,https://huggingface.co/spaces/Javairiabutt/quiz-generator/resolve/443487b2c52682d9f959678c036303d2082667fb/README.md,443487b2c52682d9f959678c036303d2082667fb,8cb6c1865a895b3c697fd9a35f88bc748e6a06d69ff9630ddb785fd275378167,Javairiabutt/quiz-generator,200,,
0,2026-08-30T21:35:35.346411+00:00,app.py,https://huggingface.co/spaces/Javairiabutt/quiz-generator/resolve/443487b2c52682d9f959678c036303d2082667fb/app.py,443487b2c52682d9f959678c036303d2082667fb,e3b0c44298fc1c149afbf4c8996fb92427ae41e4649b934ca495991b7852b855,Javairiabutt/quiz-generator,200,,
210,2026-08-30T21:35:35.869382+00:00,README.md,https://huggingface.co/spaces/JavidiGayathri/StudyAssistant/resolve/e108c08f6ffcd991bb7bfafb4cdea67835387292/README.md,e108c08f6ffcd991bb7bfafb4cdea67835387292,82d34dc506df9b5f5a009f8143653027a512b0059978d453c2288bc2973793e6,JavidiGayathri/StudyAssistant,200,,
546,2026-09-02T19:08:45.693134+00:00,index.html,https://huggingface.co/spaces/JavidiGayathri/StudyAssistant/resolve/e108c08f6ffcd991bb7bfafb4cdea67835387292/index.html,e108c08f6ffcd991bb7bfafb4cdea67835387292,fef10b4e06879d75c496c1ce3e89410bff1b77bf51220f21570255d1f214580e,JavidiGayathri/StudyAssistant,200,lossless-v2,utf-8
273,2026-08-30T21:35:36.344158+00:00,README.md,https://huggingface.co/spaces/Jayadityasahu/my-study-assistant/resolve/2d1ce5a7d4041ec74fc57c9265c80b1bd29b6b3e/README.md,2d1ce5a7d4041ec74fc57c9265c80b1bd29b6b3e,36e68658ded667f8551dd9b68c9ce02b673d9ba852efea35c98b9979ed8c94d6,Jayadityasahu/my-study-assistant,200,,
2371,2026-08-30T21:35:36.836601+00:00,app.py,https://huggingface.co/spaces/Jayadityasahu/my-study-assistant/resolve/2d1ce5a7d4041ec74fc57c9265c80b1bd29b6b3e/app.py,2d1ce5a7d4041ec74fc57c9265c80b1bd29b6b3e,b9ea5ccc0276b03abceb9589a6749b898b1bd7c8d5decdc5c043526202a4d333,Jayadityasahu/my-study-assistant,200,,
20,2026-08-30T21:35:36.846639+00:00,requirements.txt,https://huggingface.co/spaces/Jayadityasahu/my-study-assistant/resolve/2d1ce5a7d4041ec74fc57c9265c80b1bd29b6b3e/requirements.txt,2d1ce5a7d4041ec74fc57c9265c80b1bd29b6b3e,95b4ef97b952c34747ec62bd11226237b56adcd53182fcd706b2f2be09c37c53,Jayadityasahu/my-study-assistant,200,,
211,2026-08-30T21:35:37.341678+00:00,README.md,https://huggingface.co/spaces/Jayanth1707/ai_study_assistant/resolve/56c2c02ccb2263b3715b8611f11431990101351e/README.md,56c2c02ccb2263b3715b8611f11431990101351e,337df2ca4b71d700891f9680f9bbda8922f203bdb1f48078f5538379d66e6f1e,Jayanth1707/ai_study_assistant,200,,
546,2026-08-30T21:35:37.843771+00:00,index.html,https://huggingface.co/spaces/Jayanth1707/ai_study_assistant/resolve/56c2c02ccb2263b3715b8611f11431990101351e/index.html,56c2c02ccb2263b3715b8611f11431990101351e,fef10b4e06879d75c496c1ce3e89410bff1b77bf51220f21570255d1f214580e,Jayanth1707/ai_study_assistant,200,,
271,2026-08-30T21:35:43.875851+00:00,README.md,https://huggingface.co/spaces/Jervhudson/edubuddy-ai-smart-learning-companion/resolve/62f9466ac9073f2ec34c4fc44dbed26d14e41b8c/README.md,62f9466ac9073f2ec34c4fc44dbed26d14e41b8c,b1a9aea4cfb6c64a62fe7f513ee2c2e83e51ae84efc8c5e1b4310adcae08eb5a,Jervhudson/edubuddy-ai-smart-learning-companion,200,,
3239,2026-08-30T21:35:44.383927+00:00,components/footer.js,https://huggingface.co/spaces/Jervhudson/edubuddy-ai-smart-learning-companion/resolve/62f9466ac9073f2ec34c4fc44dbed26d14e41b8c/components/footer.js,62f9466ac9073f2ec34c4fc44dbed26d14e41b8c,5924ad16720dd72d2781c80c5592b6f901f1905f1d7c9c16907cba4958b2adae,Jervhudson/edubuddy-ai-smart-learning-companion,200,,
2338,2026-08-30T21:35:44.429448+00:00,components/navbar.js,https://huggingface.co/spaces/Jervhudson/edubuddy-ai-smart-learning-companion/resolve/62f9466ac9073f2ec34c4fc44dbed26d14e41b8c/components/navbar.js,62f9466ac9073f2ec34c4fc44dbed26d14e41b8c,733f121499e5a46df8016394f0086baafdb80780007f4ff42ecbe38eddfb25b1,Jervhudson/edubuddy-ai-smart-learning-companion,200,,
9886,2026-08-30T21:35:44.436618+00:00,index.html,https://huggingface.co/spaces/Jervhudson/edubuddy-ai-smart-learning-companion/resolve/62f9466ac9073f2ec34c4fc44dbed26d14e41b8c/index.html,62f9466ac9073f2ec34c4fc44dbed26d14e41b8c,2dcc46ac73c0988c21caff7a8494b87dd4218949b5c57e49a9966cc3b8542df2,Jervhudson/edubuddy-ai-smart-learning-companion,200,,
2019,2026-08-30T21:35:44.471079+00:00,script.js,https://huggingface.co/spaces/Jervhudson/edubuddy-ai-smart-learning-companion/resolve/62f9466ac9073f2ec34c4fc44dbed26d14e41b8c/script.js,62f9466ac9073f2ec34c4fc44dbed26d14e41b8c,35f134d48c2d9867c05ee5ff2f8d2416de94bbf4a5cb94f29c3a3925ded6ab3f,Jervhudson/edubuddy-ai-smart-learning-companion,200,,
234,2026-08-30T21:35:55.987070+00:00,README.md,https://huggingface.co/spaces/JordanRobo/Study-Assistant/resolve/7c2c440cba79c3b3110a08f7f66d1def6ab778e2/README.md,7c2c440cba79c3b3110a08f7f66d1def6ab778e2,3500a91677ec544c3404281761740267f228ff8884fd02b0c630266c5af53e7d,JordanRobo/Study-Assistant,200,,
327,2026-08-30T21:35:56.478547+00:00,README.md,https://huggingface.co/spaces/Josebert/JR_Quiz_Generator/resolve/3d371148f5f7bb214957bbbc814cce9b16f0bcf4/README.md,3d371148f5f7bb214957bbbc814cce9b16f0bcf4,d383c35944680c255b25be67c78e32cdf27a3b43cf53594989ff4291c5192a7c,Josebert/JR_Quiz_Generator,200,,
2478,2026-08-30T21:35:56.989574+00:00,app.py,https://huggingface.co/spaces/Josebert/JR_Quiz_Generator/resolve/3d371148f5f7bb214957bbbc814cce9b16f0bcf4/app.py,3d371148f5f7bb214957bbbc814cce9b16f0bcf4,19e7f0dbbece5cf5af6af6ced96d95cd598f56cf28faa653bf72907dd92f6de3,Josebert/JR_Quiz_Generator,200,,
1585,2026-08-30T21:35:59.503127+00:00,README.md,https://huggingface.co/spaces/JulsdL/AI-Notebook-Tutor/resolve/9dbcde068786dd52e4c4ce8585bda5472741909e/README.md,9dbcde068786dd52e4c4ce8585bda5472741909e,d27680e81194baf9deab67eb8bdc1398e38827ae89d0f93fecf64b023d4ca281,JulsdL/AI-Notebook-Tutor,200,,
0,2026-08-30T21:35:59.751707+00:00,notebook_tutor/__init__.py,https://huggingface.co/spaces/JulsdL/AI-Notebook-Tutor/resolve/9dbcde068786dd52e4c4ce8585bda5472741909e/notebook_tutor/__init__.py,9dbcde068786dd52e4c4ce8585bda5472741909e,e3b0c44298fc1c149afbf4c8996fb92427ae41e4649b934ca495991b7852b855,JulsdL/AI-Notebook-Tutor,200,,
4681,2026-08-30T21:36:00.035440+00:00,notebook_tutor/agents.py,https://huggingface.co/spaces/JulsdL/AI-Notebook-Tutor/resolve/9dbcde068786dd52e4c4ce8585bda5472741909e/notebook_tutor/agents.py,9dbcde068786dd52e4c4ce8585bda5472741909e,63ffb01ac0a917e5fe9043524c3a678085a2bf025b51e28beca962643c4acdec,JulsdL/AI-Notebook-Tutor,200,,
252,2026-08-30T21:36:00.036547+00:00,notebook_tutor/app.py,https://huggingface.co/spaces/JulsdL/AI-Notebook-Tutor/resolve/9dbcde068786dd52e4c4ce8585bda5472741909e/notebook_tutor/app.py,9dbcde068786dd52e4c4ce8585bda5472741909e,4ced1330ba9b1e7ece9572b4ae9ba5b3ffcabd50eaadbdbe8980bd55b1340256,JulsdL/AI-Notebook-Tutor,200,,
5915,2026-08-30T21:36:00.086460+00:00,notebook_tutor/chainlit_frontend.py,https://huggingface.co/spaces/JulsdL/AI-Notebook-Tutor/resolve/9dbcde068786dd52e4c4ce8585bda5472741909e/notebook_tutor/chainlit_frontend.py,9dbcde068786dd52e4c4ce8585bda5472741909e,6b8c40400b5056b81dfa1d961abfc10dcddd11c666ff842f53d8301b44300c29,JulsdL/AI-Notebook-Tutor,200,,
3503,2026-08-30T21:36:00.174106+00:00,notebook_tutor/document_processing.py,https://huggingface.co/spaces/JulsdL/AI-Notebook-Tutor/resolve/9dbcde068786dd52e4c4ce8585bda5472741909e/notebook_tutor/document_processing.py,9dbcde068786dd52e4c4ce8585bda5472741909e,b359e9e262644653e412b5269ef888a655f40966ac374405603562d769ea9d17,JulsdL/AI-Notebook-Tutor,200,,
2825,2026-08-30T21:36:00.037345+00:00,notebook_tutor/graph.py,https://huggingface.co/spaces/JulsdL/AI-Notebook-Tutor/resolve/9dbcde068786dd52e4c4ce8585bda5472741909e/notebook_tutor/graph.py,9dbcde068786dd52e4c4ce8585bda5472741909e,cdcb75a4c5df55afd8ff56c50ad9db4738aa6065fc02b93c7c2d6263204e3f96,JulsdL/AI-Notebook-Tutor,200,,
3786,2026-08-30T21:36:00.091394+00:00,notebook_tutor/prompt_templates.py,https://huggingface.co/spaces/JulsdL/AI-Notebook-Tutor/resolve/9dbcde068786dd52e4c4ce8585bda5472741909e/notebook_tutor/prompt_templates.py,9dbcde068786dd52e4c4ce8585bda5472741909e,ac018abafc66e7e2d550142f48ceca0d2f340014d7a9b1a97c095ca8e70c5caa,JulsdL/AI-Notebook-Tutor,200,,
2019,2026-08-30T21:36:00.091087+00:00,notebook_tutor/retrieval.py,https://huggingface.co/spaces/JulsdL/AI-Notebook-Tutor/resolve/9dbcde068786dd52e4c4ce8585bda5472741909e/notebook_tutor/retrieval.py,9dbcde068786dd52e4c4ce8585bda5472741909e,b9687b4faa17fee8d0cccb265666d851ea3cf76628841cdad81546f3d898adac,JulsdL/AI-Notebook-Tutor,200,,
120,2026-08-30T21:36:00.244344+00:00,requirements.txt,https://huggingface.co/spaces/JulsdL/AI-Notebook-Tutor/resolve/9dbcde068786dd52e4c4ce8585bda5472741909e/requirements.txt,9dbcde068786dd52e4c4ce8585bda5472741909e,19dc1a03eb14c396da4171787ac75b93aaf99ba41fe1182ad244eecbb05f88b9,JulsdL/AI-Notebook-Tutor,200,,
264,2026-08-30T21:36:00.759532+00:00,README.md,https://huggingface.co/spaces/Junaidblr/lesson-plan-generator/resolve/59af7945c040d7e957c675056ebb4c9f4fada196/README.md,59af7945c040d7e957c675056ebb4c9f4fada196,f3a272459961d0e1cddbbc566f9291bc27e4b3403ce9747d6bd15df4acf3911d,Junaidblr/lesson-plan-generator,200,,
3888,2026-08-30T21:36:01.275973+00:00,app.py,https://huggingface.co/spaces/Junaidblr/lesson-plan-generator/resolve/59af7945c040d7e957c675056ebb4c9f4fada196/app.py,59af7945c040d7e957c675056ebb4c9f4fada196,7382d579dc9a69c164acd68b29699b07e12c9953f7b07317b2e136ebf1e4646d,Junaidblr/lesson-plan-generator,200,,
11,2026-08-30T21:36:01.255381+00:00,requirements.txt,https://huggingface.co/spaces/Junaidblr/lesson-plan-generator/resolve/59af7945c040d7e957c675056ebb4c9f4fada196/requirements.txt,59af7945c040d7e957c675056ebb4c9f4fada196,fb2abab461a9f402f4b8dff486a495676ee56b9d94bbd15a58e004bbcdc2e052,Junaidblr/lesson-plan-generator,200,,
242,2026-08-30T21:36:43.094996+00:00,README.md,https://huggingface.co/spaces/KSaiManikanta/Ai_Data-Science_Tutor/resolve/1d884e420436fc3dded6f8f08b7bcf60fe0e9a67/README.md,1d884e420436fc3dded6f8f08b7bcf60fe0e9a67,f005c68d8d9106c3c8676110ff9c3cbb819e8ab5cd651c5e67d6e38aac3d959c,KSaiManikanta/Ai_Data-Science_Tutor,200,,
6202,2026-08-30T21:36:43.584511+00:00,app.py,https://huggingface.co/spaces/KSaiManikanta/Ai_Data-Science_Tutor/resolve/1d884e420436fc3dded6f8f08b7bcf60fe0e9a67/app.py,1d884e420436fc3dded6f8f08b7bcf60fe0e9a67,e5c0a0cdcc8a0f6565932eb8f36dd3822ff3e84be7fca096242ac98b1abc4777,KSaiManikanta/Ai_Data-Science_Tutor,200,,
93,2026-08-30T21:36:43.609706+00:00,requirements.txt,https://huggingface.co/spaces/KSaiManikanta/Ai_Data-Science_Tutor/resolve/1d884e420436fc3dded6f8f08b7bcf60fe0e9a67/requirements.txt,1d884e420436fc3dded6f8f08b7bcf60fe0e9a67,cab2ffdad9b38f745375fce1280f2d7741dfa09186487881ae3a3f050ac19d4b,KSaiManikanta/Ai_Data-Science_Tutor,200,,
266,2026-08-30T21:36:02.804175+00:00,README.md,https://huggingface.co/spaces/KaifKohari/ai-math-tutor/resolve/ad5a4255ccf296ddc99d8efdd655845b7c9c8fd6/README.md,ad5a4255ccf296ddc99d8efdd655845b7c9c8fd6,78cf066195806459a29c50c177796cf43b567eed8071864671b86339004a3e5a,KaifKohari/ai-math-tutor,200,,
5713,2026-08-30T21:36:03.313408+00:00,app.py,https://huggingface.co/spaces/KaifKohari/ai-math-tutor/resolve/ad5a4255ccf296ddc99d8efdd655845b7c9c8fd6/app.py,ad5a4255ccf296ddc99d8efdd655845b7c9c8fd6,35bb384151a4d3e2228378123593e2233f94cb13562eefae5e815190a47f166b,KaifKohari/ai-math-tutor,200,,
16,2026-08-30T21:36:03.313074+00:00,requirements.txt,https://huggingface.co/spaces/KaifKohari/ai-math-tutor/resolve/ad5a4255ccf296ddc99d8efdd655845b7c9c8fd6/requirements.txt,ad5a4255ccf296ddc99d8efdd655845b7c9c8fd6,d7b574940ff85e4f22ab68747f6b0df52faab075844f3643d877198aee9dae4f,KaifKohari/ai-math-tutor,200,,
202,2026-08-30T21:36:06.476564+00:00,README.md,https://huggingface.co/spaces/Kanharamgurjar/Study_assistant_model/resolve/40fac235b868c8d8f07ca6a5d583ab5f19ee8f00/README.md,40fac235b868c8d8f07ca6a5d583ab5f19ee8f00,4e21f9e9246ead051edc399eb0244e627e1d8661ed991fcfa561386fbc273fa5,Kanharamgurjar/Study_assistant_model,200,,
1732,2026-08-30T21:36:06.958336+00:00,app.py,https://huggingface.co/spaces/Kanharamgurjar/Study_assistant_model/resolve/40fac235b868c8d8f07ca6a5d583ab5f19ee8f00/app.py,40fac235b868c8d8f07ca6a5d583ab5f19ee8f00,2d0749f678651bf26d81df12dffd5562fa9f50f68e6d2b3343832735a997cbac,Kanharamgurjar/Study_assistant_model,200,,
1906,2026-08-30T21:36:06.980621+00:00,index.html,https://huggingface.co/spaces/Kanharamgurjar/Study_assistant_model/resolve/40fac235b868c8d8f07ca6a5d583ab5f19ee8f00/index.html,40fac235b868c8d8f07ca6a5d583ab5f19ee8f00,3ac9dd21d9ad66b53f852ae4eaba4568e69648cefc88172f7c75c3163fbaae0d,Kanharamgurjar/Study_assistant_model,200,,
22,2026-08-30T21:36:07.032284+00:00,requirements.txt,https://huggingface.co/spaces/Kanharamgurjar/Study_assistant_model/resolve/40fac235b868c8d8f07ca6a5d583ab5f19ee8f00/requirements.txt,40fac235b868c8d8f07ca6a5d583ab5f19ee8f00,7e0916d6a3d61a2748b03a76306f32dc6ecf385a07d5519055a6cd3bdd0fd0ab,Kanharamgurjar/Study_assistant_model,200,,
217,2026-08-30T21:36:07.555480+00:00,README.md,https://huggingface.co/spaces/Kanhasrs/edupulse-ai-smart-learning-companion/resolve/6fa70ae8a0f540b39f772de212e9c60eee0e3de6/README.md,6fa70ae8a0f540b39f772de212e9c60eee0e3de6,8d550237a1cbee6eea9b13827d9ba6ec5396324c74b4b017a3ef120f9e1549be,Kanhasrs/edupulse-ai-smart-learning-companion,200,,
546,2026-08-30T21:36:08.057463+00:00,index.html,https://huggingface.co/spaces/Kanhasrs/edupulse-ai-smart-learning-companion/resolve/6fa70ae8a0f540b39f772de212e9c60eee0e3de6/index.html,6fa70ae8a0f540b39f772de212e9c60eee0e3de6,fef10b4e06879d75c496c1ce3e89410bff1b77bf51220f21570255d1f214580e,Kanhasrs/edupulse-ai-smart-learning-companion,200,,
259,2026-08-30T21:36:08.557163+00:00,README.md,https://huggingface.co/spaces/Kanhasrs/edusync-ai-smart-learning-companion/resolve/97ed7a6531881fa20a97c1b377f6107d40fa5591/README.md,97ed7a6531881fa20a97c1b377f6107d40fa5591,70ca414e862067c1e4708fef206b4b3936ca3d83202ba279bdf3533c8239f9cd,Kanhasrs/edusync-ai-smart-learning-companion,200,,
20316,2026-08-30T21:36:09.100618+00:00,index.html,https://huggingface.co/spaces/Kanhasrs/edusync-ai-smart-learning-companion/resolve/97ed7a6531881fa20a97c1b377f6107d40fa5591/index.html,97ed7a6531881fa20a97c1b377f6107d40fa5591,8ccbe41d4365272edf1cbb6fb6f1874754efd4d2ff91aacb463d70b4398f8879,Kanhasrs/edusync-ai-smart-learning-companion,200,,
253,2026-08-30T21:36:13.103235+00:00,README.md,https://huggingface.co/spaces/Karishma-19/AI-Tutor/resolve/7e698cd298d975a393c2d7ac3a41a3ca0d4443a4/README.md,7e698cd298d975a393c2d7ac3a41a3ca0d4443a4,53dc6c5f187f5621f8516a83699c26b941a937bca6c3ae14df8c58a274304cae,Karishma-19/AI-Tutor,200,,
950,2026-08-30T21:36:13.663330+00:00,app.py,https://huggingface.co/spaces/Karishma-19/AI-Tutor/resolve/7e698cd298d975a393c2d7ac3a41a3ca0d4443a4/app.py,7e698cd298d975a393c2d7ac3a41a3ca0d4443a4,f2c0bacd720e0fb0c5e64f70addd5344057246a61dc0e41746a0c1768b81438f,Karishma-19/AI-Tutor,200,,
19,2026-08-30T21:36:13.658476+00:00,requirements.txt,https://huggingface.co/spaces/Karishma-19/AI-Tutor/resolve/7e698cd298d975a393c2d7ac3a41a3ca0d4443a4/requirements.txt,7e698cd298d975a393c2d7ac3a41a3ca0d4443a4,7b8a226e55bb285e1ab07c5ed9320591e97a3aae4c072264d418d1dae77d8228,Karishma-19/AI-Tutor,200,,
492,2026-08-30T21:36:15.479145+00:00,README.md,https://huggingface.co/spaces/KashTheDev123/Accounting-Tutor-AI/resolve/4e34567d62953d08f7f62aeaaa6802180f803e7d/README.md,4e34567d62953d08f7f62aeaaa6802180f803e7d,cd51988fb26631a891363027ce31bc99f9e302fdb2ae775cf2f42bc6c132ea0e,KashTheDev123/Accounting-Tutor-AI,200,,
917,2026-08-30T21:36:16.008934+00:00,app.py,https://huggingface.co/spaces/KashTheDev123/Accounting-Tutor-AI/resolve/4e34567d62953d08f7f62aeaaa6802180f803e7d/app.py,4e34567d62953d08f7f62aeaaa6802180f803e7d,ae4ede473fc4f35289fc67ea61c083a611e1e1d6ffdd917354f90995baa6e166,KashTheDev123/Accounting-Tutor-AI,200,,
1167,2026-08-30T21:36:14.673541+00:00,Dockerfile,https://huggingface.co/spaces/KashishM/study_assistant/resolve/929356b88b23c04563f30e311dc2d9578151978d/Dockerfile,929356b88b23c04563f30e311dc2d9578151978d,ea56ff765566a620764bb3503aa6d16887b78a41431453416ece892bfbbf0bc1,KashishM/study_assistant,200,,
2504,2026-08-30T21:36:14.167973+00:00,README.md,https://huggingface.co/spaces/KashishM/study_assistant/resolve/929356b88b23c04563f30e311dc2d9578151978d/README.md,929356b88b23c04563f30e311dc2d9578151978d,bf28b08a2204abbda6c660fe65b9e91d8b42a9ff5951403b4eceaf8a3e1a7eeb,KashishM/study_assistant,200,,
0,2026-08-30T21:36:14.433601+00:00,backend/__init__.py,https://huggingface.co/spaces/KashishM/study_assistant/resolve/929356b88b23c04563f30e311dc2d9578151978d/backend/__init__.py,929356b88b23c04563f30e311dc2d9578151978d,e3b0c44298fc1c149afbf4c8996fb92427ae41e4649b934ca495991b7852b855,KashishM/study_assistant,200,,
12088,2026-08-30T21:36:14.678701+00:00,backend/main.py,https://huggingface.co/spaces/KashishM/study_assistant/resolve/929356b88b23c04563f30e311dc2d9578151978d/backend/main.py,929356b88b23c04563f30e311dc2d9578151978d,fc7bd30f3069502fd6b060176ddbb8d3808f171570525b3afaede379d8533f31,KashishM/study_assistant,200,,
8683,2026-08-30T21:36:14.729873+00:00,backend/poc_app.py,https://huggingface.co/spaces/KashishM/study_assistant/resolve/929356b88b23c04563f30e311dc2d9578151978d/backend/poc_app.py,929356b88b23c04563f30e311dc2d9578151978d,5619a6df32b179906c77f59331a757634932095ac34dbb65e02109655f8d5b06,KashishM/study_assistant,200,,
1157,2026-08-30T21:36:14.716206+00:00,frontend/README.md,https://huggingface.co/spaces/KashishM/study_assistant/resolve/929356b88b23c04563f30e311dc2d9578151978d/frontend/README.md,929356b88b23c04563f30e311dc2d9578151978d,7a6f004c103a2e323a5677758071ad4dfe22ea8a92883aadd5f5b39b46dd729d,KashishM/study_assistant,200,,
758,2026-08-30T21:36:14.743393+00:00,frontend/eslint.config.js,https://huggingface.co/spaces/KashishM/study_assistant/resolve/929356b88b23c04563f30e311dc2d9578151978d/frontend/eslint.config.js,929356b88b23c04563f30e311dc2d9578151978d,da0cbf3213f2994741024e2aa5165d017e0345f389dcd2f8a0db97fee7289d1b,KashishM/study_assistant,200,,
357,2026-08-30T21:36:14.792695+00:00,frontend/index.html,https://huggingface.co/spaces/KashishM/study_assistant/resolve/929356b88b23c04563f30e311dc2d9578151978d/frontend/index.html,929356b88b23c04563f30e311dc2d9578151978d,469d70dd50c91ed9f54e312c31c0fbb5209ad857bdf2c9fa60e7579737638579,KashishM/study_assistant,200,,
637,2026-08-30T21:36:14.707732+00:00,frontend/package.json,https://huggingface.co/spaces/KashishM/study_assistant/resolve/929356b88b23c04563f30e311dc2d9578151978d/frontend/package.json,929356b88b23c04563f30e311dc2d9578151978d,af51f7f259d679382a0db981dadf96c9b320d0ea752434bd736925fdbc73bc3f,KashishM/study_assistant,200,,
283,2026-08-30T21:36:14.957806+00:00,requirements.txt,https://huggingface.co/spaces/KashishM/study_assistant/resolve/929356b88b23c04563f30e311dc2d9578151978d/requirements.txt,929356b88b23c04563f30e311dc2d9578151978d,703c39cf8ce37cc3f6f03f1e040dd5189bfaaf2712d36894b5cef1027d72d0db,KashishM/study_assistant,200,,
476,2026-08-30T21:36:18.841694+00:00,README.md,https://huggingface.co/spaces/Kaveri2109/rag-teaching-assistant/resolve/902e674c989a595c8464bc5d33db94609a13933b/README.md,902e674c989a595c8464bc5d33db94609a13933b,557bd5501877f834045dfd22bc00c0bcb41e984a959ce444091a946ff32121d9,Kaveri2109/rag-teaching-assistant,200,,
14993,2026-08-30T21:36:19.332909+00:00,app.py,https://huggingface.co/spaces/Kaveri2109/rag-teaching-assistant/resolve/902e674c989a595c8464bc5d33db94609a13933b/app.py,902e674c989a595c8464bc5d33db94609a13933b,0fbc86c9ec317a36964827c505650c5e08a8b7529cc1c1ce8e604597c5ba87ba,Kaveri2109/rag-teaching-assistant,200,,
66,2026-08-30T21:36:19.343883+00:00,requirements.txt,https://huggingface.co/spaces/Kaveri2109/rag-teaching-assistant/resolve/902e674c989a595c8464bc5d33db94609a13933b/requirements.txt,902e674c989a595c8464bc5d33db94609a13933b,84a859e40e9a681567fec0f7b090e4ce105ebe6d252a110e9c9ac098d40f086e,Kaveri2109/rag-teaching-assistant,200,,
430,2026-08-30T21:36:19.867437+00:00,README.md,https://huggingface.co/spaces/Kavya-Thakar/ai-teaching-assistant-v2/resolve/7fd5493972a9a7050f25e81785dbb438309b69d8/README.md,7fd5493972a9a7050f25e81785dbb438309b69d8,87814a79c843868e55c6d3090788980a8951cb7fca0c641e718468e7b0f7ad21,Kavya-Thakar/ai-teaching-assistant-v2,200,,
56,2026-08-30T21:36:20.376343+00:00,requirements.txt,https://huggingface.co/spaces/Kavya-Thakar/ai-teaching-assistant-v2/resolve/7fd5493972a9a7050f25e81785dbb438309b69d8/requirements.txt,7fd5493972a9a7050f25e81785dbb438309b69d8,59e1e91f30c5d32721c530b75b3874d6ca5ded2bb50b206586eca72995e1f9be,Kavya-Thakar/ai-teaching-assistant-v2,200,,
64255,2026-08-30T21:36:20.359499+00:00,src/streamlit_app.py,https://huggingface.co/spaces/Kavya-Thakar/ai-teaching-assistant-v2/resolve/7fd5493972a9a7050f25e81785dbb438309b69d8/src/streamlit_app.py,7fd5493972a9a7050f25e81785dbb438309b69d8,f64fcb7edbd0f13afe76d7418c09118cd3a706bfd695dc3465fc61685e4676db,Kavya-Thakar/ai-teaching-assistant-v2,200,,
243,2026-08-30T21:36:23.139659+00:00,README.md,https://huggingface.co/spaces/Keerthana96/bridge_course_generator/resolve/3f658934cb6182da36380e6b9889162bbd3afcb9/README.md,3f658934cb6182da36380e6b9889162bbd3afcb9,740997ef3497baf2e67740dcb663ddf053f5fb3d4c5d9a6fa555796c76007dff,Keerthana96/bridge_course_generator,200,,
1910,2026-08-30T21:36:23.638391+00:00,app.py,https://huggingface.co/spaces/Keerthana96/bridge_course_generator/resolve/3f658934cb6182da36380e6b9889162bbd3afcb9/app.py,3f658934cb6182da36380e6b9889162bbd3afcb9,f5209f10ebe7be9b0de1324d9e4ee458f47e70f56eabb03c2099f7fd837afef5,Keerthana96/bridge_course_generator,200,,
39,2026-08-30T21:36:23.650514+00:00,requirements.txt,https://huggingface.co/spaces/Keerthana96/bridge_course_generator/resolve/3f658934cb6182da36380e6b9889162bbd3afcb9/requirements.txt,3f658934cb6182da36380e6b9889162bbd3afcb9,d889c0f4ce33c9bb9caa24316eb07ed8dec03c8d2571791dedf1e3525cfbeaa3,Keerthana96/bridge_course_generator,200,,
267,2026-08-30T21:36:24.151609+00:00,README.md,https://huggingface.co/spaces/Keyzey/edulms-pro-the-smart-learning-companion/resolve/7f633b3ef584b79a877b48a6c784b3d2f0841497/README.md,7f633b3ef584b79a877b48a6c784b3d2f0841497,bd284bbe7c16bc1ba44ac4c27cda9c35e6ea7ae683999ec068a8a130c1ceb72c,Keyzey/edulms-pro-the-smart-learning-companion,200,,
6066,2026-08-30T21:36:24.648442+00:00,components/course-card.js,https://huggingface.co/spaces/Keyzey/edulms-pro-the-smart-learning-companion/resolve/7f633b3ef584b79a877b48a6c784b3d2f0841497/components/course-card.js,7f633b3ef584b79a877b48a6c784b3d2f0841497,813e615bee86cdb4ddb99d2129ff3dfaacb0f9e54764e72d44ecbea5e2188556,Keyzey/edulms-pro-the-smart-learning-companion,200,,
3184,2026-08-30T21:36:24.670111+00:00,components/course-header.js,https://huggingface.co/spaces/Keyzey/edulms-pro-the-smart-learning-companion/resolve/7f633b3ef584b79a877b48a6c784b3d2f0841497/components/course-header.js,7f633b3ef584b79a877b48a6c784b3d2f0841497,fc0780ff9ddd7d4502c2b5e4bb88e06c975a4c248592a6243b5ed7c9e383760a,Keyzey/edulms-pro-the-smart-learning-companion,200,,
4120,2026-08-30T21:36:24.678239+00:00,components/filter-sidebar.js,https://huggingface.co/spaces/Keyzey/edulms-pro-the-smart-learning-companion/resolve/7f633b3ef584b79a877b48a6c784b3d2f0841497/components/filter-sidebar.js,7f633b3ef584b79a877b48a6c784b3d2f0841497,2660129a5f770b5e018712c434fef9213969c72b4807e364d7f381edfd43cd5d,Keyzey/edulms-pro-the-smart-learning-companion,200,,
5222,2026-08-30T21:36:24.747486+00:00,components/module-accordion.js,https://huggingface.co/spaces/Keyzey/edulms-pro-the-smart-learning-companion/resolve/7f633b3ef584b79a877b48a6c784b3d2f0841497/components/module-accordion.js,7f633b3ef584b79a877b48a6c784b3d2f0841497,e2942fdd52374d565158979d5c4ce0cbd1a8e50ee9832dc33c0f52190434a726,Keyzey/edulms-pro-the-smart-learning-companion,200,,
3868,2026-08-30T21:36:24.748979+00:00,components/navbar.js,https://huggingface.co/spaces/Keyzey/edulms-pro-the-smart-learning-companion/resolve/7f633b3ef584b79a877b48a6c784b3d2f0841497/components/navbar.js,7f633b3ef584b79a877b48a6c784b3d2f0841497,c470130ec4beb4b675c3f34825d63aaf19d7dd12ec98657c14ecd6c556c5d78e,Keyzey/edulms-pro-the-smart-learning-companion,200,,
4586,2026-08-30T21:36:24.763530+00:00,components/sidebar.js,https://huggingface.co/spaces/Keyzey/edulms-pro-the-smart-learning-companion/resolve/7f633b3ef584b79a877b48a6c784b3d2f0841497/components/sidebar.js,7f633b3ef584b79a877b48a6c784b3d2f0841497,b61b4e2c2d2bb7244fd7ab1574c601a638e578db520934df98b995f30efae07f,Keyzey/edulms-pro-the-smart-learning-companion,200,,
2039,2026-08-30T21:36:24.712161+00:00,components/stat-card.js,https://huggingface.co/spaces/Keyzey/edulms-pro-the-smart-learning-companion/resolve/7f633b3ef584b79a877b48a6c784b3d2f0841497/components/stat-card.js,7f633b3ef584b79a877b48a6c784b3d2f0841497,62a16c20300724e052de24a3b2731f3ceb41f2847a3e0d8c61a04e5c0cec9256,Keyzey/edulms-pro-the-smart-learning-companion,200,,
3508,2026-08-30T21:36:24.772580+00:00,course-catalog.html,https://huggingface.co/spaces/Keyzey/edulms-pro-the-smart-learning-companion/resolve/7f633b3ef584b79a877b48a6c784b3d2f0841497/course-catalog.html,7f633b3ef584b79a877b48a6c784b3d2f0841497,0dff04aa51ddcb8149290b31c1c3100ecc9a654c4561c6b84fcab2f6a549600c,Keyzey/edulms-pro-the-smart-learning-companion,200,,
9093,2026-08-30T21:36:25.147116+00:00,index.html,https://huggingface.co/spaces/Keyzey/edulms-pro-the-smart-learning-companion/resolve/7f633b3ef584b79a877b48a6c784b3d2f0841497/index.html,7f633b3ef584b79a877b48a6c784b3d2f0841497,be8d08def2470b1401f1ba6ce8d21fb31ac9c5f662088bbd7df84fb07cef36bb,Keyzey/edulms-pro-the-smart-learning-companion,200,,
317,2026-08-30T21:36:25.660022+00:00,README.md,https://huggingface.co/spaces/KhadijaAzam/AI-Quiz-Generator/resolve/981e31ee066803527eaa8a2a61eec2b1dffff903/README.md,981e31ee066803527eaa8a2a61eec2b1dffff903,615e6fb753e30376c8b4478fc692e83f3bd8867729662baedaa3267a307530f4,KhadijaAzam/AI-Quiz-Generator,200,,
2196,2026-08-30T21:36:26.171284+00:00,add_1000.py,https://huggingface.co/spaces/KhadijaAzam/AI-Quiz-Generator/resolve/981e31ee066803527eaa8a2a61eec2b1dffff903/add_1000.py,981e31ee066803527eaa8a2a61eec2b1dffff903,945cd60da36782d86ca3be49aa51227a1b53aaa0e72c5a7f9c4f4df827195e9b,KhadijaAzam/AI-Quiz-Generator,200,,
2618,2026-08-30T21:36:26.157809+00:00,add_3500.py,https://huggingface.co/spaces/KhadijaAzam/AI-Quiz-Generator/resolve/981e31ee066803527eaa8a2a61eec2b1dffff903/add_3500.py,981e31ee066803527eaa8a2a61eec2b1dffff903,1b0b56037e929fc381281b4ae78205fb3950a6eebe6f748a35a8865721d126b2,KhadijaAzam/AI-Quiz-Generator,200,,
2630,2026-08-30T21:36:26.174249+00:00,add_questions.py,https://huggingface.co/spaces/KhadijaAzam/AI-Quiz-Generator/resolve/981e31ee066803527eaa8a2a61eec2b1dffff903/add_questions.py,981e31ee066803527eaa8a2a61eec2b1dffff903,e6f32deefb85633e62e27e22239ca96a980fae83253e6b86441d670ffcb4e877,KhadijaAzam/AI-Quiz-Generator,200,,
613,2026-08-30T21:36:26.190287+00:00,app.py,https://huggingface.co/spaces/KhadijaAzam/AI-Quiz-Generator/resolve/981e31ee066803527eaa8a2a61eec2b1dffff903/app.py,981e31ee066803527eaa8a2a61eec2b1dffff903,4545a00e6ff704ab4ef4a6034954fadfd70de148573dd0186b1f8c5d863523b8,KhadijaAzam/AI-Quiz-Generator,200,,
2551,2026-08-30T21:36:26.156250+00:00,quiz.py,https://huggingface.co/spaces/KhadijaAzam/AI-Quiz-Generator/resolve/981e31ee066803527eaa8a2a61eec2b1dffff903/quiz.py,981e31ee066803527eaa8a2a61eec2b1dffff903,5398a6ea414c61baaa198bec9a3b53c1af088edc56b952f9f4a5117e38f057f7,KhadijaAzam/AI-Quiz-Generator,200,,
28,2026-08-30T21:36:26.171998+00:00,requirements.txt,https://huggingface.co/spaces/KhadijaAzam/AI-Quiz-Generator/resolve/981e31ee066803527eaa8a2a61eec2b1dffff903/requirements.txt,981e31ee066803527eaa8a2a61eec2b1dffff903,ca53c326ba3dfa0e30f072b4e6569498371fd22a87c63966eb2422c863bec098,KhadijaAzam/AI-Quiz-Generator,200,,
165,2026-08-30T21:36:28.860454+00:00,.env.example,https://huggingface.co/spaces/Khanmx99/Pak-Angels-AI-Tutor/resolve/785b4e273b939eab06e2e5685f80916ffbaeccbb/.env.example,785b4e273b939eab06e2e5685f80916ffbaeccbb,859362db98768512c81c182f2e90943d66555408a97878594f2263118648c7bc,Khanmx99/Pak-Angels-AI-Tutor,200,,
6546,2026-08-30T21:36:28.360074+00:00,README.md,https://huggingface.co/spaces/Khanmx99/Pak-Angels-AI-Tutor/resolve/785b4e273b939eab06e2e5685f80916ffbaeccbb/README.md,785b4e273b939eab06e2e5685f80916ffbaeccbb,522364582ec47b0fae956caea5c8d309188a37b10a664b7b19cd52a441747192,Khanmx99/Pak-Angels-AI-Tutor,200,,
9892,2026-08-30T21:36:28.859095+00:00,app.py,https://huggingface.co/spaces/Khanmx99/Pak-Angels-AI-Tutor/resolve/785b4e273b939eab06e2e5685f80916ffbaeccbb/app.py,785b4e273b939eab06e2e5685f80916ffbaeccbb,f01e22f49e66bac0bc7436f9a13c957c4343b27cd412ea8edc7dc5b8eb4c3c2b,Khanmx99/Pak-Angels-AI-Tutor,200,,
585,2026-08-30T21:36:28.861740+00:00,config.py,https://huggingface.co/spaces/Khanmx99/Pak-Angels-AI-Tutor/resolve/785b4e273b939eab06e2e5685f80916ffbaeccbb/config.py,785b4e273b939eab06e2e5685f80916ffbaeccbb,95215b4e3f16b5485ab3881b404fc5055072f046c721ce15060be01e929a251f,Khanmx99/Pak-Angels-AI-Tutor,200,,
6137,2026-08-30T21:36:28.873841+00:00,deploy_to_huggingface.py,https://huggingface.co/spaces/Khanmx99/Pak-Angels-AI-Tutor/resolve/785b4e273b939eab06e2e5685f80916ffbaeccbb/deploy_to_huggingface.py,785b4e273b939eab06e2e5685f80916ffbaeccbb,8712c0b3d28cf3e52e9a702494d13245b3a8d3581fa05df1ff70e1cd17bc0dfb,Khanmx99/Pak-Angels-AI-Tutor,200,,
2188,2026-08-30T21:36:28.872852+00:00,openai_service.py,https://huggingface.co/spaces/Khanmx99/Pak-Angels-AI-Tutor/resolve/785b4e273b939eab06e2e5685f80916ffbaeccbb/openai_service.py,785b4e273b939eab06e2e5685f80916ffbaeccbb,08df745e43f2287a95cada91fe3294cdf6d8d8074bb12a0e1affcf5e7b3d7a7b,Khanmx99/Pak-Angels-AI-Tutor,200,,
13434,2026-08-30T21:36:28.859862+00:00,prompts.py,https://huggingface.co/spaces/Khanmx99/Pak-Angels-AI-Tutor/resolve/785b4e273b939eab06e2e5685f80916ffbaeccbb/prompts.py,785b4e273b939eab06e2e5685f80916ffbaeccbb,e73126f94f589c8956b46e3b8b94bf0c401a0dc883b448cd113ec6253d90cbae,Khanmx99/Pak-Angels-AI-Tutor,200,,
48,2026-08-30T21:36:28.864613+00:00,requirements.txt,https://huggingface.co/spaces/Khanmx99/Pak-Angels-AI-Tutor/resolve/785b4e273b939eab06e2e5685f80916ffbaeccbb/requirements.txt,785b4e273b939eab06e2e5685f80916ffbaeccbb,75e1d33310bfbb88eb39b1674370a5137c22c0d682c8a38d4bed786eafdb0898,Khanmx99/Pak-Angels-AI-Tutor,200,,
247,2026-08-30T21:36:29.379381+00:00,README.md,https://huggingface.co/spaces/KhansaAQureshi/AI_Tutor/resolve/d0a25cd9b3f7db4c1865336e687e59588754a8cb/README.md,d0a25cd9b3f7db4c1865336e687e59588754a8cb,a02cea2c46c74e46057854efe95be285dd5169aee07da8d544165a90febaf253,KhansaAQureshi/AI_Tutor,200,,
2293,2026-08-30T21:36:29.869975+00:00,app.py,https://huggingface.co/spaces/KhansaAQureshi/AI_Tutor/resolve/d0a25cd9b3f7db4c1865336e687e59588754a8cb/app.py,d0a25cd9b3f7db4c1865336e687e59588754a8cb,23a59a2b20b571765cab152ed52ef7f158243228b14c6f5c76ce92b57f62ab16,KhansaAQureshi/AI_Tutor,200,,
29,2026-08-30T21:36:29.885625+00:00,requirements.txt,https://huggingface.co/spaces/KhansaAQureshi/AI_Tutor/resolve/d0a25cd9b3f7db4c1865336e687e59588754a8cb/requirements.txt,d0a25cd9b3f7db4c1865336e687e59588754a8cb,51067d699eef0f6f5052c6a733db9400afe48461e8e11252b377be9c80a8a150,KhansaAQureshi/AI_Tutor,200,,
238,2026-08-30T21:36:30.400674+00:00,README.md,https://huggingface.co/spaces/Khd-B/Study_Assistant/resolve/51c0f7094464c41e227ca5530109ff50e0aa43bd/README.md,51c0f7094464c41e227ca5530109ff50e0aa43bd,6f00c3168c6d3546f5a84b4ba0291b6f8b70c0613116b032260f4eb6fdfd34f8,Khd-B/Study_Assistant,200,,
2063,2026-08-30T21:36:30.974428+00:00,app.py,https://huggingface.co/spaces/Khd-B/Study_Assistant/resolve/51c0f7094464c41e227ca5530109ff50e0aa43bd/app.py,51c0f7094464c41e227ca5530109ff50e0aa43bd,7a655d4aba8b3d262851015cecb7212535242a6df70fdf8e29cf0b2a82f6dcb3,Khd-B/Study_Assistant,200,,
60,2026-08-30T21:36:30.927999+00:00,requirements.txt,https://huggingface.co/spaces/Khd-B/Study_Assistant/resolve/51c0f7094464c41e227ca5530109ff50e0aa43bd/requirements.txt,51c0f7094464c41e227ca5530109ff50e0aa43bd,47b5ad30edcde79398d2359f5eac9d776fb567b8a3b347c1fd5db75549115041,Khd-B/Study_Assistant,200,,
272,2026-08-30T21:36:40.895615+00:00,README.md,https://huggingface.co/spaces/Krishna-108/study-assistant/resolve/337108269a9f9141ba7ef5b99eb1800f7b2d9e7b/README.md,337108269a9f9141ba7ef5b99eb1800f7b2d9e7b,a111ed3699a7e11c3c62725dc48db376a119509d0b600afe9d779877cb872249,Krishna-108/study-assistant,200,,
2139,2026-08-30T21:36:41.476156+00:00,app.py,https://huggingface.co/spaces/Krishna-108/study-assistant/resolve/337108269a9f9141ba7ef5b99eb1800f7b2d9e7b/app.py,337108269a9f9141ba7ef5b99eb1800f7b2d9e7b,83c91969b7d6ba11a75b23f4f4ff48dec4217f377ddafcbdf1b64f505bb2bbfa,Krishna-108/study-assistant,200,,
20,2026-08-30T21:36:41.475332+00:00,requirements.txt,https://huggingface.co/spaces/Krishna-108/study-assistant/resolve/337108269a9f9141ba7ef5b99eb1800f7b2d9e7b/requirements.txt,337108269a9f9141ba7ef5b99eb1800f7b2d9e7b,95b4ef97b952c34747ec62bd11226237b56adcd53182fcd706b2f2be09c37c53,Krishna-108/study-assistant,200,,
213,2026-08-30T21:36:42.604338+00:00,README.md,https://huggingface.co/spaces/Krishnajha18/StudyAssistant/resolve/efaea77d7f1bca0365da082f6bd75cd850e3bd4b/README.md,efaea77d7f1bca0365da082f6bd75cd850e3bd4b,71497f9a88a2390d53e7e564d7b9b36acdc50fdeeaac7fc4058b7e83b856f745,Krishnajha18/StudyAssistant,200,,
1640,2026-09-02T19:08:49.401332+00:00,app (3).py,https://huggingface.co/spaces/Krishnajha18/StudyAssistant/resolve/efaea77d7f1bca0365da082f6bd75cd850e3bd4b/app%20%283%29.py,efaea77d7f1bca0365da082f6bd75cd850e3bd4b,43c2d6c952f0e028a1db7492417aa76c84ea7e6dd442e63ecdf51e828008562e,Krishnajha18/StudyAssistant,200,lossless-v2,utf-8
1664,2026-09-02T19:08:49.345976+00:00,index.html,https://huggingface.co/spaces/Krishnajha18/StudyAssistant/resolve/efaea77d7f1bca0365da082f6bd75cd850e3bd4b/index.html,efaea77d7f1bca0365da082f6bd75cd850e3bd4b,870dca6ad2db4be31e3278dcbe59b8c43c3f02baf1c1e105a7d8e73a68c23d7a,Krishnajha18/StudyAssistant,200,lossless-v2,utf-8
22,2026-09-02T19:08:49.353374+00:00,requirements.txt,https://huggingface.co/spaces/Krishnajha18/StudyAssistant/resolve/efaea77d7f1bca0365da082f6bd75cd850e3bd4b/requirements.txt,efaea77d7f1bca0365da082f6bd75cd850e3bd4b,7e0916d6a3d61a2748b03a76306f32dc6ecf385a07d5519055a6cd3bdd0fd0ab,Krishnajha18/StudyAssistant,200,lossless-v2,utf-8
233,2026-08-30T21:36:46.227846+00:00,README.md,https://huggingface.co/spaces/KunalGupta1212/Quiz-generator/resolve/d3fdefb3b944a02dd74a361c6fae5016870bb36b/README.md,d3fdefb3b944a02dd74a361c6fae5016870bb36b,54488bf05571b00ba4f606535c0874ede052d1d43f637472430de6eb57c1a88b,KunalGupta1212/Quiz-generator,200,,
625,2026-08-30T21:36:46.778168+00:00,app.py,https://huggingface.co/spaces/KunalGupta1212/Quiz-generator/resolve/d3fdefb3b944a02dd74a361c6fae5016870bb36b/app.py,d3fdefb3b944a02dd74a361c6fae5016870bb36b,f939ffa8f375cfc1105c024e0232798c85bb9f28eb0bafa203cfbbc8f3212b6d,KunalGupta1212/Quiz-generator,200,,
8058,2026-08-30T21:36:46.715733+00:00,hf_quiz_generator.py,https://huggingface.co/spaces/KunalGupta1212/Quiz-generator/resolve/d3fdefb3b944a02dd74a361c6fae5016870bb36b/hf_quiz_generator.py,d3fdefb3b944a02dd74a361c6fae5016870bb36b,97718d73585f22954d4009196d26d73663459d88dbe2c0b828ae0fa265c9f035,KunalGupta1212/Quiz-generator,200,,
44,2026-08-30T21:36:46.756880+00:00,requirements.txt,https://huggingface.co/spaces/KunalGupta1212/Quiz-generator/resolve/d3fdefb3b944a02dd74a361c6fae5016870bb36b/requirements.txt,d3fdefb3b944a02dd74a361c6fae5016870bb36b,17664de244c9e691115ea45340bbb3595e57ba9e23e1347b90f3110f31b4f622,KunalGupta1212/Quiz-generator,200,,
213,2026-08-30T21:36:49.159394+00:00,README.md,https://huggingface.co/spaces/KusumaSathwika7/my-study-assistant/resolve/abf122370c1081a399b734b8672d82116648b9c3/README.md,abf122370c1081a399b734b8672d82116648b9c3,1c64c85512a0f139510d37142cb667345b9a9e5e2dfa17f402e6c67ee0e578b1,KusumaSathwika7/my-study-assistant,200,,
546,2026-08-30T21:36:49.673931+00:00,index.html,https://huggingface.co/spaces/KusumaSathwika7/my-study-assistant/resolve/abf122370c1081a399b734b8672d82116648b9c3/index.html,abf122370c1081a399b734b8672d82116648b9c3,fef10b4e06879d75c496c1ce3e89410bff1b77bf51220f21570255d1f214580e,KusumaSathwika7/my-study-assistant,200,,
342,2026-08-30T21:36:50.227653+00:00,README.md,https://huggingface.co/spaces/KwesiAI/Online_Course_Note_Generator/resolve/85b392b1dff3fda57f0cc09f158297a000aeed83/README.md,85b392b1dff3fda57f0cc09f158297a000aeed83,8abe044787c9e4c2ea669ece9a843f81dee0585929929866b48b4628ab4306ba,KwesiAI/Online_Course_Note_Generator,200,,
269,2026-08-30T21:36:56.342222+00:00,README.md,https://huggingface.co/spaces/LOLSHUBH/dragonscholar-fiery-learning-companion/resolve/3e17acdcedd3971bb1844da98a777a1cc7099f82/README.md,3e17acdcedd3971bb1844da98a777a1cc7099f82,cd00d1bdef7c3eff49e3eeef7f7c468707e8db37ff0c3512273959fad5d7c2d1,LOLSHUBH/dragonscholar-fiery-learning-companion,200,,
3875,2026-08-30T21:36:56.844625+00:00,components/dragon-chat.js,https://huggingface.co/spaces/LOLSHUBH/dragonscholar-fiery-learning-companion/resolve/3e17acdcedd3971bb1844da98a777a1cc7099f82/components/dragon-chat.js,3e17acdcedd3971bb1844da98a777a1cc7099f82,e4afeda54d5ef5ed1d1bf1adc23fae5ed9cf7f52eb68e4852d7e2045f9ab4ab3,LOLSHUBH/dragonscholar-fiery-learning-companion,200,,
4181,2026-08-30T21:36:56.850475+00:00,components/footer.js,https://huggingface.co/spaces/LOLSHUBH/dragonscholar-fiery-learning-companion/resolve/3e17acdcedd3971bb1844da98a777a1cc7099f82/components/footer.js,3e17acdcedd3971bb1844da98a777a1cc7099f82,0c35748419189ee57c4c409802149180c9beda393b1f7dc6ddee2ed021b3eabe,LOLSHUBH/dragonscholar-fiery-learning-companion,200,,
2962,2026-08-30T21:36:56.843428+00:00,components/navbar.js,https://huggingface.co/spaces/LOLSHUBH/dragonscholar-fiery-learning-companion/resolve/3e17acdcedd3971bb1844da98a777a1cc7099f82/components/navbar.js,3e17acdcedd3971bb1844da98a777a1cc7099f82,c980828fb5a3134ff7ed7c842b4fbc76034286825fd38b1f6c5f020bf9537912,LOLSHUBH/dragonscholar-fiery-learning-companion,200,,
13392,2026-08-30T21:36:56.848192+00:00,index.html,https://huggingface.co/spaces/LOLSHUBH/dragonscholar-fiery-learning-companion/resolve/3e17acdcedd3971bb1844da98a777a1cc7099f82/index.html,3e17acdcedd3971bb1844da98a777a1cc7099f82,b6ab9c0253608b57086474b0782d6158bc07c3c83367de02a3b6dccc7fad6174,LOLSHUBH/dragonscholar-fiery-learning-companion,200,,
803,2026-08-30T21:36:56.850124+00:00,script.js,https://huggingface.co/spaces/LOLSHUBH/dragonscholar-fiery-learning-companion/resolve/3e17acdcedd3971bb1844da98a777a1cc7099f82/script.js,3e17acdcedd3971bb1844da98a777a1cc7099f82,f7cdd558e32735f081d37eb5cf4962e7950f57cde10ddf3412ba1ab58735e623,LOLSHUBH/dragonscholar-fiery-learning-companion,200,,
255,2026-08-30T21:36:59.550862+00:00,README.md,https://huggingface.co/spaces/LSATAdaptiveTutor/chatbot_tutor/resolve/2d8c4137eef64ea56c19213348d93f23dc1c8ff4/README.md,2d8c4137eef64ea56c19213348d93f23dc1c8ff4,33994596ebe954796e1eacaae57ff8e669737693fef2d03867e304a9b36fa8d9,LSATAdaptiveTutor/chatbot_tutor,200,,
1039,2026-08-30T21:37:00.038680+00:00,app.py,https://huggingface.co/spaces/LSATAdaptiveTutor/chatbot_tutor/resolve/2d8c4137eef64ea56c19213348d93f23dc1c8ff4/app.py,2d8c4137eef64ea56c19213348d93f23dc1c8ff4,4c702095908dc40bdd57a68d829db9a5f98dba4388eb5f18d229ff6fc16be68e,LSATAdaptiveTutor/chatbot_tutor,200,,
4307,2026-08-30T21:37:00.053527+00:00,pages/llm_tutor.py,https://huggingface.co/spaces/LSATAdaptiveTutor/chatbot_tutor/resolve/2d8c4137eef64ea56c19213348d93f23dc1c8ff4/pages/llm_tutor.py,2d8c4137eef64ea56c19213348d93f23dc1c8ff4,b149c10a230a138aa71429167b20081d6d7af6e0cfa9d335c23cdb5170d78134,LSATAdaptiveTutor/chatbot_tutor,200,,
1461,2026-08-30T21:37:00.105478+00:00,pages/postquiz.py,https://huggingface.co/spaces/LSATAdaptiveTutor/chatbot_tutor/resolve/2d8c4137eef64ea56c19213348d93f23dc1c8ff4/pages/postquiz.py,2d8c4137eef64ea56c19213348d93f23dc1c8ff4,ef2c48b6badce1854ddabca49298b2e4b8f852079494dce7b1e920730cfecb47,LSATAdaptiveTutor/chatbot_tutor,200,,
1636,2026-08-30T21:37:00.072398+00:00,pages/postsurvey.py,https://huggingface.co/spaces/LSATAdaptiveTutor/chatbot_tutor/resolve/2d8c4137eef64ea56c19213348d93f23dc1c8ff4/pages/postsurvey.py,2d8c4137eef64ea56c19213348d93f23dc1c8ff4,e66ea3f3a811ad354a0095b3c8ca1fdfa1cdb5269fcc3f32ea7bebb946eaed31,LSATAdaptiveTutor/chatbot_tutor,200,,
1673,2026-08-30T21:37:00.069552+00:00,pages/prequiz.py,https://huggingface.co/spaces/LSATAdaptiveTutor/chatbot_tutor/resolve/2d8c4137eef64ea56c19213348d93f23dc1c8ff4/pages/prequiz.py,2d8c4137eef64ea56c19213348d93f23dc1c8ff4,86aea52c49fd9181d807c15999686df821f8d2a5680ac76a360b69b8bc546321,LSATAdaptiveTutor/chatbot_tutor,200,,
1893,2026-08-30T21:37:00.192855+00:00,pages/prequiz_results.py,https://huggingface.co/spaces/LSATAdaptiveTutor/chatbot_tutor/resolve/2d8c4137eef64ea56c19213348d93f23dc1c8ff4/pages/prequiz_results.py,2d8c4137eef64ea56c19213348d93f23dc1c8ff4,b7dea94bf404c971b82fd8dc94b264bab7b67250be9a0d545b9eb61b1393889c,LSATAdaptiveTutor/chatbot_tutor,200,,
1220,2026-08-30T21:37:00.193751+00:00,pages/presurvey.py,https://huggingface.co/spaces/LSATAdaptiveTutor/chatbot_tutor/resolve/2d8c4137eef64ea56c19213348d93f23dc1c8ff4/pages/presurvey.py,2d8c4137eef64ea56c19213348d93f23dc1c8ff4,2c501463cce0f4dc9fb07a647ba2c878dfd223913b687f1713f7ba77ca3de597,LSATAdaptiveTutor/chatbot_tutor,200,,
1101,2026-08-30T21:37:00.202418+00:00,pages/textbook.py,https://huggingface.co/spaces/LSATAdaptiveTutor/chatbot_tutor/resolve/2d8c4137eef64ea56c19213348d93f23dc1c8ff4/pages/textbook.py,2d8c4137eef64ea56c19213348d93f23dc1c8ff4,a79c008880689b1b3326e6595ac9a3443bd04fd7f000cd844476abd360b8b584,LSATAdaptiveTutor/chatbot_tutor,200,,
58,2026-08-30T21:37:00.532907+00:00,requirements.txt,https://huggingface.co/spaces/LSATAdaptiveTutor/chatbot_tutor/resolve/2d8c4137eef64ea56c19213348d93f23dc1c8ff4/requirements.txt,2d8c4137eef64ea56c19213348d93f23dc1c8ff4,8e8fa99cb4a526c747b7e0652f53de800c5ca1d46b49b0c649376354ecbcebec,LSATAdaptiveTutor/chatbot_tutor,200,,
241,2026-08-30T21:36:53.613428+00:00,README.md,https://huggingface.co/spaces/Lesterchia1/FPOC2_AI-Tutor_Chatbot/resolve/57497387a6d087a9113685053b5c9991cd69e029/README.md,57497387a6d087a9113685053b5c9991cd69e029,8d617f1f6ecd312c67d7f2fd7a3f9ce58c339a0984413622b29c8e2b27ac1dd0,Lesterchia1/FPOC2_AI-Tutor_Chatbot,200,,
19689,2026-08-30T21:36:54.121338+00:00,app.py,https://huggingface.co/spaces/Lesterchia1/FPOC2_AI-Tutor_Chatbot/resolve/57497387a6d087a9113685053b5c9991cd69e029/app.py,57497387a6d087a9113685053b5c9991cd69e029,66d6a85cdc84f5e6311191dab2093548506c7dea87e0bd86a0483e8ffbbe0a0d,Lesterchia1/FPOC2_AI-Tutor_Chatbot,200,,
17839,2026-08-30T21:36:54.148351+00:00,app3.py,https://huggingface.co/spaces/Lesterchia1/FPOC2_AI-Tutor_Chatbot/resolve/57497387a6d087a9113685053b5c9991cd69e029/app3.py,57497387a6d087a9113685053b5c9991cd69e029,a6b5ee09a82e385da02e55d5e8a9bd549e2640aa6d43a8c4209931ade2145d3e,Lesterchia1/FPOC2_AI-Tutor_Chatbot,200,,
14790,2026-08-30T21:36:54.135729+00:00,app_R3.py,https://huggingface.co/spaces/Lesterchia1/FPOC2_AI-Tutor_Chatbot/resolve/57497387a6d087a9113685053b5c9991cd69e029/app_R3.py,57497387a6d087a9113685053b5c9991cd69e029,dd2acd09169e82867d96a32b830ad5fd25aa4cde2f879050b71b8060a0801382,Lesterchia1/FPOC2_AI-Tutor_Chatbot,200,,
17614,2026-08-30T21:36:54.141488+00:00,app_temp.py,https://huggingface.co/spaces/Lesterchia1/FPOC2_AI-Tutor_Chatbot/resolve/57497387a6d087a9113685053b5c9991cd69e029/app_temp.py,57497387a6d087a9113685053b5c9991cd69e029,31a68470e8fdc1ed22c0c89075bb0598413c059ceb8db6ba0a6f8bbc51eb2488,Lesterchia1/FPOC2_AI-Tutor_Chatbot,200,,
496,2026-08-30T21:36:54.131173+00:00,requirements.txt,https://huggingface.co/spaces/Lesterchia1/FPOC2_AI-Tutor_Chatbot/resolve/57497387a6d087a9113685053b5c9991cd69e029/requirements.txt,57497387a6d087a9113685053b5c9991cd69e029,a019cb0b0b4131569d7efba27fe7c39c88daea6f5d8a3e891b44d16fe1bca078,Lesterchia1/FPOC2_AI-Tutor_Chatbot,200,,
358,2026-08-30T21:36:54.156005+00:00,requirements2.txt,https://huggingface.co/spaces/Lesterchia1/FPOC2_AI-Tutor_Chatbot/resolve/57497387a6d087a9113685053b5c9991cd69e029/requirements2.txt,57497387a6d087a9113685053b5c9991cd69e029,4a03e0eb4bfdef4e15e57ebb66b4fbf2f98f20d12d4ec9264cdb8569b6d6cde2,Lesterchia1/FPOC2_AI-Tutor_Chatbot,200,,
289,2026-08-30T21:36:54.132335+00:00,requirements_temp.txt,https://huggingface.co/spaces/Lesterchia1/FPOC2_AI-Tutor_Chatbot/resolve/57497387a6d087a9113685053b5c9991cd69e029/requirements_temp.txt,57497387a6d087a9113685053b5c9991cd69e029,18feb01a1cee06d573400e7ae2d4ac084e528d6a9404e3fdb1498f252dd54359,Lesterchia1/FPOC2_AI-Tutor_Chatbot,200,,
217,2026-08-30T21:36:54.713535+00:00,README.md,https://huggingface.co/spaces/Letsrockit/ai-tutor/resolve/0a90f9ec519470edf665fee126a428a09ef0cf05/README.md,0a90f9ec519470edf665fee126a428a09ef0cf05,b9d2ce8e9fd69fdc9bf20af7eaec96b8366acb9023bec9e0f71ca88b0141b79b,Letsrockit/ai-tutor,200,,
157,2026-08-30T21:36:55.227429+00:00,README.md,https://huggingface.co/spaces/Lipely/FYP-lesson-plan-generator/resolve/671ecfe8d2f93d61e28ccff829af400693abe96b/README.md,671ecfe8d2f93d61e28ccff829af400693abe96b,c6e6d355d0f4fe08d2e4a3b7d5120b75aaaa4b57a33bc5c8b7687b6ec487442a,Lipely/FYP-lesson-plan-generator,200,,
43483,2026-08-30T21:36:55.713978+00:00,app.py,https://huggingface.co/spaces/Lipely/FYP-lesson-plan-generator/resolve/671ecfe8d2f93d61e28ccff829af400693abe96b/app.py,671ecfe8d2f93d61e28ccff829af400693abe96b,8583b245ef121ea7c541553db5b6a2be9125b567da151f6abc6ab1ce60986c1f,Lipely/FYP-lesson-plan-generator,200,,
192,2026-08-30T21:36:55.814980+00:00,requirements.txt,https://huggingface.co/spaces/Lipely/FYP-lesson-plan-generator/resolve/671ecfe8d2f93d61e28ccff829af400693abe96b/requirements.txt,671ecfe8d2f93d61e28ccff829af400693abe96b,579231809e93b5995fb5e525cdf67faaccc760bbb11bb60de3c521b3d0284092,Lipely/FYP-lesson-plan-generator,200,,
1125,2026-08-30T21:36:55.725164+00:00,src/streamlit_app.py,https://huggingface.co/spaces/Lipely/FYP-lesson-plan-generator/resolve/671ecfe8d2f93d61e28ccff829af400693abe96b/src/streamlit_app.py,671ecfe8d2f93d61e28ccff829af400693abe96b,67c3220df70c5f085a360e92abd29ba4c9f56cbd5ffcab04cd45ba6096794b04,Lipely/FYP-lesson-plan-generator,200,,
250,2026-08-30T21:36:58.544518+00:00,README.md,https://huggingface.co/spaces/LoveJesus/biblical-language-tutor-chirho/resolve/83f56b9a7dbcbf4e659eabf45b21d93683caa785/README.md,83f56b9a7dbcbf4e659eabf45b21d93683caa785,51ad0e32935d9ee379bb83b13f2f2c5c0c76f44f69cd631ee7a924d3f4a702f8,LoveJesus/biblical-language-tutor-chirho,200,,
15459,2026-08-30T21:36:59.050412+00:00,app.py,https://huggingface.co/spaces/LoveJesus/biblical-language-tutor-chirho/resolve/83f56b9a7dbcbf4e659eabf45b21d93683caa785/app.py,83f56b9a7dbcbf4e659eabf45b21d93683caa785,e9160cd58579b49dd2468d6c704c817ef4fbe9052d4088d738ded7afdf68ef9f,LoveJesus/biblical-language-tutor-chirho,200,,
215,2026-08-30T21:36:59.031244+00:00,requirements.txt,https://huggingface.co/spaces/LoveJesus/biblical-language-tutor-chirho/resolve/83f56b9a7dbcbf4e659eabf45b21d93683caa785/requirements.txt,83f56b9a7dbcbf4e659eabf45b21d93683caa785,6ffb7bb0c09383c5984c017a6c171cafbce2f22258126b9a3d173991733d358a,LoveJesus/biblical-language-tutor-chirho,200,,
227,2026-08-30T21:37:01.567764+00:00,README.md,https://huggingface.co/spaces/Lune4/dahiratoul-edusphere-ai-learning-companion/resolve/ea2629c8208c983455a4ea69090bed8f5fdfa3c4/README.md,ea2629c8208c983455a4ea69090bed8f5fdfa3c4,1a55a5ae5804d98cbf596b38e717f343d05f7bca87758e546a4ff00b6af49d1b,Lune4/dahiratoul-edusphere-ai-learning-companion,200,,
546,2026-08-30T21:37:02.058598+00:00,index.html,https://huggingface.co/spaces/Lune4/dahiratoul-edusphere-ai-learning-companion/resolve/ea2629c8208c983455a4ea69090bed8f5fdfa3c4/index.html,ea2629c8208c983455a4ea69090bed8f5fdfa3c4,fef10b4e06879d75c496c1ce3e89410bff1b77bf51220f21570255d1f214580e,Lune4/dahiratoul-edusphere-ai-learning-companion,200,,
221,2026-08-30T21:37:04.895524+00:00,README.md,https://huggingface.co/spaces/MA32s/studygenie-ai-smarter-learning-companion/resolve/2ee4eafb9f8fa6675977ab9b2c4ffa41cda4d427/README.md,2ee4eafb9f8fa6675977ab9b2c4ffa41cda4d427,108105e650302f901d9f2ade9bebcfd3b10aef80aca8a5188a132b13581eacf9,MA32s/studygenie-ai-smarter-learning-companion,200,,
546,2026-08-30T21:37:05.402566+00:00,index.html,https://huggingface.co/spaces/MA32s/studygenie-ai-smarter-learning-companion/resolve/2ee4eafb9f8fa6675977ab9b2c4ffa41cda4d427/index.html,2ee4eafb9f8fa6675977ab9b2c4ffa41cda4d427,fef10b4e06879d75c496c1ce3e89410bff1b77bf51220f21570255d1f214580e,MA32s/studygenie-ai-smarter-learning-companion,200,,
239,2026-08-30T21:37:40.074829+00:00,README.md,https://huggingface.co/spaces/MMustafa313/RAG_Study_Assistant/resolve/58788dd4b37f5ab2a3c335078e1d788f953d4794/README.md,58788dd4b37f5ab2a3c335078e1d788f953d4794,d0c28a1f67d876bc7cb766614adff56977e86b4de3076682eccfe2fb0a3706a2,MMustafa313/RAG_Study_Assistant,200,,
3022,2026-08-30T21:37:40.571808+00:00,app.py,https://huggingface.co/spaces/MMustafa313/RAG_Study_Assistant/resolve/58788dd4b37f5ab2a3c335078e1d788f953d4794/app.py,58788dd4b37f5ab2a3c335078e1d788f953d4794,dd3e370b48ed806abfa44211c30081bb4d218b3a95eb16c50bbc9b243406614c,MMustafa313/RAG_Study_Assistant,200,,
52,2026-08-30T21:37:40.610648+00:00,requirements.txt,https://huggingface.co/spaces/MMustafa313/RAG_Study_Assistant/resolve/58788dd4b37f5ab2a3c335078e1d788f953d4794/requirements.txt,58788dd4b37f5ab2a3c335078e1d788f953d4794,1528cde64bab549451aa64bea09869ab609d44755f64a50d117d4e2b0a9868a9,MMustafa313/RAG_Study_Assistant,200,,
298,2026-08-30T21:37:53.705320+00:00,README.md,https://huggingface.co/spaces/MOrgan27/AI-study-assistant/resolve/9cf671a168f4d31c2c137bcbf9464101ad25e19f/README.md,9cf671a168f4d31c2c137bcbf9464101ad25e19f,5cdb2f14cbfbc7e8b75ddae48a1256a48999164e99a7f5c18bcba3f66f45612d,MOrgan27/AI-study-assistant,200,,
835,2026-08-30T21:37:54.212841+00:00,app.py,https://huggingface.co/spaces/MOrgan27/AI-study-assistant/resolve/9cf671a168f4d31c2c137bcbf9464101ad25e19f/app.py,9cf671a168f4d31c2c137bcbf9464101ad25e19f,cc3db37bc32fa799f28c2edc9848a8853fd21e59d859b7d4bd4074a2b0a45d8f,MOrgan27/AI-study-assistant,200,,
213,2026-08-30T21:37:05.897569+00:00,README.md,https://huggingface.co/spaces/Madishetti-Adarsh/studyassistant/resolve/6eb63138a22b197a3360aab8c7b4503833933a41/README.md,6eb63138a22b197a3360aab8c7b4503833933a41,82bd5e5ccbc4fdf778407776fa0916c7828fa75e197cf02aad0bb054029537b3,Madishetti-Adarsh/studyassistant,200,,
255,2026-08-30T21:37:06.438147+00:00,README.md,https://huggingface.co/spaces/Madni2025/MDCAT-AI-TUTOR/resolve/ee1cefb373a0c4d032579fe467dad7ad17a5b7a9/README.md,ee1cefb373a0c4d032579fe467dad7ad17a5b7a9,ef7474e0d28b7e2402360b713d807be4933ea0d22c45f8eeaf82b483f88bbd8f,Madni2025/MDCAT-AI-TUTOR,200,,
2234,2026-08-30T21:37:06.936044+00:00,app.py,https://huggingface.co/spaces/Madni2025/MDCAT-AI-TUTOR/resolve/ee1cefb373a0c4d032579fe467dad7ad17a5b7a9/app.py,ee1cefb373a0c4d032579fe467dad7ad17a5b7a9,fea7bea20defb4e7988f7f62a7409e3497021ba2d92699b9946192e61686989c,Madni2025/MDCAT-AI-TUTOR,200,,
11,2026-08-30T21:37:06.925728+00:00,requirements.txt,https://huggingface.co/spaces/Madni2025/MDCAT-AI-TUTOR/resolve/ee1cefb373a0c4d032579fe467dad7ad17a5b7a9/requirements.txt,ee1cefb373a0c4d032579fe467dad7ad17a5b7a9,9ece39c526c12a7c6d2fe8732b4711eff84ae0e0cbf4876b36807d9bd77228e6,Madni2025/MDCAT-AI-TUTOR,200,,
259,2026-08-30T21:37:07.539134+00:00,README.md,https://huggingface.co/spaces/Madni2025/MDCAT_AI_TUTOR/resolve/5ff32338743550685cc5191145c992262ffc614b/README.md,5ff32338743550685cc5191145c992262ffc614b,e68c7264ebdb9687d6979cb8af598ae59f3318cca41d09d2a8e75a498effd69a,Madni2025/MDCAT_AI_TUTOR,200,,
28681,2026-08-30T21:37:08.096442+00:00,app.py,https://huggingface.co/spaces/Madni2025/MDCAT_AI_TUTOR/resolve/5ff32338743550685cc5191145c992262ffc614b/app.py,5ff32338743550685cc5191145c992262ffc614b,d0c07ece9cabcab0b94787bab580f06187548a6f3baf888f652a938ca6dba910,Madni2025/MDCAT_AI_TUTOR,200,,
59,2026-08-30T21:37:08.090237+00:00,requirements.txt,https://huggingface.co/spaces/Madni2025/MDCAT_AI_TUTOR/resolve/5ff32338743550685cc5191145c992262ffc614b/requirements.txt,5ff32338743550685cc5191145c992262ffc614b,0cb1a63b9e3d76a6c05f669527ffd8d8f313b8d7071e47681bdde84a0599b67c,Madni2025/MDCAT_AI_TUTOR,200,,
271,2026-08-30T21:37:09.127106+00:00,README.md,https://huggingface.co/spaces/Mahin2812/shikshakgpt-gujarati-learning-companion/resolve/a0ed17619ce800fff148f3662e14019b9e05558a/README.md,a0ed17619ce800fff148f3662e14019b9e05558a,d187dbe6e360d634c4e556dac1569c4d622e9aabb81feb24e595b63b0c12e2be,Mahin2812/shikshakgpt-gujarati-learning-companion,200,,
5709,2026-08-30T21:37:09.646583+00:00,components/footer.js,https://huggingface.co/spaces/Mahin2812/shikshakgpt-gujarati-learning-companion/resolve/a0ed17619ce800fff148f3662e14019b9e05558a/components/footer.js,a0ed17619ce800fff148f3662e14019b9e05558a,8cfa8f4c436e873b1ce71b8e79b8ef4dc82398ba22938654f0d5d91e8c381c4e,Mahin2812/shikshakgpt-gujarati-learning-companion,200,,
3393,2026-08-30T21:37:09.634450+00:00,components/navbar.js,https://huggingface.co/spaces/Mahin2812/shikshakgpt-gujarati-learning-companion/resolve/a0ed17619ce800fff148f3662e14019b9e05558a/components/navbar.js,a0ed17619ce800fff148f3662e14019b9e05558a,f9e09d8e1ec0350a66d46ce84781343e6cdf6bac118fee3fbca0384690770d23,Mahin2812/shikshakgpt-gujarati-learning-companion,200,,
13778,2026-08-30T21:37:09.708114+00:00,index.html,https://huggingface.co/spaces/Mahin2812/shikshakgpt-gujarati-learning-companion/resolve/a0ed17619ce800fff148f3662e14019b9e05558a/index.html,a0ed17619ce800fff148f3662e14019b9e05558a,2547271ed39986d4f1116164de3eddac466cfdfee6fb115b21ed970124b1c5da,Mahin2812/shikshakgpt-gujarati-learning-companion,200,,
7361,2026-08-30T21:37:09.649380+00:00,script.js,https://huggingface.co/spaces/Mahin2812/shikshakgpt-gujarati-learning-companion/resolve/a0ed17619ce800fff148f3662e14019b9e05558a/script.js,a0ed17619ce800fff148f3662e14019b9e05558a,70130ef602ead066a3b9b2dede141eb72c5d3cfc5f7181141bbabf2d9410aae4,Mahin2812/shikshakgpt-gujarati-learning-companion,200,,
318,2026-08-30T21:37:11.366359+00:00,README.md,https://huggingface.co/spaces/ManarMagdy6/Professional-Quiz-Generator/resolve/61dbb271358d027e7845c8568ccb21c7dbe9196f/README.md,61dbb271358d027e7845c8568ccb21c7dbe9196f,a781d05186ff325625662827cb1e1f9e06f0c6e0d9b65be6a733d371d096ff8b,ManarMagdy6/Professional-Quiz-Generator,200,,
3307,2026-08-30T21:37:11.959969+00:00,app.py,https://huggingface.co/spaces/ManarMagdy6/Professional-Quiz-Generator/resolve/61dbb271358d027e7845c8568ccb21c7dbe9196f/app.py,61dbb271358d027e7845c8568ccb21c7dbe9196f,f41455ffb39300f26647ae79c67b89404d73739f02504ea4f15eb6a882980b9e,ManarMagdy6/Professional-Quiz-Generator,200,,
28,2026-08-30T21:37:12.020519+00:00,requirements.txt,https://huggingface.co/spaces/ManarMagdy6/Professional-Quiz-Generator/resolve/61dbb271358d027e7845c8568ccb21c7dbe9196f/requirements.txt,61dbb271358d027e7845c8568ccb21c7dbe9196f,985217f1f9d9b1ba9f20e715bb25f6744d65f311d3cf31132040b59532309f35,ManarMagdy6/Professional-Quiz-Generator,200,,
207,2026-08-30T21:37:12.676893+00:00,README.md,https://huggingface.co/spaces/Mani-krishna/StudyAssistant/resolve/196c4c297c7ce25315377ceb1e2519ee8635491a/README.md,196c4c297c7ce25315377ceb1e2519ee8635491a,da40a3ee2a29a06ed030da8cc47648f2929f3b215c97b01b0cf692dce2e7c351,Mani-krishna/StudyAssistant,200,,
1716,2026-09-02T19:08:52.750168+00:00,app.py,https://huggingface.co/spaces/Mani-krishna/StudyAssistant/resolve/196c4c297c7ce25315377ceb1e2519ee8635491a/app.py,196c4c297c7ce25315377ceb1e2519ee8635491a,1119aacb11d36585498da59595272c9c656ff188bfdd76c724b7422c4ab38c93,Mani-krishna/StudyAssistant,200,lossless-v2,utf-8
546,2026-09-02T19:08:52.687212+00:00,index.html,https://huggingface.co/spaces/Mani-krishna/StudyAssistant/resolve/196c4c297c7ce25315377ceb1e2519ee8635491a/index.html,196c4c297c7ce25315377ceb1e2519ee8635491a,fef10b4e06879d75c496c1ce3e89410bff1b77bf51220f21570255d1f214580e,Mani-krishna/StudyAssistant,200,lossless-v2,utf-8
20,2026-09-02T19:08:52.960159+00:00,requirements.txt,https://huggingface.co/spaces/Mani-krishna/StudyAssistant/resolve/196c4c297c7ce25315377ceb1e2519ee8635491a/requirements.txt,196c4c297c7ce25315377ceb1e2519ee8635491a,6f1756c6ef672af0d7db4cad79cfc682868d203d904a5b6aa55db9c2017ca5ad,Mani-krishna/StudyAssistant,200,lossless-v2,utf-8
251,2026-08-30T21:37:13.172857+00:00,README.md,https://huggingface.co/spaces/Manikanta2793/my-study-assistant/resolve/faa38f10168490115b2d890f08a4a551afd871d8/README.md,faa38f10168490115b2d890f08a4a551afd871d8,39d343ea37bd334aca6643912b69154b9a0022316b185e0d92bc975e5b1734f4,Manikanta2793/my-study-assistant,200,,
1,2026-08-30T21:37:13.679732+00:00,app.py,https://huggingface.co/spaces/Manikanta2793/my-study-assistant/resolve/faa38f10168490115b2d890f08a4a551afd871d8/app.py,faa38f10168490115b2d890f08a4a551afd871d8,36a9e7f1c95b82ffb99743e0c5c4ce95d83c9a430aac59f84ef3cbfab6145068,Manikanta2793/my-study-assistant,200,,
20,2026-08-30T21:37:13.694312+00:00,requirements.txt,https://huggingface.co/spaces/Manikanta2793/my-study-assistant/resolve/faa38f10168490115b2d890f08a4a551afd871d8/requirements.txt,faa38f10168490115b2d890f08a4a551afd871d8,95b4ef97b952c34747ec62bd11226237b56adcd53182fcd706b2f2be09c37c53,Manikanta2793/my-study-assistant,200,,
5904,2026-08-30T21:37:15.777118+00:00,README.md,https://huggingface.co/spaces/Maram-almasary/AI_Study_Assistant/resolve/f20805d64f0b55f7b240af38394225fa0615be60/README.md,f20805d64f0b55f7b240af38394225fa0615be60,24f51ef3cf6558c71d70f8fb99bd4048191282a585bd3a8782e3b6e65813d19c,Maram-almasary/AI_Study_Assistant,200,,
7814,2026-08-30T21:37:16.370411+00:00,app.py,https://huggingface.co/spaces/Maram-almasary/AI_Study_Assistant/resolve/f20805d64f0b55f7b240af38394225fa0615be60/app.py,f20805d64f0b55f7b240af38394225fa0615be60,86a5f7163860168e7caa7e9931711d98caf5c194ab9fff125fe4659047c8cf6a,Maram-almasary/AI_Study_Assistant,200,,
66,2026-08-30T21:37:16.386835+00:00,requirements.txt,https://huggingface.co/spaces/Maram-almasary/AI_Study_Assistant/resolve/f20805d64f0b55f7b240af38394225fa0615be60/requirements.txt,f20805d64f0b55f7b240af38394225fa0615be60,e765a401237b3391daf966b721bcaad8b139ad38a5d211958973d890e10d1e9f,Maram-almasary/AI_Study_Assistant,200,,
224,2026-08-30T21:37:19.130464+00:00,README.md,https://huggingface.co/spaces/Maric28561/hellocode-mobile-app-the-learning-companion/resolve/73c35886e79d004311e168fcb8349cae5cbe2ef3/README.md,73c35886e79d004311e168fcb8349cae5cbe2ef3,e25c5f62a4c7757f1ae4a97aa3b9921604780e9582da1061531e42bdb322ecb4,Maric28561/hellocode-mobile-app-the-learning-companion,200,,
546,2026-08-30T21:37:19.659919+00:00,index.html,https://huggingface.co/spaces/Maric28561/hellocode-mobile-app-the-learning-companion/resolve/73c35886e79d004311e168fcb8349cae5cbe2ef3/index.html,73c35886e79d004311e168fcb8349cae5cbe2ef3,fef10b4e06879d75c496c1ce3e89410bff1b77bf51220f21570255d1f214580e,Maric28561/hellocode-mobile-app-the-learning-companion,200,,
1565,2026-08-30T21:37:22.381744+00:00,README.md,https://huggingface.co/spaces/Masterlew/math-tutor-chatbot/resolve/75c0f32f9624c2fcd78f83ba1ef190edcdf048c0/README.md,75c0f32f9624c2fcd78f83ba1ef190edcdf048c0,70beb13ae637ee414c3e3617ce0e40f6bd36b944162b771047e07b53dc012c6f,Masterlew/math-tutor-chatbot,200,,
2550,2026-08-30T21:37:22.889817+00:00,Sample PDF.py,https://huggingface.co/spaces/Masterlew/math-tutor-chatbot/resolve/75c0f32f9624c2fcd78f83ba1ef190edcdf048c0/Sample%20PDF.py,75c0f32f9624c2fcd78f83ba1ef190edcdf048c0,77c8ab33b37a105dd297ef951e586a690f42e8567f1b3af4af4a8aaff108da76,Masterlew/math-tutor-chatbot,200,,
9356,2026-08-30T21:37:22.902750+00:00,app.py,https://huggingface.co/spaces/Masterlew/math-tutor-chatbot/resolve/75c0f32f9624c2fcd78f83ba1ef190edcdf048c0/app.py,75c0f32f9624c2fcd78f83ba1ef190edcdf048c0,daf737bf6d3071a40b8d859e9a4cd6ea054e6b45db33e416c4c553f5ea26d70a,Masterlew/math-tutor-chatbot,200,,
213,2026-08-30T21:37:22.934273+00:00,requirements.txt,https://huggingface.co/spaces/Masterlew/math-tutor-chatbot/resolve/75c0f32f9624c2fcd78f83ba1ef190edcdf048c0/requirements.txt,75c0f32f9624c2fcd78f83ba1ef190edcdf048c0,ff9a649304a016ca5b263424304ff39e2d0496aa5b75de3cfddbb903911acda2,Masterlew/math-tutor-chatbot,200,,
6594,2026-08-30T21:37:22.922595+00:00,setup.py,https://huggingface.co/spaces/Masterlew/math-tutor-chatbot/resolve/75c0f32f9624c2fcd78f83ba1ef190edcdf048c0/setup.py,75c0f32f9624c2fcd78f83ba1ef190edcdf048c0,8201f202c2c0f9b66994ed2f6d4d03d919749f5ff1f4b6ade81a94b725d66b6f,Masterlew/math-tutor-chatbot,200,,
291,2026-08-30T21:37:27.067928+00:00,README.md,https://huggingface.co/spaces/MeetThakkar/quiz-generator/resolve/cee567f53cec7c6fd3314f658983507f496ec72c/README.md,cee567f53cec7c6fd3314f658983507f496ec72c,692d5f1682e270064e670375abf2fa3f9c16169a8e3eb02d549ed901f30e5f69,MeetThakkar/quiz-generator,200,,
1452,2026-08-30T21:37:27.583435+00:00,app.py,https://huggingface.co/spaces/MeetThakkar/quiz-generator/resolve/cee567f53cec7c6fd3314f658983507f496ec72c/app.py,cee567f53cec7c6fd3314f658983507f496ec72c,b4fc6515e6d40ae01da00620a158568508c50627294b8b3b8705e3fa1207789a,MeetThakkar/quiz-generator,200,,
44,2026-08-30T21:37:27.575098+00:00,requirements.txt,https://huggingface.co/spaces/MeetThakkar/quiz-generator/resolve/cee567f53cec7c6fd3314f658983507f496ec72c/requirements.txt,cee567f53cec7c6fd3314f658983507f496ec72c,a05fc21e51544d907371177294eedcc1701a8aed63fe5a2e995ce5c5491fa338,MeetThakkar/quiz-generator,200,,
253,2026-08-30T21:37:28.130269+00:00,README.md,https://huggingface.co/spaces/Megana10/ai_study_assistant/resolve/11ecc77d27940c3fd8030264f4b5a3d78578dc1a/README.md,11ecc77d27940c3fd8030264f4b5a3d78578dc1a,bad7ada6d4621588184c6ae2fc910e2e6b43218cf27f600dfe7b3a3dbf2e3c39,Megana10/ai_study_assistant,200,,
1730,2026-08-30T21:37:28.645066+00:00,app.py,https://huggingface.co/spaces/Megana10/ai_study_assistant/resolve/11ecc77d27940c3fd8030264f4b5a3d78578dc1a/app.py,11ecc77d27940c3fd8030264f4b5a3d78578dc1a,5b96619fa0090e05ebd2b6f4c7ded64dfba8cc6260e9f3b0c9368cd80d46adae,Megana10/ai_study_assistant,200,,
20,2026-08-30T21:37:28.634651+00:00,requirements.txt,https://huggingface.co/spaces/Megana10/ai_study_assistant/resolve/11ecc77d27940c3fd8030264f4b5a3d78578dc1a/requirements.txt,11ecc77d27940c3fd8030264f4b5a3d78578dc1a,95b4ef97b952c34747ec62bd11226237b56adcd53182fcd706b2f2be09c37c53,Megana10/ai_study_assistant,200,,
405,2026-08-30T21:37:29.141987+00:00,README.md,https://huggingface.co/spaces/Mehak0711/AI_TUTOR/resolve/de050778e9c02cd2f76b38564cde91f6e89a19e6/README.md,de050778e9c02cd2f76b38564cde91f6e89a19e6,83493596adc2a5e9c5b6abeeb43ae0a098f028d00f3bc7b317e80a1b434a5efa,Mehak0711/AI_TUTOR,200,,
1807,2026-08-30T21:37:29.635174+00:00,app.py,https://huggingface.co/spaces/Mehak0711/AI_TUTOR/resolve/de050778e9c02cd2f76b38564cde91f6e89a19e6/app.py,de050778e9c02cd2f76b38564cde91f6e89a19e6,14b641f463b506c7ef4371216f6552e9ff06d97b079ac8b63ad3e3c1e08265a3,Mehak0711/AI_TUTOR,200,,
21,2026-08-30T21:37:29.657330+00:00,requirements.txt,https://huggingface.co/spaces/Mehak0711/AI_TUTOR/resolve/de050778e9c02cd2f76b38564cde91f6e89a19e6/requirements.txt,de050778e9c02cd2f76b38564cde91f6e89a19e6,a16d0dc029a6c9bb7cbf2be248e443422f8d9cd850e03c0df446c32e79740906,Mehak0711/AI_TUTOR,200,,
288,2026-08-30T21:37:31.169191+00:00,README.md,https://huggingface.co/spaces/Mehrann123/AI-tutor/resolve/8c35256a4436dfed78822e3414f4f606f5614bd5/README.md,8c35256a4436dfed78822e3414f4f606f5614bd5,229d22e1a17eccb2b9cec35c70d290446b4ccd991c8e1b135f4d7f0feed14f7f,Mehrann123/AI-tutor,200,,
1651,2026-08-30T21:37:31.662735+00:00,app.py,https://huggingface.co/spaces/Mehrann123/AI-tutor/resolve/8c35256a4436dfed78822e3414f4f606f5614bd5/app.py,8c35256a4436dfed78822e3414f4f606f5614bd5,fa27d931f68d0006c803db5f0d94161ea31ea7f29124adc1030f24d3b828442c,Mehrann123/AI-tutor,200,,
52,2026-08-30T21:37:31.770715+00:00,requirements.txt,https://huggingface.co/spaces/Mehrann123/AI-tutor/resolve/8c35256a4436dfed78822e3414f4f606f5614bd5/requirements.txt,8c35256a4436dfed78822e3414f4f606f5614bd5,620c88f036c78f6e9b71c480775224a87a36aaaa4c29d40e945814ac633e5550,Mehrann123/AI-tutor,200,,
340,2026-08-30T21:37:32.259178+00:00,README.md,https://huggingface.co/spaces/Mehrann123/MMB-Quiz-Generator/resolve/b1937996f278aa1f8ac4955ed1f6e3d732a821b3/README.md,b1937996f278aa1f8ac4955ed1f6e3d732a821b3,d3799595cf0ba3ea875fb92ef16d5d201851aaf71350921cb19e9845abc46fe1,Mehrann123/MMB-Quiz-Generator,200,,
24664,2026-08-30T21:37:32.764132+00:00,app.py,https://huggingface.co/spaces/Mehrann123/MMB-Quiz-Generator/resolve/b1937996f278aa1f8ac4955ed1f6e3d732a821b3/app.py,b1937996f278aa1f8ac4955ed1f6e3d732a821b3,874e5f69dc216d390f09caa745f114a6b79d0a585f05305c54a0ef17be47bcfc,Mehrann123/MMB-Quiz-Generator,200,,
92,2026-08-30T21:37:32.786821+00:00,requirements.txt,https://huggingface.co/spaces/Mehrann123/MMB-Quiz-Generator/resolve/b1937996f278aa1f8ac4955ed1f6e3d732a821b3/requirements.txt,b1937996f278aa1f8ac4955ed1f6e3d732a821b3,ab350b17c47a88e98e29cd40091ea3a0dec0f0bdea8a3f318df4cfee5d6e1f38,Mehrann123/MMB-Quiz-Generator,200,,
269,2026-08-30T21:37:37.474045+00:00,README.md,https://huggingface.co/spaces/MiltonTech1245/math-ai-tutor/resolve/fcffeed5e8ec71887561f89cde207b784437a940/README.md,fcffeed5e8ec71887561f89cde207b784437a940,1527f08f0e05b647f51e254931b253ccaf1c93a318ec1cf063e59a607859b214,MiltonTech1245/math-ai-tutor,200,,
1593,2026-08-30T21:37:37.995751+00:00,index.html,https://huggingface.co/spaces/MiltonTech1245/math-ai-tutor/resolve/fcffeed5e8ec71887561f89cde207b784437a940/index.html,fcffeed5e8ec71887561f89cde207b784437a940,31ca6b36d8fddcc52267ca316e92f7ae1b32325e62c577409d5de2992f382dee,MiltonTech1245/math-ai-tutor,200,,
256,2026-08-30T21:37:41.125615+00:00,README.md,https://huggingface.co/spaces/MoCode/basset-english-learning-companion/resolve/3a195eca30e96005e9a2bb6ddbac1a53144348f3/README.md,3a195eca30e96005e9a2bb6ddbac1a53144348f3,2525ddf8971a5ea9e9477abc5f0f2ad53d12273261fc74042a3ef6dc9d39889a,MoCode/basset-english-learning-companion,200,,
10177,2026-08-30T21:37:41.752411+00:00,courses.html,https://huggingface.co/spaces/MoCode/basset-english-learning-companion/resolve/3a195eca30e96005e9a2bb6ddbac1a53144348f3/courses.html,3a195eca30e96005e9a2bb6ddbac1a53144348f3,501fc4c3c360a06ad87bb62b19208e7a9ff0084505fa1e3097433c608eae21ef,MoCode/basset-english-learning-companion,200,,
3569,2026-08-30T21:37:41.659015+00:00,dashboard.html,https://huggingface.co/spaces/MoCode/basset-english-learning-companion/resolve/3a195eca30e96005e9a2bb6ddbac1a53144348f3/dashboard.html,3a195eca30e96005e9a2bb6ddbac1a53144348f3,0fc88d19567f2a05408a2f1fc09851f26803d6da05cbe65d326143a85f5b32ef,MoCode/basset-english-learning-companion,200,,
14152,2026-08-30T21:37:41.684846+00:00,index.html,https://huggingface.co/spaces/MoCode/basset-english-learning-companion/resolve/3a195eca30e96005e9a2bb6ddbac1a53144348f3/index.html,3a195eca30e96005e9a2bb6ddbac1a53144348f3,c7adfed412cf91cf188cfdd7f834ac53e753470a240f4aea9036ec6c007a7157,MoCode/basset-english-learning-companion,200,,
5555,2026-08-30T21:37:41.746761+00:00,login.html,https://huggingface.co/spaces/MoCode/basset-english-learning-companion/resolve/3a195eca30e96005e9a2bb6ddbac1a53144348f3/login.html,3a195eca30e96005e9a2bb6ddbac1a53144348f3,fd49e99a62ce8bc17a06b1da9eee11692b130a1c4ec618cd83cfdeeb4ae9a218,MoCode/basset-english-learning-companion,200,,
6291,2026-08-30T21:37:41.679176+00:00,progress.html,https://huggingface.co/spaces/MoCode/basset-english-learning-companion/resolve/3a195eca30e96005e9a2bb6ddbac1a53144348f3/progress.html,3a195eca30e96005e9a2bb6ddbac1a53144348f3,0e490ad3e76a5082bc1821b074be66db31b0335e64ffe028ed2dfa6e15e3f688,MoCode/basset-english-learning-companion,200,,
6882,2026-08-30T21:37:41.667841+00:00,register.html,https://huggingface.co/spaces/MoCode/basset-english-learning-companion/resolve/3a195eca30e96005e9a2bb6ddbac1a53144348f3/register.html,3a195eca30e96005e9a2bb6ddbac1a53144348f3,ac38bbb0b9d3f0e158a823807939a1b4a614c3fe6edb15fe0556c27a7b14c952,MoCode/basset-english-learning-companion,200,,
273,2026-08-30T21:37:45.689938+00:00,README.md,https://huggingface.co/spaces/Mohamed25412/eduspark-ai-smart-learning-companion/resolve/eead69714bee09f2e3ae02c52255d9770e8117bb/README.md,eead69714bee09f2e3ae02c52255d9770e8117bb,a19e6c42c833e15dae117a683ecd462942597486c4c361354b59dd9d389b7433,Mohamed25412/eduspark-ai-smart-learning-companion,200,,
2494,2026-08-30T21:37:46.187581+00:00,components/navbar.js,https://huggingface.co/spaces/Mohamed25412/eduspark-ai-smart-learning-companion/resolve/eead69714bee09f2e3ae02c52255d9770e8117bb/components/navbar.js,eead69714bee09f2e3ae02c52255d9770e8117bb,05d977474457df809901b8f02447adfb13afd6353bed56f30b7ce62f9956fca8,Mohamed25412/eduspark-ai-smart-learning-companion,200,,
7571,2026-08-30T21:37:46.199587+00:00,index.html,https://huggingface.co/spaces/Mohamed25412/eduspark-ai-smart-learning-companion/resolve/eead69714bee09f2e3ae02c52255d9770e8117bb/index.html,eead69714bee09f2e3ae02c52255d9770e8117bb,0e0b3108d7296576b66f96d09aa34bba42f4f7f358cb19ce9bfc1c82885c69d3,Mohamed25412/eduspark-ai-smart-learning-companion,200,,
4376,2026-08-30T21:37:46.204508+00:00,login.html,https://huggingface.co/spaces/Mohamed25412/eduspark-ai-smart-learning-companion/resolve/eead69714bee09f2e3ae02c52255d9770e8117bb/login.html,eead69714bee09f2e3ae02c52255d9770e8117bb,3eb644dd83ead96d2503f4d5693541add07083a4555d46bcf9deace77b8d0fd7,Mohamed25412/eduspark-ai-smart-learning-companion,200,,
2075,2026-08-30T21:37:46.203253+00:00,script.js,https://huggingface.co/spaces/Mohamed25412/eduspark-ai-smart-learning-companion/resolve/eead69714bee09f2e3ae02c52255d9770e8117bb/script.js,eead69714bee09f2e3ae02c52255d9770e8117bb,eb70c90d61f2aa98ffc55a4bbc4b4d7f69abe3a8c31901de18ad66e81b4d7178,Mohamed25412/eduspark-ai-smart-learning-companion,200,,
344,2026-08-30T21:37:46.728503+00:00,README.md,https://huggingface.co/spaces/MohammadYaseen/personalized-study-assistant-chatbot/resolve/43d4e9dd2a4d30cc4ec3a0293681e95d5cef72d5/README.md,43d4e9dd2a4d30cc4ec3a0293681e95d5cef72d5,1859c1f8135392bb364356117a9a506530067eb091e815bc4ca0c4e1a2845a68,MohammadYaseen/personalized-study-assistant-chatbot,200,,
2616,2026-08-30T21:37:47.224845+00:00,app.py,https://huggingface.co/spaces/MohammadYaseen/personalized-study-assistant-chatbot/resolve/43d4e9dd2a4d30cc4ec3a0293681e95d5cef72d5/app.py,43d4e9dd2a4d30cc4ec3a0293681e95d5cef72d5,b897c9e681221fba8d2746a742cf68e47622a48c49cae330d2e7f327283786cc,MohammadYaseen/personalized-study-assistant-chatbot,200,,
29,2026-08-30T21:37:47.251659+00:00,requirements.txt,https://huggingface.co/spaces/MohammadYaseen/personalized-study-assistant-chatbot/resolve/43d4e9dd2a4d30cc4ec3a0293681e95d5cef72d5/requirements.txt,43d4e9dd2a4d30cc4ec3a0293681e95d5cef72d5,f06d71082d5c421e125dcc136fcb5658956dc570e3a319ad15e8bf46b3834d2f,MohammadYaseen/personalized-study-assistant-chatbot,200,,
201,2026-08-30T21:37:48.770691+00:00,README.md,https://huggingface.co/spaces/Mohd-Dilshan/ai-quiz-generator/resolve/9d45c6f974fc207f13437ea76176348382f9e698/README.md,9d45c6f974fc207f13437ea76176348382f9e698,8496c194b8173eb23f4902fadf288ba3e347f4a66bd5eb4f5a9e25e3dffc4378,Mohd-Dilshan/ai-quiz-generator,200,,
1169,2026-08-30T21:37:49.280896+00:00,app.py,https://huggingface.co/spaces/Mohd-Dilshan/ai-quiz-generator/resolve/9d45c6f974fc207f13437ea76176348382f9e698/app.py,9d45c6f974fc207f13437ea76176348382f9e698,0648786e7fb50e520e8b8844b1670888ee1810073ba22213a8fd4604f9c2f838,Mohd-Dilshan/ai-quiz-generator,200,,
33,2026-08-30T21:37:49.280588+00:00,requirements.txt,https://huggingface.co/spaces/Mohd-Dilshan/ai-quiz-generator/resolve/9d45c6f974fc207f13437ea76176348382f9e698/requirements.txt,9d45c6f974fc207f13437ea76176348382f9e698,596c4c1fadabd9a267e7f15f661f406a9a2ded4e24affdc74a90aad15bffd8fb,Mohd-Dilshan/ai-quiz-generator,200,,
1255,2026-08-30T21:37:49.290116+00:00,templates/index.html,https://huggingface.co/spaces/Mohd-Dilshan/ai-quiz-generator/resolve/9d45c6f974fc207f13437ea76176348382f9e698/templates/index.html,9d45c6f974fc207f13437ea76176348382f9e698,9a9b878498ef3bb5be07321e7480d727af864af0c0ebca4661ce5e86a0fcd701,Mohd-Dilshan/ai-quiz-generator,200,,
783,2026-08-30T21:37:49.283835+00:00,templates/result.html,https://huggingface.co/spaces/Mohd-Dilshan/ai-quiz-generator/resolve/9d45c6f974fc207f13437ea76176348382f9e698/templates/result.html,9d45c6f974fc207f13437ea76176348382f9e698,677697cc4f7bb8bcec9eea996b5500ba8ca74bfbbcd53ac2a0c10045b31052ad,Mohd-Dilshan/ai-quiz-generator,200,,
243,2026-08-30T21:37:49.785263+00:00,README.md,https://huggingface.co/spaces/Mohit99Chand/EducationalAIChatbot/resolve/43317b5fccc4125c2d7772090421db6d337ba1bf/README.md,43317b5fccc4125c2d7772090421db6d337ba1bf,bc61ced256fa60fd35efaffe194ae86e1b40aac63881887e20ea1a8ec658a45c,Mohit99Chand/EducationalAIChatbot,200,,
4024,2026-09-02T19:08:55.422783+00:00,app.py,https://huggingface.co/spaces/Mohit99Chand/EducationalAIChatbot/resolve/43317b5fccc4125c2d7772090421db6d337ba1bf/app.py,43317b5fccc4125c2d7772090421db6d337ba1bf,f117ab44d627dd4551869ec4ad33a0fb3de4d13b248bc7c548383e3d1580e8f3,Mohit99Chand/EducationalAIChatbot,200,lossless-v2,utf-8
131,2026-09-02T19:08:55.197983+00:00,requirements.txt,https://huggingface.co/spaces/Mohit99Chand/EducationalAIChatbot/resolve/43317b5fccc4125c2d7772090421db6d337ba1bf/requirements.txt,43317b5fccc4125c2d7772090421db6d337ba1bf,af1ad71ab7744d38e494a587620db7a4517eb7237ce8dc9f198b5c387f0f7203,Mohit99Chand/EducationalAIChatbot,200,lossless-v2,utf-8
260,2026-08-30T21:37:50.296921+00:00,README.md,https://huggingface.co/spaces/Mohitha/Conversational_AI_Data_Science_Tutor/resolve/fb260a0648f4ec12d22f218f2e0fe5da4c893737/README.md,fb260a0648f4ec12d22f218f2e0fe5da4c893737,08a0e3a76a05428234027e3dfd69359cbd163d557b97efd88d86a55759586d19,Mohitha/Conversational_AI_Data_Science_Tutor,200,,
2292,2026-08-30T21:37:50.786268+00:00,main.py,https://huggingface.co/spaces/Mohitha/Conversational_AI_Data_Science_Tutor/resolve/fb260a0648f4ec12d22f218f2e0fe5da4c893737/main.py,fb260a0648f4ec12d22f218f2e0fe5da4c893737,0928625118bf0ecddb4c0f1967e5c9c4d032cfec77db024ecbaa89128bcd5c29,Mohitha/Conversational_AI_Data_Science_Tutor,200,,
70,2026-08-30T21:37:50.876623+00:00,requirements.txt,https://huggingface.co/spaces/Mohitha/Conversational_AI_Data_Science_Tutor/resolve/fb260a0648f4ec12d22f218f2e0fe5da4c893737/requirements.txt,fb260a0648f4ec12d22f218f2e0fe5da4c893737,7d790b5d36c9efb42e4d20a0e4ceed2da96906f5e8c5a3c469ad06f4132644ae,Mohitha/Conversational_AI_Data_Science_Tutor,200,,
6765,2026-08-30T21:37:52.661482+00:00,README.md,https://huggingface.co/spaces/Moon33/linda-quiz-generator/resolve/298c13b1eaf7d9d734f210f3eeb025a5e1e87240/README.md,298c13b1eaf7d9d734f210f3eeb025a5e1e87240,b684ba56fa6896b3870e75c12882c80cd84d7ccd21df0eb09f1e1261b5ace96d,Moon33/linda-quiz-generator,200,,
0,2026-08-30T21:37:52.917933+00:00,data_input/README.md,https://huggingface.co/spaces/Moon33/linda-quiz-generator/resolve/298c13b1eaf7d9d734f210f3eeb025a5e1e87240/data_input/README.md,298c13b1eaf7d9d734f210f3eeb025a5e1e87240,e3b0c44298fc1c149afbf4c8996fb92427ae41e4649b934ca495991b7852b855,Moon33/linda-quiz-generator,200,,
60079,2026-08-30T21:37:53.175851+00:00,linda_test_eval2.py,https://huggingface.co/spaces/Moon33/linda-quiz-generator/resolve/298c13b1eaf7d9d734f210f3eeb025a5e1e87240/linda_test_eval2.py,298c13b1eaf7d9d734f210f3eeb025a5e1e87240,a6cb78509205b49bfd45b8dacdebeec340e4cd6f7a864af96543a3c3238eb087,Moon33/linda-quiz-generator,200,,
63,2026-08-30T21:37:53.183473+00:00,requirements.txt,https://huggingface.co/spaces/Moon33/linda-quiz-generator/resolve/298c13b1eaf7d9d734f210f3eeb025a5e1e87240/requirements.txt,298c13b1eaf7d9d734f210f3eeb025a5e1e87240,a95f489db551428f71d8dcb31a0ff68bc45674cb9bb5c36440b06061f5065f91,Moon33/linda-quiz-generator,200,,
300,2026-08-30T21:37:58.010935+00:00,README.md,https://huggingface.co/spaces/Mpavan45/Ai_Data-Science_Tutor/resolve/25184619a5ff46d1f4df9c176b3a39f8d305a940/README.md,25184619a5ff46d1f4df9c176b3a39f8d305a940,9dba561ae96f72cf5ad816379b8606944209d406f9fc64ac687479988ade29da,Mpavan45/Ai_Data-Science_Tutor,200,,
5223,2026-08-30T21:37:58.532991+00:00,app.py,https://huggingface.co/spaces/Mpavan45/Ai_Data-Science_Tutor/resolve/25184619a5ff46d1f4df9c176b3a39f8d305a940/app.py,25184619a5ff46d1f4df9c176b3a39f8d305a940,c2d2a2b5a5467ccf49effc0cce0d416172dcaa7b2efbd1556054b720e238eb06,Mpavan45/Ai_Data-Science_Tutor,200,,
93,2026-08-30T21:37:58.522588+00:00,requirements.txt,https://huggingface.co/spaces/Mpavan45/Ai_Data-Science_Tutor/resolve/25184619a5ff46d1f4df9c176b3a39f8d305a940/requirements.txt,25184619a5ff46d1f4df9c176b3a39f8d305a940,cab2ffdad9b38f745375fce1280f2d7741dfa09186487881ae3a3f050ac19d4b,Mpavan45/Ai_Data-Science_Tutor,200,,
335,2026-08-30T21:38:00.069118+00:00,README.md,https://huggingface.co/spaces/MrNittu/ai-gym-tutor/resolve/7b81ddf22586276009309f578ac243c7a8868ffb/README.md,7b81ddf22586276009309f578ac243c7a8868ffb,2c0a5b53588c145af510f5468d8bfc5e183bd14ca6aa993d45f6670e7e864d29,MrNittu/ai-gym-tutor,200,,
17071,2026-08-30T21:38:00.590339+00:00,app.py,https://huggingface.co/spaces/MrNittu/ai-gym-tutor/resolve/7b81ddf22586276009309f578ac243c7a8868ffb/app.py,7b81ddf22586276009309f578ac243c7a8868ffb,d398f542e4a506e1c1d0ae028237806d0f1e98c38d36084b3cd0775ca0bc5016,MrNittu/ai-gym-tutor,200,,
0,2026-08-30T21:38:00.454793+00:00,components/ai_chat.py,https://huggingface.co/spaces/MrNittu/ai-gym-tutor/resolve/7b81ddf22586276009309f578ac243c7a8868ffb/components/ai_chat.py,7b81ddf22586276009309f578ac243c7a8868ffb,e3b0c44298fc1c149afbf4c8996fb92427ae41e4649b934ca495991b7852b855,MrNittu/ai-gym-tutor,200,,
994,2026-08-30T21:38:00.589910+00:00,components/hero.py,https://huggingface.co/spaces/MrNittu/ai-gym-tutor/resolve/7b81ddf22586276009309f578ac243c7a8868ffb/components/hero.py,7b81ddf22586276009309f578ac243c7a8868ffb,9efc409625bf1b4e4d177c215243003d84194577e6adb98dcb9b98439e4ec8ea,MrNittu/ai-gym-tutor,200,,
0,2026-08-30T21:38:00.315331+00:00,components/metrics.py,https://huggingface.co/spaces/MrNittu/ai-gym-tutor/resolve/7b81ddf22586276009309f578ac243c7a8868ffb/components/metrics.py,7b81ddf22586276009309f578ac243c7a8868ffb,e3b0c44298fc1c149afbf4c8996fb92427ae41e4649b934ca495991b7852b855,MrNittu/ai-gym-tutor,200,,
898,2026-08-30T21:38:00.640804+00:00,components/sidebar.py,https://huggingface.co/spaces/MrNittu/ai-gym-tutor/resolve/7b81ddf22586276009309f578ac243c7a8868ffb/components/sidebar.py,7b81ddf22586276009309f578ac243c7a8868ffb,760b120e8397e3e466402ba551e1a4813c9a5c7e2df751b1e7ed1df640eb13f5,MrNittu/ai-gym-tutor,200,,
0,2026-08-30T21:38:00.379506+00:00,components/workout_cards.py,https://huggingface.co/spaces/MrNittu/ai-gym-tutor/resolve/7b81ddf22586276009309f578ac243c7a8868ffb/components/workout_cards.py,7b81ddf22586276009309f578ac243c7a8868ffb,e3b0c44298fc1c149afbf4c8996fb92427ae41e4649b934ca495991b7852b855,MrNittu/ai-gym-tutor,200,,
33,2026-08-30T21:38:00.610181+00:00,data/workouts.py,https://huggingface.co/spaces/MrNittu/ai-gym-tutor/resolve/7b81ddf22586276009309f578ac243c7a8868ffb/data/workouts.py,7b81ddf22586276009309f578ac243c7a8868ffb,06138038f3b5c48011df996dad4635a8ef6aafd60cbe43a5a048feb9c5a1e8ab,MrNittu/ai-gym-tutor,200,,
6,2026-08-30T21:38:00.641916+00:00,requirements.txt,https://huggingface.co/spaces/MrNittu/ai-gym-tutor/resolve/7b81ddf22586276009309f578ac243c7a8868ffb/requirements.txt,7b81ddf22586276009309f578ac243c7a8868ffb,95c8ff5c934e2250d15af22f9056a1ab6888f5536b6ca9995dd80969a353876e,MrNittu/ai-gym-tutor,200,,
2259,2026-08-30T21:38:00.818739+00:00,styles/theme.py,https://huggingface.co/spaces/MrNittu/ai-gym-tutor/resolve/7b81ddf22586276009309f578ac243c7a8868ffb/styles/theme.py,7b81ddf22586276009309f578ac243c7a8868ffb,fc022942d17c0ea66795b3536eb3eac921cce443a089ef6b2d78cbe1e35ec16f,MrNittu/ai-gym-tutor,200,,
232,2026-08-30T21:38:01.364570+00:00,README.md,https://huggingface.co/spaces/MrSimple01/QuizGenerator/resolve/207315901d454d06aa70c12d546f0e8026f72990/README.md,207315901d454d06aa70c12d546f0e8026f72990,4023221a8fbf02db51b9c25d59e2000a6c50412cffa3b72b4d1f7b7a74424f29,MrSimple01/QuizGenerator,200,,
12297,2026-09-02T19:08:56.328197+00:00,app.py,https://huggingface.co/spaces/MrSimple01/QuizGenerator/resolve/207315901d454d06aa70c12d546f0e8026f72990/app.py,207315901d454d06aa70c12d546f0e8026f72990,e1a839229e6cfcf6abb8ac88bc721b0fe732e28bb63b8b91bca4816948a5518b,MrSimple01/QuizGenerator,200,lossless-v2,utf-8
6473,2026-09-02T19:08:56.369367+00:00,prompts.py,https://huggingface.co/spaces/MrSimple01/QuizGenerator/resolve/207315901d454d06aa70c12d546f0e8026f72990/prompts.py,207315901d454d06aa70c12d546f0e8026f72990,d199151ad8b184641aba1308ca0144d57a7ae68b2bc48bf0fac0a807304a7175,MrSimple01/QuizGenerator,200,lossless-v2,utf-8
122,2026-09-02T19:08:56.277280+00:00,requirements.txt,https://huggingface.co/spaces/MrSimple01/QuizGenerator/resolve/207315901d454d06aa70c12d546f0e8026f72990/requirements.txt,207315901d454d06aa70c12d546f0e8026f72990,8faf02be901c5b5f0567a9ab8793b8836784ed65d1b298d6a70b1ec9bb775b22,MrSimple01/QuizGenerator,200,lossless-v2,utf-8
427,2026-08-30T21:38:03.098015+00:00,README.md,https://huggingface.co/spaces/Muhamm2026/QuizGenerator/resolve/ccaa7cd6cc99f65ed4aa1d03b2589225b39b2634/README.md,ccaa7cd6cc99f65ed4aa1d03b2589225b39b2634,4b9a5eb5566b2f203c3b7b0fa757230d64024bd996b118568538766b765eaba7,Muhamm2026/QuizGenerator,200,,
23,2026-08-30T21:38:03.617269+00:00,requirements.txt,https://huggingface.co/spaces/Muhamm2026/QuizGenerator/resolve/ccaa7cd6cc99f65ed4aa1d03b2589225b39b2634/requirements.txt,ccaa7cd6cc99f65ed4aa1d03b2589225b39b2634,0eab15ba6b51230309e4c83903237faceae6e1e2158257084c6a3db910a1bcc7,Muhamm2026/QuizGenerator,200,,
1125,2026-08-30T21:38:03.606926+00:00,src/streamlit_app.py,https://huggingface.co/spaces/Muhamm2026/QuizGenerator/resolve/ccaa7cd6cc99f65ed4aa1d03b2589225b39b2634/src/streamlit_app.py,ccaa7cd6cc99f65ed4aa1d03b2589225b39b2634,67c3220df70c5f085a360e92abd29ba4c9f56cbd5ffcab04cd45ba6096794b04,Muhamm2026/QuizGenerator,200,,
325,2026-08-30T21:38:05.201321+00:00,README.md,https://huggingface.co/spaces/Mujahid1122/AI-Based-Quiz-Generator/resolve/989fa1a1406494bea3e7e1b3b2966b030d20b8ea/README.md,989fa1a1406494bea3e7e1b3b2966b030d20b8ea,1dfbe1ebf23d6e1e13d8ca49ef5648b21c2b0d9498288a4f654f2ec35dbadc8b,Mujahid1122/AI-Based-Quiz-Generator,200,,
4124,2026-08-30T21:38:05.719144+00:00,app.py,https://huggingface.co/spaces/Mujahid1122/AI-Based-Quiz-Generator/resolve/989fa1a1406494bea3e7e1b3b2966b030d20b8ea/app.py,989fa1a1406494bea3e7e1b3b2966b030d20b8ea,c93887c2142b69ac1d7cf45a515d7129b14ceccead41d43bfccba6ed0f102b38,Mujahid1122/AI-Based-Quiz-Generator,200,,
93,2026-08-30T21:38:05.707929+00:00,requirements.txt,https://huggingface.co/spaces/Mujahid1122/AI-Based-Quiz-Generator/resolve/989fa1a1406494bea3e7e1b3b2966b030d20b8ea/requirements.txt,989fa1a1406494bea3e7e1b3b2966b030d20b8ea,fc3cd53a6c80ba2e0dc1a5939df395bc77bcd83e25de1f90d343c7f01c2c86f6,Mujahid1122/AI-Based-Quiz-Generator,200,,
324,2026-08-30T21:38:07.353141+00:00,README.md,https://huggingface.co/spaces/Murtaza249/Text_to_Quiz_Generator/resolve/258745fa070a643429a1dd39dfe996771aa03579/README.md,258745fa070a643429a1dd39dfe996771aa03579,20a90df767ab34b9916660578e0408435659c1a3114a4bcf7cf9209ce8d2493a,Murtaza249/Text_to_Quiz_Generator,200,,
14916,2026-08-30T21:38:07.841194+00:00,app.py,https://huggingface.co/spaces/Murtaza249/Text_to_Quiz_Generator/resolve/258745fa070a643429a1dd39dfe996771aa03579/app.py,258745fa070a643429a1dd39dfe996771aa03579,1dd1e2e36ece8c8f448962d1f4de897cb2399356b16397c124c5d288ef7dd720,Murtaza249/Text_to_Quiz_Generator,200,,
77,2026-08-30T21:38:07.875771+00:00,requirements.txt,https://huggingface.co/spaces/Murtaza249/Text_to_Quiz_Generator/resolve/258745fa070a643429a1dd39dfe996771aa03579/requirements.txt,258745fa070a643429a1dd39dfe996771aa03579,7af55659bda3877cc71dbf36f5f0f7fec87008a7838be9c7b6f846704a9028c0,Murtaza249/Text_to_Quiz_Generator,200,,
251,2026-08-30T21:38:08.404794+00:00,README.md,https://huggingface.co/spaces/N-Mothish/personalized-study-assistant/resolve/db4c88f05400f00b7a3ce5b2010e398ff985e93c/README.md,db4c88f05400f00b7a3ce5b2010e398ff985e93c,36b709db46a0884a346e50ba3f615f91479f294d6facd4ede99ad7bbea51f541,N-Mothish/personalized-study-assistant,200,,
4545,2026-08-30T21:38:08.901040+00:00,app.py,https://huggingface.co/spaces/N-Mothish/personalized-study-assistant/resolve/db4c88f05400f00b7a3ce5b2010e398ff985e93c/app.py,db4c88f05400f00b7a3ce5b2010e398ff985e93c,0860f279bac8bd47033740c6d654f46a00fa9e74787ea22cfc780d5ae249e34c,N-Mothish/personalized-study-assistant,200,,
39,2026-08-30T21:38:08.924407+00:00,requirements.txt,https://huggingface.co/spaces/N-Mothish/personalized-study-assistant/resolve/db4c88f05400f00b7a3ce5b2010e398ff985e93c/requirements.txt,db4c88f05400f00b7a3ce5b2010e398ff985e93c,3766190a4d550d77d010277d09cc24a3f823da0799bbf3c0618c8d1f5fb9fa2c,N-Mothish/personalized-study-assistant,200,,
215,2026-08-30T21:38:19.802441+00:00,README.md,https://huggingface.co/spaces/NEOXXCODER/edutailor-smart-learning-companion/resolve/cb0f63433dfcb068c9829ad1611b19776a832246/README.md,cb0f63433dfcb068c9829ad1611b19776a832246,42f2eecd554c1f7b345d9cba189a44c1335f39b0dae304ed1156e758d5c449fb,NEOXXCODER/edutailor-smart-learning-companion,200,,
546,2026-08-30T21:38:20.309893+00:00,index.html,https://huggingface.co/spaces/NEOXXCODER/edutailor-smart-learning-companion/resolve/cb0f63433dfcb068c9829ad1611b19776a832246/index.html,cb0f63433dfcb068c9829ad1611b19776a832246,fef10b4e06879d75c496c1ce3e89410bff1b77bf51220f21570255d1f214580e,NEOXXCODER/edutailor-smart-learning-companion,200,,
404,2026-08-30T21:38:25.627332+00:00,README.md,https://huggingface.co/spaces/NIKHITHA913/aitutor/resolve/37d0ae107f6fe3fc1dee4224075761fb895cf346/README.md,37d0ae107f6fe3fc1dee4224075761fb895cf346,f72b94fe2253c8caedc6e950b2f00931953afe6d19d556f41321f1adc18a729e,NIKHITHA913/aitutor,200,,
1688,2026-08-30T21:38:26.116797+00:00,app.py,https://huggingface.co/spaces/NIKHITHA913/aitutor/resolve/37d0ae107f6fe3fc1dee4224075761fb895cf346/app.py,37d0ae107f6fe3fc1dee4224075761fb895cf346,9d24c680ee446e9c50bf687dc87e463bcc38d7474148c7bc4b74ea0e24f86022,NIKHITHA913/aitutor,200,,
19,2026-08-30T21:38:26.216161+00:00,requirements.txt,https://huggingface.co/spaces/NIKHITHA913/aitutor/resolve/37d0ae107f6fe3fc1dee4224075761fb895cf346/requirements.txt,37d0ae107f6fe3fc1dee4224075761fb895cf346,52a53d7bc8faf8ac3da098be359f337016e6bbab6148b7420e87f3131c30cb9c,NIKHITHA913/aitutor,200,,
200,2026-08-30T21:38:12.771577+00:00,README.md,https://huggingface.co/spaces/NamrataRUBY/study_assistant/resolve/c027d15662c031dbc0d3ff112072696d7641c501/README.md,c027d15662c031dbc0d3ff112072696d7641c501,6b522e0c4c160aa67af67b8e081587290267786df64e82232cd7eea0e136999a,NamrataRUBY/study_assistant,200,,
546,2026-08-30T21:38:13.290036+00:00,index.html,https://huggingface.co/spaces/NamrataRUBY/study_assistant/resolve/c027d15662c031dbc0d3ff112072696d7641c501/index.html,c027d15662c031dbc0d3ff112072696d7641c501,fef10b4e06879d75c496c1ce3e89410bff1b77bf51220f21570255d1f214580e,NamrataRUBY/study_assistant,200,,
245,2026-08-30T21:38:16.442466+00:00,README.md,https://huggingface.co/spaces/NavenTheRaven/Quiz_Generator/resolve/26eeb69b01fdf59975bbe7d0bac3d8e8b9b57455/README.md,26eeb69b01fdf59975bbe7d0bac3d8e8b9b57455,8d5866d5d1fbc7327368d51d8cdc706a1a2fcc95a400d84963a74c032d321622,NavenTheRaven/Quiz_Generator,200,,
2831,2026-08-30T21:38:16.922433+00:00,app.py,https://huggingface.co/spaces/NavenTheRaven/Quiz_Generator/resolve/26eeb69b01fdf59975bbe7d0bac3d8e8b9b57455/app.py,26eeb69b01fdf59975bbe7d0bac3d8e8b9b57455,ea2dd87b17c5f7d26e50324e05922b0551e5e1e8b7b38fcb7c811891d0531aa2,NavenTheRaven/Quiz_Generator,200,,
15,2026-08-30T21:38:16.952976+00:00,requirements.txt,https://huggingface.co/spaces/NavenTheRaven/Quiz_Generator/resolve/26eeb69b01fdf59975bbe7d0bac3d8e8b9b57455/requirements.txt,26eeb69b01fdf59975bbe7d0bac3d8e8b9b57455,15cf77b39664b02a2bb5d16580f470e8f476f5d4ca637ac6f8a5fd431b08fbab,NavenTheRaven/Quiz_Generator,200,,
255,2026-08-30T21:38:24.354533+00:00,README.md,https://huggingface.co/spaces/Nijanth/teaching-assistant-backend/resolve/569849055e112248a3260a1caf1330e2f3d84d04/README.md,569849055e112248a3260a1caf1330e2f3d84d04,812cc5b1cb6740deaf191c62cc986ed62b53f3b165b3bb43c7904ee7c440d757,Nijanth/teaching-assistant-backend,200,,
0,2026-08-30T21:38:24.611063+00:00,api/__init__.py,https://huggingface.co/spaces/Nijanth/teaching-assistant-backend/resolve/569849055e112248a3260a1caf1330e2f3d84d04/api/__init__.py,569849055e112248a3260a1caf1330e2f3d84d04,e3b0c44298fc1c149afbf4c8996fb92427ae41e4649b934ca495991b7852b855,Nijanth/teaching-assistant-backend,200,,
63,2026-08-30T21:38:24.875659+00:00,api/admin.py,https://huggingface.co/spaces/Nijanth/teaching-assistant-backend/resolve/569849055e112248a3260a1caf1330e2f3d84d04/api/admin.py,569849055e112248a3260a1caf1330e2f3d84d04,b2e328e31f08dc907100505521d13ee6a9ea67a240655d051120011ce49cfaf8,Nijanth/teaching-assistant-backend,200,,
138,2026-08-30T21:38:24.882468+00:00,api/apps.py,https://huggingface.co/spaces/Nijanth/teaching-assistant-backend/resolve/569849055e112248a3260a1caf1330e2f3d84d04/api/apps.py,569849055e112248a3260a1caf1330e2f3d84d04,b4db90de55cd6dbcaa174df55724a73e2ff33f64760b0f3f12e3f5903944e314,Nijanth/teaching-assistant-backend,200,,
2570,2026-08-30T21:38:24.877104+00:00,api/consumers.py,https://huggingface.co/spaces/Nijanth/teaching-assistant-backend/resolve/569849055e112248a3260a1caf1330e2f3d84d04/api/consumers.py,569849055e112248a3260a1caf1330e2f3d84d04,6fa6dda5481efc3d85df577bf64a56bffc14767ad539756caf9076c699b7b935,Nijanth/teaching-assistant-backend,200,,
1050,2026-08-30T21:38:24.883778+00:00,api/models.py,https://huggingface.co/spaces/Nijanth/teaching-assistant-backend/resolve/569849055e112248a3260a1caf1330e2f3d84d04/api/models.py,569849055e112248a3260a1caf1330e2f3d84d04,470831940a4dfc75e75e75c0e683df70e49bbe74a7103d626312b9efa4ae6ec9,Nijanth/teaching-assistant-backend,200,,
164,2026-08-30T21:38:24.905381+00:00,api/routing.py,https://huggingface.co/spaces/Nijanth/teaching-assistant-backend/resolve/569849055e112248a3260a1caf1330e2f3d84d04/api/routing.py,569849055e112248a3260a1caf1330e2f3d84d04,7e2b51cb6a29f3b847642a1d3ca9aabf150ac8a580a5fbe2312ab6863ddb06b8,Nijanth/teaching-assistant-backend,200,,
60,2026-08-30T21:38:24.881958+00:00,api/tests.py,https://huggingface.co/spaces/Nijanth/teaching-assistant-backend/resolve/569849055e112248a3260a1caf1330e2f3d84d04/api/tests.py,569849055e112248a3260a1caf1330e2f3d84d04,9ab6c6191360e63c1b4c9b5659aef348a743c9e078be68190917369e4e9563e8,Nijanth/teaching-assistant-backend,200,,
1277,2026-08-30T21:38:24.863062+00:00,api/urls.py,https://huggingface.co/spaces/Nijanth/teaching-assistant-backend/resolve/569849055e112248a3260a1caf1330e2f3d84d04/api/urls.py,569849055e112248a3260a1caf1330e2f3d84d04,359879bccaacd123f38f3d4f40ed6637d1c91492612916c0cb22bfa5fda50b88,Nijanth/teaching-assistant-backend,200,,
2104,2026-08-30T21:38:25.127034+00:00,requirements.txt,https://huggingface.co/spaces/Nijanth/teaching-assistant-backend/resolve/569849055e112248a3260a1caf1330e2f3d84d04/requirements.txt,569849055e112248a3260a1caf1330e2f3d84d04,92cc7bac96ac22cca1a48e921536fb309a7b76014875a540f1b32cc0a340266c,Nijanth/teaching-assistant-backend,200,,
159,2026-08-30T21:38:26.857932+00:00,README.md,https://huggingface.co/spaces/Nishanthan02/quiz-generator/resolve/5286a2471cef43ac65e5bb78e70bc4a39add9f56/README.md,5286a2471cef43ac65e5bb78e70bc4a39add9f56,bf78a8017976b0d111741d1f2ea7cd6bcbc5efc43b583ed5f2f22bdcc4f0e350,Nishanthan02/quiz-generator,200,,
0,2026-08-30T21:38:27.109725+00:00,core/__init__.py,https://huggingface.co/spaces/Nishanthan02/quiz-generator/resolve/5286a2471cef43ac65e5bb78e70bc4a39add9f56/core/__init__.py,5286a2471cef43ac65e5bb78e70bc4a39add9f56,e3b0c44298fc1c149afbf4c8996fb92427ae41e4649b934ca495991b7852b855,Nishanthan02/quiz-generator,200,,
9866,2026-08-30T21:38:27.450611+00:00,core/ai_agents.py,https://huggingface.co/spaces/Nishanthan02/quiz-generator/resolve/5286a2471cef43ac65e5bb78e70bc4a39add9f56/core/ai_agents.py,5286a2471cef43ac65e5bb78e70bc4a39add9f56,3502a495e66da3a73cfb2961711b4c7bf8b25f74d5c74e85cac8077601866bb5,Nishanthan02/quiz-generator,200,,
2646,2026-08-30T21:38:27.428691+00:00,core/celery_app.py,https://huggingface.co/spaces/Nishanthan02/quiz-generator/resolve/5286a2471cef43ac65e5bb78e70bc4a39add9f56/core/celery_app.py,5286a2471cef43ac65e5bb78e70bc4a39add9f56,ff71b6ecf292ede5c6f58a94548232855ed8e9b6b46fef81394b791e1bbf6b92,Nishanthan02/quiz-generator,200,,
2599,2026-08-30T21:38:27.443275+00:00,core/config.py,https://huggingface.co/spaces/Nishanthan02/quiz-generator/resolve/5286a2471cef43ac65e5bb78e70bc4a39add9f56/core/config.py,5286a2471cef43ac65e5bb78e70bc4a39add9f56,fb42ede2eecb65dea8a39b0ee899c498f504fefcef63292de251e39ba1214518,Nishanthan02/quiz-generator,200,,
2013,2026-08-30T21:38:27.387495+00:00,core/database.py,https://huggingface.co/spaces/Nishanthan02/quiz-generator/resolve/5286a2471cef43ac65e5bb78e70bc4a39add9f56/core/database.py,5286a2471cef43ac65e5bb78e70bc4a39add9f56,82aad7c87c68b92efa8751e920f289fed3f1de76c557026917d9df82bcc9acdf,Nishanthan02/quiz-generator,200,,
5772,2026-08-30T21:38:27.351497+00:00,core/models.py,https://huggingface.co/spaces/Nishanthan02/quiz-generator/resolve/5286a2471cef43ac65e5bb78e70bc4a39add9f56/core/models.py,5286a2471cef43ac65e5bb78e70bc4a39add9f56,3f45d0f7b514eec07f0e61538b10de44e37e701ef94d66ebdcb0dbf9219de01f,Nishanthan02/quiz-generator,200,,
4530,2026-08-30T21:38:27.440129+00:00,core/qdrant_setup.py,https://huggingface.co/spaces/Nishanthan02/quiz-generator/resolve/5286a2471cef43ac65e5bb78e70bc4a39add9f56/core/qdrant_setup.py,5286a2471cef43ac65e5bb78e70bc4a39add9f56,c5ac91a4aa4a08d26edcbee9bb30478df84c463f63a99a120987b498e887170c,Nishanthan02/quiz-generator,200,,
4447,2026-08-30T21:38:27.446856+00:00,main.py,https://huggingface.co/spaces/Nishanthan02/quiz-generator/resolve/5286a2471cef43ac65e5bb78e70bc4a39add9f56/main.py,5286a2471cef43ac65e5bb78e70bc4a39add9f56,a635f3a9d9a5ce888e101312ace5f96aa34f3aef10d5a9ae35b1cc1f4fef6005,Nishanthan02/quiz-generator,200,,
1173,2026-08-30T21:38:27.618423+00:00,requirements.txt,https://huggingface.co/spaces/Nishanthan02/quiz-generator/resolve/5286a2471cef43ac65e5bb78e70bc4a39add9f56/requirements.txt,5286a2471cef43ac65e5bb78e70bc4a39add9f56,02b8554e5687633547c77a0671817ccae751a685d8bb3ba5f782161641c37d2f,Nishanthan02/quiz-generator,200,,
249,2026-08-30T21:38:28.632065+00:00,README.md,https://huggingface.co/spaces/Nitinane/StudyAssistant/resolve/0efb34dde93c550b2e1417c31d3a748c8b7f27cd/README.md,0efb34dde93c550b2e1417c31d3a748c8b7f27cd,9fa6440fd7b05e7b54645bc67e95c37ba2c87d455a2a14a4eec8259bef8dd3f9,Nitinane/StudyAssistant,200,,
1733,2026-09-02T19:08:58.564726+00:00,app.py,https://huggingface.co/spaces/Nitinane/StudyAssistant/resolve/0efb34dde93c550b2e1417c31d3a748c8b7f27cd/app.py,0efb34dde93c550b2e1417c31d3a748c8b7f27cd,702b696c92e77412a282b33e6b28af98001b58a5ea92bc6f74fe215b89022029,Nitinane/StudyAssistant,200,lossless-v2,utf-8
20,2026-09-02T19:08:58.621446+00:00,requirements.txt,https://huggingface.co/spaces/Nitinane/StudyAssistant/resolve/0efb34dde93c550b2e1417c31d3a748c8b7f27cd/requirements.txt,0efb34dde93c550b2e1417c31d3a748c8b7f27cd,6f1756c6ef672af0d7db4cad79cfc682868d203d904a5b6aa55db9c2017ca5ad,Nitinane/StudyAssistant,200,lossless-v2,utf-8
184,2026-08-30T21:38:33.435196+00:00,README.md,https://huggingface.co/spaces/NullCODER03/socratic-tutor-trackio/resolve/13fdbc017cae9f79fe5b46d8f5caf71fb375906d/README.md,13fdbc017cae9f79fe5b46d8f5caf71fb375906d,eff02a26997c1235df42891d55aaecfe683690a7d1e2fbad4b4253eef4d1b104,NullCODER03/socratic-tutor-trackio,200,,
30,2026-08-30T21:38:34.015345+00:00,app.py,https://huggingface.co/spaces/NullCODER03/socratic-tutor-trackio/resolve/13fdbc017cae9f79fe5b46d8f5caf71fb375906d/app.py,13fdbc017cae9f79fe5b46d8f5caf71fb375906d,e81ca321cbf6157df8546af479a3211fc37e6e8e348ffe43b403c30772044a61,NullCODER03/socratic-tutor-trackio,200,,
8,2026-08-30T21:38:34.007870+00:00,requirements.txt,https://huggingface.co/spaces/NullCODER03/socratic-tutor-trackio/resolve/13fdbc017cae9f79fe5b46d8f5caf71fb375906d/requirements.txt,13fdbc017cae9f79fe5b46d8f5caf71fb375906d,ba642abb3d3ba01ae2922a22e6da2a00de7a62b84404f41654bc96072d63eb46,NullCODER03/socratic-tutor-trackio,200,,
2339,2026-08-30T21:38:34.524722+00:00,README.md,https://huggingface.co/spaces/Nullpointer-KK/ai-tutor-chatbot_KK/resolve/ad366ddb55650432b989d18924f61aed45840fa1/README.md,ad366ddb55650432b989d18924f61aed45840fa1,415b447a6ff06c8722e3212cfdfbb7de31937cca5b2cff993ca0bf2c84a7a982,Nullpointer-KK/ai-tutor-chatbot_KK,200,,
3833,2026-08-30T21:38:35.016423+00:00,data/scraping_scripts/README.md,https://huggingface.co/spaces/Nullpointer-KK/ai-tutor-chatbot_KK/resolve/ad366ddb55650432b989d18924f61aed45840fa1/data/scraping_scripts/README.md,ad366ddb55650432b989d18924f61aed45840fa1,78d06fec7727d77865e3d14c8c67184e06e9fc16df90b925106529666717eeda,Nullpointer-KK/ai-tutor-chatbot_KK,200,,
341,2026-08-30T21:38:35.032193+00:00,requirements.txt,https://huggingface.co/spaces/Nullpointer-KK/ai-tutor-chatbot_KK/resolve/ad366ddb55650432b989d18924f61aed45840fa1/requirements.txt,ad366ddb55650432b989d18924f61aed45840fa1,ed305b0440740ced01e31a272793e82cfe32ed4404e2a658a1983fdef293c663,Nullpointer-KK/ai-tutor-chatbot_KK,200,,
9247,2026-08-30T21:38:35.039615+00:00,scripts/custom_retriever.py,https://huggingface.co/spaces/Nullpointer-KK/ai-tutor-chatbot_KK/resolve/ad366ddb55650432b989d18924f61aed45840fa1/scripts/custom_retriever.py,ad366ddb55650432b989d18924f61aed45840fa1,2ff23a5056bf750d6c81dd3c4f9f70d096c4b688a4dcb69a425516597a71f0d1,Nullpointer-KK/ai-tutor-chatbot_KK,200,,
27296,2026-08-30T21:38:35.063448+00:00,scripts/evaluate_rag_system.py,https://huggingface.co/spaces/Nullpointer-KK/ai-tutor-chatbot_KK/resolve/ad366ddb55650432b989d18924f61aed45840fa1/scripts/evaluate_rag_system.py,ad366ddb55650432b989d18924f61aed45840fa1,6cabd75292eef34ac872a669bfb18c926c64267aabddc81004c1099e7aac9a3a,Nullpointer-KK/ai-tutor-chatbot_KK,200,,
8114,2026-08-30T21:38:35.069925+00:00,scripts/main.py,https://huggingface.co/spaces/Nullpointer-KK/ai-tutor-chatbot_KK/resolve/ad366ddb55650432b989d18924f61aed45840fa1/scripts/main.py,ad366ddb55650432b989d18924f61aed45840fa1,2236fada09e87b92a62889ddf934318034a832f24e306f9ed53a85c6a33bf9d7,Nullpointer-KK/ai-tutor-chatbot_KK,200,,
2626,2026-08-30T21:38:35.089719+00:00,scripts/prompts.py,https://huggingface.co/spaces/Nullpointer-KK/ai-tutor-chatbot_KK/resolve/ad366ddb55650432b989d18924f61aed45840fa1/scripts/prompts.py,ad366ddb55650432b989d18924f61aed45840fa1,21b06b441b6858474af949cfcce114f36ce70f9911c74b29a0c641427da2a55d,Nullpointer-KK/ai-tutor-chatbot_KK,200,,
4291,2026-08-30T21:38:35.107129+00:00,scripts/setup.py,https://huggingface.co/spaces/Nullpointer-KK/ai-tutor-chatbot_KK/resolve/ad366ddb55650432b989d18924f61aed45840fa1/scripts/setup.py,ad366ddb55650432b989d18924f61aed45840fa1,6b7658c6d4d87569ac383114602942b93fa5b3649c2ec876ae78877dfdccfc27,Nullpointer-KK/ai-tutor-chatbot_KK,200,,
492,2026-08-30T21:38:35.067257+00:00,scripts/utils.py,https://huggingface.co/spaces/Nullpointer-KK/ai-tutor-chatbot_KK/resolve/ad366ddb55650432b989d18924f61aed45840fa1/scripts/utils.py,ad366ddb55650432b989d18924f61aed45840fa1,08841dce242b84f590f424c773c9b06da969808bece5d1270e9976ad556f0802,Nullpointer-KK/ai-tutor-chatbot_KK,200,,
1984,2026-08-30T21:38:39.221144+00:00,.env.example,https://huggingface.co/spaces/One2SkipAfew/tutormina-ai/resolve/440c3f55ac6e1a7ab889159ece30f99a15935679/.env.example,440c3f55ac6e1a7ab889159ece30f99a15935679,cb15f1c1351f2c6f06ad154edc3965b0e5b648d049a8dcd3bbbab87177da7acb,One2SkipAfew/tutormina-ai,200,,
3207,2026-08-30T21:38:38.728874+00:00,README.md,https://huggingface.co/spaces/One2SkipAfew/tutormina-ai/resolve/440c3f55ac6e1a7ab889159ece30f99a15935679/README.md,440c3f55ac6e1a7ab889159ece30f99a15935679,87b69ebab18c7b42b71852bb9904da17655ff3715c85bdee48706d6183778cf7,One2SkipAfew/tutormina-ai,200,,
68543,2026-08-30T21:38:39.234477+00:00,main.py,https://huggingface.co/spaces/One2SkipAfew/tutormina-ai/resolve/440c3f55ac6e1a7ab889159ece30f99a15935679/main.py,440c3f55ac6e1a7ab889159ece30f99a15935679,a392ce31e1924df32b433cbebc2fc0b4ce7c76830310815716c8044faa130e43,One2SkipAfew/tutormina-ai,200,,
789,2026-08-30T21:38:39.239061+00:00,requirements.txt,https://huggingface.co/spaces/One2SkipAfew/tutormina-ai/resolve/440c3f55ac6e1a7ab889159ece30f99a15935679/requirements.txt,440c3f55ac6e1a7ab889159ece30f99a15935679,2a2e33f5a62ad91bea20df9c24f777b42694dde7c412ef3e275f5123ba9b09a3,One2SkipAfew/tutormina-ai,200,,
333,2026-08-30T21:38:40.322668+00:00,README.md,https://huggingface.co/spaces/ParulPandey/Colab_quiz_generator/resolve/3b05c915bebc0dbf593d14e941eaeb035f1243e1/README.md,3b05c915bebc0dbf593d14e941eaeb035f1243e1,de3050d1529b08b94dc3e10e5e93909ac1c5826c71264bba88799d109d8db47d,ParulPandey/Colab_quiz_generator,200,,
9054,2026-08-30T21:38:40.814738+00:00,app.py,https://huggingface.co/spaces/ParulPandey/Colab_quiz_generator/resolve/3b05c915bebc0dbf593d14e941eaeb035f1243e1/app.py,3b05c915bebc0dbf593d14e941eaeb035f1243e1,b1a26a3fbc64321a710af78914e0a4231be7c53104e496ba88724eab4c92545f,ParulPandey/Colab_quiz_generator,200,,
16,2026-08-30T21:38:40.871539+00:00,requirements.txt,https://huggingface.co/spaces/ParulPandey/Colab_quiz_generator/resolve/3b05c915bebc0dbf593d14e941eaeb035f1243e1/requirements.txt,3b05c915bebc0dbf593d14e941eaeb035f1243e1,a8683f241ef683db92cf64a1f2bc668b57afebadb402ac2ddcd046005abb1c75,ParulPandey/Colab_quiz_generator,200,,
113,2026-08-30T21:38:45.132768+00:00,README.md,https://huggingface.co/spaces/Pavan-Kumar23/quiz-generator/resolve/0ec8e7cd772ae23b296625f96df0e3c150aa1c66/README.md,0ec8e7cd772ae23b296625f96df0e3c150aa1c66,5024c7644377e1d2e541fc6539586e9d9496eca7ae0769aabb1bb99f7ac25228,Pavan-Kumar23/quiz-generator,200,,
104102,2026-08-30T21:38:45.631308+00:00,adaptiq-premium_fixed (7).html,https://huggingface.co/spaces/Pavan-Kumar23/quiz-generator/resolve/0ec8e7cd772ae23b296625f96df0e3c150aa1c66/adaptiq-premium_fixed%20%287%29.html,0ec8e7cd772ae23b296625f96df0e3c150aa1c66,62dd80e58c40ed78fe54cc15437ffd0f632c5503d9dfbb806788eb42da2e0dff,Pavan-Kumar23/quiz-generator,200,,
9470,2026-08-30T21:38:45.644053+00:00,app.py,https://huggingface.co/spaces/Pavan-Kumar23/quiz-generator/resolve/0ec8e7cd772ae23b296625f96df0e3c150aa1c66/app.py,0ec8e7cd772ae23b296625f96df0e3c150aa1c66,0beb85aa145dc5122c8635c47c6fdfeb5c4220e7a61645295cbedc445f307aba,Pavan-Kumar23/quiz-generator,200,,
3637,2026-08-30T21:38:45.627723+00:00,database.py,https://huggingface.co/spaces/Pavan-Kumar23/quiz-generator/resolve/0ec8e7cd772ae23b296625f96df0e3c150aa1c66/database.py,0ec8e7cd772ae23b296625f96df0e3c150aa1c66,f90ded8e1f7e1761000fa90181a7882f02e11bccef270ce58b19bc2cad101667,Pavan-Kumar23/quiz-generator,200,,
1286,2026-08-30T21:38:45.626695+00:00,difficulty_classifier.py,https://huggingface.co/spaces/Pavan-Kumar23/quiz-generator/resolve/0ec8e7cd772ae23b296625f96df0e3c150aa1c66/difficulty_classifier.py,0ec8e7cd772ae23b296625f96df0e3c150aa1c66,0d183c4dd51fa25b0cce2e1bb11570bbcbab3ebf93d7f058cffd3d918cdcc33c,Pavan-Kumar23/quiz-generator,200,,
3223,2026-08-30T21:38:45.650483+00:00,document_processor.py,https://huggingface.co/spaces/Pavan-Kumar23/quiz-generator/resolve/0ec8e7cd772ae23b296625f96df0e3c150aa1c66/document_processor.py,0ec8e7cd772ae23b296625f96df0e3c150aa1c66,3586da043606f2e9c8eb39348538e9bb9dd19b33470501b503527e079503b6e5,Pavan-Kumar23/quiz-generator,200,,
4577,2026-08-30T21:38:45.667666+00:00,models/train_difficulty_model.py,https://huggingface.co/spaces/Pavan-Kumar23/quiz-generator/resolve/0ec8e7cd772ae23b296625f96df0e3c150aa1c66/models/train_difficulty_model.py,0ec8e7cd772ae23b296625f96df0e3c150aa1c66,9414867fa1b2fdd817537ef136984649b773dfaa81e2ddbb5f18dcb2dfab9ee5,Pavan-Kumar23/quiz-generator,200,,
13185,2026-08-30T21:38:45.693372+00:00,question_generator.py,https://huggingface.co/spaces/Pavan-Kumar23/quiz-generator/resolve/0ec8e7cd772ae23b296625f96df0e3c150aa1c66/question_generator.py,0ec8e7cd772ae23b296625f96df0e3c150aa1c66,4d602b0fd96b301195fd4c7e22e07cf54a829402d2f19c2ef10066c1bbff91f5,Pavan-Kumar23/quiz-generator,200,,
125,2026-08-30T21:38:45.671499+00:00,requirements.txt,https://huggingface.co/spaces/Pavan-Kumar23/quiz-generator/resolve/0ec8e7cd772ae23b296625f96df0e3c150aa1c66/requirements.txt,0ec8e7cd772ae23b296625f96df0e3c150aa1c66,b745951d7e2b7011cfbde540bf3cdbff5e2c747e0d8eae1b45e78d6d6ee1bd0e,Pavan-Kumar23/quiz-generator,200,,
122,2026-08-30T21:38:52.112793+00:00,README.md,https://huggingface.co/spaces/Phoenix3274/AI-Quiz-Generator/resolve/6f7197180554eefd52a524ded6184da6539320c4/README.md,6f7197180554eefd52a524ded6184da6539320c4,0e38002b530d4be2fcae24b5e60583a6c2e2f51044041cdec0d063ee9faa8d32,Phoenix3274/AI-Quiz-Generator,200,,
6109,2026-08-30T21:38:52.612116+00:00,app.py,https://huggingface.co/spaces/Phoenix3274/AI-Quiz-Generator/resolve/6f7197180554eefd52a524ded6184da6539320c4/app.py,6f7197180554eefd52a524ded6184da6539320c4,9af5698a14715efe747477873b8e5c19025c5de1b22ac6013f69783de874561a,Phoenix3274/AI-Quiz-Generator,200,,
25,2026-08-30T21:38:52.653721+00:00,requirements.txt,https://huggingface.co/spaces/Phoenix3274/AI-Quiz-Generator/resolve/6f7197180554eefd52a524ded6184da6539320c4/requirements.txt,6f7197180554eefd52a524ded6184da6539320c4,3e7705d0c0541c5e64099ad007e0143a189c00dba0e186cbad0f346696485554,Phoenix3274/AI-Quiz-Generator,200,,
678,2026-08-30T21:38:54.173025+00:00,README.md,https://huggingface.co/spaces/Pooja1218/ai-quiz-generator/resolve/f8636ec1c0c3a343894d4abb55dbf812b2372725/README.md,f8636ec1c0c3a343894d4abb55dbf812b2372725,e7365f4d2fc36df51525e2345fc01b0198c631addb3ef8e9f2169a32d54bb891,Pooja1218/ai-quiz-generator,200,,
1433,2026-08-30T21:38:54.679850+00:00,app.py,https://huggingface.co/spaces/Pooja1218/ai-quiz-generator/resolve/f8636ec1c0c3a343894d4abb55dbf812b2372725/app.py,f8636ec1c0c3a343894d4abb55dbf812b2372725,b207571a12874a733fd13247445755c6d779bd83929371a573f25f931491c6e6,Pooja1218/ai-quiz-generator,200,,
2127,2026-08-30T21:38:54.672805+00:00,question_gen.py,https://huggingface.co/spaces/Pooja1218/ai-quiz-generator/resolve/f8636ec1c0c3a343894d4abb55dbf812b2372725/question_gen.py,f8636ec1c0c3a343894d4abb55dbf812b2372725,868c1ac226d6385a229e78c7a544ea74e0c225fd4f8d3323d8a2ded0a23b3b8c,Pooja1218/ai-quiz-generator,200,,
261,2026-08-30T21:38:54.676879+00:00,requirements.txt,https://huggingface.co/spaces/Pooja1218/ai-quiz-generator/resolve/f8636ec1c0c3a343894d4abb55dbf812b2372725/requirements.txt,f8636ec1c0c3a343894d4abb55dbf812b2372725,1a5e9916197035762c580f3ee6e4b0383b840a964d9c35f205f570ba595f14cc,Pooja1218/ai-quiz-generator,200,,
298,2026-08-30T21:38:56.199737+00:00,README.md,https://huggingface.co/spaces/PorbAshish19/AI_Powered_Educational_Content_And_Assessment_Pipeline/resolve/db9162f961434cabcf7a953be0bdec1bf3506fa9/README.md,db9162f961434cabcf7a953be0bdec1bf3506fa9,6209322d69020f34a1de246fd6379589968a7d46dcaf083963953b1505aa2da4,PorbAshish19/AI_Powered_Educational_Content_And_Assessment_Pipeline,200,,
10328,2026-08-30T21:38:56.696333+00:00,app.py,https://huggingface.co/spaces/PorbAshish19/AI_Powered_Educational_Content_And_Assessment_Pipeline/resolve/db9162f961434cabcf7a953be0bdec1bf3506fa9/app.py,db9162f961434cabcf7a953be0bdec1bf3506fa9,acd562eee8540164967bee1be2c597811b67176abf6cd52b7a04234b8b69c337,PorbAshish19/AI_Powered_Educational_Content_And_Assessment_Pipeline,200,,
36,2026-08-30T21:38:56.703168+00:00,requirements.txt,https://huggingface.co/spaces/PorbAshish19/AI_Powered_Educational_Content_And_Assessment_Pipeline/resolve/db9162f961434cabcf7a953be0bdec1bf3506fa9/requirements.txt,db9162f961434cabcf7a953be0bdec1bf3506fa9,671dcfbf1ddb8f60c0f7c3da8852658f3ff300d2728000824cf1d46e2a07d62a,PorbAshish19/AI_Powered_Educational_Content_And_Assessment_Pipeline,200,,
557,2026-08-30T21:38:59.374129+00:00,README.md,https://huggingface.co/spaces/Prak2005/AI-Powered-Personal-Study-Assistant/resolve/d722215114423beec8ec781a196cbeee4f2d5976/README.md,d722215114423beec8ec781a196cbeee4f2d5976,071ed2fa170dda5a87adffbf5c10116b227b8586798be671e9fbb3b3c0a8b31f,Prak2005/AI-Powered-Personal-Study-Assistant,200,,
5918,2026-08-30T21:38:59.886725+00:00,app.py,https://huggingface.co/spaces/Prak2005/AI-Powered-Personal-Study-Assistant/resolve/d722215114423beec8ec781a196cbeee4f2d5976/app.py,d722215114423beec8ec781a196cbeee4f2d5976,b0972dcfb891bba03caba3a334daf5c0da7103c27b8d6111542c0b8fe5fdbc7f,Prak2005/AI-Powered-Personal-Study-Assistant,200,,
123,2026-08-30T21:38:59.883992+00:00,requirements.txt,https://huggingface.co/spaces/Prak2005/AI-Powered-Personal-Study-Assistant/resolve/d722215114423beec8ec781a196cbeee4f2d5976/requirements.txt,d722215114423beec8ec781a196cbeee4f2d5976,55b854985efbf779a07d99344d221e81d8229bcd3b11655ffc3f48d0bf650aef,Prak2005/AI-Powered-Personal-Study-Assistant,200,,
263,2026-08-30T21:39:02.465604+00:00,README.md,https://huggingface.co/spaces/Pranshuu/educational-chatbot/resolve/3e37970285da1d5bf760a4c8c4bc8d094aa414bf/README.md,3e37970285da1d5bf760a4c8c4bc8d094aa414bf,0cf42d730d6b9890d95fcb653ef3ceabdeb1ce7947d9db1b7404a29d4a404833,Pranshuu/educational-chatbot,200,,
1986,2026-08-30T21:39:02.971376+00:00,app.py,https://huggingface.co/spaces/Pranshuu/educational-chatbot/resolve/3e37970285da1d5bf760a4c8c4bc8d094aa414bf/app.py,3e37970285da1d5bf760a4c8c4bc8d094aa414bf,5cf6fbd30f79ca13144d6bbb69ed0b0e2fb3c12988adc2e4320ee3318d77ee86,Pranshuu/educational-chatbot,200,,
29,2026-08-30T21:39:03.038554+00:00,requirements.txt,https://huggingface.co/spaces/Pranshuu/educational-chatbot/resolve/3e37970285da1d5bf760a4c8c4bc8d094aa414bf/requirements.txt,3e37970285da1d5bf760a4c8c4bc8d094aa414bf,fb2fd6cf670fe3b6ad7b7f42a0631351169eea46c3bd6279ba44aba28d5deed0,Pranshuu/educational-chatbot,200,,
239,2026-08-30T21:39:04.027233+00:00,README.md,https://huggingface.co/spaces/Pratap1928/AI_Teaching_Assistant/resolve/4c7580e485871f2f2e4a6e7216bb9dc238217f3f/README.md,4c7580e485871f2f2e4a6e7216bb9dc238217f3f,41a970da6de5029a4803bd23b0531d9d949a5c32414d5df533cb788516955ef7,Pratap1928/AI_Teaching_Assistant,200,,
7883,2026-08-30T21:39:04.526280+00:00,app.py,https://huggingface.co/spaces/Pratap1928/AI_Teaching_Assistant/resolve/4c7580e485871f2f2e4a6e7216bb9dc238217f3f/app.py,4c7580e485871f2f2e4a6e7216bb9dc238217f3f,b2d0beb8dcaf05e34ec6100124bb6c57b7d51076f77ea4920663340f53a06f27,Pratap1928/AI_Teaching_Assistant,200,,
72,2026-08-30T21:39:04.546334+00:00,requirements.txt,https://huggingface.co/spaces/Pratap1928/AI_Teaching_Assistant/resolve/4c7580e485871f2f2e4a6e7216bb9dc238217f3f/requirements.txt,4c7580e485871f2f2e4a6e7216bb9dc238217f3f,da6cdabd760495d51ed419698ef28221002a3275f36bc82c760b62c36709ca66,Pratap1928/AI_Teaching_Assistant,200,,
231,2026-08-30T21:39:05.064517+00:00,README.md,https://huggingface.co/spaces/PrathameshJoshi123/ai-tutor/resolve/8cf7c3febec1e648086e4a72277d2625ccca8ff0/README.md,8cf7c3febec1e648086e4a72277d2625ccca8ff0,624c3fd85614d21cea2e089b168ae3a82f50c76f5ee1995103203b1a982a89d8,PrathameshJoshi123/ai-tutor,200,,
268,2026-08-30T21:39:08.668866+00:00,README.md,https://huggingface.co/spaces/Premsp2005/StudyAssistant/resolve/474d88f19bb0e133153e5b59b91d80b12b0b5025/README.md,474d88f19bb0e133153e5b59b91d80b12b0b5025,e9d0a54fadb200421f3ad6fd4cd3be6d41cf87e8b5e94c30f50c4916f7ef9da7,Premsp2005/StudyAssistant,200,,
1789,2026-09-02T19:09:01.594091+00:00,app.py,https://huggingface.co/spaces/Premsp2005/StudyAssistant/resolve/474d88f19bb0e133153e5b59b91d80b12b0b5025/app.py,474d88f19bb0e133153e5b59b91d80b12b0b5025,4d9855f4c9322b6d1cf1b8afcc9824c1de0780529331e20c6022c26c4d0ce662,Premsp2005/StudyAssistant,200,lossless-v2,utf-8
407,2026-08-30T21:39:16.023447+00:00,README.md,https://huggingface.co/spaces/QuestforAIEd/SocraticTutor_8BInstruct_Test_NatSciences/resolve/4661420d9893210a6c5249eeb846402166e2d129/README.md,4661420d9893210a6c5249eeb846402166e2d129,83fd94e870a5ba7df425548657a9df8b24b100d02208b5c7f627289c4f0eec4d,QuestforAIEd/SocraticTutor_8BInstruct_Test_NatSciences,200,,
239,2026-08-30T21:39:19.641892+00:00,README.md,https://huggingface.co/spaces/RAHYDV/teaching-assistant/resolve/f24d87c9e3a891a5bb07344f6cdfec6ee6cc3b36/README.md,f24d87c9e3a891a5bb07344f6cdfec6ee6cc3b36,15add1a017758a22318ff1897a6883abc50d8d0793b3ca0437bfc73b97ddc12d,RAHYDV/teaching-assistant,200,,
22315,2026-08-30T21:39:20.152292+00:00,app.py,https://huggingface.co/spaces/RAHYDV/teaching-assistant/resolve/f24d87c9e3a891a5bb07344f6cdfec6ee6cc3b36/app.py,f24d87c9e3a891a5bb07344f6cdfec6ee6cc3b36,30e8a156d3127af168fc4baff4194234d9a9bebae157fb931525eb43e11bc2f1,RAHYDV/teaching-assistant,200,,
160,2026-08-30T21:39:20.138803+00:00,requirements.txt,https://huggingface.co/spaces/RAHYDV/teaching-assistant/resolve/f24d87c9e3a891a5bb07344f6cdfec6ee6cc3b36/requirements.txt,f24d87c9e3a891a5bb07344f6cdfec6ee6cc3b36,fc6ec78c58f9f4dd014033272279a3ef3ac1939035f10d6cb2d61773bcc35e8d,RAHYDV/teaching-assistant,200,,
259,2026-08-30T21:39:23.358154+00:00,README.md,https://huggingface.co/spaces/RAJKUMAR2504/AI-Study-Assistant/resolve/867fb972407964f6830864950008d2a6b0adfdb1/README.md,867fb972407964f6830864950008d2a6b0adfdb1,c9638c88de56901605bc800fe8a5f6e4f42971da9efcd70783035a7905d6e93e,RAJKUMAR2504/AI-Study-Assistant,200,,
11354,2026-08-30T21:39:23.893173+00:00,app.py,https://huggingface.co/spaces/RAJKUMAR2504/AI-Study-Assistant/resolve/867fb972407964f6830864950008d2a6b0adfdb1/app.py,867fb972407964f6830864950008d2a6b0adfdb1,cc407b355b4762bf442189df62f2fdf4eb0eedd3a571c2cf30d8df91c327e3df,RAJKUMAR2504/AI-Study-Assistant,200,,
35,2026-08-30T21:39:23.873076+00:00,requirements.txt,https://huggingface.co/spaces/RAJKUMAR2504/AI-Study-Assistant/resolve/867fb972407964f6830864950008d2a6b0adfdb1/requirements.txt,867fb972407964f6830864950008d2a6b0adfdb1,ccc330c9c768e560da868555541c4147bdcccab94e38d7cc616e273d3f0c8176,RAJKUMAR2504/AI-Study-Assistant,200,,
283,2026-08-30T21:39:16.521046+00:00,README.md,https://huggingface.co/spaces/RabiaAbsar/genai-tutor-chatbot/resolve/e5a994a662de700c4e13912a074a2302ba435dc7/README.md,e5a994a662de700c4e13912a074a2302ba435dc7,cd2f22914605e705c2fe627ca956c0835427d20c22ea41a2c8bc99405faa73bf,RabiaAbsar/genai-tutor-chatbot,200,,
1402,2026-08-30T21:39:17.020511+00:00,app.py,https://huggingface.co/spaces/RabiaAbsar/genai-tutor-chatbot/resolve/e5a994a662de700c4e13912a074a2302ba435dc7/app.py,e5a994a662de700c4e13912a074a2302ba435dc7,9350fd1a65e0b5322dbb7000cfa82055f3327e95da25beec5e898e26bb0f9ef3,RabiaAbsar/genai-tutor-chatbot,200,,
55,2026-08-30T21:39:17.027451+00:00,requirements.txt,https://huggingface.co/spaces/RabiaAbsar/genai-tutor-chatbot/resolve/e5a994a662de700c4e13912a074a2302ba435dc7/requirements.txt,e5a994a662de700c4e13912a074a2302ba435dc7,a487586d343e0bbeff12d3090fee26126330ff297f371932b5b676ac81671803,RabiaAbsar/genai-tutor-chatbot,200,,
427,2026-08-30T21:39:18.635299+00:00,README.md,https://huggingface.co/spaces/Rahul2298/QuizGenerator/resolve/e904b43d428a6fc0787edc41c95daab55c453ccb/README.md,e904b43d428a6fc0787edc41c95daab55c453ccb,b45bb94e6d1637771a0d9813a6b2e0329fcae0b5a5e45da871a7d6767cf8903f,Rahul2298/QuizGenerator,200,,
119,2026-08-30T21:39:19.149806+00:00,requirements.txt,https://huggingface.co/spaces/Rahul2298/QuizGenerator/resolve/e904b43d428a6fc0787edc41c95daab55c453ccb/requirements.txt,e904b43d428a6fc0787edc41c95daab55c453ccb,7c568f0eb3bea228e8470f0e48cc6318f325705502020bb7b6ad70f98d0b7987,Rahul2298/QuizGenerator,200,,
6040,2026-08-30T21:39:19.139880+00:00,src/streamlit_app.py,https://huggingface.co/spaces/Rahul2298/QuizGenerator/resolve/e904b43d428a6fc0787edc41c95daab55c453ccb/src/streamlit_app.py,e904b43d428a6fc0787edc41c95daab55c453ccb,5e799a5c6984ac72cfd9b206600355b41759593d82bccd2475c27e8cc1b8a9f2,Rahul2298/QuizGenerator,200,,
238,2026-08-30T21:39:20.750318+00:00,README.md,https://huggingface.co/spaces/Raja02424/education-chatbot/resolve/209f88c5fcd27c927e2ade7675f3d17eeafe133c/README.md,209f88c5fcd27c927e2ade7675f3d17eeafe133c,8c67a9997a5992216091a41119f2c3a18dc2ac0e5150c35f77ceebdd5989ba56,Raja02424/education-chatbot,200,,
699,2026-08-30T21:39:21.362474+00:00,app.py,https://huggingface.co/spaces/Raja02424/education-chatbot/resolve/209f88c5fcd27c927e2ade7675f3d17eeafe133c/app.py,209f88c5fcd27c927e2ade7675f3d17eeafe133c,2a52795982864ac0f87163abc4af4a550e8396ec501d204c677e53b831d1727b,Raja02424/education-chatbot,200,,
66,2026-08-30T21:39:21.245112+00:00,requirements.txt,https://huggingface.co/spaces/Raja02424/education-chatbot/resolve/209f88c5fcd27c927e2ade7675f3d17eeafe133c/requirements.txt,209f88c5fcd27c927e2ade7675f3d17eeafe133c,6926d805f813b9e4d5bbfd875f4604e88d4b8876bfa7f15cb138544d6c2d3eb4,Raja02424/education-chatbot,200,,
273,2026-08-30T21:39:21.852199+00:00,README.md,https://huggingface.co/spaces/Rajeev0102/StudyAssistant/resolve/2a011459ab95e79045cadff26ed18aa17e107d91/README.md,2a011459ab95e79045cadff26ed18aa17e107d91,b9c8e06bb34d28fa5e91648fb1d3dc09a675c9708428f42cf2ed02f8a4904c00,Rajeev0102/StudyAssistant,200,,
1754,2026-09-02T19:09:02.642788+00:00,app.py,https://huggingface.co/spaces/Rajeev0102/StudyAssistant/resolve/2a011459ab95e79045cadff26ed18aa17e107d91/app.py,2a011459ab95e79045cadff26ed18aa17e107d91,7ef202a65d3cb8e9d7b098bb727514114ef4491094a6c2322b46c33ccc46d1c2,Rajeev0102/StudyAssistant,200,lossless-v2,utf-8
20,2026-09-02T19:09:02.645883+00:00,requirements.txt,https://huggingface.co/spaces/Rajeev0102/StudyAssistant/resolve/2a011459ab95e79045cadff26ed18aa17e107d91/requirements.txt,2a011459ab95e79045cadff26ed18aa17e107d91,6f1756c6ef672af0d7db4cad79cfc682868d203d904a5b6aa55db9c2017ca5ad,Rajeev0102/StudyAssistant,200,lossless-v2,utf-8
231,2026-08-30T21:39:22.351159+00:00,README.md,https://huggingface.co/spaces/Rajesh20/AI_Tutor/resolve/869d6824f72f57bd5e3e9a6f939f29d1c3dcfaec/README.md,869d6824f72f57bd5e3e9a6f939f29d1c3dcfaec,06d09ec98cb9f78aaed8dff02288aa85999f614c7771af73edc07754b480b210,Rajesh20/AI_Tutor,200,,
2326,2026-08-30T21:39:22.857305+00:00,app.py,https://huggingface.co/spaces/Rajesh20/AI_Tutor/resolve/869d6824f72f57bd5e3e9a6f939f29d1c3dcfaec/app.py,869d6824f72f57bd5e3e9a6f939f29d1c3dcfaec,b3c36397a8efbe774d7374b586f37e3e5601c4676552dbbfb3019be5aefbf847,Rajesh20/AI_Tutor,200,,
63,2026-08-30T21:39:22.858670+00:00,requirements.txt,https://huggingface.co/spaces/Rajesh20/AI_Tutor/resolve/869d6824f72f57bd5e3e9a6f939f29d1c3dcfaec/requirements.txt,869d6824f72f57bd5e3e9a6f939f29d1c3dcfaec,aa1c3e1b604fc4abbe6280589ba15931834ee02c4b28be37f1c7923138728c89,Rajesh20/AI_Tutor,200,,
289,2026-08-30T21:39:25.575221+00:00,README.md,https://huggingface.co/spaces/Ram05saran/ai-language-tutor/resolve/fa1ba9066f1c764316b1f32d1c25be7be208c60b/README.md,fa1ba9066f1c764316b1f32d1c25be7be208c60b,64e17e6e3dc0e92a2facbc86479b14878b9c18496c9cd2660824bdf52ca75356,Ram05saran/ai-language-tutor,200,,
1110,2026-08-30T21:39:26.066521+00:00,app.py,https://huggingface.co/spaces/Ram05saran/ai-language-tutor/resolve/fa1ba9066f1c764316b1f32d1c25be7be208c60b/app.py,fa1ba9066f1c764316b1f32d1c25be7be208c60b,f9aa7222c03b3ff6276ba770efdcd69226bde013e9fa83af5d482ce455aaac88,Ram05saran/ai-language-tutor,200,,
40,2026-08-30T21:39:26.089863+00:00,requirements.txt,https://huggingface.co/spaces/Ram05saran/ai-language-tutor/resolve/fa1ba9066f1c764316b1f32d1c25be7be208c60b/requirements.txt,fa1ba9066f1c764316b1f32d1c25be7be208c60b,cfb45c7da00e254442163cda50380506c9a3846e7833bd40828f7da402b4a918,Ram05saran/ai-language-tutor,200,,
271,2026-08-30T21:39:28.755225+00:00,README.md,https://huggingface.co/spaces/Ramya8637/quiz-generator/resolve/d1c56e23f350514e3400c6702a9f29949bebaf4f/README.md,d1c56e23f350514e3400c6702a9f29949bebaf4f,e1ea36fc387c5b2f3f20dc96fea22d402fbdd6a4fa7ff268889881774c1f93aa,Ramya8637/quiz-generator,200,,
1489,2026-08-30T21:39:29.269613+00:00,app.py,https://huggingface.co/spaces/Ramya8637/quiz-generator/resolve/d1c56e23f350514e3400c6702a9f29949bebaf4f/app.py,d1c56e23f350514e3400c6702a9f29949bebaf4f,c22571f4416de28da22c396586b43a27961c1849ad699296bbceac5ef820e1b0,Ramya8637/quiz-generator,200,,
27,2026-08-30T21:39:29.260669+00:00,requirements.txt,https://huggingface.co/spaces/Ramya8637/quiz-generator/resolve/d1c56e23f350514e3400c6702a9f29949bebaf4f/requirements.txt,d1c56e23f350514e3400c6702a9f29949bebaf4f,134cef5b52340a90e6f8fb0f3b3eb7513387b4c74dfaed7f3f9578ef5034f544,Ramya8637/quiz-generator,200,,
237,2026-08-30T21:39:29.780864+00:00,README.md,https://huggingface.co/spaces/RamyaKammari/jee_ai_tutor/resolve/74f7340c5ef27381ff21f62540d95bd213c96a6e/README.md,74f7340c5ef27381ff21f62540d95bd213c96a6e,b02c078c91c2d83f6427a6fb76cb369636aa827523485a92c8752b088a35ec9a,RamyaKammari/jee_ai_tutor,200,,
2079,2026-08-30T21:39:30.300837+00:00,app.py,https://huggingface.co/spaces/RamyaKammari/jee_ai_tutor/resolve/74f7340c5ef27381ff21f62540d95bd213c96a6e/app.py,74f7340c5ef27381ff21f62540d95bd213c96a6e,53bf3695079c93ac69f93d5e422a8522f83fc8f1435fe3f2f356f93437aa34d3,RamyaKammari/jee_ai_tutor,200,,
4182,2026-08-30T21:39:30.364261+00:00,app/__init__.py,https://huggingface.co/spaces/RamyaKammari/jee_ai_tutor/resolve/74f7340c5ef27381ff21f62540d95bd213c96a6e/app/__init__.py,74f7340c5ef27381ff21f62540d95bd213c96a6e,bc86a1f232193e0a74cac7198bbf8ec89b37bc754646c9eb215720e36f3b2eba,RamyaKammari/jee_ai_tutor,200,,
1928,2026-08-30T21:39:30.290497+00:00,create_database.py,https://huggingface.co/spaces/RamyaKammari/jee_ai_tutor/resolve/74f7340c5ef27381ff21f62540d95bd213c96a6e/create_database.py,74f7340c5ef27381ff21f62540d95bd213c96a6e,c430b0b5acdc2a995667c439fab412545a8521c58f4eb8ab39460c17fc4117d7,RamyaKammari/jee_ai_tutor,200,,
236,2026-08-30T21:39:30.283403+00:00,main.py,https://huggingface.co/spaces/RamyaKammari/jee_ai_tutor/resolve/74f7340c5ef27381ff21f62540d95bd213c96a6e/main.py,74f7340c5ef27381ff21f62540d95bd213c96a6e,48a383ef30787f7f91eb316e315698809925cedb3aa13be40f471562e0382fad,RamyaKammari/jee_ai_tutor,200,,
3964,2026-08-30T21:39:30.280642+00:00,query_data_models.py,https://huggingface.co/spaces/RamyaKammari/jee_ai_tutor/resolve/74f7340c5ef27381ff21f62540d95bd213c96a6e/query_data_models.py,74f7340c5ef27381ff21f62540d95bd213c96a6e,f184f5dfb179c55f8815a263937ce36614e0e959c24930ecbc9048714d668cad,RamyaKammari/jee_ai_tutor,200,,
671,2026-08-30T21:39:30.292994+00:00,requirements.txt,https://huggingface.co/spaces/RamyaKammari/jee_ai_tutor/resolve/74f7340c5ef27381ff21f62540d95bd213c96a6e/requirements.txt,74f7340c5ef27381ff21f62540d95bd213c96a6e,6b9571b617410da98fc0c3649b0785b8d64bcb36d6934e76d6be1982662a5279,RamyaKammari/jee_ai_tutor,200,,
6139,2026-08-30T21:39:30.897659+00:00,README.md,https://huggingface.co/spaces/Rashpinder/RAG-based-Agentic-AI-tutor/resolve/37815ce72f51db71e0db7926604fae6d1bbb916e/README.md,37815ce72f51db71e0db7926604fae6d1bbb916e,0ba6bd7bf2923fb7e83a5431c7e2b3a65fe77427c95b8b681ff3993959b5bb00,Rashpinder/RAG-based-Agentic-AI-tutor,200,,
30206,2026-08-30T21:39:31.403659+00:00,app.py,https://huggingface.co/spaces/Rashpinder/RAG-based-Agentic-AI-tutor/resolve/37815ce72f51db71e0db7926604fae6d1bbb916e/app.py,37815ce72f51db71e0db7926604fae6d1bbb916e,adb45f5a3f93d7a05aa042771f1e1fb75a036512ef8ec3e3e366a4340cea403a,Rashpinder/RAG-based-Agentic-AI-tutor,200,,
1416,2026-08-30T21:39:31.402195+00:00,config.py,https://huggingface.co/spaces/Rashpinder/RAG-based-Agentic-AI-tutor/resolve/37815ce72f51db71e0db7926604fae6d1bbb916e/config.py,37815ce72f51db71e0db7926604fae6d1bbb916e,ec62e2ee0258136f2a38f9abbc2025c4114fb4c38f059748210cf7f97a12dad1,Rashpinder/RAG-based-Agentic-AI-tutor,200,,
7763,2026-08-30T21:39:31.414595+00:00,database_viewer.py,https://huggingface.co/spaces/Rashpinder/RAG-based-Agentic-AI-tutor/resolve/37815ce72f51db71e0db7926604fae6d1bbb916e/database_viewer.py,37815ce72f51db71e0db7926604fae6d1bbb916e,c46638091d28cbf10a67ce63470d3a4ce960c15d1bac3d0fc555f97270758651,Rashpinder/RAG-based-Agentic-AI-tutor,200,,
14271,2026-08-30T21:39:31.403110+00:00,learning_agent.py,https://huggingface.co/spaces/Rashpinder/RAG-based-Agentic-AI-tutor/resolve/37815ce72f51db71e0db7926604fae6d1bbb916e/learning_agent.py,37815ce72f51db71e0db7926604fae6d1bbb916e,a9e5833831d5b2e886aae99ebe9285a0c3df3a1076b30021d8f6ad1a8bf44608,Rashpinder/RAG-based-Agentic-AI-tutor,200,,
7243,2026-08-30T21:39:31.411568+00:00,rag_pipeline.py,https://huggingface.co/spaces/Rashpinder/RAG-based-Agentic-AI-tutor/resolve/37815ce72f51db71e0db7926604fae6d1bbb916e/rag_pipeline.py,37815ce72f51db71e0db7926604fae6d1bbb916e,f1a24d25efff72cd944187976a48d79bf1f96c4680fcb15450b55c295caeb1b4,Rashpinder/RAG-based-Agentic-AI-tutor,200,,
2680,2026-08-30T21:39:31.410144+00:00,rag_tool.py,https://huggingface.co/spaces/Rashpinder/RAG-based-Agentic-AI-tutor/resolve/37815ce72f51db71e0db7926604fae6d1bbb916e/rag_tool.py,37815ce72f51db71e0db7926604fae6d1bbb916e,64f71fc954fb03ea32aa6562146d2af6c4fa6ecfc2869cc94b0c9485fe5403d0,Rashpinder/RAG-based-Agentic-AI-tutor,200,,
217,2026-08-30T21:39:31.440593+00:00,requirements.txt,https://huggingface.co/spaces/Rashpinder/RAG-based-Agentic-AI-tutor/resolve/37815ce72f51db71e0db7926604fae6d1bbb916e/requirements.txt,37815ce72f51db71e0db7926604fae6d1bbb916e,6ac03a1ebd403a5a7a3fa2d85b1f9ef81bbb45734f8a138b07470866d82d33c4,Rashpinder/RAG-based-Agentic-AI-tutor,200,,
1206,2026-08-30T21:39:31.991312+00:00,README.md,https://huggingface.co/spaces/RayaRam11/Study-assistant/resolve/e2f317baa22a520da4208dcb23b0d4e4164b893d/README.md,e2f317baa22a520da4208dcb23b0d4e4164b893d,b87ce7ff174b60c4c1cd873ec8597d14e7205514d415a3758fe3d79191172139,RayaRam11/Study-assistant,200,,
7555,2026-08-30T21:39:32.630900+00:00,app.py,https://huggingface.co/spaces/RayaRam11/Study-assistant/resolve/e2f317baa22a520da4208dcb23b0d4e4164b893d/app.py,e2f317baa22a520da4208dcb23b0d4e4164b893d,7463f3492e23a1adb47e53ad6e2f14fbf30f72ad08b880a87bc1b28c76906641,RayaRam11/Study-assistant,200,,
546,2026-08-30T21:39:32.535681+00:00,index.html,https://huggingface.co/spaces/RayaRam11/Study-assistant/resolve/e2f317baa22a520da4208dcb23b0d4e4164b893d/index.html,e2f317baa22a520da4208dcb23b0d4e4164b893d,fef10b4e06879d75c496c1ce3e89410bff1b77bf51220f21570255d1f214580e,RayaRam11/Study-assistant,200,,
52,2026-08-30T21:39:32.493602+00:00,requirements.txt,https://huggingface.co/spaces/RayaRam11/Study-assistant/resolve/e2f317baa22a520da4208dcb23b0d4e4164b893d/requirements.txt,e2f317baa22a520da4208dcb23b0d4e4164b893d,148520db53ef1fd9691bef5696a774c45bc79e0c9b9bc06eae9ea354510d006d,RayaRam11/Study-assistant,200,,
260,2026-08-30T21:39:33.148666+00:00,README.md,https://huggingface.co/spaces/Rayi-ss/AI-Powered-Study-Assistant/resolve/0ccf0f4dee010eac51d395c53d54c222c71ae4a5/README.md,0ccf0f4dee010eac51d395c53d54c222c71ae4a5,c13e3e381e79d0bf57a8d3652c1d4fa3d51ae2a3ee8c1b9c269de76d818dd94d,Rayi-ss/AI-Powered-Study-Assistant,200,,
21633,2026-08-30T21:39:33.630519+00:00,app.py,https://huggingface.co/spaces/Rayi-ss/AI-Powered-Study-Assistant/resolve/0ccf0f4dee010eac51d395c53d54c222c71ae4a5/app.py,0ccf0f4dee010eac51d395c53d54c222c71ae4a5,b5352cea82dd66162d990dc8f73819de398394350b0335fb32d47fbbfbd9217e,Rayi-ss/AI-Powered-Study-Assistant,200,,
41,2026-08-30T21:39:33.658530+00:00,requirements.txt,https://huggingface.co/spaces/Rayi-ss/AI-Powered-Study-Assistant/resolve/0ccf0f4dee010eac51d395c53d54c222c71ae4a5/requirements.txt,0ccf0f4dee010eac51d395c53d54c222c71ae4a5,c32aba1ee159ff4063de69ce6ba66cd141ec33cb0cb397b1859c7b304af6e163,Rayi-ss/AI-Powered-Study-Assistant,200,,
326,2026-08-30T21:39:34.189430+00:00,README.md,https://huggingface.co/spaces/Razzaqi3143/Engineering_Quiz_Generator/resolve/fb42cdb8defe0579ded9fb21cdf295c0e41cc446/README.md,fb42cdb8defe0579ded9fb21cdf295c0e41cc446,2526c88acee40672e55b700b4628fd5b6959faefeed2b3f0ef9a42bfceddde26,Razzaqi3143/Engineering_Quiz_Generator,200,,
4464,2026-08-30T21:39:34.685021+00:00,app.py,https://huggingface.co/spaces/Razzaqi3143/Engineering_Quiz_Generator/resolve/fb42cdb8defe0579ded9fb21cdf295c0e41cc446/app.py,fb42cdb8defe0579ded9fb21cdf295c0e41cc446,69b7d5a3de900a6b4e1f6da2dc06b56c2b2fc3dbee6282bd28ae5d5a5bb8f5a4,Razzaqi3143/Engineering_Quiz_Generator,200,,
28,2026-08-30T21:39:34.729249+00:00,requirements.txt,https://huggingface.co/spaces/Razzaqi3143/Engineering_Quiz_Generator/resolve/fb42cdb8defe0579ded9fb21cdf295c0e41cc446/requirements.txt,fb42cdb8defe0579ded9fb21cdf295c0e41cc446,1610b98c5a05d9defb91f869c3df6c7e7d732be2831dbae0f3b443f2bcc03a2d,Razzaqi3143/Engineering_Quiz_Generator,200,,
278,2026-08-30T21:39:36.606497+00:00,README.md,https://huggingface.co/spaces/Renancaizen/quizcraft-factory-bulk-quiz-video-generator/resolve/c2d47a201691d3673268d26344d9fad1da1e0312/README.md,c2d47a201691d3673268d26344d9fad1da1e0312,3242c58e82f8c1e320d471ebefe6a7826a89613493dda38d1c47758ea6dd068f,Renancaizen/quizcraft-factory-bulk-quiz-video-generator,200,,
2837,2026-08-30T21:39:37.101041+00:00,components/footer.js,https://huggingface.co/spaces/Renancaizen/quizcraft-factory-bulk-quiz-video-generator/resolve/c2d47a201691d3673268d26344d9fad1da1e0312/components/footer.js,c2d47a201691d3673268d26344d9fad1da1e0312,9eec89a169a0ec06ac54e7a538f13844d75b6ac9e73cf0e2f74331fac943f808,Renancaizen/quizcraft-factory-bulk-quiz-video-generator,200,,
1747,2026-08-30T21:39:37.118210+00:00,components/navbar.js,https://huggingface.co/spaces/Renancaizen/quizcraft-factory-bulk-quiz-video-generator/resolve/c2d47a201691d3673268d26344d9fad1da1e0312/components/navbar.js,c2d47a201691d3673268d26344d9fad1da1e0312,2269adeb4e83413e2f239ae9e80876fabb08aa0cc60e878e42de7531b7358c62,Renancaizen/quizcraft-factory-bulk-quiz-video-generator,200,,
4902,2026-08-30T21:39:37.099545+00:00,index.html,https://huggingface.co/spaces/Renancaizen/quizcraft-factory-bulk-quiz-video-generator/resolve/c2d47a201691d3673268d26344d9fad1da1e0312/index.html,c2d47a201691d3673268d26344d9fad1da1e0312,ed9e9bf627ddbc811ff2c821e3ac3ede3fb98230eec533081f7166aef7a0c229,Renancaizen/quizcraft-factory-bulk-quiz-video-generator,200,,
1218,2026-08-30T21:39:37.125166+00:00,script.js,https://huggingface.co/spaces/Renancaizen/quizcraft-factory-bulk-quiz-video-generator/resolve/c2d47a201691d3673268d26344d9fad1da1e0312/script.js,c2d47a201691d3673268d26344d9fad1da1e0312,3416ade5450aab729d3fbde1bc11327a52c218a35a9e63933deb2786e10ab769,Renancaizen/quizcraft-factory-bulk-quiz-video-generator,200,,
6184,2026-08-30T21:39:37.183586+00:00,templates.html,https://huggingface.co/spaces/Renancaizen/quizcraft-factory-bulk-quiz-video-generator/resolve/c2d47a201691d3673268d26344d9fad1da1e0312/templates.html,c2d47a201691d3673268d26344d9fad1da1e0312,a638ea6d4c9c4a60158fa22c98451b66ef6f9577be546ca6a952b6fcb23db436,Renancaizen/quizcraft-factory-bulk-quiz-video-generator,200,,
243,2026-08-30T21:39:40.855854+00:00,README.md,https://huggingface.co/spaces/Rishabh12j/AI_Powered_Teaching_Assistant/resolve/c49a23fa9aad7cae8139ad362feb004fc491fd52/README.md,c49a23fa9aad7cae8139ad362feb004fc491fd52,8e2ccae40aa1720f9d91934a44f21832f1decf92de06673763a24f56d18abcae,Rishabh12j/AI_Powered_Teaching_Assistant,200,,
5907,2026-08-30T21:39:41.352793+00:00,app.py,https://huggingface.co/spaces/Rishabh12j/AI_Powered_Teaching_Assistant/resolve/c49a23fa9aad7cae8139ad362feb004fc491fd52/app.py,c49a23fa9aad7cae8139ad362feb004fc491fd52,12b49fed035e509e2a2e9145bee72b351bd7a8444eba17170d89fae21c5fc9f8,Rishabh12j/AI_Powered_Teaching_Assistant,200,,
40,2026-08-30T21:39:41.362394+00:00,requirements.txt,https://huggingface.co/spaces/Rishabh12j/AI_Powered_Teaching_Assistant/resolve/c49a23fa9aad7cae8139ad362feb004fc491fd52/requirements.txt,c49a23fa9aad7cae8139ad362feb004fc491fd52,99ad3d6f01416f7e467b65fa112908b185037d036dd93ac7ca46d2bcd1bb2cbc,Rishabh12j/AI_Powered_Teaching_Assistant,200,,
260,2026-08-30T21:39:41.867561+00:00,README.md,https://huggingface.co/spaces/Rishabh12j/Teaching_Assistant_AI/resolve/f454ff59549ddfda2ad24e668c4ca7ce4379fe1c/README.md,f454ff59549ddfda2ad24e668c4ca7ce4379fe1c,95bae989cb34c7942c56703b139aa024a46ac0a1960dc756555efece2e717cba,Rishabh12j/Teaching_Assistant_AI,200,,
7352,2026-08-30T21:39:42.365533+00:00,app.py,https://huggingface.co/spaces/Rishabh12j/Teaching_Assistant_AI/resolve/f454ff59549ddfda2ad24e668c4ca7ce4379fe1c/app.py,f454ff59549ddfda2ad24e668c4ca7ce4379fe1c,7057257a8661fb7f59aee4b465941f7aaa172c953214e389ebe327699f582eea,Rishabh12j/Teaching_Assistant_AI,200,,
1123,2026-08-30T21:39:42.428271+00:00,config.py,https://huggingface.co/spaces/Rishabh12j/Teaching_Assistant_AI/resolve/f454ff59549ddfda2ad24e668c4ca7ce4379fe1c/config.py,f454ff59549ddfda2ad24e668c4ca7ce4379fe1c,a7ced18d6d583645568ed905a0d35d0711620022c94637f1a7626294f94a87fc,Rishabh12j/Teaching_Assistant_AI,200,,
993,2026-08-30T21:39:42.387180+00:00,content_generator.py,https://huggingface.co/spaces/Rishabh12j/Teaching_Assistant_AI/resolve/f454ff59549ddfda2ad24e668c4ca7ce4379fe1c/content_generator.py,f454ff59549ddfda2ad24e668c4ca7ce4379fe1c,bd639f732be22628ad268e50595a4a23231b2508f05c0dc131db2efb68ca56ea,Rishabh12j/Teaching_Assistant_AI,200,,
805,2026-08-30T21:39:42.384624+00:00,models.py,https://huggingface.co/spaces/Rishabh12j/Teaching_Assistant_AI/resolve/f454ff59549ddfda2ad24e668c4ca7ce4379fe1c/models.py,f454ff59549ddfda2ad24e668c4ca7ce4379fe1c,c5caf5a366407f3c5ab2892322da4412c750b63a65d52578153405cde2158c28,Rishabh12j/Teaching_Assistant_AI,200,,
4978,2026-08-30T21:39:42.362674+00:00,prompt.py,https://huggingface.co/spaces/Rishabh12j/Teaching_Assistant_AI/resolve/f454ff59549ddfda2ad24e668c4ca7ce4379fe1c/prompt.py,f454ff59549ddfda2ad24e668c4ca7ce4379fe1c,1fe91ad722e0d6e8790b1f4170587ca07a1ded7ff2f657a04c883535f0b6f21c,Rishabh12j/Teaching_Assistant_AI,200,,
13,2026-08-30T21:39:42.455419+00:00,requirements.txt,https://huggingface.co/spaces/Rishabh12j/Teaching_Assistant_AI/resolve/f454ff59549ddfda2ad24e668c4ca7ce4379fe1c/requirements.txt,f454ff59549ddfda2ad24e668c4ca7ce4379fe1c,4576a04901db79b3a3ad5bd7f080178bcf51ab5ef084b573d86aa521959e22f1,Rishabh12j/Teaching_Assistant_AI,200,,
254,2026-08-30T21:39:45.009806+00:00,README.md,https://huggingface.co/spaces/Riya00/quiz_generator/resolve/53447f4b69bc778215eb1464c78d5e319354bd8e/README.md,53447f4b69bc778215eb1464c78d5e319354bd8e,6894cfe2079fe4a88944559416d74556122dd6ae6fb6b76a9195efae999c5166,Riya00/quiz_generator,200,,
2219,2026-08-30T21:39:45.543538+00:00,app.py,https://huggingface.co/spaces/Riya00/quiz_generator/resolve/53447f4b69bc778215eb1464c78d5e319354bd8e/app.py,53447f4b69bc778215eb1464c78d5e319354bd8e,e23804a7baf15dc07d6172f06d6c9183c97e38962215f0849afff1ffd2722a89,Riya00/quiz_generator,200,,
33,2026-08-30T21:39:45.531709+00:00,requirements.txt,https://huggingface.co/spaces/Riya00/quiz_generator/resolve/53447f4b69bc778215eb1464c78d5e319354bd8e/requirements.txt,53447f4b69bc778215eb1464c78d5e319354bd8e,a146ae7d0fea2e69edf5c0319bd98fe0447b550aac70e1d7dc318f9ece227901,Riya00/quiz_generator,200,,
272,2026-08-30T21:39:47.150029+00:00,README.md,https://huggingface.co/spaces/Rohit8827/StudyAssistant/resolve/f7a5535d26c5bef179ae91e77ebdc3e480eaae9c/README.md,f7a5535d26c5bef179ae91e77ebdc3e480eaae9c,6537f4ae37fd164c04ef86c24b745cdc0df89fdc8af60870e534ce96d86197cd,Rohit8827/StudyAssistant,200,,
1843,2026-09-02T19:09:03.836206+00:00,app.py,https://huggingface.co/spaces/Rohit8827/StudyAssistant/resolve/f7a5535d26c5bef179ae91e77ebdc3e480eaae9c/app.py,f7a5535d26c5bef179ae91e77ebdc3e480eaae9c,6541ed84c9715f47924a0bc8bc23657afedd3b8297f42e075c76d7079bdcaed7,Rohit8827/StudyAssistant,200,lossless-v2,utf-8
20,2026-09-02T19:09:03.949273+00:00,requirements.txt,https://huggingface.co/spaces/Rohit8827/StudyAssistant/resolve/f7a5535d26c5bef179ae91e77ebdc3e480eaae9c/requirements.txt,f7a5535d26c5bef179ae91e77ebdc3e480eaae9c,6f1756c6ef672af0d7db4cad79cfc682868d203d904a5b6aa55db9c2017ca5ad,Rohit8827/StudyAssistant,200,lossless-v2,utf-8
241,2026-08-30T21:39:48.161805+00:00,README.md,https://huggingface.co/spaces/Rosh-2/physics_tutor_chatbot/resolve/086884648e695aec60fc192aa85848dc08e880bd/README.md,086884648e695aec60fc192aa85848dc08e880bd,0c0d261cbf0b7cefae52e71ec49710a76dd450fb85211ae41c4e1e3e15ae3c3d,Rosh-2/physics_tutor_chatbot,200,,
1573,2026-08-30T21:39:48.672449+00:00,app.py,https://huggingface.co/spaces/Rosh-2/physics_tutor_chatbot/resolve/086884648e695aec60fc192aa85848dc08e880bd/app.py,086884648e695aec60fc192aa85848dc08e880bd,f6fa8ece9e64b712c4c2fad61ab7a3abbd513594ae74bec7fe5bd74644a619a8,Rosh-2/physics_tutor_chatbot,200,,
11,2026-08-30T21:39:48.667630+00:00,requirements.txt,https://huggingface.co/spaces/Rosh-2/physics_tutor_chatbot/resolve/086884648e695aec60fc192aa85848dc08e880bd/requirements.txt,086884648e695aec60fc192aa85848dc08e880bd,fb2abab461a9f402f4b8dff486a495676ee56b9d94bbd15a58e004bbcdc2e052,Rosh-2/physics_tutor_chatbot,200,,
294,2026-08-30T21:39:52.909026+00:00,README.md,https://huggingface.co/spaces/Rupesx007/quiz_generator/resolve/b69329e22f8456be6526971e8af35db92f3de999/README.md,b69329e22f8456be6526971e8af35db92f3de999,b3118860d4c054056391634ad498b9a1555908ecff5a35e2c519e79017ffb088,Rupesx007/quiz_generator,200,,
17248,2026-08-30T21:39:53.432068+00:00,app.py,https://huggingface.co/spaces/Rupesx007/quiz_generator/resolve/b69329e22f8456be6526971e8af35db92f3de999/app.py,b69329e22f8456be6526971e8af35db92f3de999,6ba77b62533b9de40ed505d408040df67e7803355ab8e4fde02fee2808755364,Rupesx007/quiz_generator,200,,
107,2026-08-30T21:39:53.419057+00:00,requirements.txt,https://huggingface.co/spaces/Rupesx007/quiz_generator/resolve/b69329e22f8456be6526971e8af35db92f3de999/requirements.txt,b69329e22f8456be6526971e8af35db92f3de999,e01f89ab6fd1d891246eaa9e7dced796749b5bafc8c90c17c20da65053044f48,Rupesx007/quiz_generator,200,,
271,2026-08-30T21:39:53.932033+00:00,README.md,https://huggingface.co/spaces/Rushi420/StudyAssistant/resolve/62b4b608208cd0ee429205063c6c821365f8fcc2/README.md,62b4b608208cd0ee429205063c6c821365f8fcc2,d7aecd3c9c8934cf015bb3057ef9b56374d83db9befc8982d8145e414b598f63,Rushi420/StudyAssistant,200,,
1244,2026-09-02T19:09:05.225580+00:00,app.py,https://huggingface.co/spaces/Rushi420/StudyAssistant/resolve/62b4b608208cd0ee429205063c6c821365f8fcc2/app.py,62b4b608208cd0ee429205063c6c821365f8fcc2,b8f40ef366e6e1219ea1858bcf3a20b4b8479d0e1fcd24423a6425af13896bb4,Rushi420/StudyAssistant,200,lossless-v2,utf-8
20,2026-09-02T19:09:05.241801+00:00,requirements.txt,https://huggingface.co/spaces/Rushi420/StudyAssistant/resolve/62b4b608208cd0ee429205063c6c821365f8fcc2/requirements.txt,62b4b608208cd0ee429205063c6c821365f8fcc2,6f1756c6ef672af0d7db4cad79cfc682868d203d904a5b6aa55db9c2017ca5ad,Rushi420/StudyAssistant,200,lossless-v2,utf-8
217,2026-08-30T21:39:54.449509+00:00,README.md,https://huggingface.co/spaces/Rushikesh1137/my-study-assistant/resolve/36e83f19edc34dd0665232f938d3ee5806265406/README.md,36e83f19edc34dd0665232f938d3ee5806265406,86845b03a238e4b1792566004e9c5e85c97fc8ffbe5eb00b42ebf03f4e72be01,Rushikesh1137/my-study-assistant,200,,
546,2026-08-30T21:39:54.946026+00:00,index.html,https://huggingface.co/spaces/Rushikesh1137/my-study-assistant/resolve/36e83f19edc34dd0665232f938d3ee5806265406/index.html,36e83f19edc34dd0665232f938d3ee5806265406,fef10b4e06879d75c496c1ce3e89410bff1b77bf51220f21570255d1f214580e,Rushikesh1137/my-study-assistant,200,,
258,2026-08-30T21:39:55.448811+00:00,README.md,https://huggingface.co/spaces/Rushikesh1137/studyAssistant/resolve/ec6aa8fda8e99719e3d6b6b39ea8bbef0e691509/README.md,ec6aa8fda8e99719e3d6b6b39ea8bbef0e691509,45900cd6b3bc79eeed896965d4e6aeef99e823a2a243a46f82f2ef9f5b4dd49f,Rushikesh1137/studyAssistant,200,,
1664,2026-08-30T21:39:55.944825+00:00,index.html,https://huggingface.co/spaces/Rushikesh1137/studyAssistant/resolve/ec6aa8fda8e99719e3d6b6b39ea8bbef0e691509/index.html,ec6aa8fda8e99719e3d6b6b39ea8bbef0e691509,870dca6ad2db4be31e3278dcbe59b8c43c3f02baf1c1e105a7d8e73a68c23d7a,Rushikesh1137/studyAssistant,200,,
80,2026-08-30T21:40:45.169816+00:00,README.md,https://huggingface.co/spaces/SBDeploy/Study_Assistant/resolve/edc833ca09c6a846faa6f84da6f70ead30d94749/README.md,edc833ca09c6a846faa6f84da6f70ead30d94749,6ff291d6302b94d15b889dad1659b146dfce71b82bbf3cc107ef2e8b824e8cf5,SBDeploy/Study_Assistant,200,,
1287,2026-08-30T21:40:45.703549+00:00,app.py,https://huggingface.co/spaces/SBDeploy/Study_Assistant/resolve/edc833ca09c6a846faa6f84da6f70ead30d94749/app.py,edc833ca09c6a846faa6f84da6f70ead30d94749,52cf41d9f22deb7652da879d86d7941000b036ae290d73302ba48121e1134730,SBDeploy/Study_Assistant,200,,
36,2026-08-30T21:40:45.748429+00:00,requirements.txt,https://huggingface.co/spaces/SBDeploy/Study_Assistant/resolve/edc833ca09c6a846faa6f84da6f70ead30d94749/requirements.txt,edc833ca09c6a846faa6f84da6f70ead30d94749,df1b0019d1b1160d10d894b6608f65990ba1a4985edd6777358121c2ab0ae09f,SBDeploy/Study_Assistant,200,,
962,2026-08-30T21:40:45.709940+00:00,sample_data/README.md,https://huggingface.co/spaces/SBDeploy/Study_Assistant/resolve/edc833ca09c6a846faa6f84da6f70ead30d94749/sample_data/README.md,edc833ca09c6a846faa6f84da6f70ead30d94749,a63d715f48c25c4f0b207afe4d7eb1547b08b92c33b126971e701e9590e1173d,SBDeploy/Study_Assistant,200,,
268,2026-08-30T21:40:52.271642+00:00,README.md,https://huggingface.co/spaces/SH1VAM-2027/studyAssistant/resolve/b572d305244b8d407b9f06dd9d846222b3b9b75e/README.md,b572d305244b8d407b9f06dd9d846222b3b9b75e,3ece35c2f50d4a43495e46badf3a781c7a1fec1fde75729471ed0754082309e9,SH1VAM-2027/studyAssistant,200,,
2258,2026-09-02T19:09:08.916372+00:00,app.py,https://huggingface.co/spaces/SH1VAM-2027/studyAssistant/resolve/b572d305244b8d407b9f06dd9d846222b3b9b75e/app.py,b572d305244b8d407b9f06dd9d846222b3b9b75e,34441952d86d79ce9d0cbcec725c40053dc7ed1ec2208763f4b1f1448566075f,SH1VAM-2027/studyAssistant,200,lossless-v2,utf-8
19,2026-09-02T19:09:08.910571+00:00,requirements.txt,https://huggingface.co/spaces/SH1VAM-2027/studyAssistant/resolve/b572d305244b8d407b9f06dd9d846222b3b9b75e/requirements.txt,b572d305244b8d407b9f06dd9d846222b3b9b75e,216399cfb4feeccfecfee07de1795f930051417f522faea92715c25245671c05,SH1VAM-2027/studyAssistant,200,lossless-v2,utf-8
268,2026-08-30T21:41:39.052803+00:00,README.md,https://huggingface.co/spaces/STUDY-WITH-S-K/k-study-assistant/resolve/b5524ce15d07baf87ffd1deef942df0a394e563b/README.md,b5524ce15d07baf87ffd1deef942df0a394e563b,561f71dc8450f8eaf9f4e8272ff5b3491b3420b4dca6ba3ab59680a3814e2ef6,STUDY-WITH-S-K/k-study-assistant,200,,
10728,2026-08-30T21:41:39.557094+00:00,index.html,https://huggingface.co/spaces/STUDY-WITH-S-K/k-study-assistant/resolve/b5524ce15d07baf87ffd1deef942df0a394e563b/index.html,b5524ce15d07baf87ffd1deef942df0a394e563b,444647e0fd7fc29048a154b891f9fb5ae3e4776096207efb74115f2c2431449e,STUDY-WITH-S-K/k-study-assistant,200,,
13503,2026-08-30T21:39:57.473624+00:00,README.md,https://huggingface.co/spaces/SaanviWatrana/saanvi-ai-study-tutor/resolve/2594f9c2e4d69921265a027159bd017540224d06/README.md,2594f9c2e4d69921265a027159bd017540224d06,03a9a390742f31a1f774adc8d141aef577b7e95d4b0efd0db7c04b1c87fb5d3e,SaanviWatrana/saanvi-ai-study-tutor,200,,
985,2026-08-30T21:39:57.986714+00:00,index.html,https://huggingface.co/spaces/SaanviWatrana/saanvi-ai-study-tutor/resolve/2594f9c2e4d69921265a027159bd017540224d06/index.html,2594f9c2e4d69921265a027159bd017540224d06,a50948e8a0d78f78e7e345bca79b972fac9c7a59d18537f004f5fb25cc5bbe3e,SaanviWatrana/saanvi-ai-study-tutor,200,,
2425,2026-08-30T21:39:57.988426+00:00,index.js,https://huggingface.co/spaces/SaanviWatrana/saanvi-ai-study-tutor/resolve/2594f9c2e4d69921265a027159bd017540224d06/index.js,2594f9c2e4d69921265a027159bd017540224d06,050af99dd1d74ff76532153393dcc79feb7891576bb9fe11ca9084781721835b,SaanviWatrana/saanvi-ai-study-tutor,200,,
295,2026-08-30T21:40:01.698057+00:00,README.md,https://huggingface.co/spaces/Sadem-12/AI_Study_Assistant/resolve/6eefe717a3df057e07f1de228c6ed60a321f5406/README.md,6eefe717a3df057e07f1de228c6ed60a321f5406,a611243fb29edbe82bc86cfe07703c83c5c5ea19113f4bec4d85bec67187ceda,Sadem-12/AI_Study_Assistant,200,,
1493,2026-08-30T21:40:02.328980+00:00,app.py,https://huggingface.co/spaces/Sadem-12/AI_Study_Assistant/resolve/6eefe717a3df057e07f1de228c6ed60a321f5406/app.py,6eefe717a3df057e07f1de228c6ed60a321f5406,4cae8f3e63262f11605d52e75b03ea6fa121a350b661d790caba8b25adb79eb3,Sadem-12/AI_Study_Assistant,200,,
299,2026-08-30T21:40:02.420812+00:00,flashcards.py,https://huggingface.co/spaces/Sadem-12/AI_Study_Assistant/resolve/6eefe717a3df057e07f1de228c6ed60a321f5406/flashcards.py,6eefe717a3df057e07f1de228c6ed60a321f5406,046e8af5f101d6c5f6a9e1355e550b502c248aa6a782590846275c99145f36a3,Sadem-12/AI_Study_Assistant,200,,
527,2026-08-30T21:40:02.414984+00:00,mind_map.py,https://huggingface.co/spaces/Sadem-12/AI_Study_Assistant/resolve/6eefe717a3df057e07f1de228c6ed60a321f5406/mind_map.py,6eefe717a3df057e07f1de228c6ed60a321f5406,9eabb49bc9acada9dda2b508c4c92cc56a5ada5650b7246d5effc61e8399c5cd,Sadem-12/AI_Study_Assistant,200,,
568,2026-08-30T21:40:02.252690+00:00,quiz_generator.py,https://huggingface.co/spaces/Sadem-12/AI_Study_Assistant/resolve/6eefe717a3df057e07f1de228c6ed60a321f5406/quiz_generator.py,6eefe717a3df057e07f1de228c6ed60a321f5406,f539534d8a3f85af375934904b5832a1792f40aa5149fb76540e483e8ea73cd1,Sadem-12/AI_Study_Assistant,200,,
34,2026-08-30T21:40:02.411799+00:00,requirements.txt,https://huggingface.co/spaces/Sadem-12/AI_Study_Assistant/resolve/6eefe717a3df057e07f1de228c6ed60a321f5406/requirements.txt,6eefe717a3df057e07f1de228c6ed60a321f5406,44700c8c1e64421fd7c36c984ee4d10b5068e635c54ed5acd000e89cdafa1977,Sadem-12/AI_Study_Assistant,200,,
442,2026-08-30T21:40:02.318678+00:00,summarization.py,https://huggingface.co/spaces/Sadem-12/AI_Study_Assistant/resolve/6eefe717a3df057e07f1de228c6ed60a321f5406/summarization.py,6eefe717a3df057e07f1de228c6ed60a321f5406,724712a9a8c132bbf83bb8da366601da273a7439747832fdcfd45363dd2c40e0,Sadem-12/AI_Study_Assistant,200,,
326,2026-08-30T21:40:03.952297+00:00,README.md,https://huggingface.co/spaces/SahilGupta4/Study_Assistant/resolve/38f9ee2c8ae6ff9b91992c3894c973c310ddd060/README.md,38f9ee2c8ae6ff9b91992c3894c973c310ddd060,789a41745c1cbd13bdaed53b9ae6c26e7bbebb63f15e8aeb7fab4883f2cbdc14,SahilGupta4/Study_Assistant,200,,
1913,2026-08-30T21:40:04.452407+00:00,app.py,https://huggingface.co/spaces/SahilGupta4/Study_Assistant/resolve/38f9ee2c8ae6ff9b91992c3894c973c310ddd060/app.py,38f9ee2c8ae6ff9b91992c3894c973c310ddd060,55026653d8649989d5e77c6fb9dc01dd5677a7f1647802bee0f54f5ee900b070,SahilGupta4/Study_Assistant,200,,
37,2026-08-30T21:40:04.461108+00:00,requirements.txt,https://huggingface.co/spaces/SahilGupta4/Study_Assistant/resolve/38f9ee2c8ae6ff9b91992c3894c973c310ddd060/requirements.txt,38f9ee2c8ae6ff9b91992c3894c973c310ddd060,20bbf16f88bbf5812d263c7f8e6d501c4be19f993219e5d39032a1d076e0e2cb,SahilGupta4/Study_Assistant,200,,
276,2026-08-30T21:40:04.968974+00:00,README.md,https://huggingface.co/spaces/SaiAbhiYaswanth/study_assistant/resolve/ded14ec7d79b008a053f5133d711cb1eb3a28f07/README.md,ded14ec7d79b008a053f5133d711cb1eb3a28f07,a629cca7ff0cfaf11bf478e55c133a76d29d89e8aa14e33bbbff3b15cceec785,SaiAbhiYaswanth/study_assistant,200,,
1737,2026-08-30T21:40:05.458297+00:00,app.py,https://huggingface.co/spaces/SaiAbhiYaswanth/study_assistant/resolve/ded14ec7d79b008a053f5133d711cb1eb3a28f07/app.py,ded14ec7d79b008a053f5133d711cb1eb3a28f07,11fa27ddad7530d91886fb47047c81871137abc05ce83fe4f823f2661e125a7d,SaiAbhiYaswanth/study_assistant,200,,
546,2026-08-30T21:40:05.484496+00:00,index.html,https://huggingface.co/spaces/SaiAbhiYaswanth/study_assistant/resolve/ded14ec7d79b008a053f5133d711cb1eb3a28f07/index.html,ded14ec7d79b008a053f5133d711cb1eb3a28f07,fef10b4e06879d75c496c1ce3e89410bff1b77bf51220f21570255d1f214580e,SaiAbhiYaswanth/study_assistant,200,,
20,2026-08-30T21:40:05.463720+00:00,requirements.txt,https://huggingface.co/spaces/SaiAbhiYaswanth/study_assistant/resolve/ded14ec7d79b008a053f5133d711cb1eb3a28f07/requirements.txt,ded14ec7d79b008a053f5133d711cb1eb3a28f07,95b4ef97b952c34747ec62bd11226237b56adcd53182fcd706b2f2be09c37c53,SaiAbhiYaswanth/study_assistant,200,,
271,2026-08-30T21:40:10.214702+00:00,README.md,https://huggingface.co/spaces/SaiRithwik2004/StudyAssistant/resolve/78012280c1142b71f09bb5a491aa0b62ac5a1016/README.md,78012280c1142b71f09bb5a491aa0b62ac5a1016,d5766eb72267eff6aa6b2b586e74b4ec90a7121577cabc81c969aca7abad1df5,SaiRithwik2004/StudyAssistant,200,,
1739,2026-09-02T19:09:05.979506+00:00,app.py,https://huggingface.co/spaces/SaiRithwik2004/StudyAssistant/resolve/78012280c1142b71f09bb5a491aa0b62ac5a1016/app.py,78012280c1142b71f09bb5a491aa0b62ac5a1016,2f9eb5700d42b127220287b51e35fccdda87a41a89ed8a828b2962dfcc4180e5,SaiRithwik2004/StudyAssistant,200,lossless-v2,utf-8
20,2026-09-02T19:09:05.917412+00:00,requirements.txt,https://huggingface.co/spaces/SaiRithwik2004/StudyAssistant/resolve/78012280c1142b71f09bb5a491aa0b62ac5a1016/requirements.txt,78012280c1142b71f09bb5a491aa0b62ac5a1016,6f1756c6ef672af0d7db4cad79cfc682868d203d904a5b6aa55db9c2017ca5ad,SaiRithwik2004/StudyAssistant,200,lossless-v2,utf-8
3951,2026-08-30T21:40:10.706075+00:00,README.md,https://huggingface.co/spaces/Sajid1974/Socratic_QA_GenAI_Tutor/resolve/617048d710dda015842a91e08bb0408b488f67c7/README.md,617048d710dda015842a91e08bb0408b488f67c7,0cbd7b5ae2e4f3b5c8eed3c63093fdccd2e9cbc805bbebff732129685f4956f7,Sajid1974/Socratic_QA_GenAI_Tutor,200,,
1130,2026-08-30T21:40:11.219730+00:00,agents/evaluation_agent.py,https://huggingface.co/spaces/Sajid1974/Socratic_QA_GenAI_Tutor/resolve/617048d710dda015842a91e08bb0408b488f67c7/agents/evaluation_agent.py,617048d710dda015842a91e08bb0408b488f67c7,9edba4ad940466aab73612b8603ac251ac9bd8fc7b3d52c6757e0ef9a01e0dbd,Sajid1974/Socratic_QA_GenAI_Tutor,200,,
1264,2026-08-30T21:40:11.249638+00:00,agents/ingestion_agent.py,https://huggingface.co/spaces/Sajid1974/Socratic_QA_GenAI_Tutor/resolve/617048d710dda015842a91e08bb0408b488f67c7/agents/ingestion_agent.py,617048d710dda015842a91e08bb0408b488f67c7,c85f66c311f4d4275527164e5c9f82c4e15de86c424942fe1d27f859c796d1cf,Sajid1974/Socratic_QA_GenAI_Tutor,200,,
1868,2026-08-30T21:40:11.218265+00:00,agents/orchestration_agent.py,https://huggingface.co/spaces/Sajid1974/Socratic_QA_GenAI_Tutor/resolve/617048d710dda015842a91e08bb0408b488f67c7/agents/orchestration_agent.py,617048d710dda015842a91e08bb0408b488f67c7,17fa37590d928f35046a1f3732456d00f27783be6731d67446547b41e806d5a8,Sajid1974/Socratic_QA_GenAI_Tutor,200,,
1607,2026-08-30T21:40:11.231923+00:00,agents/socratic_agent.py,https://huggingface.co/spaces/Sajid1974/Socratic_QA_GenAI_Tutor/resolve/617048d710dda015842a91e08bb0408b488f67c7/agents/socratic_agent.py,617048d710dda015842a91e08bb0408b488f67c7,2ce2135c71f4b258b6a3150866c17089d3bc822c00776470c1384561d191437f,Sajid1974/Socratic_QA_GenAI_Tutor,200,,
7391,2026-08-30T21:40:11.307327+00:00,app.py,https://huggingface.co/spaces/Sajid1974/Socratic_QA_GenAI_Tutor/resolve/617048d710dda015842a91e08bb0408b488f67c7/app.py,617048d710dda015842a91e08bb0408b488f67c7,90464f4b9ccc49bca9f9493d828f301d7a7993de08ad54262fad95efbd811108,Sajid1974/Socratic_QA_GenAI_Tutor,200,,
1010,2026-08-30T21:40:11.283741+00:00,engines/hint_policy_engine.py,https://huggingface.co/spaces/Sajid1974/Socratic_QA_GenAI_Tutor/resolve/617048d710dda015842a91e08bb0408b488f67c7/engines/hint_policy_engine.py,617048d710dda015842a91e08bb0408b488f67c7,aeac362829104176748f2ca3e4f4f87037e4124ae5eafccf5ec26fad57c5fa85,Sajid1974/Socratic_QA_GenAI_Tutor,200,,
891,2026-08-30T21:40:11.277006+00:00,engines/misconception_engine.py,https://huggingface.co/spaces/Sajid1974/Socratic_QA_GenAI_Tutor/resolve/617048d710dda015842a91e08bb0408b488f67c7/engines/misconception_engine.py,617048d710dda015842a91e08bb0408b488f67c7,9da99f743b379baf70cad0ac1c63f199bbaba52fef9cbf789417c938313c6dff,Sajid1974/Socratic_QA_GenAI_Tutor,200,,
1001,2026-08-30T21:40:11.276242+00:00,engines/rag_engine.py,https://huggingface.co/spaces/Sajid1974/Socratic_QA_GenAI_Tutor/resolve/617048d710dda015842a91e08bb0408b488f67c7/engines/rag_engine.py,617048d710dda015842a91e08bb0408b488f67c7,b65cc131bf72f9dbd7335889687950007d9e93a439304eef25455236a09c472c,Sajid1974/Socratic_QA_GenAI_Tutor,200,,
112,2026-08-30T21:40:11.825057+00:00,requirements.txt,https://huggingface.co/spaces/Sajid1974/Socratic_QA_GenAI_Tutor/resolve/617048d710dda015842a91e08bb0408b488f67c7/requirements.txt,617048d710dda015842a91e08bb0408b488f67c7,a97a7b0d269c6343ac124123ad7c875e64a12f1395aae7a4d2a51ef8c9dec22e,Sajid1974/Socratic_QA_GenAI_Tutor,200,,
202,2026-08-30T21:40:15.724532+00:00,README.md,https://huggingface.co/spaces/Samanfatima563474/tutor-ai/resolve/4181f8f6f2efe378d7cde20670051422924c94bd/README.md,4181f8f6f2efe378d7cde20670051422924c94bd,0e34c19c2f499038ff0173c090be0974e3afbc46463c7cdc64ef5b107f78a52b,Samanfatima563474/tutor-ai,200,,
7245,2026-08-30T21:40:16.217646+00:00,app.py,https://huggingface.co/spaces/Samanfatima563474/tutor-ai/resolve/4181f8f6f2efe378d7cde20670051422924c94bd/app.py,4181f8f6f2efe378d7cde20670051422924c94bd,40e4893e9930a630e199be06385206a7d9be63b265f0551ed6f66a40d1456455,Samanfatima563474/tutor-ai,200,,
82,2026-08-30T21:40:16.210953+00:00,requirements.txt,https://huggingface.co/spaces/Samanfatima563474/tutor-ai/resolve/4181f8f6f2efe378d7cde20670051422924c94bd/requirements.txt,4181f8f6f2efe378d7cde20670051422924c94bd,679026d6f21f1ac59089e255ccca8d41e161b8d4ee67e3a64e9c02123c232060,Samanfatima563474/tutor-ai,200,,
3835,2026-08-30T21:40:16.224126+00:00,static/script.js,https://huggingface.co/spaces/Samanfatima563474/tutor-ai/resolve/4181f8f6f2efe378d7cde20670051422924c94bd/static/script.js,4181f8f6f2efe378d7cde20670051422924c94bd,5920e7fbb29b5eb87983fe2549d6a377efb9b288f931c17c2ffc290147d27a7a,Samanfatima563474/tutor-ai,200,,
12633,2026-08-30T21:40:16.259202+00:00,templates/index.html,https://huggingface.co/spaces/Samanfatima563474/tutor-ai/resolve/4181f8f6f2efe378d7cde20670051422924c94bd/templates/index.html,4181f8f6f2efe378d7cde20670051422924c94bd,2489e75c0b1b0eeffc483a4ca68f053a0543ceb6451df25f55c2520ae6779ebd,Samanfatima563474/tutor-ai,200,,
252,2026-08-30T21:40:16.778056+00:00,README.md,https://huggingface.co/spaces/SambaReshma/AI_TUTOR/resolve/6797e83d5bf059078f8eb21a152cb7e461395bc1/README.md,6797e83d5bf059078f8eb21a152cb7e461395bc1,6c8b4fbbc4844ea1dd14230986b12368e644dfa2358bf0e43e4e10ae56ae05b1,SambaReshma/AI_TUTOR,200,,
1698,2026-08-30T21:40:17.260897+00:00,app.py,https://huggingface.co/spaces/SambaReshma/AI_TUTOR/resolve/6797e83d5bf059078f8eb21a152cb7e461395bc1/app.py,6797e83d5bf059078f8eb21a152cb7e461395bc1,211a6d19f732e9cd5695839991f128ee2ce6a5fec1a7e7256a8f12028d07841e,SambaReshma/AI_TUTOR,200,,
19,2026-08-30T21:40:17.280881+00:00,requirements.txt,https://huggingface.co/spaces/SambaReshma/AI_TUTOR/resolve/6797e83d5bf059078f8eb21a152cb7e461395bc1/requirements.txt,6797e83d5bf059078f8eb21a152cb7e461395bc1,7b8a226e55bb285e1ab07c5ed9320591e97a3aae4c072264d418d1dae77d8228,SambaReshma/AI_TUTOR,200,,
249,2026-08-30T21:40:19.807482+00:00,README.md,https://huggingface.co/spaces/Samyakj69/Study_Assistant/resolve/3f68cd4a77341710736672bf9311bf362ae2f7a5/README.md,3f68cd4a77341710736672bf9311bf362ae2f7a5,f97f4477ff0edc1eb23782176aa1c2ab3b704ff5dfb1b9be57d7422ecaf6c881,Samyakj69/Study_Assistant,200,,
1744,2026-08-30T21:40:20.334164+00:00,app.py,https://huggingface.co/spaces/Samyakj69/Study_Assistant/resolve/3f68cd4a77341710736672bf9311bf362ae2f7a5/app.py,3f68cd4a77341710736672bf9311bf362ae2f7a5,0d8e247541d4cef696ce4ba06886044b96f53f4c52f35982dbf2a7d20080de3d,Samyakj69/Study_Assistant,200,,
33,2026-08-30T21:40:20.295331+00:00,requirements.txt,https://huggingface.co/spaces/Samyakj69/Study_Assistant/resolve/3f68cd4a77341710736672bf9311bf362ae2f7a5/requirements.txt,3f68cd4a77341710736672bf9311bf362ae2f7a5,a7d86cae930b689e3599c1f1beef671402a1071aea5e6357d69b6fcfbe950def,Samyakj69/Study_Assistant,200,,
250,2026-08-30T21:40:21.035243+00:00,README.md,https://huggingface.co/spaces/SanaBegum23/AI_tutor/resolve/5caa2e0134e9c32eda6f6d9929ab31426fcb2b7b/README.md,5caa2e0134e9c32eda6f6d9929ab31426fcb2b7b,ac7b7dc4a04a2d2f03050ffac92911cf808461b5f2b5d8f8d185e04fd966908f,SanaBegum23/AI_tutor,200,,
2031,2026-08-30T21:40:21.554539+00:00,app.py,https://huggingface.co/spaces/SanaBegum23/AI_tutor/resolve/5caa2e0134e9c32eda6f6d9929ab31426fcb2b7b/app.py,5caa2e0134e9c32eda6f6d9929ab31426fcb2b7b,d9a709f2c0f6afa725149793ba708ae28ae883bb691475a84a691f42cd602a52,SanaBegum23/AI_tutor,200,,
20,2026-08-30T21:40:21.685294+00:00,requirements.txt,https://huggingface.co/spaces/SanaBegum23/AI_tutor/resolve/5caa2e0134e9c32eda6f6d9929ab31426fcb2b7b/requirements.txt,5caa2e0134e9c32eda6f6d9929ab31426fcb2b7b,755c5c87ef50d721d8d9e92bd31aa9d90ba3e78415bf3b7f4b8a574908300c8f,SanaBegum23/AI_tutor,200,,
341,2026-08-30T21:40:30.212582+00:00,README.md,https://huggingface.co/spaces/Sanjay-Ai/AI-Powered-Socratic-Teaching-Assistant/resolve/16544e2d9600e170289cf10e002562e41fd7799f/README.md,16544e2d9600e170289cf10e002562e41fd7799f,c184fa534eef13aaa0ebce4016b53fd5b01ad51b5989b36cb7621677087ec554,Sanjay-Ai/AI-Powered-Socratic-Teaching-Assistant,200,,
5351,2026-08-30T21:40:30.714858+00:00,app.py,https://huggingface.co/spaces/Sanjay-Ai/AI-Powered-Socratic-Teaching-Assistant/resolve/16544e2d9600e170289cf10e002562e41fd7799f/app.py,16544e2d9600e170289cf10e002562e41fd7799f,09088c061debbffac5bec6e060229a72972ea874a88038048bbea5c2261396d3,Sanjay-Ai/AI-Powered-Socratic-Teaching-Assistant,200,,
53,2026-08-30T21:40:30.734285+00:00,requirements.txt,https://huggingface.co/spaces/Sanjay-Ai/AI-Powered-Socratic-Teaching-Assistant/resolve/16544e2d9600e170289cf10e002562e41fd7799f/requirements.txt,16544e2d9600e170289cf10e002562e41fd7799f,d95ab80dfd8bee9a6a2efef74ea5eb60202b6233b4aa122ca2f08a19455fbb63,Sanjay-Ai/AI-Powered-Socratic-Teaching-Assistant,200,,
272,2026-08-30T21:40:31.235514+00:00,README.md,https://huggingface.co/spaces/Sanjay0102/StudyAssistant/resolve/584fcb46079df3bcd3fa54a5c5a8b7bb577fe6f8/README.md,584fcb46079df3bcd3fa54a5c5a8b7bb577fe6f8,69962a80dbbd7460a2dc8c3d9d7df71ad90a718f36a1668a2ffc23d36e511aa9,Sanjay0102/StudyAssistant,200,,
1730,2026-09-02T19:09:07.457263+00:00,app.py,https://huggingface.co/spaces/Sanjay0102/StudyAssistant/resolve/584fcb46079df3bcd3fa54a5c5a8b7bb577fe6f8/app.py,584fcb46079df3bcd3fa54a5c5a8b7bb577fe6f8,5d7c9ed8d8bdd09360cf03440549ebb7611498f4507cd39cbdeb45bff2952ebf,Sanjay0102/StudyAssistant,200,lossless-v2,utf-8
21,2026-09-02T19:09:07.440873+00:00,requirements.txt,https://huggingface.co/spaces/Sanjay0102/StudyAssistant/resolve/584fcb46079df3bcd3fa54a5c5a8b7bb577fe6f8/requirements.txt,584fcb46079df3bcd3fa54a5c5a8b7bb577fe6f8,ce25e84e57c636be29ec9d60939475fc515f1bd7bf033d00dbfc92ff00fab58b,Sanjay0102/StudyAssistant,200,lossless-v2,utf-8
354,2026-08-30T21:40:35.914625+00:00,README.md,https://huggingface.co/spaces/Santoshtambe/ai-study-assistant/resolve/ee9ef4699abfa5bc2925a0a7f20a7465e12544c2/README.md,ee9ef4699abfa5bc2925a0a7f20a7465e12544c2,4de4b0f0fdc593eccb8dfc9ad26ae7abfdcef837ae95cd38594e7c2257b6a7ef,Santoshtambe/ai-study-assistant,200,,
1425,2026-08-30T21:40:36.414604+00:00,app.py,https://huggingface.co/spaces/Santoshtambe/ai-study-assistant/resolve/ee9ef4699abfa5bc2925a0a7f20a7465e12544c2/app.py,ee9ef4699abfa5bc2925a0a7f20a7465e12544c2,e386352a8d61cee1966b7a38602d742c2be4221511f537f81631eace2cefa209,Santoshtambe/ai-study-assistant,200,,
20,2026-08-30T21:40:36.431396+00:00,requirements.txt,https://huggingface.co/spaces/Santoshtambe/ai-study-assistant/resolve/ee9ef4699abfa5bc2925a0a7f20a7465e12544c2/requirements.txt,ee9ef4699abfa5bc2925a0a7f20a7465e12544c2,6f1756c6ef672af0d7db4cad79cfc682868d203d904a5b6aa55db9c2017ca5ad,Santoshtambe/ai-study-assistant,200,,
271,2026-08-30T21:40:36.949404+00:00,README.md,https://huggingface.co/spaces/Santoshtambe/study_Assistant/resolve/c4e6f1326bd4c164cd3bd206b0337b77a3c9c71f/README.md,c4e6f1326bd4c164cd3bd206b0337b77a3c9c71f,3154ada0fe82c0def83d2e5a0f5f70e6bf3e32e909f1771f0044d08fe3ad81c4,Santoshtambe/study_Assistant,200,,
1726,2026-08-30T21:40:37.454049+00:00,app.py,https://huggingface.co/spaces/Santoshtambe/study_Assistant/resolve/c4e6f1326bd4c164cd3bd206b0337b77a3c9c71f/app.py,c4e6f1326bd4c164cd3bd206b0337b77a3c9c71f,6068bfd05eb6dfb443e240fb26207cc03bca3298974e5fd1401e5b06159254e8,Santoshtambe/study_Assistant,200,,
20,2026-08-30T21:40:37.462527+00:00,requirements.txt,https://huggingface.co/spaces/Santoshtambe/study_Assistant/resolve/c4e6f1326bd4c164cd3bd206b0337b77a3c9c71f/requirements.txt,c4e6f1326bd4c164cd3bd206b0337b77a3c9c71f,6f1756c6ef672af0d7db4cad79cfc682868d203d904a5b6aa55db9c2017ca5ad,Santoshtambe/study_Assistant,200,,
483,2026-08-30T21:40:39.641118+00:00,README.md,https://huggingface.co/spaces/Saravana-Saro14/Educational-chatbot/resolve/cab971e3edd79453570c023635d91555596f3057/README.md,cab971e3edd79453570c023635d91555596f3057,f579754ccd6f2a973922b936d44fd8b1be16cff08543ca05a0ddf409f95dcb44,Saravana-Saro14/Educational-chatbot,200,,
1828,2026-08-30T21:40:40.192019+00:00,app.py,https://huggingface.co/spaces/Saravana-Saro14/Educational-chatbot/resolve/cab971e3edd79453570c023635d91555596f3057/app.py,cab971e3edd79453570c023635d91555596f3057,e81948590a6de0e95c8a2f2280709516a2ad47db456ef3c63f9022dcf03d67a9,Saravana-Saro14/Educational-chatbot,200,,
4346,2026-08-30T21:40:42.857652+00:00,README.md,https://huggingface.co/spaces/Sayan21/Video-Tutor-AI/resolve/6503112107b4d953391939b0b79df03c9a2f6a3c/README.md,6503112107b4d953391939b0b79df03c9a2f6a3c,382394db35f57b9862755e1298b2eea0fadfad9acc4c65968cf1c8ae69679922,Sayan21/Video-Tutor-AI,200,,
0,2026-08-30T21:40:43.102333+00:00,backend/__init__.py,https://huggingface.co/spaces/Sayan21/Video-Tutor-AI/resolve/6503112107b4d953391939b0b79df03c9a2f6a3c/backend/__init__.py,6503112107b4d953391939b0b79df03c9a2f6a3c,e3b0c44298fc1c149afbf4c8996fb92427ae41e4649b934ca495991b7852b855,Sayan21/Video-Tutor-AI,200,,
11192,2026-08-30T21:40:43.386359+00:00,backend/app.py,https://huggingface.co/spaces/Sayan21/Video-Tutor-AI/resolve/6503112107b4d953391939b0b79df03c9a2f6a3c/backend/app.py,6503112107b4d953391939b0b79df03c9a2f6a3c,a70038f0b5a927aab53933b7ddc23e6b74dbcaf4b105972d00d8a823fd39f653,Sayan21/Video-Tutor-AI,200,,
1509,2026-08-30T21:40:43.396891+00:00,backend/database.py,https://huggingface.co/spaces/Sayan21/Video-Tutor-AI/resolve/6503112107b4d953391939b0b79df03c9a2f6a3c/backend/database.py,6503112107b4d953391939b0b79df03c9a2f6a3c,b9dd7237e1d7dd72c80066a322d68b1870cf771026d5a556042fc16bfc649b66,Sayan21/Video-Tutor-AI,200,,
162,2026-08-30T21:40:43.362782+00:00,backend/extensions.py,https://huggingface.co/spaces/Sayan21/Video-Tutor-AI/resolve/6503112107b4d953391939b0b79df03c9a2f6a3c/backend/extensions.py,6503112107b4d953391939b0b79df03c9a2f6a3c,f35e958517158f4ab2e898309c71cb0ceaa7e3a753baba23502ba0244347da3d,Sayan21/Video-Tutor-AI,200,,
1948,2026-08-30T21:40:43.418461+00:00,backend/models.py,https://huggingface.co/spaces/Sayan21/Video-Tutor-AI/resolve/6503112107b4d953391939b0b79df03c9a2f6a3c/backend/models.py,6503112107b4d953391939b0b79df03c9a2f6a3c,bdfb262a633494bf9dc9cb422ba57d05693b0e2b20e25a05352a5a4448eac985,Sayan21/Video-Tutor-AI,200,,
4884,2026-08-30T21:40:43.419626+00:00,backend/processing.py,https://huggingface.co/spaces/Sayan21/Video-Tutor-AI/resolve/6503112107b4d953391939b0b79df03c9a2f6a3c/backend/processing.py,6503112107b4d953391939b0b79df03c9a2f6a3c,2a317f51913c890982a333b2b2271c709fd3ced1d0ef4a857d351eef1045619f,Sayan21/Video-Tutor-AI,200,,
4983,2026-08-30T21:40:43.383512+00:00,backend/rag.py,https://huggingface.co/spaces/Sayan21/Video-Tutor-AI/resolve/6503112107b4d953391939b0b79df03c9a2f6a3c/backend/rag.py,6503112107b4d953391939b0b79df03c9a2f6a3c,871d14b2dfd7007230ba1276540fb258512066e7b0c6c66b08981c388423ed2e,Sayan21/Video-Tutor-AI,200,,
125,2026-08-30T21:40:43.413612+00:00,backend/requirements.txt,https://huggingface.co/spaces/Sayan21/Video-Tutor-AI/resolve/6503112107b4d953391939b0b79df03c9a2f6a3c/backend/requirements.txt,6503112107b4d953391939b0b79df03c9a2f6a3c,748603022300950ce4424a42a31303c8aa0be068e20c73d3cdac8fd448aeadbe,Sayan21/Video-Tutor-AI,200,,
5714,2026-08-30T21:40:43.611415+00:00,backend/utils.py,https://huggingface.co/spaces/Sayan21/Video-Tutor-AI/resolve/6503112107b4d953391939b0b79df03c9a2f6a3c/backend/utils.py,6503112107b4d953391939b0b79df03c9a2f6a3c,6a10399dd0fc702635216fccbacc997d453efded6e8cd7d7d36bb06ab6c521f6,Sayan21/Video-Tutor-AI,200,,
239,2026-08-30T21:40:44.148834+00:00,README.md,https://huggingface.co/spaces/Sayu28/Education-Chatbot1/resolve/ca613887198beeb489a0564b6d1c2212eb0bc2ca/README.md,ca613887198beeb489a0564b6d1c2212eb0bc2ca,73a5814bfa5bc445bab502bd2960d96823b818eb22f4fd7d39ebbdd93e58fa2c,Sayu28/Education-Chatbot1,200,,
2462,2026-08-30T21:40:44.651607+00:00,app.py,https://huggingface.co/spaces/Sayu28/Education-Chatbot1/resolve/ca613887198beeb489a0564b6d1c2212eb0bc2ca/app.py,ca613887198beeb489a0564b6d1c2212eb0bc2ca,3e0932cbe45f51fa9ce715364e0d89a4ea92be6d8bd731d1b655665f0aef2dcd,Sayu28/Education-Chatbot1,200,,
274,2026-08-30T21:40:46.247038+00:00,README.md,https://huggingface.co/spaces/Sd2468/assamese-gyanguru-class-10-learning-companion/resolve/a53017b1848f6027cc97f464fb7bfb1a1c4b2004/README.md,a53017b1848f6027cc97f464fb7bfb1a1c4b2004,20b1509726f436bd22768591f632bb0d212c819229e29ba533c56eb5a2d70328,Sd2468/assamese-gyanguru-class-10-learning-companion,200,,
5866,2026-08-30T21:40:46.744347+00:00,components/footer.js,https://huggingface.co/spaces/Sd2468/assamese-gyanguru-class-10-learning-companion/resolve/a53017b1848f6027cc97f464fb7bfb1a1c4b2004/components/footer.js,a53017b1848f6027cc97f464fb7bfb1a1c4b2004,af22ecaadd8de285b70d7a47ea7ec1e8793fa96e0180a68c4d454e10a169fcc1,Sd2468/assamese-gyanguru-class-10-learning-companion,200,,
5847,2026-08-30T21:40:46.745557+00:00,components/navbar.js,https://huggingface.co/spaces/Sd2468/assamese-gyanguru-class-10-learning-companion/resolve/a53017b1848f6027cc97f464fb7bfb1a1c4b2004/components/navbar.js,a53017b1848f6027cc97f464fb7bfb1a1c4b2004,8efbe443601118a8f44779c83aa005f5ac41a7f9930c3e26e02967bb655c7c74,Sd2468/assamese-gyanguru-class-10-learning-companion,200,,
13121,2026-08-30T21:40:46.744034+00:00,index.html,https://huggingface.co/spaces/Sd2468/assamese-gyanguru-class-10-learning-companion/resolve/a53017b1848f6027cc97f464fb7bfb1a1c4b2004/index.html,a53017b1848f6027cc97f464fb7bfb1a1c4b2004,c209c068e0ab52f27b07b60a97c763346f1206e3a54bb17f9791e0015afb723e,Sd2468/assamese-gyanguru-class-10-learning-companion,200,,
1206,2026-08-30T21:40:46.749101+00:00,script.js,https://huggingface.co/spaces/Sd2468/assamese-gyanguru-class-10-learning-companion/resolve/a53017b1848f6027cc97f464fb7bfb1a1c4b2004/script.js,a53017b1848f6027cc97f464fb7bfb1a1c4b2004,169c0f2c13e2de28b97f70a12f947913c8346c30e4d955f4f72ccf2ee3a91e90,Sd2468/assamese-gyanguru-class-10-learning-companion,200,,
218,2026-08-30T21:40:47.378906+00:00,README.md,https://huggingface.co/spaces/Sej0204/tutorguide-ai-backend/resolve/b1aeaa0fa67521c5715c5e67a8f822e8bd8cfd69/README.md,b1aeaa0fa67521c5715c5e67a8f822e8bd8cfd69,28c4d17bec93edf58ce78d37c290adae04df5bc57079542de2545e0b8b0326bf,Sej0204/tutorguide-ai-backend,200,,
258,2026-08-30T21:40:47.882947+00:00,README.md,https://huggingface.co/spaces/Selenophile786/physics-ai-tutor/resolve/b5a6c38f2f77abd42ee43bb566e29b8d8d54784e/README.md,b5a6c38f2f77abd42ee43bb566e29b8d8d54784e,ff11154b05b931595afbdf11fbce9c4e99fd8b907b922b5759f1bb0673876fae,Selenophile786/physics-ai-tutor,200,,
28295,2026-08-30T21:40:48.389927+00:00,app.py,https://huggingface.co/spaces/Selenophile786/physics-ai-tutor/resolve/b5a6c38f2f77abd42ee43bb566e29b8d8d54784e/app.py,b5a6c38f2f77abd42ee43bb566e29b8d8d54784e,ec9f65e71b2ff67fad8fb2be4eaad0fb06ba7e0f5a8b3a94ecf179eda3240792,Selenophile786/physics-ai-tutor,200,,
0,2026-08-30T21:40:48.149376+00:00,apppppp.py,https://huggingface.co/spaces/Selenophile786/physics-ai-tutor/resolve/b5a6c38f2f77abd42ee43bb566e29b8d8d54784e/apppppp.py,b5a6c38f2f77abd42ee43bb566e29b8d8d54784e,e3b0c44298fc1c149afbf4c8996fb92427ae41e4649b934ca495991b7852b855,Selenophile786/physics-ai-tutor,200,,
546,2026-08-30T21:40:48.404306+00:00,index.html,https://huggingface.co/spaces/Selenophile786/physics-ai-tutor/resolve/b5a6c38f2f77abd42ee43bb566e29b8d8d54784e/index.html,b5a6c38f2f77abd42ee43bb566e29b8d8d54784e,fef10b4e06879d75c496c1ce3e89410bff1b77bf51220f21570255d1f214580e,Selenophile786/physics-ai-tutor,200,,
14,2026-08-30T21:40:48.405035+00:00,requirements.txt,https://huggingface.co/spaces/Selenophile786/physics-ai-tutor/resolve/b5a6c38f2f77abd42ee43bb566e29b8d8d54784e/requirements.txt,b5a6c38f2f77abd42ee43bb566e29b8d8d54784e,1a56262aeb6a2868a9079ac1c211db71c733faf2dd083071480f0bcb71b85453,Selenophile786/physics-ai-tutor,200,,
266,2026-08-30T21:40:48.907759+00:00,README.md,https://huggingface.co/spaces/SenHoa/edupulse-smart-learning-companion/resolve/aac832d318f7c0757ba1b90f1ab8b51a23d769dc/README.md,aac832d318f7c0757ba1b90f1ab8b51a23d769dc,3764356b12791bea7abdf3ffd31b9850e41d8e72489b499befe923d2cb02f190,SenHoa/edupulse-smart-learning-companion,200,,
6316,2026-08-30T21:40:49.452222+00:00,components/assignment-card.js,https://huggingface.co/spaces/SenHoa/edupulse-smart-learning-companion/resolve/aac832d318f7c0757ba1b90f1ab8b51a23d769dc/components/assignment-card.js,aac832d318f7c0757ba1b90f1ab8b51a23d769dc,88220626100a49937852b3a137b0fea24c4c04c73748bc3e3a4cdee6deecf354,SenHoa/edupulse-smart-learning-companion,200,,
4695,2026-08-30T21:40:49.465659+00:00,components/footer.js,https://huggingface.co/spaces/SenHoa/edupulse-smart-learning-companion/resolve/aac832d318f7c0757ba1b90f1ab8b51a23d769dc/components/footer.js,aac832d318f7c0757ba1b90f1ab8b51a23d769dc,afd8d1fd36ec95b90048e3b09529256ee12c3b84d6dab549cc06989c603b899e,SenHoa/edupulse-smart-learning-companion,200,,
4633,2026-08-30T21:40:49.472894+00:00,components/navbar.js,https://huggingface.co/spaces/SenHoa/edupulse-smart-learning-companion/resolve/aac832d318f7c0757ba1b90f1ab8b51a23d769dc/components/navbar.js,aac832d318f7c0757ba1b90f1ab8b51a23d769dc,4133b8e2b0ed465d25141240e049201fa7297e23e13a0601ccc555acfc02a820,SenHoa/edupulse-smart-learning-companion,200,,
3327,2026-08-30T21:40:49.403585+00:00,components/sidebar.js,https://huggingface.co/spaces/SenHoa/edupulse-smart-learning-companion/resolve/aac832d318f7c0757ba1b90f1ab8b51a23d769dc/components/sidebar.js,aac832d318f7c0757ba1b90f1ab8b51a23d769dc,2c7791b16285c5ba70eb837a2876cf40e8b4a5040443dd85271cd2e05b44e57b,SenHoa/edupulse-smart-learning-companion,200,,
9839,2026-08-30T21:40:49.443543+00:00,index.html,https://huggingface.co/spaces/SenHoa/edupulse-smart-learning-companion/resolve/aac832d318f7c0757ba1b90f1ab8b51a23d769dc/index.html,aac832d318f7c0757ba1b90f1ab8b51a23d769dc,ec529b5b5d772c3ff8c6ac8653444fa1c5b24b37d7db0c6175871dd068f64fa8,SenHoa/edupulse-smart-learning-companion,200,,
3776,2026-08-30T21:40:49.466790+00:00,script.js,https://huggingface.co/spaces/SenHoa/edupulse-smart-learning-companion/resolve/aac832d318f7c0757ba1b90f1ab8b51a23d769dc/script.js,aac832d318f7c0757ba1b90f1ab8b51a23d769dc,5e744e0a6baa5d5011d99334eac93ea932ec82d2ffcbbc1c5405d2a8551265a0,SenHoa/edupulse-smart-learning-companion,200,,
317,2026-08-30T21:40:50.015605+00:00,README.md,https://huggingface.co/spaces/SerotoninRonin/Quiz-Generator/resolve/9ccf303a24bcd36cb671367a1fb71b0180b88ca8/README.md,9ccf303a24bcd36cb671367a1fb71b0180b88ca8,4f966808a56d12b987680627c9c351446104feef485f3a07fa7fe4c21aeef59d,SerotoninRonin/Quiz-Generator,200,,
7085,2026-08-30T21:40:50.507082+00:00,app.py,https://huggingface.co/spaces/SerotoninRonin/Quiz-Generator/resolve/9ccf303a24bcd36cb671367a1fb71b0180b88ca8/app.py,9ccf303a24bcd36cb671367a1fb71b0180b88ca8,eaa739978ba6bfa650a52c4994d5b882272c43e1fd35ac209e9338f93a7a739f,SerotoninRonin/Quiz-Generator,200,,
18,2026-08-30T21:40:50.555015+00:00,requirements.txt,https://huggingface.co/spaces/SerotoninRonin/Quiz-Generator/resolve/9ccf303a24bcd36cb671367a1fb71b0180b88ca8/requirements.txt,9ccf303a24bcd36cb671367a1fb71b0180b88ca8,5ada79e82b940de74389f919988c09c279ef19fd3723898f3f06df7ad10f24ef,SerotoninRonin/Quiz-Generator,200,,
405,2026-08-30T21:40:52.781433+00:00,README.md,https://huggingface.co/spaces/Shaganti2007/AITUTORR/resolve/4a94355869882c5ffa79b86f0deffd15b834d08c/README.md,4a94355869882c5ffa79b86f0deffd15b834d08c,149bde5cadb81912f4fa8b7674e1b340420e48d6929c299cf4c49700fed2dbcb,Shaganti2007/AITUTORR,200,,
229,2026-08-30T21:40:53.288898+00:00,README.md,https://huggingface.co/spaces/Shahbazakbar/AI-Tutor/resolve/e5e90d1a008175c12ae083244f0c7027015172e5/README.md,e5e90d1a008175c12ae083244f0c7027015172e5,ab1a1acdbc66a93e45421e5676daa74e67875f78112c12810890c9696e4f991d,Shahbazakbar/AI-Tutor,200,,
2782,2026-08-30T21:40:53.791577+00:00,app.py,https://huggingface.co/spaces/Shahbazakbar/AI-Tutor/resolve/e5e90d1a008175c12ae083244f0c7027015172e5/app.py,e5e90d1a008175c12ae083244f0c7027015172e5,d965ff2f6d54891db43a0b321154fa2d0de8762df8dc133567a21de614308c40,Shahbazakbar/AI-Tutor,200,,
119,2026-08-30T21:40:53.791247+00:00,requirements.txt,https://huggingface.co/spaces/Shahbazakbar/AI-Tutor/resolve/e5e90d1a008175c12ae083244f0c7027015172e5/requirements.txt,e5e90d1a008175c12ae083244f0c7027015172e5,6bd7dc5ea191952e2952002610008997578aca40c99c9836928a3317890c0759,Shahbazakbar/AI-Tutor,200,,
237,2026-08-30T21:40:54.299470+00:00,README.md,https://huggingface.co/spaces/Shahbazakbar/RAG-AI-Tutor/resolve/73698d14848f1f51b0507677f450d87bf7d1e004/README.md,73698d14848f1f51b0507677f450d87bf7d1e004,1355155eca0b7dc2224ba6014997aea75fd4fd100739d34a5eaf730152f7010c,Shahbazakbar/RAG-AI-Tutor,200,,
2818,2026-08-30T21:40:54.803971+00:00,app.py,https://huggingface.co/spaces/Shahbazakbar/RAG-AI-Tutor/resolve/73698d14848f1f51b0507677f450d87bf7d1e004/app.py,73698d14848f1f51b0507677f450d87bf7d1e004,5cff47e704266a20981775144666ecdb125ab84f2583e07c95169903517e31a5,Shahbazakbar/RAG-AI-Tutor,200,,
76,2026-08-30T21:40:54.894488+00:00,requirements.txt,https://huggingface.co/spaces/Shahbazakbar/RAG-AI-Tutor/resolve/73698d14848f1f51b0507677f450d87bf7d1e004/requirements.txt,73698d14848f1f51b0507677f450d87bf7d1e004,26b54a4830738e88893fd45baeb3a1dbcc3c2e1d0db04c5ac50344039a543365,Shahbazakbar/RAG-AI-Tutor,200,,
869,2026-08-30T21:41:01.877227+00:00,README.md,https://huggingface.co/spaces/Shiivamm/Rag_based_ai_teaching_assistant/resolve/6f80e06baaa1bad9ab57a029c234f036603ad32f/README.md,6f80e06baaa1bad9ab57a029c234f036603ad32f,fdf022a5924d75df165db04578569edbf1220e822dc160e10d528ffa3bed6007,Shiivamm/Rag_based_ai_teaching_assistant,200,,
1401,2026-08-30T21:41:02.398905+00:00,app.py,https://huggingface.co/spaces/Shiivamm/Rag_based_ai_teaching_assistant/resolve/6f80e06baaa1bad9ab57a029c234f036603ad32f/app.py,6f80e06baaa1bad9ab57a029c234f036603ad32f,1563fe6c53b39b051b16943f3a018b91397a9618753d6101b13ded672780e94e,Shiivamm/Rag_based_ai_teaching_assistant,200,,
105,2026-08-30T21:41:02.395140+00:00,requirements.txt,https://huggingface.co/spaces/Shiivamm/Rag_based_ai_teaching_assistant/resolve/6f80e06baaa1bad9ab57a029c234f036603ad32f/requirements.txt,6f80e06baaa1bad9ab57a029c234f036603ad32f,42ead681e46aff55233035bed5d9ba509c398c645e2703110ff598680101ec73,Shiivamm/Rag_based_ai_teaching_assistant,200,,
220,2026-08-30T21:41:03.941874+00:00,README.md,https://huggingface.co/spaces/Shintu/techtutor-digital-learning-companion/resolve/fc9e1fb634cc871f0d47c3d66d5a26c57832a596/README.md,fc9e1fb634cc871f0d47c3d66d5a26c57832a596,998f5099c0ad66070b87583761da53a6574e29b227e8412ca1f6ad7a04bdabd4,Shintu/techtutor-digital-learning-companion,200,,
546,2026-08-30T21:41:04.441810+00:00,index.html,https://huggingface.co/spaces/Shintu/techtutor-digital-learning-companion/resolve/fc9e1fb634cc871f0d47c3d66d5a26c57832a596/index.html,fc9e1fb634cc871f0d47c3d66d5a26c57832a596,fef10b4e06879d75c496c1ce3e89410bff1b77bf51220f21570255d1f214580e,Shintu/techtutor-digital-learning-companion,200,,
245,2026-08-30T21:41:06.000574+00:00,README.md,https://huggingface.co/spaces/Shivam10lm/ai-teaching-assistant/resolve/16e04a07493b39d670d84201cb0c5c550340fa83/README.md,16e04a07493b39d670d84201cb0c5c550340fa83,59040caf40728fb5d2621b17d5203c176749d296d220fe2ce606df83a1f6088d,Shivam10lm/ai-teaching-assistant,200,,
1551,2026-08-30T21:41:06.496730+00:00,app.py,https://huggingface.co/spaces/Shivam10lm/ai-teaching-assistant/resolve/16e04a07493b39d670d84201cb0c5c550340fa83/app.py,16e04a07493b39d670d84201cb0c5c550340fa83,85dab24a735e2edd8e8e41d77a0c0c10c0b851483ae3d9fb45551ccaa8bd02da,Shivam10lm/ai-teaching-assistant,200,,
3457,2026-08-30T21:41:06.497925+00:00,main.py,https://huggingface.co/spaces/Shivam10lm/ai-teaching-assistant/resolve/16e04a07493b39d670d84201cb0c5c550340fa83/main.py,16e04a07493b39d670d84201cb0c5c550340fa83,1e035649b2410da8026e3855a292d3829758d252551e1d3f718cfe9582f549f8,Shivam10lm/ai-teaching-assistant,200,,
150,2026-08-30T21:41:06.486553+00:00,requirements.txt,https://huggingface.co/spaces/Shivam10lm/ai-teaching-assistant/resolve/16e04a07493b39d670d84201cb0c5c550340fa83/requirements.txt,16e04a07493b39d670d84201cb0c5c550340fa83,6efd6ace7dd62ff9d3548edd8a06e0ced66d25b8bdf4bac1cabe423afee27961,Shivam10lm/ai-teaching-assistant,200,,
256,2026-08-30T21:41:06.996359+00:00,README.md,https://huggingface.co/spaces/ShivaniSunkaraboina/AI_TUTORRR/resolve/a7caae6bdb2f9687107ca96a1049d3ea6d880125/README.md,a7caae6bdb2f9687107ca96a1049d3ea6d880125,29bdbf890221c761e4fad4438af0d0b2fa11855be50c98aedf245893915e4203,ShivaniSunkaraboina/AI_TUTORRR,200,,
5109,2026-08-30T21:41:09.104131+00:00,DS_AI_TUTOR.py,https://huggingface.co/spaces/Shivateja23/DS_AI_TUTOR/resolve/c159926a298c23fb3e01c1cec9dd3a609c02df96/DS_AI_TUTOR.py,c159926a298c23fb3e01c1cec9dd3a609c02df96,a9ce6045038b5491cc73b46c7b40c80688b992ea7a7e9468c3e63ff3ba6af3ac,Shivateja23/DS_AI_TUTOR,200,,
243,2026-08-30T21:41:08.609420+00:00,README.md,https://huggingface.co/spaces/Shivateja23/DS_AI_TUTOR/resolve/c159926a298c23fb3e01c1cec9dd3a609c02df96/README.md,c159926a298c23fb3e01c1cec9dd3a609c02df96,cdb614b0bdfd6a09fe9d2b31261eea3d4b22d3f401b1e53642920b465a7022c6,Shivateja23/DS_AI_TUTOR,200,,
228,2026-08-30T21:41:09.110087+00:00,requirements.txt,https://huggingface.co/spaces/Shivateja23/DS_AI_TUTOR/resolve/c159926a298c23fb3e01c1cec9dd3a609c02df96/requirements.txt,c159926a298c23fb3e01c1cec9dd3a609c02df96,c8d4c08d9036fdc69d6e19cffd7468740957c40155e07226811a165bece55d88,Shivateja23/DS_AI_TUTOR,200,,
236,2026-08-30T21:41:09.633331+00:00,README.md,https://huggingface.co/spaces/Shlok1005/Voice_chatbot_tutor/resolve/e7085717667715c787c44a1646ff993335859476/README.md,e7085717667715c787c44a1646ff993335859476,d4e17fe4708c937778002be5b2308a3709b3e515c912e05e04a45bdaab191f78,Shlok1005/Voice_chatbot_tutor,200,,
1884,2026-08-30T21:41:10.155337+00:00,app.py,https://huggingface.co/spaces/Shlok1005/Voice_chatbot_tutor/resolve/e7085717667715c787c44a1646ff993335859476/app.py,e7085717667715c787c44a1646ff993335859476,2f20c90fc8b2966337b342ef760b394520f7b7735c4cd3f80d4749d3ac8fbd15,Shlok1005/Voice_chatbot_tutor,200,,
152,2026-08-30T21:41:10.122144+00:00,requirements.txt,https://huggingface.co/spaces/Shlok1005/Voice_chatbot_tutor/resolve/e7085717667715c787c44a1646ff993335859476/requirements.txt,e7085717667715c787c44a1646ff993335859476,0d3b81b69cc85bbe24362e4ff43e238632e123e40d31f6020336597c06da9d83,Shlok1005/Voice_chatbot_tutor,200,,
1218,2026-08-30T21:41:10.186793+00:00,vector.py,https://huggingface.co/spaces/Shlok1005/Voice_chatbot_tutor/resolve/e7085717667715c787c44a1646ff993335859476/vector.py,e7085717667715c787c44a1646ff993335859476,66de6c8387d54f4d106c0753ae978ddb5149845d76fe641cb9038f0e8c23393f,Shlok1005/Voice_chatbot_tutor,200,,
282,2026-08-30T21:41:10.697279+00:00,README.md,https://huggingface.co/spaces/Shourya1708/my-study-assistant/resolve/3a689d5994bd4bb2e2237f8ca3a88b025d54d995/README.md,3a689d5994bd4bb2e2237f8ca3a88b025d54d995,955c90610e256da1d38d8a14fb64ace0220f83feb38ed3fb25ee9cafd0aa3e65,Shourya1708/my-study-assistant,200,,
546,2026-08-30T21:41:11.197518+00:00,index.html,https://huggingface.co/spaces/Shourya1708/my-study-assistant/resolve/3a689d5994bd4bb2e2237f8ca3a88b025d54d995/index.html,3a689d5994bd4bb2e2237f8ca3a88b025d54d995,fef10b4e06879d75c496c1ce3e89410bff1b77bf51220f21570255d1f214580e,Shourya1708/my-study-assistant,200,,
200,2026-08-30T21:41:12.860060+00:00,README.md,https://huggingface.co/spaces/Shubham-8441/My-study-assistant/resolve/23bb4413aa0a3a33630b4d859ce74392229f2398/README.md,23bb4413aa0a3a33630b4d859ce74392229f2398,bb24aef98e2bc7f4e897dda6a7ccbe5889533e61d9ce96b9f0a4152935f571ed,Shubham-8441/My-study-assistant,200,,
546,2026-08-30T21:41:13.346030+00:00,index.html,https://huggingface.co/spaces/Shubham-8441/My-study-assistant/resolve/23bb4413aa0a3a33630b4d859ce74392229f2398/index.html,23bb4413aa0a3a33630b4d859ce74392229f2398,fef10b4e06879d75c496c1ce3e89410bff1b77bf51220f21570255d1f214580e,Shubham-8441/My-study-assistant,200,,
231,2026-08-30T21:41:17.092864+00:00,README.md,https://huggingface.co/spaces/Siddhisapkal/AI_Tutor/resolve/243b051f366dfa4fe11725725c891a23f85e6cbe/README.md,243b051f366dfa4fe11725725c891a23f85e6cbe,06ebe7ad3ddc3c4b21da1ca6b0eba05954b1c3883b4461b203c8655be8968eb8,Siddhisapkal/AI_Tutor,200,,
4688,2026-08-30T21:41:17.593825+00:00,app.py,https://huggingface.co/spaces/Siddhisapkal/AI_Tutor/resolve/243b051f366dfa4fe11725725c891a23f85e6cbe/app.py,243b051f366dfa4fe11725725c891a23f85e6cbe,63ebf463cf506e2a84950cb35ed9a94b223971400a219dea4d55dcf58eac44ba,Siddhisapkal/AI_Tutor,200,,
107,2026-08-30T21:41:17.685437+00:00,requirements.txt,https://huggingface.co/spaces/Siddhisapkal/AI_Tutor/resolve/243b051f366dfa4fe11725725c891a23f85e6cbe/requirements.txt,243b051f366dfa4fe11725725c891a23f85e6cbe,b398d492e1518d545bf67a111739b19ead4e67338d281feab411b95efbc44b9e,Siddhisapkal/AI_Tutor,200,,
487,2026-08-30T21:41:18.181976+00:00,README.md,https://huggingface.co/spaces/Sindu31/IntelliGent-AI-Tutor-System/resolve/963dabb2d55955d62db962903082b23be31d2852/README.md,963dabb2d55955d62db962903082b23be31d2852,c6e07d10ba865f84bee5fc304a200d51410baa8a60260248e21338e9a8007de4,Sindu31/IntelliGent-AI-Tutor-System,200,,
6562,2026-08-30T21:41:18.669697+00:00,app.py,https://huggingface.co/spaces/Sindu31/IntelliGent-AI-Tutor-System/resolve/963dabb2d55955d62db962903082b23be31d2852/app.py,963dabb2d55955d62db962903082b23be31d2852,4b7cd9f3a7d9a9db8c35b94841d1db923e791a0bb0f7725a9a3c0d38371dc875,Sindu31/IntelliGent-AI-Tutor-System,200,,
95,2026-08-30T21:41:18.700586+00:00,requirements.txt,https://huggingface.co/spaces/Sindu31/IntelliGent-AI-Tutor-System/resolve/963dabb2d55955d62db962903082b23be31d2852/requirements.txt,963dabb2d55955d62db962903082b23be31d2852,1b55ea3c39a93ea0a872df6ef97b042f705d8620b9c91b81a7487f36c6909074,Sindu31/IntelliGent-AI-Tutor-System,200,,
1125,2026-08-30T21:41:18.677080+00:00,src/streamlit_app.py,https://huggingface.co/spaces/Sindu31/IntelliGent-AI-Tutor-System/resolve/963dabb2d55955d62db962903082b23be31d2852/src/streamlit_app.py,963dabb2d55955d62db962903082b23be31d2852,67c3220df70c5f085a360e92abd29ba4c9f56cbd5ffcab04cd45ba6096794b04,Sindu31/IntelliGent-AI-Tutor-System,200,,
253,2026-08-30T21:41:21.303814+00:00,README.md,https://huggingface.co/spaces/Sirichandanasamala/AI_TUTOR/resolve/7f947ced7337a9e81614c61ebcc3ea73f401e113/README.md,7f947ced7337a9e81614c61ebcc3ea73f401e113,39acea31a98f7e5ed62a12b65cb0d03211906ecc9bd4b6a939eb106498ef299e,Sirichandanasamala/AI_TUTOR,200,,
1719,2026-08-30T21:41:21.825902+00:00,app.py,https://huggingface.co/spaces/Sirichandanasamala/AI_TUTOR/resolve/7f947ced7337a9e81614c61ebcc3ea73f401e113/app.py,7f947ced7337a9e81614c61ebcc3ea73f401e113,57c01ea4522390e7739ada29fcf254d8ba5d2d3a413b1eb4f476084cd479d1b4,Sirichandanasamala/AI_TUTOR,200,,
32,2026-08-30T21:41:21.828156+00:00,requirements.txt,https://huggingface.co/spaces/Sirichandanasamala/AI_TUTOR/resolve/7f947ced7337a9e81614c61ebcc3ea73f401e113/requirements.txt,7f947ced7337a9e81614c61ebcc3ea73f401e113,b5cf5cc8d1f049f5fb9f364189fbb546794bd3a04c2d3d7f68c5645a4807db27,Sirichandanasamala/AI_TUTOR,200,,
272,2026-08-30T21:41:22.354402+00:00,README.md,https://huggingface.co/spaces/SirigajjeDurga/AI-Personal-Tutor/resolve/75421bb367a59bd0b9973f18d1298abf42983979/README.md,75421bb367a59bd0b9973f18d1298abf42983979,b4b9d1c0372aac7b97910039f8d4a84cda56b3fc9a2e75a426317b4676134799,SirigajjeDurga/AI-Personal-Tutor,200,,
9186,2026-08-30T21:41:22.910881+00:00,backend-app/app.py,https://huggingface.co/spaces/SirigajjeDurga/AI-Personal-Tutor/resolve/75421bb367a59bd0b9973f18d1298abf42983979/backend-app/app.py,75421bb367a59bd0b9973f18d1298abf42983979,e231f07af58934c9c3ca2109b7df55057267beaa8034e4c18d048b13f694cef1,SirigajjeDurga/AI-Personal-Tutor,200,,
230,2026-08-30T21:41:23.075803+00:00,backend-app/requirements.txt,https://huggingface.co/spaces/SirigajjeDurga/AI-Personal-Tutor/resolve/75421bb367a59bd0b9973f18d1298abf42983979/backend-app/requirements.txt,75421bb367a59bd0b9973f18d1298abf42983979,64855fdac00539cbf85f5e5b0a3134fa93e0c042290a20827db82fe6c7b32c88,SirigajjeDurga/AI-Personal-Tutor,200,,
1027,2026-08-30T21:41:22.921289+00:00,frontend-app/README.md,https://huggingface.co/spaces/SirigajjeDurga/AI-Personal-Tutor/resolve/75421bb367a59bd0b9973f18d1298abf42983979/frontend-app/README.md,75421bb367a59bd0b9973f18d1298abf42983979,a460b4dc7e6392e76aa54d844c9261b8db0adb7f967ba8300526456f1dcf5fb4,SirigajjeDurga/AI-Personal-Tutor,200,,
568,2026-08-30T21:41:22.918082+00:00,frontend-app/eslint.config.js,https://huggingface.co/spaces/SirigajjeDurga/AI-Personal-Tutor/resolve/75421bb367a59bd0b9973f18d1298abf42983979/frontend-app/eslint.config.js,75421bb367a59bd0b9973f18d1298abf42983979,0197d9a843aaae267303c4d1ab1a43afad1afacc7646cdf6cf94a5af6b815fb8,SirigajjeDurga/AI-Personal-Tutor,200,,
364,2026-08-30T21:41:22.914885+00:00,frontend-app/index.html,https://huggingface.co/spaces/SirigajjeDurga/AI-Personal-Tutor/resolve/75421bb367a59bd0b9973f18d1298abf42983979/frontend-app/index.html,75421bb367a59bd0b9973f18d1298abf42983979,00bc4795f28694b5c80be05f508570f63100192fa46c3502e2313788c50f9e88,SirigajjeDurga/AI-Personal-Tutor,200,,
699,2026-08-30T21:41:22.940838+00:00,frontend-app/package.json,https://huggingface.co/spaces/SirigajjeDurga/AI-Personal-Tutor/resolve/75421bb367a59bd0b9973f18d1298abf42983979/frontend-app/package.json,75421bb367a59bd0b9973f18d1298abf42983979,4996a1d862062f6409f411864e9d243cbfcda909b52b9d63c301e00f37014aa0,SirigajjeDurga/AI-Personal-Tutor,200,,
161,2026-08-30T21:41:22.890402+00:00,frontend-app/vite.config.js,https://huggingface.co/spaces/SirigajjeDurga/AI-Personal-Tutor/resolve/75421bb367a59bd0b9973f18d1298abf42983979/frontend-app/vite.config.js,75421bb367a59bd0b9973f18d1298abf42983979,4d36db3522a7b2dd10e0936e1004373c7ee65f10f7cd7920cd76410459c15a45,SirigajjeDurga/AI-Personal-Tutor,200,,
1335,2026-08-30T21:41:22.963985+00:00,index.html,https://huggingface.co/spaces/SirigajjeDurga/AI-Personal-Tutor/resolve/75421bb367a59bd0b9973f18d1298abf42983979/index.html,75421bb367a59bd0b9973f18d1298abf42983979,721ba218a5d5391ea3463011a4313cb360a65eb28167996a23b7126f3da94eba,SirigajjeDurga/AI-Personal-Tutor,200,,
321,2026-08-30T21:41:26.938250+00:00,README.md,https://huggingface.co/spaces/Solkyash/Ai-study-assistant/resolve/6a95d7355c3e1e062781d760cc100cdac3907465/README.md,6a95d7355c3e1e062781d760cc100cdac3907465,d038d3f86bf81751a3c0afccbb44a52e1a846a77d589f4c11b4fc31b9877c397,Solkyash/Ai-study-assistant,200,,
1085,2026-08-30T21:41:27.451615+00:00,app.py,https://huggingface.co/spaces/Solkyash/Ai-study-assistant/resolve/6a95d7355c3e1e062781d760cc100cdac3907465/app.py,6a95d7355c3e1e062781d760cc100cdac3907465,6fb803c72038f89170d5cb8cc3d5e6c0a4438496dac4a4ddf955bfe6464b7a1a,Solkyash/Ai-study-assistant,200,,
210,2026-08-30T21:41:27.948576+00:00,README.md,https://huggingface.co/spaces/SonuKumarML/StudyAssistant/resolve/40972383859253820c7a8176026ff2a37cda6441/README.md,40972383859253820c7a8176026ff2a37cda6441,6c0d4078fce8ab12b4c263efa1bbfd1175780ae8c0f9e7f4c78467c9aec995c4,SonuKumarML/StudyAssistant,200,,
546,2026-09-02T19:09:10.804862+00:00,index.html,https://huggingface.co/spaces/SonuKumarML/StudyAssistant/resolve/40972383859253820c7a8176026ff2a37cda6441/index.html,40972383859253820c7a8176026ff2a37cda6441,fef10b4e06879d75c496c1ce3e89410bff1b77bf51220f21570255d1f214580e,SonuKumarML/StudyAssistant,200,lossless-v2,utf-8
224,2026-08-30T21:41:28.503028+00:00,README.md,https://huggingface.co/spaces/Sonusawant06/brainybytes-ai-smart-learning-companion/resolve/94d39f0107df6e302c6c8b93fda407fbdfb02f83/README.md,94d39f0107df6e302c6c8b93fda407fbdfb02f83,78a59f2f178296f94aec4a6a61cf7a0694ef05b7d0ddb27a7a492a820780d50a,Sonusawant06/brainybytes-ai-smart-learning-companion,200,,
546,2026-08-30T21:41:29.008629+00:00,index.html,https://huggingface.co/spaces/Sonusawant06/brainybytes-ai-smart-learning-companion/resolve/94d39f0107df6e302c6c8b93fda407fbdfb02f83/index.html,94d39f0107df6e302c6c8b93fda407fbdfb02f83,fef10b4e06879d75c496c1ce3e89410bff1b77bf51220f21570255d1f214580e,Sonusawant06/brainybytes-ai-smart-learning-companion,200,,
405,2026-08-30T21:41:30.693384+00:00,README.md,https://huggingface.co/spaces/Sree1216/AI_tutor/resolve/5084eaa4def15a63351db8e1dbb90d1d5caded32/README.md,5084eaa4def15a63351db8e1dbb90d1d5caded32,ed869ef1a9a2168b089d2a3caa958bdc58535cf18e3e5dc5fc31d5348102d8a7,Sree1216/AI_tutor,200,,
1807,2026-08-30T21:41:31.196918+00:00,app.py,https://huggingface.co/spaces/Sree1216/AI_tutor/resolve/5084eaa4def15a63351db8e1dbb90d1d5caded32/app.py,5084eaa4def15a63351db8e1dbb90d1d5caded32,14b641f463b506c7ef4371216f6552e9ff06d97b079ac8b63ad3e3c1e08265a3,Sree1216/AI_tutor,200,,
254,2026-08-30T21:41:31.703853+00:00,README.md,https://huggingface.co/spaces/Sreehan1223/socratic-scholar-ai-tutor/resolve/ee767b25c0777341f63fd0cb8722960940640270/README.md,ee767b25c0777341f63fd0cb8722960940640270,08e47e836f1b924928dd978a48609edb89188bf67cc96d64aabbdedf64a806f0,Sreehan1223/socratic-scholar-ai-tutor,200,,
3445,2026-08-30T21:41:32.192475+00:00,components/footer.js,https://huggingface.co/spaces/Sreehan1223/socratic-scholar-ai-tutor/resolve/ee767b25c0777341f63fd0cb8722960940640270/components/footer.js,ee767b25c0777341f63fd0cb8722960940640270,274581a59dc11fbba71d0f2fd4afa6c1fa423b4ad027bb0ee605683946a8b5e0,Sreehan1223/socratic-scholar-ai-tutor,200,,
3673,2026-08-30T21:41:32.214659+00:00,components/navbar.js,https://huggingface.co/spaces/Sreehan1223/socratic-scholar-ai-tutor/resolve/ee767b25c0777341f63fd0cb8722960940640270/components/navbar.js,ee767b25c0777341f63fd0cb8722960940640270,8a06137e1963edc132f343ba0814178a10e727ed308597cf7d19b2c654b3e38e,Sreehan1223/socratic-scholar-ai-tutor,200,,
8596,2026-08-30T21:41:32.200236+00:00,index.html,https://huggingface.co/spaces/Sreehan1223/socratic-scholar-ai-tutor/resolve/ee767b25c0777341f63fd0cb8722960940640270/index.html,ee767b25c0777341f63fd0cb8722960940640270,d4406d2c0c560fafa007f18f32f7eb5cfb16db2b9ae8364f52b9280def7087d2,Sreehan1223/socratic-scholar-ai-tutor,200,,
8287,2026-08-30T21:41:32.249468+00:00,script.js,https://huggingface.co/spaces/Sreehan1223/socratic-scholar-ai-tutor/resolve/ee767b25c0777341f63fd0cb8722960940640270/script.js,ee767b25c0777341f63fd0cb8722960940640270,112f93a2601410f89ef27edb5dab7e6ae72130cabbb61494a0a2fb9fe35b95a9,Sreehan1223/socratic-scholar-ai-tutor,200,,
250,2026-08-30T21:41:33.832186+00:00,README.md,https://huggingface.co/spaces/Sri921980/Ai_Tutor/resolve/1081550dfce5ea26914ce16e3af2b0da457f36ee/README.md,1081550dfce5ea26914ce16e3af2b0da457f36ee,e0b2bd1c308db6eb72c446ff0ab7d2a8ac7535f7da1dd66e1d5546b21870e17d,Sri921980/Ai_Tutor,200,,
1711,2026-08-30T21:41:34.324405+00:00,app.py,https://huggingface.co/spaces/Sri921980/Ai_Tutor/resolve/1081550dfce5ea26914ce16e3af2b0da457f36ee/app.py,1081550dfce5ea26914ce16e3af2b0da457f36ee,2da23c652975b2cbe1f3f67bd37376d20728a8ca75c397d13582bf8a1a130154,Sri921980/Ai_Tutor,200,,
19,2026-08-30T21:41:34.344888+00:00,requirements.txt,https://huggingface.co/spaces/Sri921980/Ai_Tutor/resolve/1081550dfce5ea26914ce16e3af2b0da457f36ee/requirements.txt,1081550dfce5ea26914ce16e3af2b0da457f36ee,52a53d7bc8faf8ac3da098be359f337016e6bbab6148b7420e87f3131c30cb9c,Sri921980/Ai_Tutor,200,,
250,2026-08-30T21:41:34.911302+00:00,README.md,https://huggingface.co/spaces/SrihithaReddy123/AI_TUTOR/resolve/00cd399608e52521ca288b68d44ec99f164fe7f0/README.md,00cd399608e52521ca288b68d44ec99f164fe7f0,2dab3d301547c17f5473f70f313beba91355bd3fbfb7ab2d11ae1003912bca7e,SrihithaReddy123/AI_TUTOR,200,,
1939,2026-08-30T21:41:35.413498+00:00,app.py,https://huggingface.co/spaces/SrihithaReddy123/AI_TUTOR/resolve/00cd399608e52521ca288b68d44ec99f164fe7f0/app.py,00cd399608e52521ca288b68d44ec99f164fe7f0,84951f0d23e850e764ac8fa34b923016c387800eb7e2ea36816a830dcec293b7,SrihithaReddy123/AI_TUTOR,200,,
34,2026-08-30T21:41:35.421539+00:00,requirements.txt,https://huggingface.co/spaces/SrihithaReddy123/AI_TUTOR/resolve/00cd399608e52521ca288b68d44ec99f164fe7f0/requirements.txt,00cd399608e52521ca288b68d44ec99f164fe7f0,639337cf7fdbbc6de3741c1e433893ebe43a6ddd050ac3326def5d177105ef88,SrihithaReddy123/AI_TUTOR,200,,
314,2026-08-30T21:41:36.958017+00:00,README.md,https://huggingface.co/spaces/Srushtii-13/Study_Assistant/resolve/8002aa8303146ca9cae02c52437bc46510966c98/README.md,8002aa8303146ca9cae02c52437bc46510966c98,5f7ca5d3a21762fbc15e88dc92ea4a390255525e066eabde77fdb0d4a8f8930a,Srushtii-13/Study_Assistant,200,,
1730,2026-08-30T21:41:37.470286+00:00,app.py,https://huggingface.co/spaces/Srushtii-13/Study_Assistant/resolve/8002aa8303146ca9cae02c52437bc46510966c98/app.py,8002aa8303146ca9cae02c52437bc46510966c98,39b9fb478770ca5b1b68e7db68a12f655c2e914ddc1a5f06a386a0d281c325d9,Srushtii-13/Study_Assistant,200,,
22,2026-08-30T21:41:37.458555+00:00,requirements.txt,https://huggingface.co/spaces/Srushtii-13/Study_Assistant/resolve/8002aa8303146ca9cae02c52437bc46510966c98/requirements.txt,8002aa8303146ca9cae02c52437bc46510966c98,5f5466b172d9d89229a03b4dfb3ebd97ec2de40396b24e6f37c433368d4f4c38,Srushtii-13/Study_Assistant,200,,
421,2026-08-30T21:41:43.354031+00:00,README.md,https://huggingface.co/spaces/Suharika25/AI_TUTOR_GEMINI/resolve/e9a50d46a7d42ce1dcc22f02f9c264b8ee50fe9b/README.md,e9a50d46a7d42ce1dcc22f02f9c264b8ee50fe9b,d8eb71c4802dcb5b8c20da8abbc98004b49928d61e7a81b6e5de8c72762556f2,Suharika25/AI_TUTOR_GEMINI,200,,
23,2026-08-30T21:41:43.854390+00:00,requirements.txt,https://huggingface.co/spaces/Suharika25/AI_TUTOR_GEMINI/resolve/e9a50d46a7d42ce1dcc22f02f9c264b8ee50fe9b/requirements.txt,e9a50d46a7d42ce1dcc22f02f9c264b8ee50fe9b,0eab15ba6b51230309e4c83903237faceae6e1e2158257084c6a3db910a1bcc7,Suharika25/AI_TUTOR_GEMINI,200,,
1125,2026-08-30T21:41:43.858879+00:00,src/streamlit_app.py,https://huggingface.co/spaces/Suharika25/AI_TUTOR_GEMINI/resolve/e9a50d46a7d42ce1dcc22f02f9c264b8ee50fe9b/src/streamlit_app.py,e9a50d46a7d42ce1dcc22f02f9c264b8ee50fe9b,67c3220df70c5f085a360e92abd29ba4c9f56cbd5ffcab04cd45ba6096794b04,Suharika25/AI_TUTOR_GEMINI,200,,
293,2026-08-30T21:41:45.913637+00:00,README.md,https://huggingface.co/spaces/SujithRaam07/StudyAssistant/resolve/9ad82d41f1a3185dab4ab3327c33091c3bd67c18/README.md,9ad82d41f1a3185dab4ab3327c33091c3bd67c18,0393511de38b1a2c0eecd08302e6903891e551317daad3f42e1213ff43eed7ef,SujithRaam07/StudyAssistant,200,,
1730,2026-09-02T19:09:13.649289+00:00,app.py,https://huggingface.co/spaces/SujithRaam07/StudyAssistant/resolve/9ad82d41f1a3185dab4ab3327c33091c3bd67c18/app.py,9ad82d41f1a3185dab4ab3327c33091c3bd67c18,3970b3d0274b7cee7faf2893b34952db74448c17ccbbe359889a51113b6e4323,SujithRaam07/StudyAssistant,200,lossless-v2,utf-8
1664,2026-09-02T19:09:13.641411+00:00,index.html,https://huggingface.co/spaces/SujithRaam07/StudyAssistant/resolve/9ad82d41f1a3185dab4ab3327c33091c3bd67c18/index.html,9ad82d41f1a3185dab4ab3327c33091c3bd67c18,870dca6ad2db4be31e3278dcbe59b8c43c3f02baf1c1e105a7d8e73a68c23d7a,SujithRaam07/StudyAssistant,200,lossless-v2,utf-8
20,2026-09-02T19:09:13.557471+00:00,requirements.txt,https://huggingface.co/spaces/SujithRaam07/StudyAssistant/resolve/9ad82d41f1a3185dab4ab3327c33091c3bd67c18/requirements.txt,9ad82d41f1a3185dab4ab3327c33091c3bd67c18,6f1756c6ef672af0d7db4cad79cfc682868d203d904a5b6aa55db9c2017ca5ad,SujithRaam07/StudyAssistant,200,lossless-v2,utf-8
291,2026-08-30T21:41:45.347433+00:00,README.md,https://huggingface.co/spaces/Sujithraam/StudyAssistant/resolve/8dbc18cbe2668ff0b165d46b6ea302bfde6c7865/README.md,8dbc18cbe2668ff0b165d46b6ea302bfde6c7865,c7cea67a8ac13391843403b2ccaf48e61a1fe9e1833e60f36b81d2e1ffa99e64,Sujithraam/StudyAssistant,200,,
1730,2026-09-02T19:09:13.053064+00:00,app.py,https://huggingface.co/spaces/Sujithraam/StudyAssistant/resolve/8dbc18cbe2668ff0b165d46b6ea302bfde6c7865/app.py,8dbc18cbe2668ff0b165d46b6ea302bfde6c7865,3970b3d0274b7cee7faf2893b34952db74448c17ccbbe359889a51113b6e4323,Sujithraam/StudyAssistant,200,lossless-v2,utf-8
546,2026-09-02T19:09:12.907265+00:00,index.html,https://huggingface.co/spaces/Sujithraam/StudyAssistant/resolve/8dbc18cbe2668ff0b165d46b6ea302bfde6c7865/index.html,8dbc18cbe2668ff0b165d46b6ea302bfde6c7865,fef10b4e06879d75c496c1ce3e89410bff1b77bf51220f21570255d1f214580e,Sujithraam/StudyAssistant,200,lossless-v2,utf-8
20,2026-09-02T19:09:12.866711+00:00,requirements.txt,https://huggingface.co/spaces/Sujithraam/StudyAssistant/resolve/8dbc18cbe2668ff0b165d46b6ea302bfde6c7865/requirements.txt,8dbc18cbe2668ff0b165d46b6ea302bfde6c7865,6f1756c6ef672af0d7db4cad79cfc682868d203d904a5b6aa55db9c2017ca5ad,Sujithraam/StudyAssistant,200,lossless-v2,utf-8
239,2026-08-30T21:41:50.034563+00:00,README.md,https://huggingface.co/spaces/TANVEERMAKHDOOM/Ai-quiz-generator/resolve/2a71a612d7e557500210a5712794e64c9b8d8e1e/README.md,2a71a612d7e557500210a5712794e64c9b8d8e1e,62caf99f7962aa815569450cd57f015bec88bb9a938fee05e118d29d98fd320f,TANVEERMAKHDOOM/Ai-quiz-generator,200,,
2617,2026-08-30T21:41:50.572874+00:00,app.py,https://huggingface.co/spaces/TANVEERMAKHDOOM/Ai-quiz-generator/resolve/2a71a612d7e557500210a5712794e64c9b8d8e1e/app.py,2a71a612d7e557500210a5712794e64c9b8d8e1e,9674ccadbfe3a2c1a547ab01d1ae03804d3236ba9cf95fc55e25da29657542da,TANVEERMAKHDOOM/Ai-quiz-generator,200,,
19,2026-08-30T21:41:50.630038+00:00,requirements.txt,https://huggingface.co/spaces/TANVEERMAKHDOOM/Ai-quiz-generator/resolve/2a71a612d7e557500210a5712794e64c9b8d8e1e/requirements.txt,2a71a612d7e557500210a5712794e64c9b8d8e1e,5592e3b76f8eb43f8b8604f9a2c4777c9006932f13892114cefad1642fe36aa9,TANVEERMAKHDOOM/Ai-quiz-generator,200,,
231,2026-08-30T21:41:48.526834+00:00,README.md,https://huggingface.co/spaces/TahirRaheem/quizgenerator/resolve/6f5781c0c1b02d217c13315dab7f2d687d7e4086/README.md,6f5781c0c1b02d217c13315dab7f2d687d7e4086,5b81f43f29024c67feb47d6ceaa0aa2bbfdec35769fb9cd9aa30b94747e11e74,TahirRaheem/quizgenerator,200,,
335,2026-08-30T21:41:53.247736+00:00,README.md,https://huggingface.co/spaces/Tas01/ABA-AI-Tutor/resolve/9587d2ae59bd389925128139de9270d75fca2943/README.md,9587d2ae59bd389925128139de9270d75fca2943,7b3786048beb4c279bfd12cfff6e707d1c6adc96dc02cbd2d407f2634eea2b4c,Tas01/ABA-AI-Tutor,200,,
14147,2026-08-30T21:41:53.852004+00:00,app.py,https://huggingface.co/spaces/Tas01/ABA-AI-Tutor/resolve/9587d2ae59bd389925128139de9270d75fca2943/app.py,9587d2ae59bd389925128139de9270d75fca2943,0e44faa89df1dc1371186050666abae2e8eef9cc1cd4ca169a1fff32f1c273c4,Tas01/ABA-AI-Tutor,200,,
89,2026-08-30T21:41:53.747855+00:00,requirements.txt,https://huggingface.co/spaces/Tas01/ABA-AI-Tutor/resolve/9587d2ae59bd389925128139de9270d75fca2943/requirements.txt,9587d2ae59bd389925128139de9270d75fca2943,a10f85e6033740648e272210e56bcc27f1ada97f287afd5a64dde805f20ef965,Tas01/ABA-AI-Tutor,200,,
267,2026-08-30T21:41:56.375525+00:00,README.md,https://huggingface.co/spaces/Techplayer/brainscribe-local-learning-companion/resolve/d6e4164c0ba8fc193572e74b264209085b4e2a9f/README.md,d6e4164c0ba8fc193572e74b264209085b4e2a9f,6aedc973e7683064728b25364719290f146088bf5d62850abab095abf3929562,Techplayer/brainscribe-local-learning-companion,200,,
3739,2026-08-30T21:41:56.950565+00:00,components/navbar.js,https://huggingface.co/spaces/Techplayer/brainscribe-local-learning-companion/resolve/d6e4164c0ba8fc193572e74b264209085b4e2a9f/components/navbar.js,d6e4164c0ba8fc193572e74b264209085b4e2a9f,529fdfbfa0121d6734585c687cfad25c4fa8caa57c980eded81c87ab523c6ac7,Techplayer/brainscribe-local-learning-companion,200,,
4977,2026-08-30T21:41:56.878541+00:00,components/note-editor.js,https://huggingface.co/spaces/Techplayer/brainscribe-local-learning-companion/resolve/d6e4164c0ba8fc193572e74b264209085b4e2a9f/components/note-editor.js,d6e4164c0ba8fc193572e74b264209085b4e2a9f,8041fc733c4bded8ae5b6836236a6f8c24a6d8c3bd4b40a3f732c6dc711d850f,Techplayer/brainscribe-local-learning-companion,200,,
6300,2026-08-30T21:41:56.949645+00:00,components/sidebar.js,https://huggingface.co/spaces/Techplayer/brainscribe-local-learning-companion/resolve/d6e4164c0ba8fc193572e74b264209085b4e2a9f/components/sidebar.js,d6e4164c0ba8fc193572e74b264209085b4e2a9f,6e947eb6bb632a993619ebde937c9a8a07664741737599dc3edce5dde7d0ae7c,Techplayer/brainscribe-local-learning-companion,200,,
7610,2026-08-30T21:41:56.948347+00:00,components/summarizer.js,https://huggingface.co/spaces/Techplayer/brainscribe-local-learning-companion/resolve/d6e4164c0ba8fc193572e74b264209085b4e2a9f/components/summarizer.js,d6e4164c0ba8fc193572e74b264209085b4e2a9f,8e96f282be22ad1b4d7db056019a631fbfb89287c94855cd52aed4feb761c879,Techplayer/brainscribe-local-learning-companion,200,,
6169,2026-08-30T21:41:56.959878+00:00,index.html,https://huggingface.co/spaces/Techplayer/brainscribe-local-learning-companion/resolve/d6e4164c0ba8fc193572e74b264209085b4e2a9f/index.html,d6e4164c0ba8fc193572e74b264209085b4e2a9f,34d12c43d841e3fdf8626acd59b76985192a3e8e12b37230d9373e6995843040,Techplayer/brainscribe-local-learning-companion,200,,
3585,2026-08-30T21:41:56.957142+00:00,script.js,https://huggingface.co/spaces/Techplayer/brainscribe-local-learning-companion/resolve/d6e4164c0ba8fc193572e74b264209085b4e2a9f/script.js,d6e4164c0ba8fc193572e74b264209085b4e2a9f,0a80a55aa81597db4395a65c0b016fae9f8a09c98996e5e2d1eefb97af250aa1,Techplayer/brainscribe-local-learning-companion,200,,
101,2026-08-30T21:41:58.085747+00:00,.env.example,https://huggingface.co/spaces/TeerthPurohit/RAG-TradingWithML-Teaching-Assistant/resolve/aaf4363d59e83e91b76161a489367ad4653131eb/.env.example,aaf4363d59e83e91b76161a489367ad4653131eb,3eebcacb771bb75f80c26df1fa05c2210c344f761ff50f9dd3d44187cfd1ba8c,TeerthPurohit/RAG-TradingWithML-Teaching-Assistant,200,,
3940,2026-08-30T21:41:57.580568+00:00,README.md,https://huggingface.co/spaces/TeerthPurohit/RAG-TradingWithML-Teaching-Assistant/resolve/aaf4363d59e83e91b76161a489367ad4653131eb/README.md,aaf4363d59e83e91b76161a489367ad4653131eb,efd891bd532428adfec4d8322be473973dd20e914e50235c2f22a5c422a17237,TeerthPurohit/RAG-TradingWithML-Teaching-Assistant,200,,
1388,2026-08-30T21:41:58.095918+00:00,app.py,https://huggingface.co/spaces/TeerthPurohit/RAG-TradingWithML-Teaching-Assistant/resolve/aaf4363d59e83e91b76161a489367ad4653131eb/app.py,aaf4363d59e83e91b76161a489367ad4653131eb,fa6d138033e5e251e2ae6aa0d63642487ca37e631615f060ab606260f2715293,TeerthPurohit/RAG-TradingWithML-Teaching-Assistant,200,,
328,2026-08-31T01:25:43.929855+00:00,requirements.txt,https://huggingface.co/spaces/TeerthPurohit/RAG-TradingWithML-Teaching-Assistant/resolve/aaf4363d59e83e91b76161a489367ad4653131eb/requirements.txt,aaf4363d59e83e91b76161a489367ad4653131eb,032366ccda93143178ce57471e1a83810d79def25e3eee00550a8ece0825906e,TeerthPurohit/RAG-TradingWithML-Teaching-Assistant,200,,utf-16-le-bom
0,2026-08-30T21:41:57.833805+00:00,src/├── __init__.py,https://huggingface.co/spaces/TeerthPurohit/RAG-TradingWithML-Teaching-Assistant/resolve/aaf4363d59e83e91b76161a489367ad4653131eb/src/%E2%94%9C%E2%94%80%E2%94%80%20__init__.py,aaf4363d59e83e91b76161a489367ad4653131eb,e3b0c44298fc1c149afbf4c8996fb92427ae41e4649b934ca495991b7852b855,TeerthPurohit/RAG-TradingWithML-Teaching-Assistant,200,,
257,2026-08-30T21:41:58.610141+00:00,README.md,https://huggingface.co/spaces/Tejas088/edugenius-ai-smart-learning-companion/resolve/15ea0fe2b0c9744d3ff0aabcaa853c3bcb4d6b6a/README.md,15ea0fe2b0c9744d3ff0aabcaa853c3bcb4d6b6a,801deb4207451620e9b2f8a0fd1b11db037001c016d374e2864ea66512b3bf65,Tejas088/edugenius-ai-smart-learning-companion,200,,
13788,2026-08-30T21:41:59.155452+00:00,about.html,https://huggingface.co/spaces/Tejas088/edugenius-ai-smart-learning-companion/resolve/15ea0fe2b0c9744d3ff0aabcaa853c3bcb4d6b6a/about.html,15ea0fe2b0c9744d3ff0aabcaa853c3bcb4d6b6a,1f0da5e3f20ff81d3f9b390ada4da46ee1f12dad7c477ed90d4c71aa7a024437,Tejas088/edugenius-ai-smart-learning-companion,200,,
16809,2026-08-30T21:41:59.110028+00:00,courses.html,https://huggingface.co/spaces/Tejas088/edugenius-ai-smart-learning-companion/resolve/15ea0fe2b0c9744d3ff0aabcaa853c3bcb4d6b6a/courses.html,15ea0fe2b0c9744d3ff0aabcaa853c3bcb4d6b6a,82727fa011e2cadef06d73d464b4adc546890ccca9e7a8e3da7361d2e19369c9,Tejas088/edugenius-ai-smart-learning-companion,200,,
21783,2026-08-30T21:41:59.128584+00:00,dashboard.html,https://huggingface.co/spaces/Tejas088/edugenius-ai-smart-learning-companion/resolve/15ea0fe2b0c9744d3ff0aabcaa853c3bcb4d6b6a/dashboard.html,15ea0fe2b0c9744d3ff0aabcaa853c3bcb4d6b6a,a1845d4521f811732da0602c48d50304cf9ee655e2c0ecebeb21881e0aa602ba,Tejas088/edugenius-ai-smart-learning-companion,200,,
13455,2026-08-30T21:41:59.125944+00:00,index.html,https://huggingface.co/spaces/Tejas088/edugenius-ai-smart-learning-companion/resolve/15ea0fe2b0c9744d3ff0aabcaa853c3bcb4d6b6a/index.html,15ea0fe2b0c9744d3ff0aabcaa853c3bcb4d6b6a,37133c8c1a96549942708405bf970b16c4a2929385eed32e8eb5f30b3de00f57,Tejas088/edugenius-ai-smart-learning-companion,200,,
353,2026-08-30T21:42:03.567818+00:00,README.md,https://huggingface.co/spaces/TheBeast017/eduweave-ai-learning-companion/resolve/0761e5e3f7b0a883d6450bda27d6dda20df249f8/README.md,0761e5e3f7b0a883d6450bda27d6dda20df249f8,5b0981ec06573b75b53e8302a2233525c14af3e9205d51aeba37cef8da745923,TheBeast017/eduweave-ai-learning-companion,200,,
148,2026-08-30T21:42:04.064104+00:00,app.py,https://huggingface.co/spaces/TheBeast017/eduweave-ai-learning-companion/resolve/0761e5e3f7b0a883d6450bda27d6dda20df249f8/app.py,0761e5e3f7b0a883d6450bda27d6dda20df249f8,b1f1c42381b817c7661f9662c97df98edb2b6215604e07bae3ea282360d63295,TheBeast017/eduweave-ai-learning-companion,200,,
216,2026-08-30T21:42:04.550468+00:00,README.md,https://huggingface.co/spaces/TheMEGALODON55681/brainybyte-ai-learning-companion/resolve/ee4ce5ce950e342c66ac1910e3c68a25fc152d42/README.md,ee4ce5ce950e342c66ac1910e3c68a25fc152d42,5b5a00110273aa7a882c76ab2338caca1922cd82dbcf56c8267b16a6d121b9a2,TheMEGALODON55681/brainybyte-ai-learning-companion,200,,
546,2026-08-30T21:42:05.149405+00:00,index.html,https://huggingface.co/spaces/TheMEGALODON55681/brainybyte-ai-learning-companion/resolve/ee4ce5ce950e342c66ac1910e3c68a25fc152d42/index.html,ee4ce5ce950e342c66ac1910e3c68a25fc152d42,fef10b4e06879d75c496c1ce3e89410bff1b77bf51220f21570255d1f214580e,TheMEGALODON55681/brainybyte-ai-learning-companion,200,,
20144,2026-08-30T21:42:05.671973+00:00,README.md,https://huggingface.co/spaces/Thepatelsuraj12/Rag-based-AI-Teaching-Assistant/resolve/97238282b6260dcfcef5f703bd045523cc4b3133/README.md,97238282b6260dcfcef5f703bd045523cc4b3133,e626be71441ae9fb017ee007c1a6afb1662fa7706382b6d116eb7170f4f4c8ab,Thepatelsuraj12/Rag-based-AI-Teaching-Assistant,200,,
230,2026-08-30T21:42:06.190291+00:00,requirements_streamlit.txt,https://huggingface.co/spaces/Thepatelsuraj12/Rag-based-AI-Teaching-Assistant/resolve/97238282b6260dcfcef5f703bd045523cc4b3133/requirements_streamlit.txt,97238282b6260dcfcef5f703bd045523cc4b3133,90a58a71f4a1d1435369c354b1e2671ed3b9ca4cd0eaca94bbc627d70083c361,Thepatelsuraj12/Rag-based-AI-Teaching-Assistant,200,,
16556,2026-08-30T21:42:06.198622+00:00,streamlit_app.py,https://huggingface.co/spaces/Thepatelsuraj12/Rag-based-AI-Teaching-Assistant/resolve/97238282b6260dcfcef5f703bd045523cc4b3133/streamlit_app.py,97238282b6260dcfcef5f703bd045523cc4b3133,e298c6a818d8d21b4b945f09949ae38a18853baf4b7087fb96129442f5488f51,Thepatelsuraj12/Rag-based-AI-Teaching-Assistant,200,,
386,2026-08-30T21:42:10.463887+00:00,README.md,https://huggingface.co/spaces/Tomjedo/Education_Chatbot/resolve/445f38a1f364be62d4c2072f4596fd6a37ce1744/README.md,445f38a1f364be62d4c2072f4596fd6a37ce1744,22b823e169620552c57a3cf9119c84c5d776913d1ecfc6fac7ab79a8dd305920,Tomjedo/Education_Chatbot,200,,
1886,2026-08-30T21:42:10.978876+00:00,app.py,https://huggingface.co/spaces/Tomjedo/Education_Chatbot/resolve/445f38a1f364be62d4c2072f4596fd6a37ce1744/app.py,445f38a1f364be62d4c2072f4596fd6a37ce1744,537bb0933499ffbed0d5d2b7f98e8973a4a817892e1c43e1b07cf17fef6c4b3a,Tomjedo/Education_Chatbot,200,,
23,2026-08-30T21:42:10.958505+00:00,requirements.txt,https://huggingface.co/spaces/Tomjedo/Education_Chatbot/resolve/445f38a1f364be62d4c2072f4596fd6a37ce1744/requirements.txt,445f38a1f364be62d4c2072f4596fd6a37ce1744,48293d5aac441f371121b28f1ff76c2495cf372febd85401e0f33f12789b4971,Tomjedo/Education_Chatbot,200,,
152,2026-08-30T21:42:11.487248+00:00,README.md,https://huggingface.co/spaces/Tonic/open-gpt-Lesson-Plan-Generator/resolve/d6a3c34643802759dbc415116489914f9c7d6267/README.md,d6a3c34643802759dbc415116489914f9c7d6267,ddf404458e7882d3f307141ba0a0b5ed3584305f72e5993e52789cfe1d2dfcf7,Tonic/open-gpt-Lesson-Plan-Generator,200,,
2111,2026-08-30T21:42:11.981432+00:00,app.py,https://huggingface.co/spaces/Tonic/open-gpt-Lesson-Plan-Generator/resolve/d6a3c34643802759dbc415116489914f9c7d6267/app.py,d6a3c34643802759dbc415116489914f9c7d6267,9a5e939d5e7a5cc4c20f4c1aac11ab41ea31285511a9bb461a999a476476b4e6,Tonic/open-gpt-Lesson-Plan-Generator,200,,
245,2026-08-30T21:42:15.023902+00:00,README.md,https://huggingface.co/spaces/Trinesh16/StudyAssistant/resolve/60db2f206a8a000db96f2eb253b6b3218b956110/README.md,60db2f206a8a000db96f2eb253b6b3218b956110,322a87d5dbbff8a72a9ce44f77be960f82a407336c140689cd3c60a8d9c184c4,Trinesh16/StudyAssistant,200,,
1744,2026-09-02T19:09:15.407263+00:00,app.py,https://huggingface.co/spaces/Trinesh16/StudyAssistant/resolve/60db2f206a8a000db96f2eb253b6b3218b956110/app.py,60db2f206a8a000db96f2eb253b6b3218b956110,759776dbca10efedb3739dce768c67627e67a12e865c8392ac848dbeef8fef9e,Trinesh16/StudyAssistant,200,lossless-v2,utf-8
21,2026-09-02T19:09:15.423106+00:00,requirements.txt,https://huggingface.co/spaces/Trinesh16/StudyAssistant/resolve/60db2f206a8a000db96f2eb253b6b3218b956110/requirements.txt,60db2f206a8a000db96f2eb253b6b3218b956110,80559a06c2e2bdc1dbb8e986a1bec96bb87d1cd314f6d8658396022d28727461,Trinesh16/StudyAssistant,200,lossless-v2,utf-8
249,2026-08-30T21:42:15.586222+00:00,README.md,https://huggingface.co/spaces/Trivikrama/Physics_Lesson_Plan_Generator/resolve/4ffa177a9dd1cdf9f666fb44f8d0f0eb79c82fc2/README.md,4ffa177a9dd1cdf9f666fb44f8d0f0eb79c82fc2,ccde7018e831bc935bf5b03f626c4af764543a414509570ec84d29af0af2b135,Trivikrama/Physics_Lesson_Plan_Generator,200,,
14045,2026-08-30T21:42:16.111251+00:00,app.py,https://huggingface.co/spaces/Trivikrama/Physics_Lesson_Plan_Generator/resolve/4ffa177a9dd1cdf9f666fb44f8d0f0eb79c82fc2/app.py,4ffa177a9dd1cdf9f666fb44f8d0f0eb79c82fc2,17f1ec6a649f26194f5c70c2a8621c9faa9e0ac275ff37f5dfb18de63801a947,Trivikrama/Physics_Lesson_Plan_Generator,200,,
88,2026-08-30T21:42:16.075228+00:00,requirements.txt,https://huggingface.co/spaces/Trivikrama/Physics_Lesson_Plan_Generator/resolve/4ffa177a9dd1cdf9f666fb44f8d0f0eb79c82fc2/requirements.txt,4ffa177a9dd1cdf9f666fb44f8d0f0eb79c82fc2,236474a36b4a7d8a7e5ab9c99b0fb16a7e028a14dd4c69d182725db7bd8d7614,Trivikrama/Physics_Lesson_Plan_Generator,200,,
409,2026-08-30T21:42:16.598548+00:00,README.md,https://huggingface.co/spaces/Troy88/Quiz-Generator/resolve/d3f6c929bbdf552dcdbc9b53199bd1cc0c57b913/README.md,d3f6c929bbdf552dcdbc9b53199bd1cc0c57b913,54f85eaf8a1d3c74f29395e3b02b687e23b465b211c8a2cfbfbefa82533ceacb,Troy88/Quiz-Generator,200,,
8488,2026-08-30T21:42:17.118558+00:00,app.py,https://huggingface.co/spaces/Troy88/Quiz-Generator/resolve/d3f6c929bbdf552dcdbc9b53199bd1cc0c57b913/app.py,d3f6c929bbdf552dcdbc9b53199bd1cc0c57b913,c74e2295e36e4a10c52337bba426610f07438b58936a6a021660f56b01e5fd40,Troy88/Quiz-Generator,200,,
23,2026-08-30T21:42:17.136678+00:00,requirements.txt,https://huggingface.co/spaces/Troy88/Quiz-Generator/resolve/d3f6c929bbdf552dcdbc9b53199bd1cc0c57b913/requirements.txt,d3f6c929bbdf552dcdbc9b53199bd1cc0c57b913,f991da51c28bdd3e5b615c3b47747e962ba31855cbad321f3b0e9f96d90f23a6,Troy88/Quiz-Generator,200,,
271,2026-08-30T21:42:17.665021+00:00,README.md,https://huggingface.co/spaces/Turbiling/Backward-Design-Lesson-Plan-Generator/resolve/63c3776794ccc3b7b5dcffa7133e676d0d6f4a18/README.md,63c3776794ccc3b7b5dcffa7133e676d0d6f4a18,6fe51bc436a55b28bf2f0ad29a140a292f985851337d20e4e3cc2bc38b792c9d,Turbiling/Backward-Design-Lesson-Plan-Generator,200,,
6293,2026-08-30T21:42:18.170630+00:00,app.py,https://huggingface.co/spaces/Turbiling/Backward-Design-Lesson-Plan-Generator/resolve/63c3776794ccc3b7b5dcffa7133e676d0d6f4a18/app.py,63c3776794ccc3b7b5dcffa7133e676d0d6f4a18,173a061bd2a037b2ab9e9d1510d7be25d0c89d92d16e1999c5304924a5ae4620,Turbiling/Backward-Design-Lesson-Plan-Generator,200,,
24,2026-08-30T21:42:18.188905+00:00,requirements.txt,https://huggingface.co/spaces/Turbiling/Backward-Design-Lesson-Plan-Generator/resolve/63c3776794ccc3b7b5dcffa7133e676d0d6f4a18/requirements.txt,63c3776794ccc3b7b5dcffa7133e676d0d6f4a18,724b714be1a5e8a1af6b9f3c9e5682accbe40d4a4390fed00dfd869ce7ce6b8a,Turbiling/Backward-Design-Lesson-Plan-Generator,200,,
262,2026-08-30T21:42:18.719296+00:00,README.md,https://huggingface.co/spaces/Turbiling/EDucation_Fellow_Chatbot/resolve/b1a2749f14b35ee6a451b3cb3a0c450fdfc783ad/README.md,b1a2749f14b35ee6a451b3cb3a0c450fdfc783ad,69b1f85e0bb2c4c8f1ba61b82cc59c6e06ab2dd7da6557ab4a35848afa4ba582,Turbiling/EDucation_Fellow_Chatbot,200,,
721,2026-08-30T21:42:19.738726+00:00,README.md,https://huggingface.co/spaces/Turbiling/GB_Education_Chatbot/resolve/989c68f8de2bd1a51740f4995e283bfb460dc5c8/README.md,989c68f8de2bd1a51740f4995e283bfb460dc5c8,4949d55d2bd25a29be5c08910cb30e2d8814192b93fd660b734b74f381fdf4bd,Turbiling/GB_Education_Chatbot,200,,
951,2026-08-30T21:42:20.244597+00:00,app.py,https://huggingface.co/spaces/Turbiling/GB_Education_Chatbot/resolve/989c68f8de2bd1a51740f4995e283bfb460dc5c8/app.py,989c68f8de2bd1a51740f4995e283bfb460dc5c8,cc23c4207c9aa5c7aa00050f496d2f7e640527c081deae22dbb56501cd03cced,Turbiling/GB_Education_Chatbot,200,,
24,2026-08-30T21:42:20.243747+00:00,requirements.txt,https://huggingface.co/spaces/Turbiling/GB_Education_Chatbot/resolve/989c68f8de2bd1a51740f4995e283bfb460dc5c8/requirements.txt,989c68f8de2bd1a51740f4995e283bfb460dc5c8,6d23e1a7f2a03efa888e96b6571fd922420ebd6e32813a0e8c61d55c01ef42f3,Turbiling/GB_Education_Chatbot,200,,
254,2026-08-30T21:42:20.745191+00:00,README.md,https://huggingface.co/spaces/Turbiling/Lesson_Plan_Generator/resolve/4a87d12033a171adedac0b897499c9f2b3c0ed49/README.md,4a87d12033a171adedac0b897499c9f2b3c0ed49,1c381fdcbbff807672a6fd294f5846beeb7f73e56be3d8460f331a0db3cafaae,Turbiling/Lesson_Plan_Generator,200,,
6166,2026-08-30T21:42:21.242975+00:00,app.py,https://huggingface.co/spaces/Turbiling/Lesson_Plan_Generator/resolve/4a87d12033a171adedac0b897499c9f2b3c0ed49/app.py,4a87d12033a171adedac0b897499c9f2b3c0ed49,c92fff6c4ae5c010b570d1571954dc76b83579d9de0308e9176d0fc3e23bcfe9,Turbiling/Lesson_Plan_Generator,200,,
34,2026-08-30T21:42:21.266117+00:00,requirements.txt,https://huggingface.co/spaces/Turbiling/Lesson_Plan_Generator/resolve/4a87d12033a171adedac0b897499c9f2b3c0ed49/requirements.txt,4a87d12033a171adedac0b897499c9f2b3c0ed49,d64b2296988e2c2357ed2840fbed243d99a428320889757724a8615285291834,Turbiling/Lesson_Plan_Generator,200,,
466,2026-08-30T21:42:21.855158+00:00,README.md,https://huggingface.co/spaces/Turbiling/Sharqi_Education_Chatbot/resolve/85a850b5895cbf56cb4c605b6ee953894216f7d7/README.md,85a850b5895cbf56cb4c605b6ee953894216f7d7,991695d3c618d9eb0abe71e13b4b840c88c5c6302c7ebe4a7fe90d1f697693cf,Turbiling/Sharqi_Education_Chatbot,200,,
100,2026-08-30T21:42:22.345156+00:00,Requirements.txt,https://huggingface.co/spaces/Turbiling/Sharqi_Education_Chatbot/resolve/85a850b5895cbf56cb4c605b6ee953894216f7d7/Requirements.txt,85a850b5895cbf56cb4c605b6ee953894216f7d7,ef7ebb9e9bf6073180e3721fec40811ee508c0adbd3f74d62515c7796e81c011,Turbiling/Sharqi_Education_Chatbot,200,,
3344,2026-08-30T21:42:22.351824+00:00,app.py,https://huggingface.co/spaces/Turbiling/Sharqi_Education_Chatbot/resolve/85a850b5895cbf56cb4c605b6ee953894216f7d7/app.py,85a850b5895cbf56cb4c605b6ee953894216f7d7,2b8c9ec0f6cae7164bfd4d71b858048e87605f78fdf02e45fd8934f45a8059ce,Turbiling/Sharqi_Education_Chatbot,200,,
74,2026-08-30T21:42:22.397494+00:00,requirements.txt,https://huggingface.co/spaces/Turbiling/Sharqi_Education_Chatbot/resolve/85a850b5895cbf56cb4c605b6ee953894216f7d7/requirements.txt,85a850b5895cbf56cb4c605b6ee953894216f7d7,0c556e8009bcc658f7a066db900015f938f7f5343212b5ec6399aa6a2f6e86cd,Turbiling/Sharqi_Education_Chatbot,200,,
1125,2026-08-30T21:42:22.517890+00:00,src/streamlit_app.py,https://huggingface.co/spaces/Turbiling/Sharqi_Education_Chatbot/resolve/85a850b5895cbf56cb4c605b6ee953894216f7d7/src/streamlit_app.py,85a850b5895cbf56cb4c605b6ee953894216f7d7,67c3220df70c5f085a360e92abd29ba4c9f56cbd5ffcab04cd45ba6096794b04,Turbiling/Sharqi_Education_Chatbot,200,,
237,2026-08-30T21:42:23.046521+00:00,README.md,https://huggingface.co/spaces/Tutor-Ai-100/AI_Tutor_Chatbot/resolve/bcdb291fe37d432a0d64f38782e3fe2cd4ea4a8e/README.md,bcdb291fe37d432a0d64f38782e3fe2cd4ea4a8e,72501aa4b03b599dca37afa590bb23779676fd69dfa80e99ab10052464823d95,Tutor-Ai-100/AI_Tutor_Chatbot,200,,
933,2026-08-30T21:42:23.550111+00:00,app.py,https://huggingface.co/spaces/Tutor-Ai-100/AI_Tutor_Chatbot/resolve/bcdb291fe37d432a0d64f38782e3fe2cd4ea4a8e/app.py,bcdb291fe37d432a0d64f38782e3fe2cd4ea4a8e,e94e16b616b416f80d875c420aa8856c19600d39d9dfa97fcce27a4c8c841fd2,Tutor-Ai-100/AI_Tutor_Chatbot,200,,
20,2026-08-30T21:42:23.543106+00:00,requirements.txt,https://huggingface.co/spaces/Tutor-Ai-100/AI_Tutor_Chatbot/resolve/bcdb291fe37d432a0d64f38782e3fe2cd4ea4a8e/requirements.txt,bcdb291fe37d432a0d64f38782e3fe2cd4ea4a8e,a27074495f3843b405e7ac2970baffb1c0304b967da66a3a46c43e2826ab4b9e,Tutor-Ai-100/AI_Tutor_Chatbot,200,,
255,2026-08-30T21:42:24.098802+00:00,README.md,https://huggingface.co/spaces/Ty890/merlin-ai-is-an-advanced-educational-pla/resolve/758a50b6e1ee49d8914805079ed55e865aaf8fbb/README.md,758a50b6e1ee49d8914805079ed55e865aaf8fbb,e1dac9f31024c0a28370d9c7bd5e0a756a842a5fd51bd5b6101dbf0c0c923189,Ty890/merlin-ai-is-an-advanced-educational-pla,200,,
4387,2026-08-30T21:42:24.599690+00:00,api.js,https://huggingface.co/spaces/Ty890/merlin-ai-is-an-advanced-educational-pla/resolve/758a50b6e1ee49d8914805079ed55e865aaf8fbb/api.js,758a50b6e1ee49d8914805079ed55e865aaf8fbb,123a33b9790776b15c333eaed04f9738a1846c860f8d0d9001d6a315fec03905,Ty890/merlin-ai-is-an-advanced-educational-pla,200,,
20871,2026-08-30T21:42:24.641790+00:00,chat.html,https://huggingface.co/spaces/Ty890/merlin-ai-is-an-advanced-educational-pla/resolve/758a50b6e1ee49d8914805079ed55e865aaf8fbb/chat.html,758a50b6e1ee49d8914805079ed55e865aaf8fbb,3038d52d010995a20adf736720ace04b29b35e06d2b049b03af29af10aead4f3,Ty890/merlin-ai-is-an-advanced-educational-pla,200,,
16034,2026-08-30T21:42:24.638171+00:00,dashboard.html,https://huggingface.co/spaces/Ty890/merlin-ai-is-an-advanced-educational-pla/resolve/758a50b6e1ee49d8914805079ed55e865aaf8fbb/dashboard.html,758a50b6e1ee49d8914805079ed55e865aaf8fbb,e6ad5ec950fc549186322739ce4209faa1ae1359c3fa2a90ce0854c9a25a347a,Ty890/merlin-ai-is-an-advanced-educational-pla,200,,
25310,2026-08-30T21:42:24.614392+00:00,index.html,https://huggingface.co/spaces/Ty890/merlin-ai-is-an-advanced-educational-pla/resolve/758a50b6e1ee49d8914805079ed55e865aaf8fbb/index.html,758a50b6e1ee49d8914805079ed55e865aaf8fbb,94451a86abc04c3340efd47d32aee19e21ad7e9ea03fa3962946172d007770dc,Ty890/merlin-ai-is-an-advanced-educational-pla,200,,
230,2026-08-30T21:42:27.284412+00:00,README.md,https://huggingface.co/spaces/Udayveer1990/Language_tutor/resolve/ab23bd8cdc2375d72532469fae5f63515bc92620/README.md,ab23bd8cdc2375d72532469fae5f63515bc92620,354457c2d96c62a353bdcfa25052b87db2015d4f27a5529f61aae0ba71024502,Udayveer1990/Language_tutor,200,,
2235,2026-08-30T21:42:27.782473+00:00,main.py,https://huggingface.co/spaces/Udayveer1990/Language_tutor/resolve/ab23bd8cdc2375d72532469fae5f63515bc92620/main.py,ab23bd8cdc2375d72532469fae5f63515bc92620,5b6937d0d00d214bbd176edc0e00af15c5cbf0a2c71722ff43db1dd03fe38ffa,Udayveer1990/Language_tutor,200,,
40,2026-08-30T21:42:27.800874+00:00,requirements.txt,https://huggingface.co/spaces/Udayveer1990/Language_tutor/resolve/ab23bd8cdc2375d72532469fae5f63515bc92620/requirements.txt,ab23bd8cdc2375d72532469fae5f63515bc92620,2e961380a9a3f8c434bf371d9b3a727b7c8fc44ad83c976db01a1a29b67aa36f,Udayveer1990/Language_tutor,200,,
278,2026-08-30T21:42:28.324527+00:00,README.md,https://huggingface.co/spaces/UjasAdepal/ai-tutoring-app/resolve/cd3e355f92db424f270ba5e7dfe615eac55f0b23/README.md,cd3e355f92db424f270ba5e7dfe615eac55f0b23,5a5ba742225cd6dd9d431ff1246fa3e1fa429e899d2b76026c2a27fe4779d3c9,UjasAdepal/ai-tutoring-app,200,,
237,2026-08-30T21:42:28.846933+00:00,README.md,https://huggingface.co/spaces/Ukhanyo/quiz-generator-ai/resolve/3a6cfd1486b311ab5436c51de0ec0d8c2815031a/README.md,3a6cfd1486b311ab5436c51de0ec0d8c2815031a,4b390b70b7f704d168a1ea039aa0627ca09c7ef64ec5cb95befeacc6b3fe0a6f,Ukhanyo/quiz-generator-ai,200,,
820,2026-08-30T21:42:29.361880+00:00,app.py,https://huggingface.co/spaces/Ukhanyo/quiz-generator-ai/resolve/3a6cfd1486b311ab5436c51de0ec0d8c2815031a/app.py,3a6cfd1486b311ab5436c51de0ec0d8c2815031a,06aa5ed9aae6b5572f0f41f2d17521d594f890f56b5a902130158b0fe7c296a6,Ukhanyo/quiz-generator-ai,200,,
268,2026-08-30T21:42:29.868803+00:00,README.md,https://huggingface.co/spaces/Ukiji/darsiyar-the-smart-learning-companion/resolve/d628e588e1cfdad8dc73b360ce1ab03d9e6f23f8/README.md,d628e588e1cfdad8dc73b360ce1ab03d9e6f23f8,9291baa81a9857c577eb899124046e905e24357e2240dc0ba60e49c504fa1e4f,Ukiji/darsiyar-the-smart-learning-companion,200,,
4727,2026-08-30T21:42:30.351666+00:00,components/footer.js,https://huggingface.co/spaces/Ukiji/darsiyar-the-smart-learning-companion/resolve/d628e588e1cfdad8dc73b360ce1ab03d9e6f23f8/components/footer.js,d628e588e1cfdad8dc73b360ce1ab03d9e6f23f8,1008ef5f04438e55c5041f07129e95b878bbe94fc08c0cd86b549006d5e42b3f,Ukiji/darsiyar-the-smart-learning-companion,200,,
4368,2026-08-30T21:42:30.379930+00:00,components/navbar.js,https://huggingface.co/spaces/Ukiji/darsiyar-the-smart-learning-companion/resolve/d628e588e1cfdad8dc73b360ce1ab03d9e6f23f8/components/navbar.js,d628e588e1cfdad8dc73b360ce1ab03d9e6f23f8,5e2d63803e32b7eb4a4e8337c972ae45b18e4f907d1741d6673df8e525099cd9,Ukiji/darsiyar-the-smart-learning-companion,200,,
16995,2026-08-30T21:42:30.437338+00:00,index.html,https://huggingface.co/spaces/Ukiji/darsiyar-the-smart-learning-companion/resolve/d628e588e1cfdad8dc73b360ce1ab03d9e6f23f8/index.html,d628e588e1cfdad8dc73b360ce1ab03d9e6f23f8,189031399cebde8157644604d71eb6a2d101f332f2bbbd7d4e08a91bfe0db379,Ukiji/darsiyar-the-smart-learning-companion,200,,
1456,2026-08-30T21:42:30.403723+00:00,script.js,https://huggingface.co/spaces/Ukiji/darsiyar-the-smart-learning-companion/resolve/d628e588e1cfdad8dc73b360ce1ab03d9e6f23f8/script.js,d628e588e1cfdad8dc73b360ce1ab03d9e6f23f8,44a7493d474378afd3409e5f7a0f81b5952e5bcff60017f28545083c67993599,Ukiji/darsiyar-the-smart-learning-companion,200,,
454,2026-08-30T21:42:30.945062+00:00,README.md,https://huggingface.co/spaces/UlliInduSree/AI_Tutor_Chatbot/resolve/e5818c95da5fea23391bb2181e2d58e77d465ae4/README.md,e5818c95da5fea23391bb2181e2d58e77d465ae4,b59cbe373742c261c36034328d5162bbf4871166f47cbc75fd5c525c29b69a36,UlliInduSree/AI_Tutor_Chatbot,200,,
830,2026-08-30T21:42:31.440873+00:00,app.py,https://huggingface.co/spaces/UlliInduSree/AI_Tutor_Chatbot/resolve/e5818c95da5fea23391bb2181e2d58e77d465ae4/app.py,e5818c95da5fea23391bb2181e2d58e77d465ae4,86cb637e8ef8c7269f9f1fc73e32144f262b3bd5a67c4c0fe42f928db0a1421c,UlliInduSree/AI_Tutor_Chatbot,200,,
38,2026-08-30T21:42:31.450561+00:00,requirements.txt,https://huggingface.co/spaces/UlliInduSree/AI_Tutor_Chatbot/resolve/e5818c95da5fea23391bb2181e2d58e77d465ae4/requirements.txt,e5818c95da5fea23391bb2181e2d58e77d465ae4,c6770149d51a2a3efe4740fcc5b342130e4099fef6713bce4656bd01e9ff4097,UlliInduSree/AI_Tutor_Chatbot,200,,
248,2026-08-30T21:42:32.009381+00:00,README.md,https://huggingface.co/spaces/UmarIqbal000/quiz-generator-ai/resolve/2ebb6fa18c9ed684aa0676187d3804296340d1ab/README.md,2ebb6fa18c9ed684aa0676187d3804296340d1ab,cc548f86ea1933a1caef234650d5571bc6d8eabda75121f2e237660e5384f424,UmarIqbal000/quiz-generator-ai,200,,
8354,2026-08-30T21:42:32.555409+00:00,app.py,https://huggingface.co/spaces/UmarIqbal000/quiz-generator-ai/resolve/2ebb6fa18c9ed684aa0676187d3804296340d1ab/app.py,2ebb6fa18c9ed684aa0676187d3804296340d1ab,0fb6c1dff59c59df1973a24862e6d4dbe43a2c3d16a3a78951ad1d0fb37cb341,UmarIqbal000/quiz-generator-ai,200,,
39,2026-08-30T21:42:32.613944+00:00,requirements.txt,https://huggingface.co/spaces/UmarIqbal000/quiz-generator-ai/resolve/2ebb6fa18c9ed684aa0676187d3804296340d1ab/requirements.txt,2ebb6fa18c9ed684aa0676187d3804296340d1ab,c410223209beabd93a4a48b9c0c19c5da22cf573a345ae276e38ddce83410d9c,UmarIqbal000/quiz-generator-ai,200,,
223,2026-08-30T21:42:34.304187+00:00,README.md,https://huggingface.co/spaces/Us-er-na-me/QuizGenerator/resolve/724750841d8714daf7b4c8bb0d9169109466b5c7/README.md,724750841d8714daf7b4c8bb0d9169109466b5c7,390d71aa6732a867386099e251ad36537f8be29bad3c4ca4857d495e3ce88618,Us-er-na-me/QuizGenerator,200,,
390,2026-09-02T19:09:16.328991+00:00,app.py,https://huggingface.co/spaces/Us-er-na-me/QuizGenerator/resolve/724750841d8714daf7b4c8bb0d9169109466b5c7/app.py,724750841d8714daf7b4c8bb0d9169109466b5c7,4d9f8ff1959c47de9d5f3c80eb8754ebbec1457490f3f0d4954dd3177f7dec0a,Us-er-na-me/QuizGenerator,200,lossless-v2,utf-8
29,2026-09-02T19:09:16.384929+00:00,requirements.txt,https://huggingface.co/spaces/Us-er-na-me/QuizGenerator/resolve/724750841d8714daf7b4c8bb0d9169109466b5c7/requirements.txt,724750841d8714daf7b4c8bb0d9169109466b5c7,94beb2629d5fb24c6228c712138449a608c0f8e671a3580ab889c18373aba00c,Us-er-na-me/QuizGenerator,200,lossless-v2,utf-8
215,2026-08-30T21:42:40.432714+00:00,README.md,https://huggingface.co/spaces/VENDORXX/studyfetch-ai-learning-companion/resolve/af3710dda4de57ba81d470cd2c4c26ab46407257/README.md,af3710dda4de57ba81d470cd2c4c26ab46407257,2fb872cb896667ac62116efb1556f60129f98920c04572af97b6c18f7f5a9fb2,VENDORXX/studyfetch-ai-learning-companion,200,,
546,2026-08-30T21:42:40.920917+00:00,index.html,https://huggingface.co/spaces/VENDORXX/studyfetch-ai-learning-companion/resolve/af3710dda4de57ba81d470cd2c4c26ab46407257/index.html,af3710dda4de57ba81d470cd2c4c26ab46407257,fef10b4e06879d75c496c1ce3e89410bff1b77bf51220f21570255d1f214580e,VENDORXX/studyfetch-ai-learning-companion,200,,
494,2026-08-30T21:42:58.478690+00:00,README.md,https://huggingface.co/spaces/VSrilekha/AI-Tutor/resolve/5cd51c3298c4ce842d21c9f4a7a78544d0dccc0d/README.md,5cd51c3298c4ce842d21c9f4a7a78544d0dccc0d,b0dea0f4068dc7a1f57bcfe30120c72f27b89b75caa638faafe3cbe026e7d696,VSrilekha/AI-Tutor,200,,
1754,2026-08-30T21:42:58.980673+00:00,app.py,https://huggingface.co/spaces/VSrilekha/AI-Tutor/resolve/5cd51c3298c4ce842d21c9f4a7a78544d0dccc0d/app.py,5cd51c3298c4ce842d21c9f4a7a78544d0dccc0d,39268a77b2dbcfb59694e50f6846dded5038ca159f358213c47f0a8dbf2e95f3,VSrilekha/AI-Tutor,200,,
19,2026-08-30T21:42:58.979432+00:00,requirements.txt,https://huggingface.co/spaces/VSrilekha/AI-Tutor/resolve/5cd51c3298c4ce842d21c9f4a7a78544d0dccc0d/requirements.txt,5cd51c3298c4ce842d21c9f4a7a78544d0dccc0d,7b8a226e55bb285e1ab07c5ed9320591e97a3aae4c072264d418d1dae77d8228,VSrilekha/AI-Tutor,200,,
217,2026-08-30T21:42:34.804770+00:00,README.md,https://huggingface.co/spaces/Vaibhava24/my-study-assistant/resolve/8cc4c80aaa592ad7c687081e581a7d9a6ee3ea96/README.md,8cc4c80aaa592ad7c687081e581a7d9a6ee3ea96,ad6a42d5c451aa2831c0ec93830ad1677f689035f9965b35830194173b213af2,Vaibhava24/my-study-assistant,200,,
2271,2026-08-30T21:42:35.327958+00:00,app.py,https://huggingface.co/spaces/Vaibhava24/my-study-assistant/resolve/8cc4c80aaa592ad7c687081e581a7d9a6ee3ea96/app.py,8cc4c80aaa592ad7c687081e581a7d9a6ee3ea96,88263732e59cf9a27df398f13f7aa174998813cc96eb8d02bf2ced260bdd4894,Vaibhava24/my-study-assistant,200,,
29,2026-08-30T21:42:35.310185+00:00,requirements.txt,https://huggingface.co/spaces/Vaibhava24/my-study-assistant/resolve/8cc4c80aaa592ad7c687081e581a7d9a6ee3ea96/requirements.txt,8cc4c80aaa592ad7c687081e581a7d9a6ee3ea96,06422a54bebea936f4226c9993a6c2d37ea75c8cf45bdb67e61f3d30e1e594b3,Vaibhava24/my-study-assistant,200,,
274,2026-08-30T21:42:35.866716+00:00,README.md,https://huggingface.co/spaces/Vaishnav-00299/my-study-assistant/resolve/d0970951d4d046f5b58e2c809e737379855da06a/README.md,d0970951d4d046f5b58e2c809e737379855da06a,246971eabf3cec54d14786ccde19ce5d68e9b987fd54c78c0ed39f651b5b9fe6,Vaishnav-00299/my-study-assistant,200,,
2063,2026-08-30T21:42:36.370812+00:00,app.py,https://huggingface.co/spaces/Vaishnav-00299/my-study-assistant/resolve/d0970951d4d046f5b58e2c809e737379855da06a/app.py,d0970951d4d046f5b58e2c809e737379855da06a,28dfe66d46b482ec4cb4ea9da8b1451589a9c9a3a46a596fdbc88b97a815a90b,Vaishnav-00299/my-study-assistant,200,,
20,2026-08-30T21:42:36.383543+00:00,requirements.txt,https://huggingface.co/spaces/Vaishnav-00299/my-study-assistant/resolve/d0970951d4d046f5b58e2c809e737379855da06a/requirements.txt,d0970951d4d046f5b58e2c809e737379855da06a,755c5c87ef50d721d8d9e92bd31aa9d90ba3e78415bf3b7f4b8a574908300c8f,Vaishnav-00299/my-study-assistant,200,,
251,2026-08-30T21:42:36.882039+00:00,README.md,https://huggingface.co/spaces/Varshareddy1106/AI_TUTOR/resolve/b64445abcefef215e4fd2a556c9bd38c58aadc29/README.md,b64445abcefef215e4fd2a556c9bd38c58aadc29,64806b88e1cdca156822b638c25db013b6bf614a32ec4f4ff358eeedbab63dad,Varshareddy1106/AI_TUTOR,200,,
1939,2026-08-30T21:42:37.449336+00:00,app.py,https://huggingface.co/spaces/Varshareddy1106/AI_TUTOR/resolve/b64445abcefef215e4fd2a556c9bd38c58aadc29/app.py,b64445abcefef215e4fd2a556c9bd38c58aadc29,84951f0d23e850e764ac8fa34b923016c387800eb7e2ea36816a830dcec293b7,Varshareddy1106/AI_TUTOR,200,,
34,2026-08-30T21:42:37.392784+00:00,requirements.txt,https://huggingface.co/spaces/Varshareddy1106/AI_TUTOR/resolve/b64445abcefef215e4fd2a556c9bd38c58aadc29/requirements.txt,b64445abcefef215e4fd2a556c9bd38c58aadc29,639337cf7fdbbc6de3741c1e433893ebe43a6ddd050ac3326def5d177105ef88,Varshareddy1106/AI_TUTOR,200,,
282,2026-08-30T21:42:39.430269+00:00,README.md,https://huggingface.co/spaces/VarunGoud314/Study_assistant/resolve/c3d8b0cff5fb0f8985da0e5b1de4cdf0cdef0572/README.md,c3d8b0cff5fb0f8985da0e5b1de4cdf0cdef0572,9026c788b3b9c607f591e1d456e1a336f2739a0640ff897633e5be6c1d1a2599,VarunGoud314/Study_assistant,200,,
1722,2026-08-30T21:42:39.935049+00:00,app.py,https://huggingface.co/spaces/VarunGoud314/Study_assistant/resolve/c3d8b0cff5fb0f8985da0e5b1de4cdf0cdef0572/app.py,c3d8b0cff5fb0f8985da0e5b1de4cdf0cdef0572,4f8f4652aee25dc6746680bbbc78eaeb87d83706d216adb6627ae27d2fb3c0a5,VarunGoud314/Study_assistant,200,,
13,2026-08-30T21:42:39.938741+00:00,requirements.txt,https://huggingface.co/spaces/VarunGoud314/Study_assistant/resolve/c3d8b0cff5fb0f8985da0e5b1de4cdf0cdef0572/requirements.txt,c3d8b0cff5fb0f8985da0e5b1de4cdf0cdef0572,d405c3d51576d811c8de1dac1ea30dfd9f4f0f1a5721d11112b926078e616db2,VarunGoud314/Study_assistant,200,,
272,2026-08-30T21:42:44.924690+00:00,README.md,https://huggingface.co/spaces/Vijayendra3233/my-study-assistant/resolve/22cda725e8635580fe173b8c27cc65197a414e9f/README.md,22cda725e8635580fe173b8c27cc65197a414e9f,c0600563c28cef6d40900abc840fbc8e699c00a00f1e9aac254e56e7242c8554,Vijayendra3233/my-study-assistant,200,,
2711,2026-08-30T21:42:45.428041+00:00,ai_powered_study_assistant.py,https://huggingface.co/spaces/Vijayendra3233/my-study-assistant/resolve/22cda725e8635580fe173b8c27cc65197a414e9f/ai_powered_study_assistant.py,22cda725e8635580fe173b8c27cc65197a414e9f,bf5efb7928cc578b1c1aa70551d1471afc03affe0f6dc24fe975dd33eae01990,Vijayendra3233/my-study-assistant,200,,
194,2026-08-30T21:42:45.930965+00:00,README.md,https://huggingface.co/spaces/VinayKarthik800/ai-tutor/resolve/255d25b5c085d57b3d71166ec75b88a19c9f97ef/README.md,255d25b5c085d57b3d71166ec75b88a19c9f97ef,016f83a80a1d402ac8ac25be908864a15da2da6a5c8adc572fecf96b41ceca4e,VinayKarthik800/ai-tutor,200,,
8417,2026-08-30T21:42:46.424840+00:00,index.html,https://huggingface.co/spaces/VinayKarthik800/ai-tutor/resolve/255d25b5c085d57b3d71166ec75b88a19c9f97ef/index.html,255d25b5c085d57b3d71166ec75b88a19c9f97ef,9f4f4163e8adb530c4b81359649ce278bf42b42370ce3231ccf3f6faafe5c21a,VinayKarthik800/ai-tutor,200,,
339,2026-08-30T21:42:52.978096+00:00,README.md,https://huggingface.co/spaces/VishnuSai05/Study_Assistant/resolve/b97a7a360d6f48cd4cab598f26272d677b2a296c/README.md,b97a7a360d6f48cd4cab598f26272d677b2a296c,a0e796e7f8e1fdfc765a93f316321a757916c14970a57832edd2860dc0e33db7,VishnuSai05/Study_Assistant,200,,
1779,2026-08-30T21:42:53.487661+00:00,app.py,https://huggingface.co/spaces/VishnuSai05/Study_Assistant/resolve/b97a7a360d6f48cd4cab598f26272d677b2a296c/app.py,b97a7a360d6f48cd4cab598f26272d677b2a296c,638a138b09fe539d2fbb04456a5aabe0a0bbea2446ad65a71529838bafcae071,VishnuSai05/Study_Assistant,200,,
20,2026-08-30T21:42:53.504082+00:00,requirements.txt,https://huggingface.co/spaces/VishnuSai05/Study_Assistant/resolve/b97a7a360d6f48cd4cab598f26272d677b2a296c/requirements.txt,b97a7a360d6f48cd4cab598f26272d677b2a296c,6f1756c6ef672af0d7db4cad79cfc682868d203d904a5b6aa55db9c2017ca5ad,VishnuSai05/Study_Assistant,200,,
200,2026-08-30T21:42:54.008247+00:00,README.md,https://huggingface.co/spaces/VishwakanthReddy/studyassistant/resolve/a748fdf190d172cc10486bc83837b2030dcffa7e/README.md,a748fdf190d172cc10486bc83837b2030dcffa7e,5b2ef6624cda31322515cf96837e1852c3a05a5d187b2b73aff1f806f5e0f7df,VishwakanthReddy/studyassistant,200,,
227,2026-08-30T21:43:05.426970+00:00,README.md,https://huggingface.co/spaces/Xzylie/studysync-your-smarter-learning-companion/resolve/4cf983906547c6c251f95b856b0db3c75cb24e66/README.md,4cf983906547c6c251f95b856b0db3c75cb24e66,2f1d63f5bf7bd253b2fd308101c4b478cb3ea245f2642476da1faed9e28d38e5,Xzylie/studysync-your-smarter-learning-companion,200,,
546,2026-08-30T21:43:05.950929+00:00,index.html,https://huggingface.co/spaces/Xzylie/studysync-your-smarter-learning-companion/resolve/4cf983906547c6c251f95b856b0db3c75cb24e66/index.html,4cf983906547c6c251f95b856b0db3c75cb24e66,fef10b4e06879d75c496c1ce3e89410bff1b77bf51220f21570255d1f214580e,Xzylie/studysync-your-smarter-learning-companion,200,,
244,2026-08-30T21:43:15.299397+00:00,README.md,https://huggingface.co/spaces/YKDep/StudyAssistant/resolve/6b31ff5bd94ffe9da5082b7aedef696a57e92a2e/README.md,6b31ff5bd94ffe9da5082b7aedef696a57e92a2e,4d16b5185761edc8cf5cb6a37796b61e7ec653ed1cc3ff2e9c0cb8b0ee3e4278,YKDep/StudyAssistant,200,,
1338,2026-09-02T19:09:18.496505+00:00,app.py,https://huggingface.co/spaces/YKDep/StudyAssistant/resolve/6b31ff5bd94ffe9da5082b7aedef696a57e92a2e/app.py,6b31ff5bd94ffe9da5082b7aedef696a57e92a2e,e9e04e2985ac311d87a5a7f901a5e505dbf145bd48db7707f7e877d5c36836d2,YKDep/StudyAssistant,200,lossless-v2,utf-8
20,2026-09-02T19:09:18.439316+00:00,requirements.txt,https://huggingface.co/spaces/YKDep/StudyAssistant/resolve/6b31ff5bd94ffe9da5082b7aedef696a57e92a2e/requirements.txt,6b31ff5bd94ffe9da5082b7aedef696a57e92a2e,95b4ef97b952c34747ec62bd11226237b56adcd53182fcd706b2f2be09c37c53,YKDep/StudyAssistant,200,lossless-v2,utf-8
516,2026-08-30T21:43:08.573889+00:00,README.md,https://huggingface.co/spaces/Yasir-Bhatti/Education_tutor_chatbot/resolve/77ced7168cc8cc96ba42053958a60542c6f64d9a/README.md,77ced7168cc8cc96ba42053958a60542c6f64d9a,9ae850faa2f25496066b9296c040956ee935cc6d627b7b321d745323b43a8129,Yasir-Bhatti/Education_tutor_chatbot,200,,
4343,2026-08-30T21:43:09.354562+00:00,app.py,https://huggingface.co/spaces/Yasir-Bhatti/Education_tutor_chatbot/resolve/77ced7168cc8cc96ba42053958a60542c6f64d9a/app.py,77ced7168cc8cc96ba42053958a60542c6f64d9a,6a9da2c5884a2b98209bef93e6a90e8bdd26ad9f44c2174e29edd0ac1d2e7033,Yasir-Bhatti/Education_tutor_chatbot,200,,
18,2026-08-30T21:43:09.367054+00:00,requirements .txt,https://huggingface.co/spaces/Yasir-Bhatti/Education_tutor_chatbot/resolve/77ced7168cc8cc96ba42053958a60542c6f64d9a/requirements%20.txt,77ced7168cc8cc96ba42053958a60542c6f64d9a,6e751d8f35d9002f3e8b2dc317faba4e82a7e6c1070c8d9924b98b1883bb7d40,Yasir-Bhatti/Education_tutor_chatbot,200,,
317,2026-08-30T21:43:09.890401+00:00,README.md,https://huggingface.co/spaces/YasirAnsari/AI_tutor/resolve/31a944fb71541299b8a6061d6d51db4f0e57a63d/README.md,31a944fb71541299b8a6061d6d51db4f0e57a63d,431202c0df806ad7169c8be583655b4345e9cdf259880f3dd63c74dc78ded0f0,YasirAnsari/AI_tutor,200,,
2629,2026-08-30T21:43:10.397655+00:00,app.py,https://huggingface.co/spaces/YasirAnsari/AI_tutor/resolve/31a944fb71541299b8a6061d6d51db4f0e57a63d/app.py,31a944fb71541299b8a6061d6d51db4f0e57a63d,208c0838010fd96abc635c47381c40ae8ffc1bcdcd8ae1ee0e00481d3c5ba7a9,YasirAnsari/AI_tutor,200,,
30,2026-08-30T21:43:10.437292+00:00,requirements.txt,https://huggingface.co/spaces/YasirAnsari/AI_tutor/resolve/31a944fb71541299b8a6061d6d51db4f0e57a63d/requirements.txt,31a944fb71541299b8a6061d6d51db4f0e57a63d,0a9e28ce6a894c0582255c494e729136ff1f77d2c9f1af96cbf5a0051a9d27a8,YasirAnsari/AI_tutor,200,,
255,2026-08-30T21:43:10.963457+00:00,README.md,https://huggingface.co/spaces/Yasirkhalil12/ai-quiz-generator/resolve/dc286f1219c2fd65b220358701e848939dce165c/README.md,dc286f1219c2fd65b220358701e848939dce165c,bdf6b2d72fd5fa9d7b64b6d623a76da56c64df4c7808bb9182060686037ea320,Yasirkhalil12/ai-quiz-generator,200,,
3741,2026-08-30T21:43:11.473861+00:00,app.py,https://huggingface.co/spaces/Yasirkhalil12/ai-quiz-generator/resolve/dc286f1219c2fd65b220358701e848939dce165c/app.py,dc286f1219c2fd65b220358701e848939dce165c,9d9fec1065f4ecf9f26df9016ce6e063a001f7242536b400002c66497e25c10e,Yasirkhalil12/ai-quiz-generator,200,,
52,2026-08-30T21:43:11.473520+00:00,requirements.txt,https://huggingface.co/spaces/Yasirkhalil12/ai-quiz-generator/resolve/dc286f1219c2fd65b220358701e848939dce165c/requirements.txt,dc286f1219c2fd65b220358701e848939dce165c,6f41135c3dff579f8464f07e3667116bce8de5697b8f40b4e9aba2087ad717d3,Yasirkhalil12/ai-quiz-generator,200,,
248,2026-08-30T21:43:13.138515+00:00,README.md,https://huggingface.co/spaces/Yenuli-Bimanya-404/ai-study-assistant-multilang/resolve/81384eda4e32451156d6a6495e33d228626c0320/README.md,81384eda4e32451156d6a6495e33d228626c0320,ed7db6790c26265bc6a1e515be6867f25fda7749b1e97c11797cb78a0a4153e2,Yenuli-Bimanya-404/ai-study-assistant-multilang,200,,
3870,2026-08-30T21:43:13.650498+00:00,app.py,https://huggingface.co/spaces/Yenuli-Bimanya-404/ai-study-assistant-multilang/resolve/81384eda4e32451156d6a6495e33d228626c0320/app.py,81384eda4e32451156d6a6495e33d228626c0320,1ab766a25f484dfe43eec645729d59dfeb9ea2ad7f7cd722b9dc6f4d1aeb2963,Yenuli-Bimanya-404/ai-study-assistant-multilang,200,,
47,2026-08-30T21:43:13.639415+00:00,requirements.txt,https://huggingface.co/spaces/Yenuli-Bimanya-404/ai-study-assistant-multilang/resolve/81384eda4e32451156d6a6495e33d228626c0320/requirements.txt,81384eda4e32451156d6a6495e33d228626c0320,af4856c7ac5e34aa2c36bd5cccdf27cb057fde48dc6b0382895a7e9e2926ab3c,Yenuli-Bimanya-404/ai-study-assistant-multilang,200,,
269,2026-08-30T21:43:17.892630+00:00,README.md,https://huggingface.co/spaces/Younis123/Education_Assistant_chatbot/resolve/0c0ae62401521e76834cf0f48983cc328bf058f4/README.md,0c0ae62401521e76834cf0f48983cc328bf058f4,b942c54c13d80e2765ca05625af700c399c369d4f4752be31ae38d6bd20123c9,Younis123/Education_Assistant_chatbot,200,,
1578,2026-08-30T21:43:18.383751+00:00,app.py,https://huggingface.co/spaces/Younis123/Education_Assistant_chatbot/resolve/0c0ae62401521e76834cf0f48983cc328bf058f4/app.py,0c0ae62401521e76834cf0f48983cc328bf058f4,aa14328704abbc8f7d2ce7afbeb11a424fb0bf5bc6328a6799cb7763605a7041,Younis123/Education_Assistant_chatbot,200,,
29,2026-08-30T21:43:18.451791+00:00,requirements.txt,https://huggingface.co/spaces/Younis123/Education_Assistant_chatbot/resolve/0c0ae62401521e76834cf0f48983cc328bf058f4/requirements.txt,0c0ae62401521e76834cf0f48983cc328bf058f4,74ef8cefcd36274135b24bf3505a4031988d22f278466495e5fa94d418c86458,Younis123/Education_Assistant_chatbot,200,,
262,2026-08-30T21:43:21.060822+00:00,README.md,https://huggingface.co/spaces/Yuvasriiii/personalized_study_assistant/resolve/7e9d10e167ea0d3a5699da59b5b7398f7a114671/README.md,7e9d10e167ea0d3a5699da59b5b7398f7a114671,792f4bb36994a2c31fbc6f075e87b8d910bc954b2fe293882d376247681cd6a1,Yuvasriiii/personalized_study_assistant,200,,
2055,2026-08-30T21:43:21.577114+00:00,app.py,https://huggingface.co/spaces/Yuvasriiii/personalized_study_assistant/resolve/7e9d10e167ea0d3a5699da59b5b7398f7a114671/app.py,7e9d10e167ea0d3a5699da59b5b7398f7a114671,8d4103c47d0a46ac7ca97896aaa6570c4b475f7659122dc03abc81097bda49c8,Yuvasriiii/personalized_study_assistant,200,,
54,2026-08-30T21:43:21.571580+00:00,requirements.txt,https://huggingface.co/spaces/Yuvasriiii/personalized_study_assistant/resolve/7e9d10e167ea0d3a5699da59b5b7398f7a114671/requirements.txt,7e9d10e167ea0d3a5699da59b5b7398f7a114671,05c8374528bdbbe6bd79e66c579b687924ab655c7bab69167014be5241557eef,Yuvasriiii/personalized_study_assistant,200,,
277,2026-08-30T21:43:26.339417+00:00,README.md,https://huggingface.co/spaces/Zukhanyezux/hr-mentor-bot-pro-your-ai-learning-companion/resolve/ca25b54bfc3bdd93c23dafed49892e94aab4a0c9/README.md,ca25b54bfc3bdd93c23dafed49892e94aab4a0c9,c5b7dbc4664e6db929b2e9ce9947dd2e73d422e9be168e5b090435ef050346d4,Zukhanyezux/hr-mentor-bot-pro-your-ai-learning-companion,200,,
1949,2026-08-30T21:43:26.847376+00:00,components/footer.js,https://huggingface.co/spaces/Zukhanyezux/hr-mentor-bot-pro-your-ai-learning-companion/resolve/ca25b54bfc3bdd93c23dafed49892e94aab4a0c9/components/footer.js,ca25b54bfc3bdd93c23dafed49892e94aab4a0c9,d22281e9bc708cd96dd961c9ea07f609c6838a92f6cb64ea54ebbb6301ccbdab,Zukhanyezux/hr-mentor-bot-pro-your-ai-learning-companion,200,,
3700,2026-08-30T21:43:26.850903+00:00,components/header.js,https://huggingface.co/spaces/Zukhanyezux/hr-mentor-bot-pro-your-ai-learning-companion/resolve/ca25b54bfc3bdd93c23dafed49892e94aab4a0c9/components/header.js,ca25b54bfc3bdd93c23dafed49892e94aab4a0c9,9499f2971916c3f500687e53740b6ba834af16ebafb0c89044aaa474bb2a9960,Zukhanyezux/hr-mentor-bot-pro-your-ai-learning-companion,200,,
10774,2026-08-30T21:43:26.852557+00:00,index.html,https://huggingface.co/spaces/Zukhanyezux/hr-mentor-bot-pro-your-ai-learning-companion/resolve/ca25b54bfc3bdd93c23dafed49892e94aab4a0c9/index.html,ca25b54bfc3bdd93c23dafed49892e94aab4a0c9,c4a66fc0a105e3551be0ef4c307c2ac572b3b143eae98f6a9c709ffdddaede97,Zukhanyezux/hr-mentor-bot-pro-your-ai-learning-companion,200,,
6763,2026-08-30T21:43:26.857410+00:00,learning.html,https://huggingface.co/spaces/Zukhanyezux/hr-mentor-bot-pro-your-ai-learning-companion/resolve/ca25b54bfc3bdd93c23dafed49892e94aab4a0c9/learning.html,ca25b54bfc3bdd93c23dafed49892e94aab4a0c9,13423b3213c305d08b186d1f70b66b2805532830b496b950240ae746c87c6644,Zukhanyezux/hr-mentor-bot-pro-your-ai-learning-companion,200,,
3926,2026-08-30T21:43:26.990853+00:00,quiz.html,https://huggingface.co/spaces/Zukhanyezux/hr-mentor-bot-pro-your-ai-learning-companion/resolve/ca25b54bfc3bdd93c23dafed49892e94aab4a0c9/quiz.html,ca25b54bfc3bdd93c23dafed49892e94aab4a0c9,b32a0ffd26ddda869907d806121e5e89554fff3a57c1f889c1c0d65e7de588f1,Zukhanyezux/hr-mentor-bot-pro-your-ai-learning-companion,200,,
6274,2026-08-30T21:43:26.880136+00:00,script.js,https://huggingface.co/spaces/Zukhanyezux/hr-mentor-bot-pro-your-ai-learning-companion/resolve/ca25b54bfc3bdd93c23dafed49892e94aab4a0c9/script.js,ca25b54bfc3bdd93c23dafed49892e94aab4a0c9,43152db1dde6a4ef6c9dab9812b932dcc43fcbc34756a487d707b8bfe536d3d7,Zukhanyezux/hr-mentor-bot-pro-your-ai-learning-companion,200,,
299,2026-08-30T21:30:32.378522+00:00,README.md,https://huggingface.co/spaces/aakashdevdat/Quiz_generator_1/resolve/fe7d758e27b6357027a2190fdf0f611961b6fdfe/README.md,fe7d758e27b6357027a2190fdf0f611961b6fdfe,f6bc6dfc8c78aeb06fe0974e2ad8ef3dc65ad0be97267f67ab9abe358c0dcc37,aakashdevdat/Quiz_generator_1,200,,
1019,2026-08-30T21:30:32.868580+00:00,app.py,https://huggingface.co/spaces/aakashdevdat/Quiz_generator_1/resolve/fe7d758e27b6357027a2190fdf0f611961b6fdfe/app.py,fe7d758e27b6357027a2190fdf0f611961b6fdfe,d5c2fd04671db20f75fdc9b4eb6fefee77ffd801b5e7cc00c42416ef8b7ce9d8,aakashdevdat/Quiz_generator_1,200,,
43,2026-08-30T21:30:32.871857+00:00,requirements.txt,https://huggingface.co/spaces/aakashdevdat/Quiz_generator_1/resolve/fe7d758e27b6357027a2190fdf0f611961b6fdfe/requirements.txt,fe7d758e27b6357027a2190fdf0f611961b6fdfe,1de67736e5444791fb2728e498f2857b4c6674f499f7023b915b855196407fbe,aakashdevdat/Quiz_generator_1,200,,
90,2026-08-30T21:30:33.476013+00:00,README.md,https://huggingface.co/spaces/aankitroy/AI_Course_Generator/resolve/833a585ef948839bddd8bcc4a9d360aa2406b41f/README.md,833a585ef948839bddd8bcc4a9d360aa2406b41f,b604e83aa8967bbd40d8511fc269b7a9afb5f38f111cfa72dc73cb1b3337d809,aankitroy/AI_Course_Generator,200,,
2692,2026-08-30T21:30:33.995411+00:00,gradio_ui.py,https://huggingface.co/spaces/aankitroy/AI_Course_Generator/resolve/833a585ef948839bddd8bcc4a9d360aa2406b41f/gradio_ui.py,833a585ef948839bddd8bcc4a9d360aa2406b41f,c297028eda4992dd61dbaa7aa075892bb9ac0bb3f2d430f3f0755789f0f4b5bc,aankitroy/AI_Course_Generator,200,,
313,2026-08-30T21:30:36.060888+00:00,README.md,https://huggingface.co/spaces/aazankhanYousafzai/Ai_Study_Assistant/resolve/119b244adc65a99669d4593fdadd269a32094c9f/README.md,119b244adc65a99669d4593fdadd269a32094c9f,69f4dfca93101e8b101d7f1302185ceae596ff8acc1c02475433c0af86f55d79,aazankhanYousafzai/Ai_Study_Assistant,200,,
3078,2026-08-30T21:30:36.598346+00:00,app.py,https://huggingface.co/spaces/aazankhanYousafzai/Ai_Study_Assistant/resolve/119b244adc65a99669d4593fdadd269a32094c9f/app.py,119b244adc65a99669d4593fdadd269a32094c9f,f08ff044832a3110092b8f2775f06548506cecad4087b5992e14b78c7341eff5,aazankhanYousafzai/Ai_Study_Assistant,200,,
17,2026-08-30T21:30:36.569280+00:00,requirements.txt,https://huggingface.co/spaces/aazankhanYousafzai/Ai_Study_Assistant/resolve/119b244adc65a99669d4593fdadd269a32094c9f/requirements.txt,119b244adc65a99669d4593fdadd269a32094c9f,67766bf3f41a17fbdeca767c39ea77343eeb4fa5d749d60d3e642c21867d8654,aazankhanYousafzai/Ai_Study_Assistant,200,,
208,2026-08-30T21:30:37.128787+00:00,README.md,https://huggingface.co/spaces/abai-cn/linux-teaching-assistant/resolve/2c5cdc927db7e90dac5bd2bca90f646630729b15/README.md,2c5cdc927db7e90dac5bd2bca90f646630729b15,4c32221d9eb4bfc20388ca5bbda7606b7322583721af1d523aff62bc5533106d,abai-cn/linux-teaching-assistant,200,,
11915,2026-08-30T21:30:37.639999+00:00,app.py,https://huggingface.co/spaces/abai-cn/linux-teaching-assistant/resolve/2c5cdc927db7e90dac5bd2bca90f646630729b15/app.py,2c5cdc927db7e90dac5bd2bca90f646630729b15,91d5719983a89aaf22740a58e04ea89e2c12d2310163739b34b70fe970ac1dc3,abai-cn/linux-teaching-assistant,200,,
488,2026-08-30T21:30:37.638470+00:00,modules/__init__.py,https://huggingface.co/spaces/abai-cn/linux-teaching-assistant/resolve/2c5cdc927db7e90dac5bd2bca90f646630729b15/modules/__init__.py,2c5cdc927db7e90dac5bd2bca90f646630729b15,9b643f81718f6a0f1d77bb38848329f4aec2d7bc198e2e7ba37a691d6c3d0d2e,abai-cn/linux-teaching-assistant,200,,
1749,2026-08-30T21:30:37.649078+00:00,modules/analyzer.py,https://huggingface.co/spaces/abai-cn/linux-teaching-assistant/resolve/2c5cdc927db7e90dac5bd2bca90f646630729b15/modules/analyzer.py,2c5cdc927db7e90dac5bd2bca90f646630729b15,8d4d6c89af6d3ffee574bcb16ce14182d094d83c780de8f965d0f7038abbc2ca,abai-cn/linux-teaching-assistant,200,,
2293,2026-08-30T21:30:37.643493+00:00,modules/grader.py,https://huggingface.co/spaces/abai-cn/linux-teaching-assistant/resolve/2c5cdc927db7e90dac5bd2bca90f646630729b15/modules/grader.py,2c5cdc927db7e90dac5bd2bca90f646630729b15,f87315d898659a5e3b4f4a2fc4653f52cc486f59e3655bd4d4722da0a17e0b2f,abai-cn/linux-teaching-assistant,200,,
2418,2026-08-30T21:30:37.650305+00:00,modules/lesson_mgr.py,https://huggingface.co/spaces/abai-cn/linux-teaching-assistant/resolve/2c5cdc927db7e90dac5bd2bca90f646630729b15/modules/lesson_mgr.py,2c5cdc927db7e90dac5bd2bca90f646630729b15,dce2f4c51d7a626027e430a27a3565e09ebd895dd39bce4ddf52b604e6c5faf0,abai-cn/linux-teaching-assistant,200,,
1785,2026-08-30T21:30:37.641456+00:00,modules/llm.py,https://huggingface.co/spaces/abai-cn/linux-teaching-assistant/resolve/2c5cdc927db7e90dac5bd2bca90f646630729b15/modules/llm.py,2c5cdc927db7e90dac5bd2bca90f646630729b15,01c97e03494f5c7f0e1c57c287c9b4fbcbc4f79315ae73cdecfba45ad34ab99f,abai-cn/linux-teaching-assistant,200,,
1927,2026-08-30T21:30:37.646088+00:00,modules/memory.py,https://huggingface.co/spaces/abai-cn/linux-teaching-assistant/resolve/2c5cdc927db7e90dac5bd2bca90f646630729b15/modules/memory.py,2c5cdc927db7e90dac5bd2bca90f646630729b15,e8efa0f1759add74589a83a43f85121f8945353c0fe402308ab2e3690b93b3ba,abai-cn/linux-teaching-assistant,200,,
1693,2026-08-30T21:30:37.659944+00:00,modules/question_gen.py,https://huggingface.co/spaces/abai-cn/linux-teaching-assistant/resolve/2c5cdc927db7e90dac5bd2bca90f646630729b15/modules/question_gen.py,2c5cdc927db7e90dac5bd2bca90f646630729b15,8bfccbf2b42b0d622b2d8a4fd64eba0b888eef67e89528e1254c3ac3e2241e7e,abai-cn/linux-teaching-assistant,200,,
28,2026-08-30T21:30:38.170109+00:00,requirements.txt,https://huggingface.co/spaces/abai-cn/linux-teaching-assistant/resolve/2c5cdc927db7e90dac5bd2bca90f646630729b15/requirements.txt,2c5cdc927db7e90dac5bd2bca90f646630729b15,577fa884cb7145e22fb3048a97f73fd280d13b7d0cb72232fbd4b6ea579cc838,abai-cn/linux-teaching-assistant,200,,
122,2026-08-30T21:30:43.181738+00:00,README.md,https://huggingface.co/spaces/abdullahkhankakar/quiz-generator/resolve/0705f93969b0a9d834ff682822fb0f7e60186214/README.md,0705f93969b0a9d834ff682822fb0f7e60186214,978e0c598f2cdf52560fa2fdc6453db42813143503abb337b60eaa142bd58f32,abdullahkhankakar/quiz-generator,200,,
2899,2026-08-30T21:30:43.668417+00:00,app.py,https://huggingface.co/spaces/abdullahkhankakar/quiz-generator/resolve/0705f93969b0a9d834ff682822fb0f7e60186214/app.py,0705f93969b0a9d834ff682822fb0f7e60186214,aa76831e093ccd109d8841bc5b265915d6cd18da0b04ccb394addb742efa00e1,abdullahkhankakar/quiz-generator,200,,
1383,2026-08-30T21:30:43.693960+00:00,model.py,https://huggingface.co/spaces/abdullahkhankakar/quiz-generator/resolve/0705f93969b0a9d834ff682822fb0f7e60186214/model.py,0705f93969b0a9d834ff682822fb0f7e60186214,31f5aeff34ced1ee0eeef4fe1eb4328f3a7035e48903ad14517cebf751953317,abdullahkhankakar/quiz-generator,200,,
1348,2026-08-30T21:30:43.669337+00:00,prompt.py,https://huggingface.co/spaces/abdullahkhankakar/quiz-generator/resolve/0705f93969b0a9d834ff682822fb0f7e60186214/prompt.py,0705f93969b0a9d834ff682822fb0f7e60186214,f48a7d3de3840b88ec07825d35807ff644aaca7a37cbb37c2a084a5c07701296,abdullahkhankakar/quiz-generator,200,,
104,2026-08-30T21:30:43.771875+00:00,requirements.txt,https://huggingface.co/spaces/abdullahkhankakar/quiz-generator/resolve/0705f93969b0a9d834ff682822fb0f7e60186214/requirements.txt,0705f93969b0a9d834ff682822fb0f7e60186214,55f987408b49331022494676bc6429123a3002fe4f50417b33d9792ee6d8555b,abdullahkhankakar/quiz-generator,200,,
458,2026-08-30T21:30:43.763923+00:00,schemas.py,https://huggingface.co/spaces/abdullahkhankakar/quiz-generator/resolve/0705f93969b0a9d834ff682822fb0f7e60186214/schemas.py,0705f93969b0a9d834ff682822fb0f7e60186214,3423e1a1f6e418451bb071669d3962a9d1238cda485e1b1fd79ca3db95178583,abdullahkhankakar/quiz-generator,200,,
1289,2026-08-30T21:30:43.738730+00:00,utils.py,https://huggingface.co/spaces/abdullahkhankakar/quiz-generator/resolve/0705f93969b0a9d834ff682822fb0f7e60186214/utils.py,0705f93969b0a9d834ff682822fb0f7e60186214,7091c05949e40fd2fdb719ef4d847927c3f3b7a1e3e3990c86afdc73fd7cf7ca,abdullahkhankakar/quiz-generator,200,,
242,2026-08-30T21:30:44.314711+00:00,README.md,https://huggingface.co/spaces/abhey-patel/quiz-generator-space/resolve/d65b1f43dfc148f3f611dec00fc44d39973bcd1d/README.md,d65b1f43dfc148f3f611dec00fc44d39973bcd1d,af0db671978ec34b14755167999676549ef0580c422d250227df868ce9c8b6d0,abhey-patel/quiz-generator-space,200,,
2041,2026-08-30T21:30:44.816424+00:00,app.py,https://huggingface.co/spaces/abhey-patel/quiz-generator-space/resolve/d65b1f43dfc148f3f611dec00fc44d39973bcd1d/app.py,d65b1f43dfc148f3f611dec00fc44d39973bcd1d,1deb6e8d2f3ff99dce2eb9b0414abf852cb597892204cd5af47538463988d573,abhey-patel/quiz-generator-space,200,,
8,2026-08-30T21:30:44.871752+00:00,requirements.txt,https://huggingface.co/spaces/abhey-patel/quiz-generator-space/resolve/d65b1f43dfc148f3f611dec00fc44d39973bcd1d/requirements.txt,d65b1f43dfc148f3f611dec00fc44d39973bcd1d,ec72420df5dfbdce4111f715c96338df3b7cb75f58e478d2449c9720e560de8c,abhey-patel/quiz-generator-space,200,,
275,2026-08-30T21:30:45.398524+00:00,README.md,https://huggingface.co/spaces/abhigyan4m4/homeworkassistant/resolve/f5f5617d2d526b6b74a6a644df4cfe76ddfc1fdb/README.md,f5f5617d2d526b6b74a6a644df4cfe76ddfc1fdb,3d40d80b1504517e960f0e94df2867ba613ad30a14e386bdafa49823e15bbe3b,abhigyan4m4/homeworkassistant,200,,
255,2026-08-30T21:30:48.536496+00:00,README.md,https://huggingface.co/spaces/abisheakm/brainybytes-ai-learning-companion/resolve/50e8f49120eb53e2b90a33a5c3d1de4e4ada06e4/README.md,50e8f49120eb53e2b90a33a5c3d1de4e4ada06e4,124022ca71390846b9b46c24838100d8dba4abee4627304c9913d52953e51157,abisheakm/brainybytes-ai-learning-companion,200,,
10760,2026-08-30T21:30:49.089652+00:00,index.html,https://huggingface.co/spaces/abisheakm/brainybytes-ai-learning-companion/resolve/50e8f49120eb53e2b90a33a5c3d1de4e4ada06e4/index.html,50e8f49120eb53e2b90a33a5c3d1de4e4ada06e4,848ba8ae97de4ff66232fe68b10669e62aaa882fb8b70e67f32fa830be1f89ea,abisheakm/brainybytes-ai-learning-companion,200,,
1394,2026-08-30T21:30:50.851787+00:00,README.md,https://huggingface.co/spaces/abubakaraabi786/programming-tutor-chatbot/resolve/c97f95eae58216802f075e2c8648f421e9222e91/README.md,c97f95eae58216802f075e2c8648f421e9222e91,31ed1073f3d0c7d52dfa50adf637b685ca7e57b3021cf5236b55f65b9d6cc7db,abubakaraabi786/programming-tutor-chatbot,200,,
7093,2026-08-30T21:30:51.351248+00:00,app.py,https://huggingface.co/spaces/abubakaraabi786/programming-tutor-chatbot/resolve/c97f95eae58216802f075e2c8648f421e9222e91/app.py,c97f95eae58216802f075e2c8648f421e9222e91,8c207ae30a1f0df68e517e9fadd51996833890700e13b5efd8e6c1882326ea3a,abubakaraabi786/programming-tutor-chatbot,200,,
52,2026-08-30T21:30:51.362559+00:00,requirements.txt,https://huggingface.co/spaces/abubakaraabi786/programming-tutor-chatbot/resolve/c97f95eae58216802f075e2c8648f421e9222e91/requirements.txt,c97f95eae58216802f075e2c8648f421e9222e91,e7e0e5aee0dc17e893844dbbd64a89e4e83557b6d71bdfcdfc234e5fafa5777d,abubakaraabi786/programming-tutor-chatbot,200,,
271,2026-08-30T21:30:52.917053+00:00,README.md,https://huggingface.co/spaces/adil1598/edubot-ai-latex-learning-companion/resolve/2054f3e818ac9d472e7f27e423a67c995d9df28f/README.md,2054f3e818ac9d472e7f27e423a67c995d9df28f,a69db7265d792631572e96947718eb82175715f45bd0cda9bba3a5c790442c0b,adil1598/edubot-ai-latex-learning-companion,200,,
4896,2026-08-30T21:30:53.409188+00:00,api-docs.html,https://huggingface.co/spaces/adil1598/edubot-ai-latex-learning-companion/resolve/2054f3e818ac9d472e7f27e423a67c995d9df28f/api-docs.html,2054f3e818ac9d472e7f27e423a67c995d9df28f,fed1396b87ed7ccd8c9ec1e589a9ac781ab55ffd4ec6d437e5bc889ac4ef2f50,adil1598/edubot-ai-latex-learning-companion,200,,
2402,2026-08-30T21:30:53.444666+00:00,components/footer.js,https://huggingface.co/spaces/adil1598/edubot-ai-latex-learning-companion/resolve/2054f3e818ac9d472e7f27e423a67c995d9df28f/components/footer.js,2054f3e818ac9d472e7f27e423a67c995d9df28f,3dc7df04c939153be9cd4053a47a40286c8cd61d4293b09392bff72efe1996a5,adil1598/edubot-ai-latex-learning-companion,200,,
2115,2026-08-30T21:30:53.488713+00:00,components/navbar.js,https://huggingface.co/spaces/adil1598/edubot-ai-latex-learning-companion/resolve/2054f3e818ac9d472e7f27e423a67c995d9df28f/components/navbar.js,2054f3e818ac9d472e7f27e423a67c995d9df28f,2ed51e5535121c2c548b28c0a58937e4a7d4d9144ef3ca5cb60e158a37741115,adil1598/edubot-ai-latex-learning-companion,200,,
9381,2026-08-30T21:30:53.467622+00:00,index.html,https://huggingface.co/spaces/adil1598/edubot-ai-latex-learning-companion/resolve/2054f3e818ac9d472e7f27e423a67c995d9df28f/index.html,2054f3e818ac9d472e7f27e423a67c995d9df28f,afa6b6f6bc7684a30752371ce9484b0130e17e104c23b30358ab8bf702783e9e,adil1598/edubot-ai-latex-learning-companion,200,,
1323,2026-08-30T21:30:53.455088+00:00,script.js,https://huggingface.co/spaces/adil1598/edubot-ai-latex-learning-companion/resolve/2054f3e818ac9d472e7f27e423a67c995d9df28f/script.js,2054f3e818ac9d472e7f27e423a67c995d9df28f,4b0c6033e1147daf53339b5811f1721ec15afae6da8ca9cec827d973cadcb9a0,adil1598/edubot-ai-latex-learning-companion,200,,
236,2026-08-30T21:30:56.322143+00:00,README.md,https://huggingface.co/spaces/adriiita/TeachingAssistant/resolve/c17054af4484fa766835c7f4285b80e9f01ea3ac/README.md,c17054af4484fa766835c7f4285b80e9f01ea3ac,cd5a5a0551c9651f1527dec82a764a113a2ed17fcf8de553d2a6bcb9dfa0c02f,adriiita/TeachingAssistant,200,,
4301,2026-09-02T19:08:26.346311+00:00,app.py,https://huggingface.co/spaces/adriiita/TeachingAssistant/resolve/c17054af4484fa766835c7f4285b80e9f01ea3ac/app.py,c17054af4484fa766835c7f4285b80e9f01ea3ac,9aeb58a47827e03de72db19f27649e758a162a8b2c44ddfcd05d01943fa1f680,adriiita/TeachingAssistant,200,lossless-v2,utf-8
916,2026-09-02T19:08:26.133387+00:00,core/note_generator.py,https://huggingface.co/spaces/adriiita/TeachingAssistant/resolve/c17054af4484fa766835c7f4285b80e9f01ea3ac/core/note_generator.py,c17054af4484fa766835c7f4285b80e9f01ea3ac,4bed731a62539b1dbd50632d9bb8ce0e6c68e9378f605eda8e18b3b7f4bbe4b9,adriiita/TeachingAssistant,200,lossless-v2,utf-8
1039,2026-09-02T19:08:26.213291+00:00,core/quiz_generator.py,https://huggingface.co/spaces/adriiita/TeachingAssistant/resolve/c17054af4484fa766835c7f4285b80e9f01ea3ac/core/quiz_generator.py,c17054af4484fa766835c7f4285b80e9f01ea3ac,d2ec0afa41b2f1c251c4e8176e9cfc7584db74e649d5e85289ae9ec876345c6c,adriiita/TeachingAssistant,200,lossless-v2,utf-8
3646,2026-09-02T19:08:26.390318+00:00,processors/input_processor.py,https://huggingface.co/spaces/adriiita/TeachingAssistant/resolve/c17054af4484fa766835c7f4285b80e9f01ea3ac/processors/input_processor.py,c17054af4484fa766835c7f4285b80e9f01ea3ac,6b6ec9d983922da1bc83de002152e688341f1099a36438bb27c7890fffc781a0,adriiita/TeachingAssistant,200,lossless-v2,utf-8
516,2026-09-02T19:08:26.337487+00:00,requirements.txt,https://huggingface.co/spaces/adriiita/TeachingAssistant/resolve/c17054af4484fa766835c7f4285b80e9f01ea3ac/requirements.txt,c17054af4484fa766835c7f4285b80e9f01ea3ac,db9db8a9005e77fcb9b2c1d0f859f9e26ad0842db93e1434916c42acf8d0315c,adriiita/TeachingAssistant,200,lossless-v2,utf-8
273,2026-08-30T21:31:05.063233+00:00,README.md,https://huggingface.co/spaces/ajmalllllllll/loksewaai-pal-your-study-buddy-assistant/resolve/9f71148e71d285cf616822c227b436c6d9983623/README.md,9f71148e71d285cf616822c227b436c6d9983623,1ff67756c2f0aec7b4337f65fb71630e668f3cbacf2e885411a348a6ff80ceef,ajmalllllllll/loksewaai-pal-your-study-buddy-assistant,200,,
1977,2026-08-30T21:31:05.575027+00:00,components/notes-view.js,https://huggingface.co/spaces/ajmalllllllll/loksewaai-pal-your-study-buddy-assistant/resolve/9f71148e71d285cf616822c227b436c6d9983623/components/notes-view.js,9f71148e71d285cf616822c227b436c6d9983623,c9d0070c0e7b7ce6acbbc305378aaa57ff055b062c91452b1353e1b31951a45e,ajmalllllllll/loksewaai-pal-your-study-buddy-assistant,200,,
3636,2026-08-30T21:31:05.578956+00:00,components/past-questions.js,https://huggingface.co/spaces/ajmalllllllll/loksewaai-pal-your-study-buddy-assistant/resolve/9f71148e71d285cf616822c227b436c6d9983623/components/past-questions.js,9f71148e71d285cf616822c227b436c6d9983623,cc1bf2d3eb400ac6f1deb45863f2e05afd4361a56f18b5ac35cf57d84e629375,ajmalllllllll/loksewaai-pal-your-study-buddy-assistant,200,,
12908,2026-08-30T21:31:05.564911+00:00,index.html,https://huggingface.co/spaces/ajmalllllllll/loksewaai-pal-your-study-buddy-assistant/resolve/9f71148e71d285cf616822c227b436c6d9983623/index.html,9f71148e71d285cf616822c227b436c6d9983623,65ccd6339c90d0d0949910773fa604e5ace44d0c28976ebb302ef86f6dfdaa4e,ajmalllllllll/loksewaai-pal-your-study-buddy-assistant,200,,
7673,2026-08-30T21:31:05.568914+00:00,main.js,https://huggingface.co/spaces/ajmalllllllll/loksewaai-pal-your-study-buddy-assistant/resolve/9f71148e71d285cf616822c227b436c6d9983623/main.js,9f71148e71d285cf616822c227b436c6d9983623,2b32b4a765d57d4b782b88f63b65f85c9f905f03302e1a7117f21770302cf446,ajmalllllllll/loksewaai-pal-your-study-buddy-assistant,200,,
671,2026-08-30T21:31:05.600856+00:00,package.json,https://huggingface.co/spaces/ajmalllllllll/loksewaai-pal-your-study-buddy-assistant/resolve/9f71148e71d285cf616822c227b436c6d9983623/package.json,9f71148e71d285cf616822c227b436c6d9983623,6a5266d4f4879d7a374593a47469b54e7a494843bd175885c0162cebb17d6553,ajmalllllllll/loksewaai-pal-your-study-buddy-assistant,200,,
1173,2026-08-30T21:31:05.610306+00:00,renderer.js,https://huggingface.co/spaces/ajmalllllllll/loksewaai-pal-your-study-buddy-assistant/resolve/9f71148e71d285cf616822c227b436c6d9983623/renderer.js,9f71148e71d285cf616822c227b436c6d9983623,abe57476c4128585004637a01ab152707c9ec7b4186cdeecc391fbb64fdab066,ajmalllllllll/loksewaai-pal-your-study-buddy-assistant,200,,
249,2026-08-30T21:31:07.170336+00:00,README.md,https://huggingface.co/spaces/akhileshjethi/Study-assistant-ai/resolve/2b5616b9a7d4c4f58d35423c8ea13410b27e3c45/README.md,2b5616b9a7d4c4f58d35423c8ea13410b27e3c45,c01fc1280f7c744a36e7e03d4e725101eecfddf3861f3a0e8777157b91453285,akhileshjethi/Study-assistant-ai,200,,
1364,2026-08-30T21:31:07.686461+00:00,app.py,https://huggingface.co/spaces/akhileshjethi/Study-assistant-ai/resolve/2b5616b9a7d4c4f58d35423c8ea13410b27e3c45/app.py,2b5616b9a7d4c4f58d35423c8ea13410b27e3c45,0132434af8c3e28c1a264f31a527012bb6702d5f6dc0f53ee3e8d33fd94316fc,akhileshjethi/Study-assistant-ai,200,,
34,2026-08-30T21:31:07.685049+00:00,requirements.txt,https://huggingface.co/spaces/akhileshjethi/Study-assistant-ai/resolve/2b5616b9a7d4c4f58d35423c8ea13410b27e3c45/requirements.txt,2b5616b9a7d4c4f58d35423c8ea13410b27e3c45,f91b000f5eb4b1e755292953811d58a045717602e92524af00bf54ade2db1b52,akhileshjethi/Study-assistant-ai,200,,
495,2026-08-30T21:31:08.269007+00:00,README.md,https://huggingface.co/spaces/akshay0149/TeachingAssistant/resolve/27a59fb47f09e2b5b365e8e71495dd92615e4a37/README.md,27a59fb47f09e2b5b365e8e71495dd92615e4a37,319561d8b9c62a754e8935631aa35808c550edf11b49e83dc4700d5d2919fc44,akshay0149/TeachingAssistant,200,,
1737,2026-09-02T19:08:27.587170+00:00,app.py,https://huggingface.co/spaces/akshay0149/TeachingAssistant/resolve/27a59fb47f09e2b5b365e8e71495dd92615e4a37/app.py,27a59fb47f09e2b5b365e8e71495dd92615e4a37,11fa27ddad7530d91886fb47047c81871137abc05ce83fe4f823f2661e125a7d,akshay0149/TeachingAssistant,200,lossless-v2,utf-8
20,2026-09-02T19:08:27.619865+00:00,requirements.txt,https://huggingface.co/spaces/akshay0149/TeachingAssistant/resolve/27a59fb47f09e2b5b365e8e71495dd92615e4a37/requirements.txt,27a59fb47f09e2b5b365e8e71495dd92615e4a37,95b4ef97b952c34747ec62bd11226237b56adcd53182fcd706b2f2be09c37c53,akshay0149/TeachingAssistant,200,lossless-v2,utf-8
391,2026-08-30T21:31:10.882779+00:00,README.md,https://huggingface.co/spaces/alusinebarrie/ai-teaching-assistant/resolve/099f56ad7a5eb79a8aeaee1b49187ac67919dc26/README.md,099f56ad7a5eb79a8aeaee1b49187ac67919dc26,72ff20f5ddbe4e86da43d840713f963811d15620276eb38a47769aa241b92f46,alusinebarrie/ai-teaching-assistant,200,,
1709,2026-08-30T21:31:11.458559+00:00,app.py,https://huggingface.co/spaces/alusinebarrie/ai-teaching-assistant/resolve/099f56ad7a5eb79a8aeaee1b49187ac67919dc26/app.py,099f56ad7a5eb79a8aeaee1b49187ac67919dc26,e9acabf89476595d0b79f769582064bdd87c5bad1e77ecb5554d31f8eccf1ede,alusinebarrie/ai-teaching-assistant,200,,
23,2026-08-30T21:31:11.482538+00:00,requirements.txt,https://huggingface.co/spaces/alusinebarrie/ai-teaching-assistant/resolve/099f56ad7a5eb79a8aeaee1b49187ac67919dc26/requirements.txt,099f56ad7a5eb79a8aeaee1b49187ac67919dc26,bb7a63543dbe9ea614c9eaa31adb468281484fd37176d36f3bb5f2433ea8c496,alusinebarrie/ai-teaching-assistant,200,,
264,2026-08-30T21:31:12.013016+00:00,README.md,https://huggingface.co/spaces/alusinebarrie/your-ai-teaching-assistant/resolve/05802c561cc68c2864bc4f323c0b3b28b84632f3/README.md,05802c561cc68c2864bc4f323c0b3b28b84632f3,44676358d7314e818a4bdf1e84a21f08f68b8e77e3f08424c2cc5b138dd57576,alusinebarrie/your-ai-teaching-assistant,200,,
813,2026-08-30T21:31:12.574242+00:00,app.py,https://huggingface.co/spaces/alusinebarrie/your-ai-teaching-assistant/resolve/05802c561cc68c2864bc4f323c0b3b28b84632f3/app.py,05802c561cc68c2864bc4f323c0b3b28b84632f3,7e2dc2ab8da9863f257485b64f1afd3b8ea637216bfcbce6fb4f1ba812eca199,alusinebarrie/your-ai-teaching-assistant,200,,
49,2026-08-30T21:31:12.634201+00:00,requirements.txt,https://huggingface.co/spaces/alusinebarrie/your-ai-teaching-assistant/resolve/05802c561cc68c2864bc4f323c0b3b28b84632f3/requirements.txt,05802c561cc68c2864bc4f323c0b3b28b84632f3,183802c4cd7d000860d24f80ba040c34baf508238b28a31390f49067747d78fd,alusinebarrie/your-ai-teaching-assistant,200,,
172,2026-08-30T21:31:13.143423+00:00,README.md,https://huggingface.co/spaces/amalrajmp/StudyAssistant/resolve/b0aaae6ac7af22041b8a31c16f6a921ed5bc6f36/README.md,b0aaae6ac7af22041b8a31c16f6a921ed5bc6f36,aca970503d4986b3e7741082401f7168c124b6e20f65b3f864bbb5d91b78d566,amalrajmp/StudyAssistant,200,,
1830,2026-09-02T19:08:28.536888+00:00,app.py,https://huggingface.co/spaces/amalrajmp/StudyAssistant/resolve/b0aaae6ac7af22041b8a31c16f6a921ed5bc6f36/app.py,b0aaae6ac7af22041b8a31c16f6a921ed5bc6f36,83cf95b675a48d8c91ef7c8ac3ff7e4f45bdf1b2cf4ac48b8a6179d52af1d2aa,amalrajmp/StudyAssistant,200,lossless-v2,utf-8
13,2026-09-02T19:08:28.292238+00:00,requirements.txt,https://huggingface.co/spaces/amalrajmp/StudyAssistant/resolve/b0aaae6ac7af22041b8a31c16f6a921ed5bc6f36/requirements.txt,b0aaae6ac7af22041b8a31c16f6a921ed5bc6f36,d405c3d51576d811c8de1dac1ea30dfd9f4f0f1a5721d11112b926078e616db2,amalrajmp/StudyAssistant,200,lossless-v2,utf-8
447,2026-08-30T21:31:13.640404+00:00,README.md,https://huggingface.co/spaces/aman7935/Quiz_generator/resolve/f03b77f4faf930a9da4bfb47ad983925f71b3060/README.md,f03b77f4faf930a9da4bfb47ad983925f71b3060,0ea026f1713d5e2e83249bb84db2be1614c9eb4857be2f360e2402c95a70faf4,aman7935/Quiz_generator,200,,
1828,2026-08-30T21:31:14.145995+00:00,app.py,https://huggingface.co/spaces/aman7935/Quiz_generator/resolve/f03b77f4faf930a9da4bfb47ad983925f71b3060/app.py,f03b77f4faf930a9da4bfb47ad983925f71b3060,e81948590a6de0e95c8a2f2280709516a2ad47db456ef3c63f9022dcf03d67a9,aman7935/Quiz_generator,200,,
310,2026-08-30T21:31:15.789183+00:00,README.md,https://huggingface.co/spaces/anamzulfiqar/studyassistant/resolve/ce19d997803130f597cef658fe19209d2d96212b/README.md,ce19d997803130f597cef658fe19209d2d96212b,b183b39b98c1224c369a56c1a2af5222082d92dfedd07b4ff54cf199c9865a8d,anamzulfiqar/studyassistant,200,,
404,2026-08-30T21:31:19.697863+00:00,README.md,https://huggingface.co/spaces/anir-1995/AI_Quiz_Generator/resolve/a59156b5f59c5379e980e299ae0e602f3b9cbe9d/README.md,a59156b5f59c5379e980e299ae0e602f3b9cbe9d,508a6addc297fa45b95238590d2e78fccaa9b39a3d9df01b9239ebbd305a08ee,anir-1995/AI_Quiz_Generator,200,,
16388,2026-08-30T21:31:20.209262+00:00,quiz_generator_app.py,https://huggingface.co/spaces/anir-1995/AI_Quiz_Generator/resolve/a59156b5f59c5379e980e299ae0e602f3b9cbe9d/quiz_generator_app.py,a59156b5f59c5379e980e299ae0e602f3b9cbe9d,0a87dae2917346e5c614560b64432739ba6e58c0851456cefd4b9967e91a51c2,anir-1995/AI_Quiz_Generator,200,,
74,2026-08-30T21:31:20.292618+00:00,requirements.txt,https://huggingface.co/spaces/anir-1995/AI_Quiz_Generator/resolve/a59156b5f59c5379e980e299ae0e602f3b9cbe9d/requirements.txt,a59156b5f59c5379e980e299ae0e602f3b9cbe9d,f92a83793a80671fa9c55021219dedbdf7c93993523083c0c02ab088c2b17f43,anir-1995/AI_Quiz_Generator,200,,
12502,2026-08-30T21:31:20.211802+00:00,resume_screener_app.py,https://huggingface.co/spaces/anir-1995/AI_Quiz_Generator/resolve/a59156b5f59c5379e980e299ae0e602f3b9cbe9d/resume_screener_app.py,a59156b5f59c5379e980e299ae0e602f3b9cbe9d,48bff8937efd0c401c0091eb8be6676cd1499f359de93e33a1e4fd9e2aced51e,anir-1995/AI_Quiz_Generator,200,,
16388,2026-08-30T21:31:20.287439+00:00,src/streamlit_app.py,https://huggingface.co/spaces/anir-1995/AI_Quiz_Generator/resolve/a59156b5f59c5379e980e299ae0e602f3b9cbe9d/src/streamlit_app.py,a59156b5f59c5379e980e299ae0e602f3b9cbe9d,0a87dae2917346e5c614560b64432739ba6e58c0851456cefd4b9967e91a51c2,anir-1995/AI_Quiz_Generator,200,,
213,2026-08-30T21:31:21.962760+00:00,README.md,https://huggingface.co/spaces/anissh2026/StudyAssistant/resolve/0e7b16cfa8d9a7c57e4af7e91f76e32bac9257aa/README.md,0e7b16cfa8d9a7c57e4af7e91f76e32bac9257aa,71497f9a88a2390d53e7e564d7b9b36acdc50fdeeaac7fc4058b7e83b856f745,anissh2026/StudyAssistant,200,,
1664,2026-09-02T19:08:30.385359+00:00,index.html,https://huggingface.co/spaces/anissh2026/StudyAssistant/resolve/0e7b16cfa8d9a7c57e4af7e91f76e32bac9257aa/index.html,0e7b16cfa8d9a7c57e4af7e91f76e32bac9257aa,870dca6ad2db4be31e3278dcbe59b8c43c3f02baf1c1e105a7d8e73a68c23d7a,anissh2026/StudyAssistant,200,lossless-v2,utf-8
200,2026-08-30T21:31:22.470617+00:00,README.md,https://huggingface.co/spaces/ankittumu/Ace-Study-Assistant/resolve/7992f9260f8282502959db8948d12911ce031fb7/README.md,7992f9260f8282502959db8948d12911ce031fb7,6c77258604fa4b12250333122afb330c3557568928983e4433be75d22efd556b,ankittumu/Ace-Study-Assistant,200,,
10473,2026-08-30T21:31:22.991857+00:00,app.py,https://huggingface.co/spaces/ankittumu/Ace-Study-Assistant/resolve/7992f9260f8282502959db8948d12911ce031fb7/app.py,7992f9260f8282502959db8948d12911ce031fb7,6e5308c14769a080f561f2626029270794a77871270adae9c9019c74f41e0598,ankittumu/Ace-Study-Assistant,200,,
91,2026-08-30T21:31:22.975066+00:00,requirements.txt,https://huggingface.co/spaces/ankittumu/Ace-Study-Assistant/resolve/7992f9260f8282502959db8948d12911ce031fb7/requirements.txt,7992f9260f8282502959db8948d12911ce031fb7,c32b02702098f2877aa1b31973a0a3e399b595a73ac28bb1190f096fa61e28ba,ankittumu/Ace-Study-Assistant,200,,
248,2026-08-30T21:31:24.655615+00:00,README.md,https://huggingface.co/spaces/antedotee/teachingAssistant/resolve/c4b77ca2a12c8baf307ebd516ccaa9b00971baa1/README.md,c4b77ca2a12c8baf307ebd516ccaa9b00971baa1,11005d5edb802945cfe8ccf2c5e566ba552fa04b86c3b818b9a61bba03777956,antedotee/teachingAssistant,200,,
9039,2026-09-02T19:08:30.937022+00:00,app.py,https://huggingface.co/spaces/antedotee/teachingAssistant/resolve/c4b77ca2a12c8baf307ebd516ccaa9b00971baa1/app.py,c4b77ca2a12c8baf307ebd516ccaa9b00971baa1,5e099827f2556656df5e285d2ee0bce8097bc6c51e86cfb4596b43e541e354fe,antedotee/teachingAssistant,200,lossless-v2,utf-8
10225,2026-09-02T19:08:30.962628+00:00,open_ai_assistants.py,https://huggingface.co/spaces/antedotee/teachingAssistant/resolve/c4b77ca2a12c8baf307ebd516ccaa9b00971baa1/open_ai_assistants.py,c4b77ca2a12c8baf307ebd516ccaa9b00971baa1,20eae1e63d9f8913cb042fe877e4f809b340dc959e266ef032c8b44671f71fd0,antedotee/teachingAssistant,200,lossless-v2,utf-8
47,2026-09-02T19:08:30.931039+00:00,requirements.txt,https://huggingface.co/spaces/antedotee/teachingAssistant/resolve/c4b77ca2a12c8baf307ebd516ccaa9b00971baa1/requirements.txt,c4b77ca2a12c8baf307ebd516ccaa9b00971baa1,d889ab019397ee53eee9aa6a5fb8b0b6616e2f8936a78301a30c4dcccac3632d,antedotee/teachingAssistant,200,lossless-v2,utf-8
10512,2026-09-02T19:08:30.995129+00:00,utils.py,https://huggingface.co/spaces/antedotee/teachingAssistant/resolve/c4b77ca2a12c8baf307ebd516ccaa9b00971baa1/utils.py,c4b77ca2a12c8baf307ebd516ccaa9b00971baa1,99ec962ddcfe44ba3f46cea94eefeee45fa4994586f065dbc91b44b966b1cccb,antedotee/teachingAssistant,200,lossless-v2,utf-8
426,2026-08-30T21:31:28.486567+00:00,README.md,https://huggingface.co/spaces/appcreator199/studyassistant/resolve/7b67c1eb3000e31a3ff8c0971fd3f6e27be7d97a/README.md,7b67c1eb3000e31a3ff8c0971fd3f6e27be7d97a,b90418c0e58a10b074dd25e7bc4f758200f437ab229458e10545188456845430,appcreator199/studyassistant,200,,
1711,2026-08-30T21:31:29.070434+00:00,app.py,https://huggingface.co/spaces/appcreator199/studyassistant/resolve/7b67c1eb3000e31a3ff8c0971fd3f6e27be7d97a/app.py,7b67c1eb3000e31a3ff8c0971fd3f6e27be7d97a,c1f82802eea90339633ac3e8953ef85038ae8f939d94ec9f2685219b0fdf6bb6,appcreator199/studyassistant,200,,
23,2026-08-30T21:31:29.009232+00:00,requirements.txt,https://huggingface.co/spaces/appcreator199/studyassistant/resolve/7b67c1eb3000e31a3ff8c0971fd3f6e27be7d97a/requirements.txt,7b67c1eb3000e31a3ff8c0971fd3f6e27be7d97a,48293d5aac441f371121b28f1ff76c2495cf372febd85401e0f33f12789b4971,appcreator199/studyassistant,200,,
256,2026-08-30T21:31:29.569871+00:00,README.md,https://huggingface.co/spaces/apple46/AI_TUTORRRR/resolve/624de7e18e3292df5b671c08bb4a785418d917e8/README.md,624de7e18e3292df5b671c08bb4a785418d917e8,8691288df0bc468f4a6ee90b0be82a8765f3dc3ca025ab50d9e67ff1414d138c,apple46/AI_TUTORRRR,200,,
257,2026-08-30T21:31:32.108514+00:00,README.md,https://huggingface.co/spaces/ariyonshayne/StudyAssistant/resolve/9415be5d1aa5c5f78768f0173bd2cf1321c47071/README.md,9415be5d1aa5c5f78768f0173bd2cf1321c47071,a74e521a8047b560a9c940ddb2e3545e323ab96d2e7999dafd65313ff1be2539,ariyonshayne/StudyAssistant,200,,
546,2026-09-02T19:08:31.689755+00:00,index.html,https://huggingface.co/spaces/ariyonshayne/StudyAssistant/resolve/9415be5d1aa5c5f78768f0173bd2cf1321c47071/index.html,9415be5d1aa5c5f78768f0173bd2cf1321c47071,fef10b4e06879d75c496c1ce3e89410bff1b77bf51220f21570255d1f214580e,ariyonshayne/StudyAssistant,200,lossless-v2,utf-8
12134,2026-08-30T21:31:33.721318+00:00,README.md,https://huggingface.co/spaces/arjunjuneja/socratic-tutor/resolve/dfcde75cb17f5d3835e6d6d2e30293b7479094d2/README.md,dfcde75cb17f5d3835e6d6d2e30293b7479094d2,f5c7e61c2470b063cf18344a393f58a54a99306402719b2f464527f7c9b2c2d1,arjunjuneja/socratic-tutor,200,,
6928,2026-08-30T21:31:34.288593+00:00,inference.py,https://huggingface.co/spaces/arjunjuneja/socratic-tutor/resolve/dfcde75cb17f5d3835e6d6d2e30293b7479094d2/inference.py,dfcde75cb17f5d3835e6d6d2e30293b7479094d2,641bfb0aadb2293227821b973dd560c35260efc04028d59d76a7007b19782d25,arjunjuneja/socratic-tutor,200,,
634,2026-08-30T21:31:34.230299+00:00,models.py,https://huggingface.co/spaces/arjunjuneja/socratic-tutor/resolve/dfcde75cb17f5d3835e6d6d2e30293b7479094d2/models.py,dfcde75cb17f5d3835e6d6d2e30293b7479094d2,c2391d4eae9e9a5ba098ba500debe876701ff780ca7363357dad63520a48b095,arjunjuneja/socratic-tutor,200,,
2921,2026-08-30T21:31:34.312925+00:00,my_env_v4.py,https://huggingface.co/spaces/arjunjuneja/socratic-tutor/resolve/dfcde75cb17f5d3835e6d6d2e30293b7479094d2/my_env_v4.py,dfcde75cb17f5d3835e6d6d2e30293b7479094d2,3f5e616deb4009f6e3edf1cdcd0e85ab145b43a30b109d8495a42c123f2690b3,arjunjuneja/socratic-tutor,200,,
1740,2026-08-30T21:31:34.290348+00:00,pyproject.toml,https://huggingface.co/spaces/arjunjuneja/socratic-tutor/resolve/dfcde75cb17f5d3835e6d6d2e30293b7479094d2/pyproject.toml,dfcde75cb17f5d3835e6d6d2e30293b7479094d2,6b644dae3e6e2ac3ac92791f14118ae7ed43a15ec06a68ca548388e455cdc57c,arjunjuneja/socratic-tutor,200,,
104,2026-08-30T21:31:34.339615+00:00,requirements.txt,https://huggingface.co/spaces/arjunjuneja/socratic-tutor/resolve/dfcde75cb17f5d3835e6d6d2e30293b7479094d2/requirements.txt,dfcde75cb17f5d3835e6d6d2e30293b7479094d2,5c021c305057c67084bd18e3885f2bb75b064562dda07cf55cd8c98c18abf2d2,arjunjuneja/socratic-tutor,200,,
0,2026-08-30T21:31:34.054645+00:00,server/__init__.py,https://huggingface.co/spaces/arjunjuneja/socratic-tutor/resolve/dfcde75cb17f5d3835e6d6d2e30293b7479094d2/server/__init__.py,dfcde75cb17f5d3835e6d6d2e30293b7479094d2,e3b0c44298fc1c149afbf4c8996fb92427ae41e4649b934ca495991b7852b855,arjunjuneja/socratic-tutor,200,,
21306,2026-08-30T21:31:34.306919+00:00,server/app.py,https://huggingface.co/spaces/arjunjuneja/socratic-tutor/resolve/dfcde75cb17f5d3835e6d6d2e30293b7479094d2/server/app.py,dfcde75cb17f5d3835e6d6d2e30293b7479094d2,73bc064d777c5628cc41f287be84146b11f6761581a82f85cab5443533c55aed,arjunjuneja/socratic-tutor,200,,
5964,2026-08-30T21:31:34.309301+00:00,server/environment.py,https://huggingface.co/spaces/arjunjuneja/socratic-tutor/resolve/dfcde75cb17f5d3835e6d6d2e30293b7479094d2/server/environment.py,dfcde75cb17f5d3835e6d6d2e30293b7479094d2,68c05c87389ce95e208aa483db6339f8653073c5b5420e21fb45363cf2983b06,arjunjuneja/socratic-tutor,200,,
3696,2026-08-30T21:31:34.559058+00:00,server/student_simulator.py,https://huggingface.co/spaces/arjunjuneja/socratic-tutor/resolve/dfcde75cb17f5d3835e6d6d2e30293b7479094d2/server/student_simulator.py,dfcde75cb17f5d3835e6d6d2e30293b7479094d2,b589b1fee30a68149dbc4351d25311ac719771bfd00860f13cd7438ddcdf1b4f,arjunjuneja/socratic-tutor,200,,
317,2026-08-30T21:31:35.086915+00:00,README.md,https://huggingface.co/spaces/arjunnnnn0720/StudyAssistant/resolve/9e33e8c8591235d503d35518a6b80b2b1617e6c8/README.md,9e33e8c8591235d503d35518a6b80b2b1617e6c8,51d72f6a64e7b988ba911a1cafa3889f5ff70dad1365c9116827a130caec4ab1,arjunnnnn0720/StudyAssistant,200,,
1762,2026-08-30T21:31:35.595911+00:00,app.py,https://huggingface.co/spaces/arjunnnnn0720/StudyAssistant/resolve/9e33e8c8591235d503d35518a6b80b2b1617e6c8/app.py,9e33e8c8591235d503d35518a6b80b2b1617e6c8,749e51db7f4ef82af97bf0255031ab06260bca9f0831a4c5457b89841092119a,arjunnnnn0720/StudyAssistant,200,,
21,2026-08-30T21:31:35.599251+00:00,requirements.txt,https://huggingface.co/spaces/arjunnnnn0720/StudyAssistant/resolve/9e33e8c8591235d503d35518a6b80b2b1617e6c8/requirements.txt,9e33e8c8591235d503d35518a6b80b2b1617e6c8,acec653411ff8eb1b10aa635d8c46d7cf81be4a92262dab13f031d52e6eb9b30,arjunnnnn0720/StudyAssistant,200,,
228,2026-08-30T21:31:37.163243+00:00,README.md,https://huggingface.co/spaces/arkiitkgp/AITutor/resolve/136ff58abaab8d6576dcd9ba60792095fc2fb9a1/README.md,136ff58abaab8d6576dcd9ba60792095fc2fb9a1,86ccb2bc477909f08f8260f3765b915321a007574c440143581b718e288d5c29,arkiitkgp/AITutor,200,,
2449,2026-08-30T21:31:37.690492+00:00,app.py,https://huggingface.co/spaces/arkiitkgp/AITutor/resolve/136ff58abaab8d6576dcd9ba60792095fc2fb9a1/app.py,136ff58abaab8d6576dcd9ba60792095fc2fb9a1,94cfe7f258de3779b7efe75e55fd5071bdfe6f312ab66aabf72de714bd210a97,arkiitkgp/AITutor,200,,
81,2026-08-30T21:31:37.739941+00:00,requirements.txt,https://huggingface.co/spaces/arkiitkgp/AITutor/resolve/136ff58abaab8d6576dcd9ba60792095fc2fb9a1/requirements.txt,136ff58abaab8d6576dcd9ba60792095fc2fb9a1,2e477f4948c9020c355197a6eb0431bef34467cea137879190ce8e02a34e14bf,arkiitkgp/AITutor,200,,
314,2026-08-30T21:31:44.538037+00:00,README.md,https://huggingface.co/spaces/arsalan16/Quiz-Generator-App/resolve/1e72595f37ecd16dd57818c8ce73bbf333279d68/README.md,1e72595f37ecd16dd57818c8ce73bbf333279d68,6fca09cf8456b33363c82bf2f9a03982ba9c3ed432c9eb57c124ac927f696c57,arsalan16/Quiz-Generator-App,200,,
2744,2026-08-30T21:31:45.063042+00:00,app.py,https://huggingface.co/spaces/arsalan16/Quiz-Generator-App/resolve/1e72595f37ecd16dd57818c8ce73bbf333279d68/app.py,1e72595f37ecd16dd57818c8ce73bbf333279d68,cf6541c6a7823e50bdf59604ed71e914b66441555426caaad92bf5d797721ddc,arsalan16/Quiz-Generator-App,200,,
90,2026-08-30T21:31:45.109078+00:00,requirements.txt,https://huggingface.co/spaces/arsalan16/Quiz-Generator-App/resolve/1e72595f37ecd16dd57818c8ce73bbf333279d68/requirements.txt,1e72595f37ecd16dd57818c8ce73bbf333279d68,611aff72b57e7aa29c5ee2da33b4d307acaae62ac584a3b99a4279455cec5fee,arsalan16/Quiz-Generator-App,200,,
232,2026-08-30T21:31:47.135288+00:00,README.md,https://huggingface.co/spaces/arumugam-rockstar/Myfirst-AITutor/resolve/8b8505f04de021faabe02d62b00209a146b5f840/README.md,8b8505f04de021faabe02d62b00209a146b5f840,8c9aae0aa1b49b6dcf510de7fcf811b79d992c7e8cedb9002580a165bd1d07b6,arumugam-rockstar/Myfirst-AITutor,200,,
1749,2026-08-30T21:31:47.654680+00:00,app.py,https://huggingface.co/spaces/arumugam-rockstar/Myfirst-AITutor/resolve/8b8505f04de021faabe02d62b00209a146b5f840/app.py,8b8505f04de021faabe02d62b00209a146b5f840,03fb51b29d8fb373dec6c637c27c12a254cd8c76ecf9609ae7b4c67ebc3016aa,arumugam-rockstar/Myfirst-AITutor,200,,
250,2026-08-30T21:31:48.164766+00:00,README.md,https://huggingface.co/spaces/asad9641/AI-Study-Assistant-Ragbase/resolve/4a46dea2dc581b038124182814eb815a1cd32b2d/README.md,4a46dea2dc581b038124182814eb815a1cd32b2d,cfbe67f4937278d5ac6a2e608fb70cf4451eeb5a347b31e52e4c63600b5f774f,asad9641/AI-Study-Assistant-Ragbase,200,,
12013,2026-08-30T21:31:48.701507+00:00,app.py,https://huggingface.co/spaces/asad9641/AI-Study-Assistant-Ragbase/resolve/4a46dea2dc581b038124182814eb815a1cd32b2d/app.py,4a46dea2dc581b038124182814eb815a1cd32b2d,b0c1c9cc4ec6c8a5ea8b8d3bd94461a8236bef0d7dc2be2736a93e0b0588dbc4,asad9641/AI-Study-Assistant-Ragbase,200,,
124,2026-08-30T21:31:48.663254+00:00,requirements.txt,https://huggingface.co/spaces/asad9641/AI-Study-Assistant-Ragbase/resolve/4a46dea2dc581b038124182814eb815a1cd32b2d/requirements.txt,4a46dea2dc581b038124182814eb815a1cd32b2d,bdfcf0955109cfcdd545e230c0c2c2eb52ceb6392a3b0be63f7ce04c75295c2b,asad9641/AI-Study-Assistant-Ragbase,200,,
275,2026-08-30T21:31:51.448785+00:00,README.md,https://huggingface.co/spaces/astro546/brainyboost-turbocharged-learning-companion/resolve/0ce9b395985bd524f6283f1be72ec6ebf9935daa/README.md,0ce9b395985bd524f6283f1be72ec6ebf9935daa,0c004b56b7dcfd4e9e48da62fd32ee8ca628ea661dd38ceb37950914bae549c1,astro546/brainyboost-turbocharged-learning-companion,200,,
7975,2026-08-30T21:31:51.959740+00:00,index.html,https://huggingface.co/spaces/astro546/brainyboost-turbocharged-learning-companion/resolve/0ce9b395985bd524f6283f1be72ec6ebf9935daa/index.html,0ce9b395985bd524f6283f1be72ec6ebf9935daa,120bf9bcb30508c1cc47732ea1931fbcfee37114692a32faa562fa34f31cfbec,astro546/brainyboost-turbocharged-learning-companion,200,,
1933,2026-08-30T21:31:51.978180+00:00,script.js,https://huggingface.co/spaces/astro546/brainyboost-turbocharged-learning-companion/resolve/0ce9b395985bd524f6283f1be72ec6ebf9935daa/script.js,0ce9b395985bd524f6283f1be72ec6ebf9935daa,862208f2dc057636d96b4b547af8041a5a26fe445464056ebc83f8e8adadf546,astro546/brainyboost-turbocharged-learning-companion,200,,
284,2026-08-30T21:31:52.474708+00:00,README.md,https://huggingface.co/spaces/aviatrix/Ai_Powered_Study_Assistant/resolve/79108dad1f685b63f1778ec167e3d1926cbd56b6/README.md,79108dad1f685b63f1778ec167e3d1926cbd56b6,062e4e7ac6b318dde89b3a08b61e27b471c384bdbe617d71773235f2a988864f,aviatrix/Ai_Powered_Study_Assistant,200,,
2224,2026-08-30T21:31:53.042203+00:00,app.py,https://huggingface.co/spaces/aviatrix/Ai_Powered_Study_Assistant/resolve/79108dad1f685b63f1778ec167e3d1926cbd56b6/app.py,79108dad1f685b63f1778ec167e3d1926cbd56b6,79b6b9f54f6d7b57f79a026771add00b675633a4235b313309853261f9c1164f,aviatrix/Ai_Powered_Study_Assistant,200,,
56,2026-08-30T21:31:53.003238+00:00,requirements.txt,https://huggingface.co/spaces/aviatrix/Ai_Powered_Study_Assistant/resolve/79108dad1f685b63f1778ec167e3d1926cbd56b6/requirements.txt,79108dad1f685b63f1778ec167e3d1926cbd56b6,0a3191f8e9acddc871ee4a92525b5114c4404abcda80a91b632c36677b1ed803,aviatrix/Ai_Powered_Study_Assistant,200,,
444,2026-08-30T21:31:54.754154+00:00,README.md,https://huggingface.co/spaces/ay3shaa/ai-study-assistant/resolve/4109cbf4903c5bf326cc6bba86b111ba1b5f32ee/README.md,4109cbf4903c5bf326cc6bba86b111ba1b5f32ee,c1c893220f205efaccdd115055a837ada7344a4f893352af59e44209e433e17a,ay3shaa/ai-study-assistant,200,,
2780,2026-08-30T21:31:55.251345+00:00,app.py,https://huggingface.co/spaces/ay3shaa/ai-study-assistant/resolve/4109cbf4903c5bf326cc6bba86b111ba1b5f32ee/app.py,4109cbf4903c5bf326cc6bba86b111ba1b5f32ee,05a53030162ce3468c1453b9bc8d296b2596511c3a451544ec0d331c86f4fa46,ay3shaa/ai-study-assistant,200,,
1458,2026-08-30T21:31:55.308528+00:00,llm.py,https://huggingface.co/spaces/ay3shaa/ai-study-assistant/resolve/4109cbf4903c5bf326cc6bba86b111ba1b5f32ee/llm.py,4109cbf4903c5bf326cc6bba86b111ba1b5f32ee,0373dec6efb7f35535827f7e516f338f8af8cc4ee5864b1dc201f19c12fffec1,ay3shaa/ai-study-assistant,200,,
1034,2026-08-30T21:31:55.276002+00:00,parser.py,https://huggingface.co/spaces/ay3shaa/ai-study-assistant/resolve/4109cbf4903c5bf326cc6bba86b111ba1b5f32ee/parser.py,4109cbf4903c5bf326cc6bba86b111ba1b5f32ee,cbddc41a35e9a6be64aa2f3e582cee6e8fbbadf00fe5df55ad95d319ad793f6a,ay3shaa/ai-study-assistant,200,,
80,2026-08-30T21:31:55.264689+00:00,requirements.txt,https://huggingface.co/spaces/ay3shaa/ai-study-assistant/resolve/4109cbf4903c5bf326cc6bba86b111ba1b5f32ee/requirements.txt,4109cbf4903c5bf326cc6bba86b111ba1b5f32ee,acb1a2e0eb1ddfb54d83f72b2b8685c9471c5f60b1b05cb339e3de508bace2a4,ay3shaa/ai-study-assistant,200,,
637,2026-08-30T21:31:55.274986+00:00,retriever.py,https://huggingface.co/spaces/ay3shaa/ai-study-assistant/resolve/4109cbf4903c5bf326cc6bba86b111ba1b5f32ee/retriever.py,4109cbf4903c5bf326cc6bba86b111ba1b5f32ee,f522ae237feb890ff746dc0a49846ee01a8fe97bfbc46760881f717efddb8309,ay3shaa/ai-study-assistant,200,,
1125,2026-08-30T21:31:55.309656+00:00,src/streamlit_app.py,https://huggingface.co/spaces/ay3shaa/ai-study-assistant/resolve/4109cbf4903c5bf326cc6bba86b111ba1b5f32ee/src/streamlit_app.py,4109cbf4903c5bf326cc6bba86b111ba1b5f32ee,67c3220df70c5f085a360e92abd29ba4c9f56cbd5ffcab04cd45ba6096794b04,ay3shaa/ai-study-assistant,200,,
142,2026-08-30T21:31:58.153850+00:00,.env.example,https://huggingface.co/spaces/ayudellastuti/rag-quiz-generator/resolve/9971fdfb4e15b1efc92a57bccfc07c034c6e21dc/.env.example,9971fdfb4e15b1efc92a57bccfc07c034c6e21dc,52c0af5b77508efa768ecf9c7da20805c54bb8450ed1a71178a52f596deff536,ayudellastuti/rag-quiz-generator,200,,
1120,2026-08-30T21:31:57.568332+00:00,README.md,https://huggingface.co/spaces/ayudellastuti/rag-quiz-generator/resolve/9971fdfb4e15b1efc92a57bccfc07c034c6e21dc/README.md,9971fdfb4e15b1efc92a57bccfc07c034c6e21dc,ed71f712e61bf2fe40d940e187a2a795e7e3e748fdaa6d975b49ff68934a8dc6,ayudellastuti/rag-quiz-generator,200,,
12762,2026-08-30T21:31:58.091982+00:00,app.py,https://huggingface.co/spaces/ayudellastuti/rag-quiz-generator/resolve/9971fdfb4e15b1efc92a57bccfc07c034c6e21dc/app.py,9971fdfb4e15b1efc92a57bccfc07c034c6e21dc,a28d95ff7836474159e88cb672f5ed541d9dd61a368827c3400313abdd960231,ayudellastuti/rag-quiz-generator,200,,
4338,2026-08-30T21:31:58.145177+00:00,modules/evaluation.py,https://huggingface.co/spaces/ayudellastuti/rag-quiz-generator/resolve/9971fdfb4e15b1efc92a57bccfc07c034c6e21dc/modules/evaluation.py,9971fdfb4e15b1efc92a57bccfc07c034c6e21dc,24af130a221e2ee129218e1b2b094b92abd6bda29045de928de9b9a3f97ab7fe,ayudellastuti/rag-quiz-generator,200,,
12798,2026-08-30T21:31:58.144495+00:00,modules/export_utils.py,https://huggingface.co/spaces/ayudellastuti/rag-quiz-generator/resolve/9971fdfb4e15b1efc92a57bccfc07c034c6e21dc/modules/export_utils.py,9971fdfb4e15b1efc92a57bccfc07c034c6e21dc,8eb52367443d1018fb07255ed1d2b0a16478baa05b75dfae42116b20f728a4b0,ayudellastuti/rag-quiz-generator,200,,
2503,2026-08-30T21:31:58.075319+00:00,modules/generator.py,https://huggingface.co/spaces/ayudellastuti/rag-quiz-generator/resolve/9971fdfb4e15b1efc92a57bccfc07c034c6e21dc/modules/generator.py,9971fdfb4e15b1efc92a57bccfc07c034c6e21dc,d00688916597336ad0fa8be6aa053a6490a1e774dcd5fc960979a9467eee2356,ayudellastuti/rag-quiz-generator,200,,
3446,2026-08-30T21:31:58.179372+00:00,modules/json_utils.py,https://huggingface.co/spaces/ayudellastuti/rag-quiz-generator/resolve/9971fdfb4e15b1efc92a57bccfc07c034c6e21dc/modules/json_utils.py,9971fdfb4e15b1efc92a57bccfc07c034c6e21dc,2bf1d9a9f264eb3d6668357cc0e76ae9977a9fc775f9e4eaaae5432a83215b9d,ayudellastuti/rag-quiz-generator,200,,
5341,2026-08-30T21:31:58.089249+00:00,modules/prompts.py,https://huggingface.co/spaces/ayudellastuti/rag-quiz-generator/resolve/9971fdfb4e15b1efc92a57bccfc07c034c6e21dc/modules/prompts.py,9971fdfb4e15b1efc92a57bccfc07c034c6e21dc,49eb1753c997e4cc47ea41b58d03af9ae1a73e9edfaef36dc274b61795bd9d59,ayudellastuti/rag-quiz-generator,200,,
1998,2026-08-30T21:31:58.136284+00:00,modules/rag.py,https://huggingface.co/spaces/ayudellastuti/rag-quiz-generator/resolve/9971fdfb4e15b1efc92a57bccfc07c034c6e21dc/modules/rag.py,9971fdfb4e15b1efc92a57bccfc07c034c6e21dc,416d77d060a234b53fd28bb0d6a0c17db04c702e141cc25c044a5d3057c8f8e3,ayudellastuti/rag-quiz-generator,200,,
354,2026-08-30T21:31:58.820828+00:00,requirements.txt,https://huggingface.co/spaces/ayudellastuti/rag-quiz-generator/resolve/9971fdfb4e15b1efc92a57bccfc07c034c6e21dc/requirements.txt,9971fdfb4e15b1efc92a57bccfc07c034c6e21dc,1b452ca1395bd4f368c67973a408455d23f448c0282add43bbf3cac478c4b4b3,ayudellastuti/rag-quiz-generator,200,,
214,2026-08-30T21:31:59.367424+00:00,README.md,https://huggingface.co/spaces/ayushpatil003/study_assistant/resolve/e9507988fa301d0192f1e6b1ed7d36e6b5eef62b/README.md,e9507988fa301d0192f1e6b1ed7d36e6b5eef62b,dfa2d1986972904348458423f61cdd05bb25495b28af8b48a3391cb5c5b952af,ayushpatil003/study_assistant,200,,
1664,2026-08-30T21:31:59.924256+00:00,index.html,https://huggingface.co/spaces/ayushpatil003/study_assistant/resolve/e9507988fa301d0192f1e6b1ed7d36e6b5eef62b/index.html,e9507988fa301d0192f1e6b1ed7d36e6b5eef62b,870dca6ad2db4be31e3278dcbe59b8c43c3f02baf1c1e105a7d8e73a68c23d7a,ayushpatil003/study_assistant,200,,
8141,2026-08-30T21:32:00.441838+00:00,README.md,https://huggingface.co/spaces/ayushsainime/socratic_maths_tutor.ai/resolve/915d0af2503b3989d7b6d8107f8db5650b41eb32/README.md,915d0af2503b3989d7b6d8107f8db5650b41eb32,75223f39c1b8032e9f7c5e323bec963596d78d5d6cabf2548bd7b42d315b8dcd,ayushsainime/socratic_maths_tutor.ai,200,,
55,2026-08-30T21:32:00.976882+00:00,backend/__init__.py,https://huggingface.co/spaces/ayushsainime/socratic_maths_tutor.ai/resolve/915d0af2503b3989d7b6d8107f8db5650b41eb32/backend/__init__.py,915d0af2503b3989d7b6d8107f8db5650b41eb32,2882d9b360b099a11fb8950500759fbb9d338371350c52ce7a3c86ec36b0fd6c,ayushsainime/socratic_maths_tutor.ai,200,,
1717,2026-08-30T21:32:00.960470+00:00,backend/api.py,https://huggingface.co/spaces/ayushsainime/socratic_maths_tutor.ai/resolve/915d0af2503b3989d7b6d8107f8db5650b41eb32/backend/api.py,915d0af2503b3989d7b6d8107f8db5650b41eb32,949acec4a9adaf5a4dba10cfef42a3589ecbd88620c3c8bac01f5c4fc36f4296,ayushsainime/socratic_maths_tutor.ai,200,,
267,2026-08-30T21:32:00.950348+00:00,backend/models.py,https://huggingface.co/spaces/ayushsainime/socratic_maths_tutor.ai/resolve/915d0af2503b3989d7b6d8107f8db5650b41eb32/backend/models.py,915d0af2503b3989d7b6d8107f8db5650b41eb32,3fce7c139c6e980e1c116716748f7c61a4abd4dbbacf26a62d73cbc96f3daf9b,ayushsainime/socratic_maths_tutor.ai,200,,
143,2026-08-30T21:32:00.995024+00:00,requirements.txt,https://huggingface.co/spaces/ayushsainime/socratic_maths_tutor.ai/resolve/915d0af2503b3989d7b6d8107f8db5650b41eb32/requirements.txt,915d0af2503b3989d7b6d8107f8db5650b41eb32,8dc4abc71f7e4393cc56e2f0bbe0ef775617ee6e086722eb5830a036a3bbb972,ayushsainime/socratic_maths_tutor.ai,200,,
132,2026-08-30T21:32:00.962345+00:00,rxconfig.py,https://huggingface.co/spaces/ayushsainime/socratic_maths_tutor.ai/resolve/915d0af2503b3989d7b6d8107f8db5650b41eb32/rxconfig.py,915d0af2503b3989d7b6d8107f8db5650b41eb32,f66300558727e4071390d0dd9c6f3f5172444d37d201a4eb4817c278423c70ed,ayushsainime/socratic_maths_tutor.ai,200,,
33,2026-08-30T21:32:00.981714+00:00,tutor_app/__init__.py,https://huggingface.co/spaces/ayushsainime/socratic_maths_tutor.ai/resolve/915d0af2503b3989d7b6d8107f8db5650b41eb32/tutor_app/__init__.py,915d0af2503b3989d7b6d8107f8db5650b41eb32,9ed049a90617145271c9e4537b1b5b8f2ddea31f84cbd7a2c3aaee057b768192,ayushsainime/socratic_maths_tutor.ai,200,,
194,2026-08-30T21:32:00.946682+00:00,tutor_app/constants.py,https://huggingface.co/spaces/ayushsainime/socratic_maths_tutor.ai/resolve/915d0af2503b3989d7b6d8107f8db5650b41eb32/tutor_app/constants.py,915d0af2503b3989d7b6d8107f8db5650b41eb32,e76f0eaeb1bff478d71e0bd7185088afa53de0439a2112cee0a72e7c81434c67,ayushsainime/socratic_maths_tutor.ai,200,,
5910,2026-08-30T21:32:00.964196+00:00,tutor_app/state.py,https://huggingface.co/spaces/ayushsainime/socratic_maths_tutor.ai/resolve/915d0af2503b3989d7b6d8107f8db5650b41eb32/tutor_app/state.py,915d0af2503b3989d7b6d8107f8db5650b41eb32,905500557a0070b328603a164a6fb15e086bcffa57bb2dc1fc9fb65daf021fd5,ayushsainime/socratic_maths_tutor.ai,200,,
545,2026-08-30T21:32:01.440085+00:00,tutor_app/tutor_app.py,https://huggingface.co/spaces/ayushsainime/socratic_maths_tutor.ai/resolve/915d0af2503b3989d7b6d8107f8db5650b41eb32/tutor_app/tutor_app.py,915d0af2503b3989d7b6d8107f8db5650b41eb32,62131d2a7c6dd13cfaf0353beac33300ee87d16dede8840ed573b327c19273e2,ayushsainime/socratic_maths_tutor.ai,200,,
257,2026-08-30T21:32:05.736460+00:00,README.md,https://huggingface.co/spaces/barjacca/medcoach-ai-medical-learning-companion/resolve/1fc345cff37fadf01fbaf627772d5a61077cd4ce/README.md,1fc345cff37fadf01fbaf627772d5a61077cd4ce,84adccc1543529894f933b8bd49726bf165b141753adafab298a0fa7f1f2c257,barjacca/medcoach-ai-medical-learning-companion,200,,
3976,2026-08-30T21:32:06.242979+00:00,components/footer.js,https://huggingface.co/spaces/barjacca/medcoach-ai-medical-learning-companion/resolve/1fc345cff37fadf01fbaf627772d5a61077cd4ce/components/footer.js,1fc345cff37fadf01fbaf627772d5a61077cd4ce,67b4c7c3ee3d941ebd931d36f43ea6f191ef291d8bb09bd7fbff6a697e8cd31c,barjacca/medcoach-ai-medical-learning-companion,200,,
2351,2026-08-30T21:32:06.249639+00:00,components/navbar.js,https://huggingface.co/spaces/barjacca/medcoach-ai-medical-learning-companion/resolve/1fc345cff37fadf01fbaf627772d5a61077cd4ce/components/navbar.js,1fc345cff37fadf01fbaf627772d5a61077cd4ce,19c22d35c2df71afa4f8c0088092026d8436a489c21f09d7053d297f4a321d47,barjacca/medcoach-ai-medical-learning-companion,200,,
1249,2026-08-30T21:32:06.234524+00:00,components/scroll-indicator.js,https://huggingface.co/spaces/barjacca/medcoach-ai-medical-learning-companion/resolve/1fc345cff37fadf01fbaf627772d5a61077cd4ce/components/scroll-indicator.js,1fc345cff37fadf01fbaf627772d5a61077cd4ce,5d107bc4dae22911ddfc695887716e5f0bda1b06fb637764516fa12600b4e782,barjacca/medcoach-ai-medical-learning-companion,200,,
15083,2026-08-30T21:32:06.244541+00:00,index.html,https://huggingface.co/spaces/barjacca/medcoach-ai-medical-learning-companion/resolve/1fc345cff37fadf01fbaf627772d5a61077cd4ce/index.html,1fc345cff37fadf01fbaf627772d5a61077cd4ce,fcaa1f5e7e9ae06d64618673514b3f2f5e0c82985dd96ce9eff91296e39c7c07,barjacca/medcoach-ai-medical-learning-companion,200,,
3154,2026-08-30T21:32:06.247533+00:00,script.js,https://huggingface.co/spaces/barjacca/medcoach-ai-medical-learning-companion/resolve/1fc345cff37fadf01fbaf627772d5a61077cd4ce/script.js,1fc345cff37fadf01fbaf627772d5a61077cd4ce,72c162430b7a9c43f34f2c775e1cf8ffa5d7b12af2f9c5812c6b8ff8811122a5,barjacca/medcoach-ai-medical-learning-companion,200,,
304,2026-08-30T21:32:06.759627+00:00,README.md,https://huggingface.co/spaces/beastneeraj/gen-ai_tutorial/resolve/2db9cd9f1c574a03579282b6577ceca61fe15ed5/README.md,2db9cd9f1c574a03579282b6577ceca61fe15ed5,e85c7c90a2d99f1b5517cbda537cbefccfa66d8eec2338063e23c9faa578b759,beastneeraj/gen-ai_tutorial,200,,
233,2026-08-30T21:32:08.381216+00:00,README.md,https://huggingface.co/spaces/bentwnghk/AiTutor/resolve/15c2f2cdcb2ac3dd96ab8ac49fcb0d7ed64b6ae3/README.md,15c2f2cdcb2ac3dd96ab8ac49fcb0d7ed64b6ae3,eff8d8cbb7a2dd9f26e6b1648ce72853602e9db48ae9c2068b33402afb660ca5,bentwnghk/AiTutor,200,,
234,2026-08-30T21:32:09.917746+00:00,README.md,https://huggingface.co/spaces/bharath-wizard/study-assistant/resolve/55c22f4cb804580830e8a886dba06b4d956f3a3a/README.md,55c22f4cb804580830e8a886dba06b4d956f3a3a,43f62a7b74632e94c3b57ee7d040824ff61fda773e32816bde9a8eaed2a05006,bharath-wizard/study-assistant,200,,
546,2026-08-30T21:32:10.440161+00:00,index.html,https://huggingface.co/spaces/bharath-wizard/study-assistant/resolve/55c22f4cb804580830e8a886dba06b4d956f3a3a/index.html,55c22f4cb804580830e8a886dba06b4d956f3a3a,fef10b4e06879d75c496c1ce3e89410bff1b77bf51220f21570255d1f214580e,bharath-wizard/study-assistant,200,,
275,2026-08-30T21:32:13.175324+00:00,README.md,https://huggingface.co/spaces/bhaskarreddy2006/my-study-assistant/resolve/99dfe30bfdd3b4f8211a6279d26f23f85dbc68aa/README.md,99dfe30bfdd3b4f8211a6279d26f23f85dbc68aa,dce6fe9e321f24ec2baa00d79cb352d5cf4ec02338b7befc78ddd5642b610dfa,bhaskarreddy2006/my-study-assistant,200,,
1808,2026-08-30T21:32:13.717277+00:00,app.py,https://huggingface.co/spaces/bhaskarreddy2006/my-study-assistant/resolve/99dfe30bfdd3b4f8211a6279d26f23f85dbc68aa/app.py,99dfe30bfdd3b4f8211a6279d26f23f85dbc68aa,0ae0c4f0636178ce4cd63532c8ccad9595e1ed755f07b771b1d6c4aa3ed0735d,bhaskarreddy2006/my-study-assistant,200,,
20,2026-08-30T21:32:13.719936+00:00,requirements.txt,https://huggingface.co/spaces/bhaskarreddy2006/my-study-assistant/resolve/99dfe30bfdd3b4f8211a6279d26f23f85dbc68aa/requirements.txt,99dfe30bfdd3b4f8211a6279d26f23f85dbc68aa,95b4ef97b952c34747ec62bd11226237b56adcd53182fcd706b2f2be09c37c53,bhaskarreddy2006/my-study-assistant,200,,
262,2026-08-30T21:32:14.828983+00:00,README.md,https://huggingface.co/spaces/biagio619/noryai-clone-smart-learning-companion/resolve/43b3f7e596e8c3f1ad277cfd3686322aeb905708/README.md,43b3f7e596e8c3f1ad277cfd3686322aeb905708,081edf759d94c2d134b0a6b9fcfeb3574752b33cbdc034df3682581770a9b408,biagio619/noryai-clone-smart-learning-companion,200,,
3819,2026-08-30T21:32:15.336470+00:00,components/footer.js,https://huggingface.co/spaces/biagio619/noryai-clone-smart-learning-companion/resolve/43b3f7e596e8c3f1ad277cfd3686322aeb905708/components/footer.js,43b3f7e596e8c3f1ad277cfd3686322aeb905708,55892e900a556668f2c9f19d985217739ad78d60aa1e68da19de010296a21bc6,biagio619/noryai-clone-smart-learning-companion,200,,
3642,2026-08-30T21:32:15.341815+00:00,components/navbar.js,https://huggingface.co/spaces/biagio619/noryai-clone-smart-learning-companion/resolve/43b3f7e596e8c3f1ad277cfd3686322aeb905708/components/navbar.js,43b3f7e596e8c3f1ad277cfd3686322aeb905708,150cb74006217f3163f70d08da89eff58ef083bad953f2222b3a30783d2c707d,biagio619/noryai-clone-smart-learning-companion,200,,
7047,2026-08-30T21:32:15.326789+00:00,index.html,https://huggingface.co/spaces/biagio619/noryai-clone-smart-learning-companion/resolve/43b3f7e596e8c3f1ad277cfd3686322aeb905708/index.html,43b3f7e596e8c3f1ad277cfd3686322aeb905708,12cb5cff57cfe86e07828865d6803cea39a800a2058565b70f2afb7a6993583b,biagio619/noryai-clone-smart-learning-companion,200,,
593,2026-08-30T21:32:15.337315+00:00,script.js,https://huggingface.co/spaces/biagio619/noryai-clone-smart-learning-companion/resolve/43b3f7e596e8c3f1ad277cfd3686322aeb905708/script.js,43b3f7e596e8c3f1ad277cfd3686322aeb905708,86de8116b1cbb1e2e7bbbb6f5d46cc1961efba13ea9e80058ce490b12f9da72d,biagio619/noryai-clone-smart-learning-companion,200,,
499,2026-08-30T21:32:15.848395+00:00,README.md,https://huggingface.co/spaces/bielik-chatbot-devteam/english_tutor_bielik_ai/resolve/530f39b3ba234636912fa922d28d22006b1d68a8/README.md,530f39b3ba234636912fa922d28d22006b1d68a8,19e4ed9d21bfea44b8ff6df7bba499b5b702353e6c35b275a5ce23aa92cc8840,bielik-chatbot-devteam/english_tutor_bielik_ai,200,,
4642,2026-08-30T21:32:16.380658+00:00,app.py,https://huggingface.co/spaces/bielik-chatbot-devteam/english_tutor_bielik_ai/resolve/530f39b3ba234636912fa922d28d22006b1d68a8/app.py,530f39b3ba234636912fa922d28d22006b1d68a8,6632086b0d4b5d305996e64d802b00db91cd1205685d711ad6a46146fa4e1682,bielik-chatbot-devteam/english_tutor_bielik_ai,200,,
8549,2026-08-30T21:32:16.381578+00:00,backend.py,https://huggingface.co/spaces/bielik-chatbot-devteam/english_tutor_bielik_ai/resolve/530f39b3ba234636912fa922d28d22006b1d68a8/backend.py,530f39b3ba234636912fa922d28d22006b1d68a8,279c736eef3fc78752e5cbb47ba57cdb6aa98adb0645ad7469e43bae6d0e4084,bielik-chatbot-devteam/english_tutor_bielik_ai,200,,
4389,2026-08-30T21:32:16.404651+00:00,config.py,https://huggingface.co/spaces/bielik-chatbot-devteam/english_tutor_bielik_ai/resolve/530f39b3ba234636912fa922d28d22006b1d68a8/config.py,530f39b3ba234636912fa922d28d22006b1d68a8,18cc16b85c6128f95c36960814956d15d71bb847c793dc84e1ab5b1c85118484,bielik-chatbot-devteam/english_tutor_bielik_ai,200,,
67,2026-08-30T21:32:16.382660+00:00,requirements.txt,https://huggingface.co/spaces/bielik-chatbot-devteam/english_tutor_bielik_ai/resolve/530f39b3ba234636912fa922d28d22006b1d68a8/requirements.txt,530f39b3ba234636912fa922d28d22006b1d68a8,df3e030bac99989ab02d677e2c479a38b06109bbf267a0830cf3c2d55ca63a93,bielik-chatbot-devteam/english_tutor_bielik_ai,200,,
226,2026-08-30T21:32:16.953528+00:00,README.md,https://huggingface.co/spaces/bikki8121/edupioneer-offline-ai-learning-companion/resolve/8547eb34be09dff30594fdbb2665d5adcd488ebc/README.md,8547eb34be09dff30594fdbb2665d5adcd488ebc,60ee74e0704436aa5d58427a4da16a60ee485158b3f22891cf0a87360e0a3acc,bikki8121/edupioneer-offline-ai-learning-companion,200,,
546,2026-08-30T21:32:17.496810+00:00,index.html,https://huggingface.co/spaces/bikki8121/edupioneer-offline-ai-learning-companion/resolve/8547eb34be09dff30594fdbb2665d5adcd488ebc/index.html,8547eb34be09dff30594fdbb2665d5adcd488ebc,fef10b4e06879d75c496c1ce3e89410bff1b77bf51220f21570255d1f214580e,bikki8121/edupioneer-offline-ai-learning-companion,200,,
251,2026-08-30T21:32:17.992730+00:00,README.md,https://huggingface.co/spaces/bimboawo2026/AI-Tutor/resolve/5fca2527ad086dfc525860cf979b3ecbcd866c8a/README.md,5fca2527ad086dfc525860cf979b3ecbcd866c8a,a89f858f54b49ff2bb1f960f7dc8dd54495b376969286aa85a700ba30e64f8cd,bimboawo2026/AI-Tutor,200,,
1456,2026-08-30T21:32:18.482906+00:00,app.py,https://huggingface.co/spaces/bimboawo2026/AI-Tutor/resolve/5fca2527ad086dfc525860cf979b3ecbcd866c8a/app.py,5fca2527ad086dfc525860cf979b3ecbcd866c8a,c84c021832d5283f999febfbd9a4ce2ce9e5e218f38124f70fb3388e1815c9c7,bimboawo2026/AI-Tutor,200,,
13,2026-08-30T21:32:18.580518+00:00,requirements.txt,https://huggingface.co/spaces/bimboawo2026/AI-Tutor/resolve/5fca2527ad086dfc525860cf979b3ecbcd866c8a/requirements.txt,5fca2527ad086dfc525860cf979b3ecbcd866c8a,2d71f44fcb2ae634f48abdfb16a059439b0a549e28639f44911140cdc1be3ade,bimboawo2026/AI-Tutor,200,,
200,2026-08-30T21:32:19.102221+00:00,README.md,https://huggingface.co/spaces/bimboawo2026/Smart-AI-Tutor/resolve/75d0e0c3bb4fc8466d3048d2103715bb6c33e441/README.md,75d0e0c3bb4fc8466d3048d2103715bb6c33e441,053398e9f4fa12d0ec0f1e523be1c286037628d4fa6aa3b25b88503556d326e9,bimboawo2026/Smart-AI-Tutor,200,,
1664,2026-08-30T21:32:19.650968+00:00,index.html,https://huggingface.co/spaces/bimboawo2026/Smart-AI-Tutor/resolve/75d0e0c3bb4fc8466d3048d2103715bb6c33e441/index.html,75d0e0c3bb4fc8466d3048d2103715bb6c33e441,870dca6ad2db4be31e3278dcbe59b8c43c3f02baf1c1e105a7d8e73a68c23d7a,bimboawo2026/Smart-AI-Tutor,200,,
336,2026-08-30T21:32:20.144381+00:00,README.md,https://huggingface.co/spaces/bobo0000/PDF-Quiz-Generator/resolve/a9dd6eb37e76cfb92d1392655357e21acef78c18/README.md,a9dd6eb37e76cfb92d1392655357e21acef78c18,dd92ac1100230b626474d43d624ea71e6ca970fb28a7f0db5ef0222b2d05cecd,bobo0000/PDF-Quiz-Generator,200,,
24300,2026-08-30T21:32:20.646729+00:00,app.py,https://huggingface.co/spaces/bobo0000/PDF-Quiz-Generator/resolve/a9dd6eb37e76cfb92d1392655357e21acef78c18/app.py,a9dd6eb37e76cfb92d1392655357e21acef78c18,abc12c6092dfaaeda66ffd549233fbae255b3970ef9abd1e521995dd1d405fdf,bobo0000/PDF-Quiz-Generator,200,,
24095,2026-08-30T21:32:20.645153+00:00,app_old.py,https://huggingface.co/spaces/bobo0000/PDF-Quiz-Generator/resolve/a9dd6eb37e76cfb92d1392655357e21acef78c18/app_old.py,a9dd6eb37e76cfb92d1392655357e21acef78c18,493d164862ab978e55e472c156decdfb25e81fc1eba7321b718c8a156eeb8777,bobo0000/PDF-Quiz-Generator,200,,
37,2026-08-30T21:32:20.662653+00:00,requirements.txt,https://huggingface.co/spaces/bobo0000/PDF-Quiz-Generator/resolve/a9dd6eb37e76cfb92d1392655357e21acef78c18/requirements.txt,a9dd6eb37e76cfb92d1392655357e21acef78c18,e2890687e79f6f4e208125be1a38565fd5654fce1f9e153aa6ee55894abbf2b7,bobo0000/PDF-Quiz-Generator,200,,
296,2026-08-30T21:32:23.342351+00:00,.env.example,https://huggingface.co/spaces/brcew/ai-engineering-tutor/resolve/a45f8a1cd0f2262adf7d954abfd8a6c482e5d1af/.env.example,a45f8a1cd0f2262adf7d954abfd8a6c482e5d1af,89ce8802e391dd52a6a57d054533e30e8ad09a29575100e485f80aed7b6da424,brcew/ai-engineering-tutor,200,,
1084,2026-08-30T21:32:23.363836+00:00,LICENSE,https://huggingface.co/spaces/brcew/ai-engineering-tutor/resolve/a45f8a1cd0f2262adf7d954abfd8a6c482e5d1af/LICENSE,a45f8a1cd0f2262adf7d954abfd8a6c482e5d1af,6d9abe22aef0640f5fbb013a547c9f8b5850a08a0d07b3ad185f27eccbc7a987,brcew/ai-engineering-tutor,200,,
6108,2026-08-30T21:32:22.850645+00:00,README.md,https://huggingface.co/spaces/brcew/ai-engineering-tutor/resolve/a45f8a1cd0f2262adf7d954abfd8a6c482e5d1af/README.md,a45f8a1cd0f2262adf7d954abfd8a6c482e5d1af,a1d8dd2fb167a3307bcc569cd856db6d6420ff564dd46d1f7a778deaa338579f,brcew/ai-engineering-tutor,200,,
2955,2026-08-30T21:32:23.369132+00:00,ai_engineering_tutor.py,https://huggingface.co/spaces/brcew/ai-engineering-tutor/resolve/a45f8a1cd0f2262adf7d954abfd8a6c482e5d1af/ai_engineering_tutor.py,a45f8a1cd0f2262adf7d954abfd8a6c482e5d1af,b8dd7967faedf10952b04b4a6fbcbdb971ed9c7321acbfff9288c34484a24e85,brcew/ai-engineering-tutor,200,,
8164,2026-08-30T21:32:23.378562+00:00,index.html,https://huggingface.co/spaces/brcew/ai-engineering-tutor/resolve/a45f8a1cd0f2262adf7d954abfd8a6c482e5d1af/index.html,a45f8a1cd0f2262adf7d954abfd8a6c482e5d1af,07bc038467e05bdc50969fe42c08e1cc1bd9523e4c46a1114491be20c19fabfc,brcew/ai-engineering-tutor,200,,
668,2026-08-30T21:32:23.364721+00:00,package.json,https://huggingface.co/spaces/brcew/ai-engineering-tutor/resolve/a45f8a1cd0f2262adf7d954abfd8a6c482e5d1af/package.json,a45f8a1cd0f2262adf7d954abfd8a6c482e5d1af,c5086b36d4dc192ff33e005c1c7349f33161e9130835b9d5780d9764d72607f6,brcew/ai-engineering-tutor,200,,
27,2026-08-30T21:32:23.414246+00:00,requirements.txt,https://huggingface.co/spaces/brcew/ai-engineering-tutor/resolve/a45f8a1cd0f2262adf7d954abfd8a6c482e5d1af/requirements.txt,a45f8a1cd0f2262adf7d954abfd8a6c482e5d1af,0827d581e1eaf6751e51c46638d590613a127127af3be865648246bc7447c7e2,brcew/ai-engineering-tutor,200,,
15710,2026-08-30T21:32:23.420260+00:00,script.js,https://huggingface.co/spaces/brcew/ai-engineering-tutor/resolve/a45f8a1cd0f2262adf7d954abfd8a6c482e5d1af/script.js,a45f8a1cd0f2262adf7d954abfd8a6c482e5d1af,de7224df3a436459d5cf8e6018d8be0b665338c6422df01bd8a6346a4a14fa41,brcew/ai-engineering-tutor,200,,
3288,2026-08-30T21:32:23.377184+00:00,server.js,https://huggingface.co/spaces/brcew/ai-engineering-tutor/resolve/a45f8a1cd0f2262adf7d954abfd8a6c482e5d1af/server.js,a45f8a1cd0f2262adf7d954abfd8a6c482e5d1af,5034f3d9c4e252239fed112010728d597cb71b39e92167bf180c81c83d734fb7,brcew/ai-engineering-tutor,200,,
1031,2026-08-30T21:32:23.822904+00:00,sw.js,https://huggingface.co/spaces/brcew/ai-engineering-tutor/resolve/a45f8a1cd0f2262adf7d954abfd8a6c482e5d1af/sw.js,a45f8a1cd0f2262adf7d954abfd8a6c482e5d1af,d7b62bac9eafa5869490c21e11f277fd9a28cf0451780be0422f7e6c6b1b45df,brcew/ai-engineering-tutor,200,,
283,2026-08-30T21:32:26.463378+00:00,README.md,https://huggingface.co/spaces/bruce76/travel-quiz-generator/resolve/66206edb7db2e25f5d967a5eb1c9e516859c0f06/README.md,66206edb7db2e25f5d967a5eb1c9e516859c0f06,3e15765e198cd5703d8aad77003932c4815cb7cfe7977a5d8cb305a48c867ef9,bruce76/travel-quiz-generator,200,,
13338,2026-08-30T21:32:26.959723+00:00,app.py,https://huggingface.co/spaces/bruce76/travel-quiz-generator/resolve/66206edb7db2e25f5d967a5eb1c9e516859c0f06/app.py,66206edb7db2e25f5d967a5eb1c9e516859c0f06,d3f8afc1832e680d0517268036940315cbf7ee950d4efb44217ef45d349dae76,bruce76/travel-quiz-generator,200,,
16,2026-08-30T21:32:26.972341+00:00,requirements.txt,https://huggingface.co/spaces/bruce76/travel-quiz-generator/resolve/66206edb7db2e25f5d967a5eb1c9e516859c0f06/requirements.txt,66206edb7db2e25f5d967a5eb1c9e516859c0f06,ad83dedf79234119dae4ccdc92bce598921f653ef7803a65ea52ba7213480d5d,bruce76/travel-quiz-generator,200,,
982,2026-08-30T21:32:28.260609+00:00,.env.example,https://huggingface.co/spaces/build-small-hackathon/tutordesk-ai/resolve/b95aa8e6d021bf5eed1e0124476462776f0600cf/.env.example,b95aa8e6d021bf5eed1e0124476462776f0600cf,dbf48265ae54a92892a510beda9cc3486010f547ea5cf67472f08b16147f236b,build-small-hackathon/tutordesk-ai,200,,
14148,2026-08-30T21:32:27.763290+00:00,README.md,https://huggingface.co/spaces/build-small-hackathon/tutordesk-ai/resolve/b95aa8e6d021bf5eed1e0124476462776f0600cf/README.md,b95aa8e6d021bf5eed1e0124476462776f0600cf,bbe3b53293ec5b0d27f9eb4183e5b385dc6531d0096c0b135a91ddf866131c55,build-small-hackathon/tutordesk-ai,200,,
228,2026-08-30T21:32:28.274566+00:00,agents/__init__.py,https://huggingface.co/spaces/build-small-hackathon/tutordesk-ai/resolve/b95aa8e6d021bf5eed1e0124476462776f0600cf/agents/__init__.py,b95aa8e6d021bf5eed1e0124476462776f0600cf,cc386ad98978f047f13bf70faac8971e7643a9d87a11fdf24aad75d60f12acbe,build-small-hackathon/tutordesk-ai,200,,
592,2026-08-30T21:32:28.268781+00:00,agents/answer.py,https://huggingface.co/spaces/build-small-hackathon/tutordesk-ai/resolve/b95aa8e6d021bf5eed1e0124476462776f0600cf/agents/answer.py,b95aa8e6d021bf5eed1e0124476462776f0600cf,37e33009d12c419c25f9868f9d1b834f0ac4e98e263ab3496d39fc15878f3e1c,build-small-hackathon/tutordesk-ai,200,,
627,2026-08-30T21:32:28.274132+00:00,agents/base.py,https://huggingface.co/spaces/build-small-hackathon/tutordesk-ai/resolve/b95aa8e6d021bf5eed1e0124476462776f0600cf/agents/base.py,b95aa8e6d021bf5eed1e0124476462776f0600cf,9c724e30cd4472b327ac0a964eb654e0aba960e00895d2bc44876c18cb0edf6d,build-small-hackathon/tutordesk-ai,200,,
774,2026-08-30T21:32:28.351063+00:00,agents/curriculum.py,https://huggingface.co/spaces/build-small-hackathon/tutordesk-ai/resolve/b95aa8e6d021bf5eed1e0124476462776f0600cf/agents/curriculum.py,b95aa8e6d021bf5eed1e0124476462776f0600cf,ea01d9956e6ed6a9b92d78978f5bf05ef286ca8bbd55c04c80236f05c61b72b8,build-small-hackathon/tutordesk-ai,200,,
11783,2026-08-30T21:32:28.271949+00:00,app.py,https://huggingface.co/spaces/build-small-hackathon/tutordesk-ai/resolve/b95aa8e6d021bf5eed1e0124476462776f0600cf/app.py,b95aa8e6d021bf5eed1e0124476462776f0600cf,ee1e7eb5cbd548e08bca3b6f8449252dc3c3dc41525d255d9be9cba7e1d2ab3c,build-small-hackathon/tutordesk-ai,200,,
255,2026-08-30T21:32:28.284886+00:00,frontend/README.md,https://huggingface.co/spaces/build-small-hackathon/tutordesk-ai/resolve/b95aa8e6d021bf5eed1e0124476462776f0600cf/frontend/README.md,b95aa8e6d021bf5eed1e0124476462776f0600cf,a8c9f634d0da8eb95353650431f56e9debf75d0bd6ce1f6749dc891edd3fb648,build-small-hackathon/tutordesk-ai,200,,
499,2026-08-30T21:32:28.267824+00:00,requirements-local.txt,https://huggingface.co/spaces/build-small-hackathon/tutordesk-ai/resolve/b95aa8e6d021bf5eed1e0124476462776f0600cf/requirements-local.txt,b95aa8e6d021bf5eed1e0124476462776f0600cf,d793650d93931fc3b73ef387d9ce4bc74334be948f46a4c3cd00ac71298f332c,build-small-hackathon/tutordesk-ai,200,,
733,2026-08-30T21:32:28.867873+00:00,requirements.txt,https://huggingface.co/spaces/build-small-hackathon/tutordesk-ai/resolve/b95aa8e6d021bf5eed1e0124476462776f0600cf/requirements.txt,b95aa8e6d021bf5eed1e0124476462776f0600cf,0d9b022295e0b792c07d477496249f0113733588f766e2e1af888d156e7bd3ea,build-small-hackathon/tutordesk-ai,200,,
267,2026-08-30T21:32:51.155576+00:00,README.md,https://huggingface.co/spaces/cONTACTOINC/urania-ai-stellar-learning-companion/resolve/30640268c5ce89c5acb472f06f35ea91b35cb10a/README.md,30640268c5ce89c5acb472f06f35ea91b35cb10a,bb225e3a548746031a4d2e2d76c44ae35b9cf415ca4dc74afc47fd8532b81ee1,cONTACTOINC/urania-ai-stellar-learning-companion,200,,
4620,2026-08-30T21:32:51.685474+00:00,components/equation-solver.js,https://huggingface.co/spaces/cONTACTOINC/urania-ai-stellar-learning-companion/resolve/30640268c5ce89c5acb472f06f35ea91b35cb10a/components/equation-solver.js,30640268c5ce89c5acb472f06f35ea91b35cb10a,d99b5debc31754c9e8a1ddefa836e4a93fa4fbda2ac203bd54a84e0dc1981022,cONTACTOINC/urania-ai-stellar-learning-companion,200,,
4130,2026-08-30T21:32:51.682593+00:00,components/footer.js,https://huggingface.co/spaces/cONTACTOINC/urania-ai-stellar-learning-companion/resolve/30640268c5ce89c5acb472f06f35ea91b35cb10a/components/footer.js,30640268c5ce89c5acb472f06f35ea91b35cb10a,1d0e467f1cf32029bd71f73773426640bd1f139ee3491a2d09ae5ef6fe2bc5d3,cONTACTOINC/urania-ai-stellar-learning-companion,200,,
2327,2026-08-30T21:32:51.671724+00:00,components/navbar.js,https://huggingface.co/spaces/cONTACTOINC/urania-ai-stellar-learning-companion/resolve/30640268c5ce89c5acb472f06f35ea91b35cb10a/components/navbar.js,30640268c5ce89c5acb472f06f35ea91b35cb10a,d4cb4f7b8f496cd6471b599c5f36278cc00dba3f17860d5601134178e7e2e2df,cONTACTOINC/urania-ai-stellar-learning-companion,200,,
16176,2026-08-30T21:32:51.901652+00:00,index.html,https://huggingface.co/spaces/cONTACTOINC/urania-ai-stellar-learning-companion/resolve/30640268c5ce89c5acb472f06f35ea91b35cb10a/index.html,30640268c5ce89c5acb472f06f35ea91b35cb10a,c39f1fb64c7ca8ae9690a3157153c7622266573942582ecddea059657992381e,cONTACTOINC/urania-ai-stellar-learning-companion,200,,
4940,2026-08-30T21:32:51.679249+00:00,script.js,https://huggingface.co/spaces/cONTACTOINC/urania-ai-stellar-learning-companion/resolve/30640268c5ce89c5acb472f06f35ea91b35cb10a/script.js,30640268c5ce89c5acb472f06f35ea91b35cb10a,0ff906a9c15acef810a7581c284d5205912804b058709a1f3e4c3b510654d204,cONTACTOINC/urania-ai-stellar-learning-companion,200,,
260,2026-08-30T21:32:30.411833+00:00,README.md,https://huggingface.co/spaces/cdgsdg/ahs-study-assistant/resolve/9e0e21e2264229e97adbd078efee3131e42cf127/README.md,9e0e21e2264229e97adbd078efee3131e42cf127,cfb25f470474465d563fda8b18019aadf661402ae74adaff05c3de16b21419a0,cdgsdg/ahs-study-assistant,200,,
546,2026-08-30T21:32:30.920392+00:00,index.html,https://huggingface.co/spaces/cdgsdg/ahs-study-assistant/resolve/9e0e21e2264229e97adbd078efee3131e42cf127/index.html,9e0e21e2264229e97adbd078efee3131e42cf127,fef10b4e06879d75c496c1ce3e89410bff1b77bf51220f21570255d1f214580e,cdgsdg/ahs-study-assistant,200,,
223,2026-08-30T21:32:31.485043+00:00,README.md,https://huggingface.co/spaces/ces99/edufolio-the-learning-journey-companion/resolve/8565608672789aa88335697e25e2ce16d8080a34/README.md,8565608672789aa88335697e25e2ce16d8080a34,88927ba884cbc85f874de5feb7bdedffce390319272dabf9ce4f687434f56eb7,ces99/edufolio-the-learning-journey-companion,200,,
414,2026-08-30T21:32:31.980398+00:00,README.md,https://huggingface.co/spaces/chakrikajasti/AI_TUTOR/resolve/249e75c50a4f538a61b8dd5dd23aa0b5771d0308/README.md,249e75c50a4f538a61b8dd5dd23aa0b5771d0308,1d1f5520e52d7d43dbada5301007e1728710307aa8a65a265d25c36c3fe57b18,chakrikajasti/AI_TUTOR,200,,
23,2026-08-30T21:32:32.497541+00:00,requirements.txt,https://huggingface.co/spaces/chakrikajasti/AI_TUTOR/resolve/249e75c50a4f538a61b8dd5dd23aa0b5771d0308/requirements.txt,249e75c50a4f538a61b8dd5dd23aa0b5771d0308,0eab15ba6b51230309e4c83903237faceae6e1e2158257084c6a3db910a1bcc7,chakrikajasti/AI_TUTOR,200,,
1125,2026-08-30T21:32:32.527306+00:00,src/streamlit_app.py,https://huggingface.co/spaces/chakrikajasti/AI_TUTOR/resolve/249e75c50a4f538a61b8dd5dd23aa0b5771d0308/src/streamlit_app.py,249e75c50a4f538a61b8dd5dd23aa0b5771d0308,67c3220df70c5f085a360e92abd29ba4c9f56cbd5ffcab04cd45ba6096794b04,chakrikajasti/AI_TUTOR,200,,
251,2026-08-30T21:32:33.045292+00:00,README.md,https://huggingface.co/spaces/chandanareddy1234/AITutor/resolve/09fa98e1523f690f2cc5a1b6143d8a6d75844bf4/README.md,09fa98e1523f690f2cc5a1b6143d8a6d75844bf4,42f2ecbb676bbf54b951f23e84521596b81d68a4abef034d7fa9092dfdba4457,chandanareddy1234/AITutor,200,,
1722,2026-08-30T21:32:33.538503+00:00,app.py,https://huggingface.co/spaces/chandanareddy1234/AITutor/resolve/09fa98e1523f690f2cc5a1b6143d8a6d75844bf4/app.py,09fa98e1523f690f2cc5a1b6143d8a6d75844bf4,de2d5616b1ebe2a049bc6051e6d2ee7896c348c3e9477967a130245faf395f99,chandanareddy1234/AITutor,200,,
27,2026-08-30T21:32:33.577072+00:00,requirements.txt,https://huggingface.co/spaces/chandanareddy1234/AITutor/resolve/09fa98e1523f690f2cc5a1b6143d8a6d75844bf4/requirements.txt,09fa98e1523f690f2cc5a1b6143d8a6d75844bf4,00ca98fab99393d62d18c39d7a7b72af4b9cd5e2c73f4f77323b5cd4725c4b4e,chandanareddy1234/AITutor,200,,
6096,2026-08-30T21:32:35.158908+00:00,README.md,https://huggingface.co/spaces/chandrakireeti/StudyAssistant/resolve/f435aa2d8d78d72eccc55163a49bee038f704881/README.md,f435aa2d8d78d72eccc55163a49bee038f704881,9c6a0c421654ec38712eb20ef58c73559e72450d1b7cfe847805cf192b92e05d,chandrakireeti/StudyAssistant,200,,
1747,2026-08-30T21:32:35.656040+00:00,app.py,https://huggingface.co/spaces/chandrakireeti/StudyAssistant/resolve/f435aa2d8d78d72eccc55163a49bee038f704881/app.py,f435aa2d8d78d72eccc55163a49bee038f704881,eed4d114db011e17cf46db83396ca13392beff563bf120d1fd504205b7ccaf6d,chandrakireeti/StudyAssistant,200,,
27,2026-08-30T21:32:35.663387+00:00,requirements.txt,https://huggingface.co/spaces/chandrakireeti/StudyAssistant/resolve/f435aa2d8d78d72eccc55163a49bee038f704881/requirements.txt,f435aa2d8d78d72eccc55163a49bee038f704881,9dc459c4e710071260c39d446bb68ecbbb26a432d3968ed58031b729d0459ad9,chandrakireeti/StudyAssistant,200,,
249,2026-08-30T21:32:36.189300+00:00,README.md,https://huggingface.co/spaces/chapeljj/PISA-Teaching-Assistant-Chatbot/resolve/2c6137def2f25e0943b473149c66c071165eb24f/README.md,2c6137def2f25e0943b473149c66c071165eb24f,b990f1ddeb0b7c60bf1ef52423ad0e192429cfd6d99941b9b6b1800121d8448a,chapeljj/PISA-Teaching-Assistant-Chatbot,200,,
33516,2026-08-30T21:32:36.684661+00:00,app-v2.py,https://huggingface.co/spaces/chapeljj/PISA-Teaching-Assistant-Chatbot/resolve/2c6137def2f25e0943b473149c66c071165eb24f/app-v2.py,2c6137def2f25e0943b473149c66c071165eb24f,40f3d26884b789727c9f81e6cefc9a617b39943aed852bea11b505efde2db992,chapeljj/PISA-Teaching-Assistant-Chatbot,200,,
24038,2026-08-30T21:32:36.691066+00:00,app.py,https://huggingface.co/spaces/chapeljj/PISA-Teaching-Assistant-Chatbot/resolve/2c6137def2f25e0943b473149c66c071165eb24f/app.py,2c6137def2f25e0943b473149c66c071165eb24f,51f40c2efc2bd03d0bcb11f9696b71c623805743bd9a0ea8155691cb70a2e95a,chapeljj/PISA-Teaching-Assistant-Chatbot,200,,
20,2026-08-30T21:32:36.734393+00:00,requirements.txt,https://huggingface.co/spaces/chapeljj/PISA-Teaching-Assistant-Chatbot/resolve/2c6137def2f25e0943b473149c66c071165eb24f/requirements.txt,2c6137def2f25e0943b473149c66c071165eb24f,b20e0712e176d4d93cdf9307681392e57db64ed825cb0872da0957c973969801,chapeljj/PISA-Teaching-Assistant-Chatbot,200,,
211,2026-08-30T21:32:38.285041+00:00,README.md,https://huggingface.co/spaces/chenna2004/StudyAssistant/resolve/364a5c2ea4607ffccf418d44801e8fe0612d1e1e/README.md,364a5c2ea4607ffccf418d44801e8fe0612d1e1e,0a1bf7819292296a111a8ae7085e2c65095364328649c4e5ce6fba5eb3aec7cf,chenna2004/StudyAssistant,200,,
546,2026-09-02T19:08:34.962322+00:00,index.html,https://huggingface.co/spaces/chenna2004/StudyAssistant/resolve/364a5c2ea4607ffccf418d44801e8fe0612d1e1e/index.html,364a5c2ea4607ffccf418d44801e8fe0612d1e1e,fef10b4e06879d75c496c1ce3e89410bff1b77bf51220f21570255d1f214580e,chenna2004/StudyAssistant,200,lossless-v2,utf-8
462,2026-08-30T21:32:38.795347+00:00,README.md,https://huggingface.co/spaces/cheriftassii/my-ai-tutor/resolve/f466c77fc4c97a27889150045a39e7cab439ae0d/README.md,f466c77fc4c97a27889150045a39e7cab439ae0d,64d89f4469279ab446a87833532b3f59d5799ce7c1944509f8710b740953a843,cheriftassii/my-ai-tutor,200,,
5161,2026-08-30T21:32:39.310672+00:00,app.py,https://huggingface.co/spaces/cheriftassii/my-ai-tutor/resolve/f466c77fc4c97a27889150045a39e7cab439ae0d/app.py,f466c77fc4c97a27889150045a39e7cab439ae0d,9389b4f96f1249ee6054c4b46693ec894a314f2a5abfaacca8ac6745904684fa,cheriftassii/my-ai-tutor,200,,
26,2026-08-30T21:32:39.297617+00:00,requirements.txt,https://huggingface.co/spaces/cheriftassii/my-ai-tutor/resolve/f466c77fc4c97a27889150045a39e7cab439ae0d/requirements.txt,f466c77fc4c97a27889150045a39e7cab439ae0d,74b537968618c95050777ae4ab4129a52dced84e0b60eec71d1b6c4986d48ee7,cheriftassii/my-ai-tutor,200,,
312,2026-08-30T21:32:40.846327+00:00,README.md,https://huggingface.co/spaces/chsubhasis/AI_Tutor/resolve/ba0e04c83eff077af62cef2ba95f204c194ceb0c/README.md,ba0e04c83eff077af62cef2ba95f204c194ceb0c,5661cbda14ba428d9bd1a0a3e872482d7b2bfb0ed697465c089e510e55d3766d,chsubhasis/AI_Tutor,200,,
9627,2026-08-30T21:32:41.384994+00:00,app.py,https://huggingface.co/spaces/chsubhasis/AI_Tutor/resolve/ba0e04c83eff077af62cef2ba95f204c194ceb0c/app.py,ba0e04c83eff077af62cef2ba95f204c194ceb0c,e9caaa3259f1ca5dcbd4ca3cdd8635baa6e70e45ae1864f8ded83490b6d454b2,chsubhasis/AI_Tutor,200,,
240,2026-08-31T01:25:29.097701+00:00,requirements.txt,https://huggingface.co/spaces/chsubhasis/AI_Tutor/resolve/ba0e04c83eff077af62cef2ba95f204c194ceb0c/requirements.txt,ba0e04c83eff077af62cef2ba95f204c194ceb0c,d72214db56f397b350c5aa5a6f0e68fc2f264b0321d3d38ee69fca048a1c78b5,chsubhasis/AI_Tutor,200,,utf-16-le-bom
315,2026-08-30T21:32:41.953421+00:00,README.md,https://huggingface.co/spaces/cipher2150/Study-Assistant/resolve/4301aacff458dbed89eecaf2ebbae7868262f972/README.md,4301aacff458dbed89eecaf2ebbae7868262f972,705a1ef893c1966a052888e80be5c9416d2435682ec7e64108d67b0f3ae6cc20,cipher2150/Study-Assistant,200,,
1738,2026-08-30T21:32:42.452136+00:00,app.py,https://huggingface.co/spaces/cipher2150/Study-Assistant/resolve/4301aacff458dbed89eecaf2ebbae7868262f972/app.py,4301aacff458dbed89eecaf2ebbae7868262f972,46be19af1c8830e50ea5f8f9f0606d6b14f364f5a1ea22d746071032fd5de99b,cipher2150/Study-Assistant,200,,
20,2026-08-30T21:32:42.452615+00:00,requirements.txt,https://huggingface.co/spaces/cipher2150/Study-Assistant/resolve/4301aacff458dbed89eecaf2ebbae7868262f972/requirements.txt,4301aacff458dbed89eecaf2ebbae7868262f972,95b4ef97b952c34747ec62bd11226237b56adcd53182fcd706b2f2be09c37c53,cipher2150/Study-Assistant,200,,
284,2026-08-30T21:32:42.955576+00:00,README.md,https://huggingface.co/spaces/ck-2004/StudyAssistant/resolve/5741b4ed7e4c62dee4f3cda52cb73ced005268cb/README.md,5741b4ed7e4c62dee4f3cda52cb73ced005268cb,06d22203f71c546a5296214364bf79ad3561e2ca7b7799767c52db57fc83fb96,ck-2004/StudyAssistant,200,,
546,2026-08-30T21:32:43.462688+00:00,index.html,https://huggingface.co/spaces/ck-2004/StudyAssistant/resolve/5741b4ed7e4c62dee4f3cda52cb73ced005268cb/index.html,5741b4ed7e4c62dee4f3cda52cb73ced005268cb,fef10b4e06879d75c496c1ce3e89410bff1b77bf51220f21570255d1f214580e,ck-2004/StudyAssistant,200,,
249,2026-08-30T21:32:45.071184+00:00,README.md,https://huggingface.co/spaces/claytxyz/smart-learning-circle-companion/resolve/e9510225fd70e3d3c4abf98e07424a9edd3db13e/README.md,e9510225fd70e3d3c4abf98e07424a9edd3db13e,d02ac84b0ee3fe065679486585627382a113187718477344b646c358282f75e6,claytxyz/smart-learning-circle-companion,200,,
325,2026-08-30T21:32:45.575699+00:00,README.md,https://huggingface.co/spaces/cllllw/smart-study-assistant/resolve/a765f9b1d7b83dc0752ae00f63e461fc4c4108b8/README.md,a765f9b1d7b83dc0752ae00f63e461fc4c4108b8,bd04c62bd7fe81bedbd3e33d84165e0a85a84344e661e0eb58ecb012105b8fb0,cllllw/smart-study-assistant,200,,
3424,2026-08-30T21:32:46.064947+00:00,index.html,https://huggingface.co/spaces/cllllw/smart-study-assistant/resolve/a765f9b1d7b83dc0752ae00f63e461fc4c4108b8/index.html,a765f9b1d7b83dc0752ae00f63e461fc4c4108b8,c523b7243f8fd95d89d3c44712f8e228dc32c9f569e63a0b48ce4f23ae75326e,cllllw/smart-study-assistant,200,,
260,2026-08-30T21:32:46.569637+00:00,README.md,https://huggingface.co/spaces/clugg25/cluggos-ai-quiz-generator/resolve/0eb700088f3b12de1bc740f545f68e347e1b3234/README.md,0eb700088f3b12de1bc740f545f68e347e1b3234,910d1fde0c8c88dc0ff1e8460b3958e4a320ac2f5c75185d0ce161969ee9e7e8,clugg25/cluggos-ai-quiz-generator,200,,
3937,2026-08-30T21:32:47.082695+00:00,app.py,https://huggingface.co/spaces/clugg25/cluggos-ai-quiz-generator/resolve/0eb700088f3b12de1bc740f545f68e347e1b3234/app.py,0eb700088f3b12de1bc740f545f68e347e1b3234,77d1a00277b6e2ad7c374802238d2fd56efc97d0473279d2d8f2d91778f8a335,clugg25/cluggos-ai-quiz-generator,200,,
1373,2026-08-30T21:32:47.099058+00:00,pdf_generator.py,https://huggingface.co/spaces/clugg25/cluggos-ai-quiz-generator/resolve/0eb700088f3b12de1bc740f545f68e347e1b3234/pdf_generator.py,0eb700088f3b12de1bc740f545f68e347e1b3234,0acc7e719543ac0fb3c54a23e1a8ebeb6cd230f3cad0b69bd5c8d20ad198cc07,clugg25/cluggos-ai-quiz-generator,200,,
124,2026-08-30T21:32:47.073951+00:00,requirements.txt,https://huggingface.co/spaces/clugg25/cluggos-ai-quiz-generator/resolve/0eb700088f3b12de1bc740f545f68e347e1b3234/requirements.txt,0eb700088f3b12de1bc740f545f68e347e1b3234,2543c5107c355d46a532c0f5c7407b6e7d34a7ae596378f8e99a882be6071a93,clugg25/cluggos-ai-quiz-generator,200,,
342,2026-08-30T21:32:48.932150+00:00,README.md,https://huggingface.co/spaces/codewithchaitanya15/StudyAssistant/resolve/fadb26e5192c8a6d3caa49107b397531874eb9e8/README.md,fadb26e5192c8a6d3caa49107b397531874eb9e8,78ec65b9915e6f2f324b05748e9cd66fc160692f3d8a0529dacbac6027c53f80,codewithchaitanya15/StudyAssistant,200,,
1791,2026-09-02T19:08:35.672368+00:00,app.py,https://huggingface.co/spaces/codewithchaitanya15/StudyAssistant/resolve/fadb26e5192c8a6d3caa49107b397531874eb9e8/app.py,fadb26e5192c8a6d3caa49107b397531874eb9e8,5359365f20b00a03f0ce47c784f2072b98e6f4dedaee047e05a7f11409e9c069,codewithchaitanya15/StudyAssistant,200,lossless-v2,utf-8
33,2026-09-02T19:08:35.628020+00:00,requirements.txt,https://huggingface.co/spaces/codewithchaitanya15/StudyAssistant/resolve/fadb26e5192c8a6d3caa49107b397531874eb9e8/requirements.txt,fadb26e5192c8a6d3caa49107b397531874eb9e8,a7d86cae930b689e3599c1f1beef671402a1071aea5e6357d69b6fcfbe950def,codewithchaitanya15/StudyAssistant,200,lossless-v2,utf-8
201,2026-08-30T21:32:49.433240+00:00,README.md,https://huggingface.co/spaces/colehoward/Teaching_Assistant_Training/resolve/085d01e5168e20d212865308d9519ece6d5f89c2/README.md,085d01e5168e20d212865308d9519ece6d5f89c2,c557b328978eb6d5399ba0fd7ef7083e3c7b04eb6898afeee783308aadde4a28,colehoward/Teaching_Assistant_Training,200,,
221,2026-08-30T21:32:49.955541+00:00,README.md,https://huggingface.co/spaces/colindj/quizcraft-pro-ai-powered-quiz-generator/resolve/94a26a16bc6fd74137cbec37cb323bc9435de5cf/README.md,94a26a16bc6fd74137cbec37cb323bc9435de5cf,36a80e6cce0191aee31e83ab9d21a4fc65d70b2127bf03b0512dbeb7b1f5a72c,colindj/quizcraft-pro-ai-powered-quiz-generator,200,,
546,2026-08-30T21:32:50.527890+00:00,index.html,https://huggingface.co/spaces/colindj/quizcraft-pro-ai-powered-quiz-generator/resolve/94a26a16bc6fd74137cbec37cb323bc9435de5cf/index.html,94a26a16bc6fd74137cbec37cb323bc9435de5cf,fef10b4e06879d75c496c1ce3e89410bff1b77bf51220f21570255d1f214580e,colindj/quizcraft-pro-ai-powered-quiz-generator,200,,
212,2026-08-30T21:32:52.432457+00:00,README.md,https://huggingface.co/spaces/coolcoderAk/StudyAssistant/resolve/a91830a929802c346501d6c15483db0086deb348/README.md,a91830a929802c346501d6c15483db0086deb348,bf6a003f31876114762cde35fff52f856226a1ccc6b9df038b0e94856ece4d52,coolcoderAk/StudyAssistant,200,,
546,2026-09-02T19:08:36.310153+00:00,index.html,https://huggingface.co/spaces/coolcoderAk/StudyAssistant/resolve/a91830a929802c346501d6c15483db0086deb348/index.html,a91830a929802c346501d6c15483db0086deb348,fef10b4e06879d75c496c1ce3e89410bff1b77bf51220f21570255d1f214580e,coolcoderAk/StudyAssistant,200,lossless-v2,utf-8
2890,2026-08-30T21:32:52.958571+00:00,README.md,https://huggingface.co/spaces/cosmoEagle/DSA-Teaching-Assistant/resolve/10c68990d7be9c03e8f35cac6f4f3bb5841c57b7/README.md,10c68990d7be9c03e8f35cac6f4f3bb5841c57b7,57ac40695f839f512af3e94e1e615735fbd8750bf58c21ffa29f0492ebced626,cosmoEagle/DSA-Teaching-Assistant,200,,
0,2026-08-30T21:32:53.215093+00:00,agents/__init__.py,https://huggingface.co/spaces/cosmoEagle/DSA-Teaching-Assistant/resolve/10c68990d7be9c03e8f35cac6f4f3bb5841c57b7/agents/__init__.py,10c68990d7be9c03e8f35cac6f4f3bb5841c57b7,e3b0c44298fc1c149afbf4c8996fb92427ae41e4649b934ca495991b7852b855,cosmoEagle/DSA-Teaching-Assistant,200,,
7142,2026-08-30T21:32:53.477350+00:00,agents/problem_fetcher.py,https://huggingface.co/spaces/cosmoEagle/DSA-Teaching-Assistant/resolve/10c68990d7be9c03e8f35cac6f4f3bb5841c57b7/agents/problem_fetcher.py,10c68990d7be9c03e8f35cac6f4f3bb5841c57b7,346732108af596496cf4b9f6a387998a7076701b98745853676040bec832281b,cosmoEagle/DSA-Teaching-Assistant,200,,
7286,2026-08-30T21:32:53.481824+00:00,agents/prompts.py,https://huggingface.co/spaces/cosmoEagle/DSA-Teaching-Assistant/resolve/10c68990d7be9c03e8f35cac6f4f3bb5841c57b7/agents/prompts.py,10c68990d7be9c03e8f35cac6f4f3bb5841c57b7,d74718729825f5e5800973348a32a16c5227e63dc90175257bf42feb615bf6e3,cosmoEagle/DSA-Teaching-Assistant,200,,
1763,2026-08-30T21:32:53.480479+00:00,agents/teaching_assistant.py,https://huggingface.co/spaces/cosmoEagle/DSA-Teaching-Assistant/resolve/10c68990d7be9c03e8f35cac6f4f3bb5841c57b7/agents/teaching_assistant.py,10c68990d7be9c03e8f35cac6f4f3bb5841c57b7,f677666ff5733128747dfedf4897abad75a63df42e1f259845ff1fbc46e9b30a,cosmoEagle/DSA-Teaching-Assistant,200,,
5781,2026-08-30T21:32:53.573408+00:00,app.py,https://huggingface.co/spaces/cosmoEagle/DSA-Teaching-Assistant/resolve/10c68990d7be9c03e8f35cac6f4f3bb5841c57b7/app.py,10c68990d7be9c03e8f35cac6f4f3bb5841c57b7,171dae62b32a3cd02f07c28ca7ad7e4de6ba7c3003b64b8ecc4610f8afb3b04d,cosmoEagle/DSA-Teaching-Assistant,200,,
4363,2026-08-30T21:32:53.474991+00:00,components/db_handler.py,https://huggingface.co/spaces/cosmoEagle/DSA-Teaching-Assistant/resolve/10c68990d7be9c03e8f35cac6f4f3bb5841c57b7/components/db_handler.py,10c68990d7be9c03e8f35cac6f4f3bb5841c57b7,559e4bad017dbf03b62b9a54d2113c348d5adca101d673be16ac1a23ac631bc8,cosmoEagle/DSA-Teaching-Assistant,200,,
3028,2026-08-30T21:32:53.524542+00:00,components/history_sidebar.py,https://huggingface.co/spaces/cosmoEagle/DSA-Teaching-Assistant/resolve/10c68990d7be9c03e8f35cac6f4f3bb5841c57b7/components/history_sidebar.py,10c68990d7be9c03e8f35cac6f4f3bb5841c57b7,a9b57e355aa5e0aff559ea53dc766c28bb06d2a38cf1c6ac97abb489610c1b1f,cosmoEagle/DSA-Teaching-Assistant,200,,
235,2026-08-30T21:32:53.529158+00:00,components/leetcode.py,https://huggingface.co/spaces/cosmoEagle/DSA-Teaching-Assistant/resolve/10c68990d7be9c03e8f35cac6f4f3bb5841c57b7/components/leetcode.py,10c68990d7be9c03e8f35cac6f4f3bb5841c57b7,9f539ab619fd5715ba1f1d558a462f279f82998870e5322fdb14952ac6f618c4,cosmoEagle/DSA-Teaching-Assistant,200,,
121,2026-08-30T21:32:53.702522+00:00,requirements.txt,https://huggingface.co/spaces/cosmoEagle/DSA-Teaching-Assistant/resolve/10c68990d7be9c03e8f35cac6f4f3bb5841c57b7/requirements.txt,10c68990d7be9c03e8f35cac6f4f3bb5841c57b7,910fcd2d414dca17fa808013eec3ced04082338e2ad753e90c39d8d84a55e98d,cosmoEagle/DSA-Teaching-Assistant,200,,
123,2026-08-30T21:32:54.226113+00:00,README.md,https://huggingface.co/spaces/crystallizedcrust/quiz-generator/resolve/7ce43d103f98523db849988fa5ad216cb89860ee/README.md,7ce43d103f98523db849988fa5ad216cb89860ee,b44ddb2f1111db1d1e5bf591e8475d638a7d58d405b32b9d81820e4ae5dc526e,crystallizedcrust/quiz-generator,200,,
3654,2026-08-30T21:32:54.755394+00:00,app.py,https://huggingface.co/spaces/crystallizedcrust/quiz-generator/resolve/7ce43d103f98523db849988fa5ad216cb89860ee/app.py,7ce43d103f98523db849988fa5ad216cb89860ee,54b181b4713df569d9656d79c6f99cd5677b989b310beccb1f3b6f52c8b68269,crystallizedcrust/quiz-generator,200,,
423,2026-08-30T21:32:54.730260+00:00,requirements.txt,https://huggingface.co/spaces/crystallizedcrust/quiz-generator/resolve/7ce43d103f98523db849988fa5ad216cb89860ee/requirements.txt,7ce43d103f98523db849988fa5ad216cb89860ee,e8160d1c73987b83b1b61180c0e9e6ec48a1650bd0a63ab2e344a0d6e331dd95,crystallizedcrust/quiz-generator,200,,
1635,2026-08-30T21:32:57.314518+00:00,README.md,https://huggingface.co/spaces/curalearning/lesson_plan_generator/resolve/81f3f6f8bee5abc2d82abe3696fe0c240a60a1fb/README.md,81f3f6f8bee5abc2d82abe3696fe0c240a60a1fb,06ff2b5747e346c024b78db23c8a09db44f12769ebf61a46a22aa160723d74db,curalearning/lesson_plan_generator,200,,
133,2026-08-30T21:32:57.805691+00:00,requirements.txt,https://huggingface.co/spaces/curalearning/lesson_plan_generator/resolve/81f3f6f8bee5abc2d82abe3696fe0c240a60a1fb/requirements.txt,81f3f6f8bee5abc2d82abe3696fe0c240a60a1fb,87da059fa6024466646088413768cf086e6c6084ec77efa1563aca29c88af951,curalearning/lesson_plan_generator,200,,
10123,2026-08-30T21:32:57.861023+00:00,src/gpt_method.py,https://huggingface.co/spaces/curalearning/lesson_plan_generator/resolve/81f3f6f8bee5abc2d82abe3696fe0c240a60a1fb/src/gpt_method.py,81f3f6f8bee5abc2d82abe3696fe0c240a60a1fb,f1f8b319cb595227e7e421a32dc69af204ef495c8609cc0a8c567d7e6bffaa66,curalearning/lesson_plan_generator,200,,
5012,2026-08-30T21:32:57.830050+00:00,src/lesson_editor.py,https://huggingface.co/spaces/curalearning/lesson_plan_generator/resolve/81f3f6f8bee5abc2d82abe3696fe0c240a60a1fb/src/lesson_editor.py,81f3f6f8bee5abc2d82abe3696fe0c240a60a1fb,3a0358781e15d95c9fb7737216c878f30905446ceab147e672b01b1d01e58176,curalearning/lesson_plan_generator,200,,
39225,2026-08-30T21:32:57.862356+00:00,src/prompts_en.py,https://huggingface.co/spaces/curalearning/lesson_plan_generator/resolve/81f3f6f8bee5abc2d82abe3696fe0c240a60a1fb/src/prompts_en.py,81f3f6f8bee5abc2d82abe3696fe0c240a60a1fb,bb6d42303f445ea4e6b3ba60787874c5e360daa933ee28845374a1daf0993ba8,curalearning/lesson_plan_generator,200,,
5643,2026-08-30T21:32:57.836959+00:00,src/streamlit_app.py,https://huggingface.co/spaces/curalearning/lesson_plan_generator/resolve/81f3f6f8bee5abc2d82abe3696fe0c240a60a1fb/src/streamlit_app.py,81f3f6f8bee5abc2d82abe3696fe0c240a60a1fb,0102358a464f2f1a3ea4b483ec79cccd6ab29d03c60eb27953deb0a14420b498,curalearning/lesson_plan_generator,200,,
255,2026-08-30T21:32:59.948317+00:00,README.md,https://huggingface.co/spaces/czdczcd/mentorai-your-ai-learning-companion/resolve/0a96c7ce9c7821d2b276da8faed8c35e473844a2/README.md,0a96c7ce9c7821d2b276da8faed8c35e473844a2,ac96bc96c6fb7607af0411f8a0eab43ae29514b5a0f99ff2a8de4ea137d5999a,czdczcd/mentorai-your-ai-learning-companion,200,,
1085,2026-08-30T21:33:00.480593+00:00,dashboard.html,https://huggingface.co/spaces/czdczcd/mentorai-your-ai-learning-companion/resolve/0a96c7ce9c7821d2b276da8faed8c35e473844a2/dashboard.html,0a96c7ce9c7821d2b276da8faed8c35e473844a2,a19d330a2cc0fc0b45e7ad61455430741c9460fd21779eb70cb02c355bb506c7,czdczcd/mentorai-your-ai-learning-companion,200,,
8295,2026-08-30T21:33:00.456011+00:00,index.html,https://huggingface.co/spaces/czdczcd/mentorai-your-ai-learning-companion/resolve/0a96c7ce9c7821d2b276da8faed8c35e473844a2/index.html,0a96c7ce9c7821d2b276da8faed8c35e473844a2,b51d3473fe2efb98a67ca81cc9d1170834e7dec8eedff1382fe728fe5ba24200,czdczcd/mentorai-your-ai-learning-companion,200,,
3266,2026-08-30T21:33:00.512763+00:00,signin.html,https://huggingface.co/spaces/czdczcd/mentorai-your-ai-learning-companion/resolve/0a96c7ce9c7821d2b276da8faed8c35e473844a2/signin.html,0a96c7ce9c7821d2b276da8faed8c35e473844a2,e45d108531705289e40458e1f60578c7c4ebfd02283b3b005b58c5536d2f313c,czdczcd/mentorai-your-ai-learning-companion,200,,
3511,2026-08-30T21:33:00.593273+00:00,signup.html,https://huggingface.co/spaces/czdczcd/mentorai-your-ai-learning-companion/resolve/0a96c7ce9c7821d2b276da8faed8c35e473844a2/signup.html,0a96c7ce9c7821d2b276da8faed8c35e473844a2,ed8ada83fc76920d8899e37d510001ca545fe8cc415df42bbc11f7a242755500,czdczcd/mentorai-your-ai-learning-companion,200,,
224,2026-08-30T21:33:01.108503+00:00,README.md,https://huggingface.co/spaces/dakad52/edusphere-3d-tunisian-learning-companion/resolve/f4d540b58099d278282926bc0d8af9b6566bef67/README.md,f4d540b58099d278282926bc0d8af9b6566bef67,1c7da89dbd0f0290fc46242f56e462c5ad9826050c95864882facdba3ac299f3,dakad52/edusphere-3d-tunisian-learning-companion,200,,
546,2026-08-30T21:33:01.687197+00:00,index.html,https://huggingface.co/spaces/dakad52/edusphere-3d-tunisian-learning-companion/resolve/f4d540b58099d278282926bc0d8af9b6566bef67/index.html,f4d540b58099d278282926bc0d8af9b6566bef67,fef10b4e06879d75c496c1ce3e89410bff1b77bf51220f21570255d1f214580e,dakad52/edusphere-3d-tunisian-learning-companion,200,,
236,2026-08-30T21:33:03.205815+00:00,README.md,https://huggingface.co/spaces/danielspba/Chatbot-Tutor-IA/resolve/91c1358e3d25efdd48a740eef972a9cfd0ba45df/README.md,91c1358e3d25efdd48a740eef972a9cfd0ba45df,c17f1bcdfe4ac500020540cf8b4985971b50020e7922eecd66e6ceaaf5962300,danielspba/Chatbot-Tutor-IA,200,,
5662,2026-08-30T21:33:03.761621+00:00,app.py,https://huggingface.co/spaces/danielspba/Chatbot-Tutor-IA/resolve/91c1358e3d25efdd48a740eef972a9cfd0ba45df/app.py,91c1358e3d25efdd48a740eef972a9cfd0ba45df,32581a94c4a78003134cbf1f681527a4620041188b887400736731b25e74357a,danielspba/Chatbot-Tutor-IA,200,,
67,2026-08-30T21:33:03.701511+00:00,requirements.txt,https://huggingface.co/spaces/danielspba/Chatbot-Tutor-IA/resolve/91c1358e3d25efdd48a740eef972a9cfd0ba45df/requirements.txt,91c1358e3d25efdd48a740eef972a9cfd0ba45df,b5ef68ae561097708a45dfc395840ca1f92b837d305bbf19b5a6bd066466ce80,danielspba/Chatbot-Tutor-IA,200,,
239,2026-08-30T21:33:04.289485+00:00,README.md,https://huggingface.co/spaces/danielspba/Chatbot_prof_tutor/resolve/b0c228589155357b8531aca1a45a17fda3afc1f8/README.md,b0c228589155357b8531aca1a45a17fda3afc1f8,0b13f3cdd209ae5ca0415ffd6dbd839bd0c5c51c54eeadfbd87153e7c01e12b7,danielspba/Chatbot_prof_tutor,200,,
4723,2026-08-30T21:33:04.799769+00:00,app.py,https://huggingface.co/spaces/danielspba/Chatbot_prof_tutor/resolve/b0c228589155357b8531aca1a45a17fda3afc1f8/app.py,b0c228589155357b8531aca1a45a17fda3afc1f8,63281a3537d11ed1889ae2f04cfdec50cf1f2f1a8b342f83a272dc5d734efa44,danielspba/Chatbot_prof_tutor,200,,
67,2026-08-30T21:33:04.792877+00:00,requirements.txt,https://huggingface.co/spaces/danielspba/Chatbot_prof_tutor/resolve/b0c228589155357b8531aca1a45a17fda3afc1f8/requirements.txt,b0c228589155357b8531aca1a45a17fda3afc1f8,b5ef68ae561097708a45dfc395840ca1f92b837d305bbf19b5a6bd066466ce80,danielspba/Chatbot_prof_tutor,200,,
242,2026-08-30T21:33:06.513101+00:00,README.md,https://huggingface.co/spaces/danrdoran/ai_tutor_flan_base/resolve/5904ac50742922b44f1b2432bf433c40c3c34afe/README.md,5904ac50742922b44f1b2432bf433c40c3c34afe,0e9589770b4d70a1eb1ba7af3fd20010c7b20bf86e1bbd806b1c89fa08f396c2,danrdoran/ai_tutor_flan_base,200,,
1806,2026-08-30T21:33:07.014726+00:00,app.py,https://huggingface.co/spaces/danrdoran/ai_tutor_flan_base/resolve/5904ac50742922b44f1b2432bf433c40c3c34afe/app.py,5904ac50742922b44f1b2432bf433c40c3c34afe,08d040c55e3ec6cb7e0d0fd40af6f1f52609b2ddb6d1918ca172f7bb5cbe117b,danrdoran/ai_tutor_flan_base,200,,
121,2026-08-30T21:33:07.023620+00:00,requirements.txt,https://huggingface.co/spaces/danrdoran/ai_tutor_flan_base/resolve/5904ac50742922b44f1b2432bf433c40c3c34afe/requirements.txt,5904ac50742922b44f1b2432bf433c40c3c34afe,ac3819ff8632c261dee249a5c6ff7657f3cc937468d19f2cdd0d054738d29271,danrdoran/ai_tutor_flan_base,200,,
247,2026-08-30T21:33:07.529548+00:00,README.md,https://huggingface.co/spaces/danrdoran/ai_tutor_flan_t5_large/resolve/18bb91be83523a64d241c469b7d5b54be00fb3c5/README.md,18bb91be83523a64d241c469b7d5b54be00fb3c5,556e1daa82bee7206511318bc8a9cee07284ddfbbc18f3e88793571c60cbdaba,danrdoran/ai_tutor_flan_t5_large,200,,
1926,2026-08-30T21:33:08.007536+00:00,app.py,https://huggingface.co/spaces/danrdoran/ai_tutor_flan_t5_large/resolve/18bb91be83523a64d241c469b7d5b54be00fb3c5/app.py,18bb91be83523a64d241c469b7d5b54be00fb3c5,beef5688f445f290d65013e64e741aedd4ebfd73f81ad8e60abb6c4e41e76a90,danrdoran/ai_tutor_flan_t5_large,200,,
126,2026-08-30T21:33:08.048685+00:00,requirements.txt,https://huggingface.co/spaces/danrdoran/ai_tutor_flan_t5_large/resolve/18bb91be83523a64d241c469b7d5b54be00fb3c5/requirements.txt,18bb91be83523a64d241c469b7d5b54be00fb3c5,890d64c1a8ca2c0b18647e99102aa3bceb241124814ccdd7bdee0cb41dc400d4,danrdoran/ai_tutor_flan_t5_large,200,,
241,2026-08-30T21:33:08.566946+00:00,README.md,https://huggingface.co/spaces/danrdoran/ai_tutor_gpt_neox/resolve/f86b63ad2ae372fc7eab4caca6edf4ed1489ab30/README.md,f86b63ad2ae372fc7eab4caca6edf4ed1489ab30,4d21254655813044bb7662f78d9cbc2d37a3ecbc7c6d05073bef43e22d89e8fb,danrdoran/ai_tutor_gpt_neox,200,,
2013,2026-08-30T21:33:09.067323+00:00,app.py,https://huggingface.co/spaces/danrdoran/ai_tutor_gpt_neox/resolve/f86b63ad2ae372fc7eab4caca6edf4ed1489ab30/app.py,f86b63ad2ae372fc7eab4caca6edf4ed1489ab30,7ffad8fdd1bfb7e186fb4520bdfc1fcb54cfaa03a27f0eea21113bb4a8ea4c21,danrdoran/ai_tutor_gpt_neox,200,,
121,2026-08-30T21:33:09.125095+00:00,requirements.txt,https://huggingface.co/spaces/danrdoran/ai_tutor_gpt_neox/resolve/f86b63ad2ae372fc7eab4caca6edf4ed1489ab30/requirements.txt,f86b63ad2ae372fc7eab4caca6edf4ed1489ab30,ac3819ff8632c261dee249a5c6ff7657f3cc937468d19f2cdd0d054738d29271,danrdoran/ai_tutor_gpt_neox,200,,
236,2026-08-30T21:33:09.638648+00:00,README.md,https://huggingface.co/spaces/danrdoran/ai_tutor_llama/resolve/bdad49d8d29ccd2c3ad8708451ff99cf78926d64/README.md,bdad49d8d29ccd2c3ad8708451ff99cf78926d64,3968856856a7578f9532a624b2bb27fe9343f123b4ed03dba4b78274089e1c49,danrdoran/ai_tutor_llama,200,,
2415,2026-08-30T21:33:10.133317+00:00,app.py,https://huggingface.co/spaces/danrdoran/ai_tutor_llama/resolve/bdad49d8d29ccd2c3ad8708451ff99cf78926d64/app.py,bdad49d8d29ccd2c3ad8708451ff99cf78926d64,9b00dcc644acd18dc8ef7df95e06462f5fae66d95e2b4623e67bb39335033c9b,danrdoran/ai_tutor_llama,200,,
121,2026-08-30T21:33:10.163633+00:00,requirements.txt,https://huggingface.co/spaces/danrdoran/ai_tutor_llama/resolve/bdad49d8d29ccd2c3ad8708451ff99cf78926d64/requirements.txt,bdad49d8d29ccd2c3ad8708451ff99cf78926d64,ac3819ff8632c261dee249a5c6ff7657f3cc937468d19f2cdd0d054738d29271,danrdoran/ai_tutor_llama,200,,
233,2026-08-30T21:33:10.815490+00:00,README.md,https://huggingface.co/spaces/danrdoran/ai_tutor_v2/resolve/61312d28f03ec3cc32fb8d8f05754aa121b5fa8a/README.md,61312d28f03ec3cc32fb8d8f05754aa121b5fa8a,f116e5333b8c2eaecd173de6e44d6a7a58088a4dc79b5462f762c433a324b910,danrdoran/ai_tutor_v2,200,,
2366,2026-08-30T21:33:11.319669+00:00,app.py,https://huggingface.co/spaces/danrdoran/ai_tutor_v2/resolve/61312d28f03ec3cc32fb8d8f05754aa121b5fa8a/app.py,61312d28f03ec3cc32fb8d8f05754aa121b5fa8a,9f3c271852fb8fbc33e269726cc4d15bc3b5c514ccc88e657d8574813ce49115,danrdoran/ai_tutor_v2,200,,
127,2026-08-30T21:33:11.303994+00:00,requirements.txt,https://huggingface.co/spaces/danrdoran/ai_tutor_v2/resolve/61312d28f03ec3cc32fb8d8f05754aa121b5fa8a/requirements.txt,61312d28f03ec3cc32fb8d8f05754aa121b5fa8a,db02c5bb6c17e4ca8976ba8078c1e29af1751e89dc68391574a01c7f25c8803e,danrdoran/ai_tutor_v2,200,,
263,2026-08-30T21:33:13.465760+00:00,README.md,https://huggingface.co/spaces/daud97/edubuddy-fun-learning-companion/resolve/9f815a17db9dec5e2f17453cfba1fcee80ffad73/README.md,9f815a17db9dec5e2f17453cfba1fcee80ffad73,90ce6325c8bd601e4588925a69ed63da6628ed3c3cbab97ec755a5788ccdf99a,daud97/edubuddy-fun-learning-companion,200,,
2419,2026-08-30T21:33:13.975265+00:00,components/character.js,https://huggingface.co/spaces/daud97/edubuddy-fun-learning-companion/resolve/9f815a17db9dec5e2f17453cfba1fcee80ffad73/components/character.js,9f815a17db9dec5e2f17453cfba1fcee80ffad73,1264ee5828a8c23208c57a7a2a7cc82d61e7ad4dacab4f85b6956548f025c0f2,daud97/edubuddy-fun-learning-companion,200,,
3047,2026-08-30T21:33:13.975572+00:00,components/course-card.js,https://huggingface.co/spaces/daud97/edubuddy-fun-learning-companion/resolve/9f815a17db9dec5e2f17453cfba1fcee80ffad73/components/course-card.js,9f815a17db9dec5e2f17453cfba1fcee80ffad73,f3240c8493a0bd6e57edabf1f4f8f9e84e0c1e5d0c071455cbdf1bac4e73242b,daud97/edubuddy-fun-learning-companion,200,,
3706,2026-08-30T21:33:13.973261+00:00,components/footer.js,https://huggingface.co/spaces/daud97/edubuddy-fun-learning-companion/resolve/9f815a17db9dec5e2f17453cfba1fcee80ffad73/components/footer.js,9f815a17db9dec5e2f17453cfba1fcee80ffad73,5f4f837aad80df1ba740427bbfe773aa4e0dd225ea6f37d4bf0d34e920854f29,daud97/edubuddy-fun-learning-companion,200,,
2376,2026-08-30T21:33:14.025622+00:00,components/hero.js,https://huggingface.co/spaces/daud97/edubuddy-fun-learning-companion/resolve/9f815a17db9dec5e2f17453cfba1fcee80ffad73/components/hero.js,9f815a17db9dec5e2f17453cfba1fcee80ffad73,44d78b0e174d09072734705a8e3622e2d58df047577e2925271eb319d00ee77c,daud97/edubuddy-fun-learning-companion,200,,
2638,2026-08-30T21:33:14.039238+00:00,components/navbar.js,https://huggingface.co/spaces/daud97/edubuddy-fun-learning-companion/resolve/9f815a17db9dec5e2f17453cfba1fcee80ffad73/components/navbar.js,9f815a17db9dec5e2f17453cfba1fcee80ffad73,752a9e5a6ca51c8bc1ba9fdf265dd7b1d0f595a49eb4005c02a6d7085e4af512,daud97/edubuddy-fun-learning-companion,200,,
2350,2026-08-30T21:33:13.977081+00:00,index.html,https://huggingface.co/spaces/daud97/edubuddy-fun-learning-companion/resolve/9f815a17db9dec5e2f17453cfba1fcee80ffad73/index.html,9f815a17db9dec5e2f17453cfba1fcee80ffad73,e8955225d812eb96279237c23fd0b45b1cb57757e599832f541bd67eaa78db91,daud97/edubuddy-fun-learning-companion,200,,
2809,2026-08-30T21:33:14.029230+00:00,script.js,https://huggingface.co/spaces/daud97/edubuddy-fun-learning-companion/resolve/9f815a17db9dec5e2f17453cfba1fcee80ffad73/script.js,9f815a17db9dec5e2f17453cfba1fcee80ffad73,2d72a58ebfd975dcd70de024232aa846414000df1df52196dcbe27669f6d37d6,daud97/edubuddy-fun-learning-companion,200,,
260,2026-08-30T21:33:14.542886+00:00,README.md,https://huggingface.co/spaces/david280010195/Teaching_Assistant_AI/resolve/e6760c2c8261b24eec3af873793ca961e1dbb5bc/README.md,e6760c2c8261b24eec3af873793ca961e1dbb5bc,95bae989cb34c7942c56703b139aa024a46ac0a1960dc756555efece2e717cba,david280010195/Teaching_Assistant_AI,200,,
7352,2026-08-30T21:33:15.098794+00:00,app.py,https://huggingface.co/spaces/david280010195/Teaching_Assistant_AI/resolve/e6760c2c8261b24eec3af873793ca961e1dbb5bc/app.py,e6760c2c8261b24eec3af873793ca961e1dbb5bc,7057257a8661fb7f59aee4b465941f7aaa172c953214e389ebe327699f582eea,david280010195/Teaching_Assistant_AI,200,,
1123,2026-08-30T21:33:15.056193+00:00,config.py,https://huggingface.co/spaces/david280010195/Teaching_Assistant_AI/resolve/e6760c2c8261b24eec3af873793ca961e1dbb5bc/config.py,e6760c2c8261b24eec3af873793ca961e1dbb5bc,a7ced18d6d583645568ed905a0d35d0711620022c94637f1a7626294f94a87fc,david280010195/Teaching_Assistant_AI,200,,
1013,2026-08-30T21:33:15.069228+00:00,content_generator.py,https://huggingface.co/spaces/david280010195/Teaching_Assistant_AI/resolve/e6760c2c8261b24eec3af873793ca961e1dbb5bc/content_generator.py,e6760c2c8261b24eec3af873793ca961e1dbb5bc,635686f95355df78b1c2bbaa369693b206bb47e324ccd522cbfc9d9647bc6f65,david280010195/Teaching_Assistant_AI,200,,
805,2026-08-30T21:33:15.151336+00:00,models.py,https://huggingface.co/spaces/david280010195/Teaching_Assistant_AI/resolve/e6760c2c8261b24eec3af873793ca961e1dbb5bc/models.py,e6760c2c8261b24eec3af873793ca961e1dbb5bc,c5caf5a366407f3c5ab2892322da4412c750b63a65d52578153405cde2158c28,david280010195/Teaching_Assistant_AI,200,,
4978,2026-08-30T21:33:15.054892+00:00,prompt.py,https://huggingface.co/spaces/david280010195/Teaching_Assistant_AI/resolve/e6760c2c8261b24eec3af873793ca961e1dbb5bc/prompt.py,e6760c2c8261b24eec3af873793ca961e1dbb5bc,1fe91ad722e0d6e8790b1f4170587ca07a1ded7ff2f657a04c883535f0b6f21c,david280010195/Teaching_Assistant_AI,200,,
13,2026-08-30T21:33:15.110506+00:00,requirements.txt,https://huggingface.co/spaces/david280010195/Teaching_Assistant_AI/resolve/e6760c2c8261b24eec3af873793ca961e1dbb5bc/requirements.txt,e6760c2c8261b24eec3af873793ca961e1dbb5bc,4576a04901db79b3a3ad5bd7f080178bcf51ab5ef084b573d86aa521959e22f1,david280010195/Teaching_Assistant_AI,200,,
297,2026-08-30T21:33:15.672441+00:00,README.md,https://huggingface.co/spaces/deepang1902/quiz-generator-api/resolve/dc35908ca3e81eeb21d297e877950e59cea6ebcb/README.md,dc35908ca3e81eeb21d297e877950e59cea6ebcb,26bc49eb4f3c6e0274c017f0028c0b41fcb0477511b321abffb26619efcc0e74,deepang1902/quiz-generator-api,200,,
1749,2026-08-30T21:33:16.208640+00:00,app.py,https://huggingface.co/spaces/deepang1902/quiz-generator-api/resolve/dc35908ca3e81eeb21d297e877950e59cea6ebcb/app.py,dc35908ca3e81eeb21d297e877950e59cea6ebcb,036f007d19f3b5d0b63b9254f44a37d53c44815631a1da634594a9ace7d9b92e,deepang1902/quiz-generator-api,200,,
74,2026-08-30T21:33:16.188744+00:00,requirements.txt,https://huggingface.co/spaces/deepang1902/quiz-generator-api/resolve/dc35908ca3e81eeb21d297e877950e59cea6ebcb/requirements.txt,dc35908ca3e81eeb21d297e877950e59cea6ebcb,e56f0a2d6bf1e54eee9c3eaa23b63af9e31b24294f550415a30a42c828c7b421,deepang1902/quiz-generator-api,200,,
235,2026-08-30T21:33:18.338974+00:00,README.md,https://huggingface.co/spaces/deepthi8518/StudyAssistantApp/resolve/d429720a2e08e63d274224779a2960eecee58e1c/README.md,d429720a2e08e63d274224779a2960eecee58e1c,fc15778c266872c20db36235f57928c6c3dbdb7599992ccf5514b778d7364f61,deepthi8518/StudyAssistantApp,200,,
517,2026-09-02T19:08:37.982098+00:00,app.py,https://huggingface.co/spaces/deepthi8518/StudyAssistantApp/resolve/d429720a2e08e63d274224779a2960eecee58e1c/app.py,d429720a2e08e63d274224779a2960eecee58e1c,2000cabd189b4b3e57843a77b64f00b1a8f6cca4342fa440714b5d799e7776db,deepthi8518/StudyAssistantApp,200,lossless-v2,utf-8
100,2026-09-02T19:08:37.978317+00:00,requirements.txt,https://huggingface.co/spaces/deepthi8518/StudyAssistantApp/resolve/d429720a2e08e63d274224779a2960eecee58e1c/requirements.txt,d429720a2e08e63d274224779a2960eecee58e1c,9f53679bac5073d2adf9bd837a154d785a45615918acb710c2cdd8820202f78a,deepthi8518/StudyAssistantApp,200,lossless-v2,utf-8
3380,2026-09-02T19:08:38.026568+00:00,studyassistant_quiz_question.py,https://huggingface.co/spaces/deepthi8518/StudyAssistantApp/resolve/d429720a2e08e63d274224779a2960eecee58e1c/studyassistant_quiz_question.py,d429720a2e08e63d274224779a2960eecee58e1c,58992f92ff875b684407c4a40f3ff825d95b1a709dac62f47c2f2a06e28bd5b5,deepthi8518/StudyAssistantApp,200,lossless-v2,utf-8
248,2026-08-30T21:33:18.852369+00:00,README.md,https://huggingface.co/spaces/deneve07/pharma-quiz-generator/resolve/b30d7cb75092adc149d9a99195fd9ef612cc3c4d/README.md,b30d7cb75092adc149d9a99195fd9ef612cc3c4d,b8da2fa66eff63ccf5bf56b2d7b5b82ce38cb3ec6063f67dc596412f0e9606da,deneve07/pharma-quiz-generator,200,,
52399,2026-08-30T21:33:19.341319+00:00,app.py,https://huggingface.co/spaces/deneve07/pharma-quiz-generator/resolve/b30d7cb75092adc149d9a99195fd9ef612cc3c4d/app.py,b30d7cb75092adc149d9a99195fd9ef612cc3c4d,3249185f5fdf3c8fff6df862057724d837a33dcb01ece0c917fe08d5ddf06317,deneve07/pharma-quiz-generator,200,,
96,2026-08-30T21:33:19.358712+00:00,requirements.txt,https://huggingface.co/spaces/deneve07/pharma-quiz-generator/resolve/b30d7cb75092adc149d9a99195fd9ef612cc3c4d/requirements.txt,b30d7cb75092adc149d9a99195fd9ef612cc3c4d,7f8b29773f14eab8554d8cd91efd22dc6e39cbce554f355da4ccaf59ced67d34,deneve07/pharma-quiz-generator,200,,
270,2026-08-30T21:33:20.897439+00:00,README.md,https://huggingface.co/spaces/dhanushshenoyh/study_assistant/resolve/0513114506179364a73e9da565031e554a43b9ea/README.md,0513114506179364a73e9da565031e554a43b9ea,f56f8315dfeb473efae5abd747fe59ca215f40fe91bc69b948903c364e46e0ee,dhanushshenoyh/study_assistant,200,,
2078,2026-08-30T21:33:21.469627+00:00,app.py,https://huggingface.co/spaces/dhanushshenoyh/study_assistant/resolve/0513114506179364a73e9da565031e554a43b9ea/app.py,0513114506179364a73e9da565031e554a43b9ea,7a92f3747f04e887bee3dc3ee0ab24ab06d44db435985199b893ef924938b88c,dhanushshenoyh/study_assistant,200,,
20,2026-08-30T21:33:21.384940+00:00,requirements.txt,https://huggingface.co/spaces/dhanushshenoyh/study_assistant/resolve/0513114506179364a73e9da565031e554a43b9ea/requirements.txt,0513114506179364a73e9da565031e554a43b9ea,95b4ef97b952c34747ec62bd11226237b56adcd53182fcd706b2f2be09c37c53,dhanushshenoyh/study_assistant,200,,
276,2026-08-30T21:33:23.031207+00:00,README.md,https://huggingface.co/spaces/dhivakar/my-study-assistant/resolve/3db94ad687ab258fb914cbe49995f7299ea481d8/README.md,3db94ad687ab258fb914cbe49995f7299ea481d8,6ea2ca419ac1121c3ffcc16aad4e0aa21f750c16316648eb3ee960349c8b3322,dhivakar/my-study-assistant,200,,
3628,2026-08-30T21:33:23.526748+00:00,app.py,https://huggingface.co/spaces/dhivakar/my-study-assistant/resolve/3db94ad687ab258fb914cbe49995f7299ea481d8/app.py,3db94ad687ab258fb914cbe49995f7299ea481d8,539c0ea1f85c00c97646b64d5ef98f1b58b5107b7885bc54405e6d7916fdcdd4,dhivakar/my-study-assistant,200,,
26,2026-08-30T21:33:23.561338+00:00,requirements.txt,https://huggingface.co/spaces/dhivakar/my-study-assistant/resolve/3db94ad687ab258fb914cbe49995f7299ea481d8/requirements.txt,3db94ad687ab258fb914cbe49995f7299ea481d8,8cd606c162d4cd2da25c9dabfd80404db8a184b97f28548b8d2d9730b5d3b22b,dhivakar/my-study-assistant,200,,
452,2026-08-30T21:33:25.243429+00:00,README.md,https://huggingface.co/spaces/dikshita0503/pdf-to-quiz-generator/resolve/1715db5bdd7637f83b78e6ca102437e4e36111a3/README.md,1715db5bdd7637f83b78e6ca102437e4e36111a3,e8094565de917d04b1218fa01df5cc12d16ab4d9193728933d37b07a5b516492,dikshita0503/pdf-to-quiz-generator,200,,
194,2026-08-30T21:33:25.742270+00:00,requirements.txt,https://huggingface.co/spaces/dikshita0503/pdf-to-quiz-generator/resolve/1715db5bdd7637f83b78e6ca102437e4e36111a3/requirements.txt,1715db5bdd7637f83b78e6ca102437e4e36111a3,f112e815c3962f2f8df71abf7939c1392653102f7eddf7b804aee060160c401e,dikshita0503/pdf-to-quiz-generator,200,,
3576,2026-08-30T21:33:25.751108+00:00,src/processor.py,https://huggingface.co/spaces/dikshita0503/pdf-to-quiz-generator/resolve/1715db5bdd7637f83b78e6ca102437e4e36111a3/src/processor.py,1715db5bdd7637f83b78e6ca102437e4e36111a3,04d47e098f174b75f2dde15bd990e08ce9019e72b010f84704439260713d2151,dikshita0503/pdf-to-quiz-generator,200,,
4651,2026-08-30T21:33:25.737976+00:00,src/streamlit_app.py,https://huggingface.co/spaces/dikshita0503/pdf-to-quiz-generator/resolve/1715db5bdd7637f83b78e6ca102437e4e36111a3/src/streamlit_app.py,1715db5bdd7637f83b78e6ca102437e4e36111a3,226f69da763682bfead5bc74a301e0b1716cbc8d40abf4368b00d7b339de0d42,dikshita0503/pdf-to-quiz-generator,200,,
1426,2026-08-30T21:33:25.751810+00:00,src/utils.py,https://huggingface.co/spaces/dikshita0503/pdf-to-quiz-generator/resolve/1715db5bdd7637f83b78e6ca102437e4e36111a3/src/utils.py,1715db5bdd7637f83b78e6ca102437e4e36111a3,dc21a7d1c82a1658be07df7e7a3360bbf5f2858d9af154aaaa683cb5e9d6b558,dikshita0503/pdf-to-quiz-generator,200,,
213,2026-08-30T21:33:26.398429+00:00,README.md,https://huggingface.co/spaces/dineshstark7/StudyAssistant/resolve/083fc88a7a2b74f65ceab84c5f322969dcec0238/README.md,083fc88a7a2b74f65ceab84c5f322969dcec0238,71497f9a88a2390d53e7e564d7b9b36acdc50fdeeaac7fc4058b7e83b856f745,dineshstark7/StudyAssistant,200,,
1536,2026-09-02T19:08:38.762706+00:00,app.py,https://huggingface.co/spaces/dineshstark7/StudyAssistant/resolve/083fc88a7a2b74f65ceab84c5f322969dcec0238/app.py,083fc88a7a2b74f65ceab84c5f322969dcec0238,4fbe9cc565359ff839073d1883a28e50485b70d3473b10effaac9c9dd9a0c1a4,dineshstark7/StudyAssistant,200,lossless-v2,utf-8
1664,2026-09-02T19:08:38.861333+00:00,index.html,https://huggingface.co/spaces/dineshstark7/StudyAssistant/resolve/083fc88a7a2b74f65ceab84c5f322969dcec0238/index.html,083fc88a7a2b74f65ceab84c5f322969dcec0238,870dca6ad2db4be31e3278dcbe59b8c43c3f02baf1c1e105a7d8e73a68c23d7a,dineshstark7/StudyAssistant,200,lossless-v2,utf-8
20,2026-09-02T19:08:38.727959+00:00,requirements.txt,https://huggingface.co/spaces/dineshstark7/StudyAssistant/resolve/083fc88a7a2b74f65ceab84c5f322969dcec0238/requirements.txt,083fc88a7a2b74f65ceab84c5f322969dcec0238,6f1756c6ef672af0d7db4cad79cfc682868d203d904a5b6aa55db9c2017ca5ad,dineshstark7/StudyAssistant,200,lossless-v2,utf-8
354,2026-08-30T21:33:26.993732+00:00,README.md,https://huggingface.co/spaces/dinu143/Study-Assistant/resolve/d2bd3f21f2b14cfcd4367eae6e6a74b63587bfe7/README.md,d2bd3f21f2b14cfcd4367eae6e6a74b63587bfe7,82c17f48056cafd22e181e0ddcd7d3eec10d113778158148de8d0563873d101c,dinu143/Study-Assistant,200,,
1734,2026-08-30T21:33:27.594300+00:00,app.py,https://huggingface.co/spaces/dinu143/Study-Assistant/resolve/d2bd3f21f2b14cfcd4367eae6e6a74b63587bfe7/app.py,d2bd3f21f2b14cfcd4367eae6e6a74b63587bfe7,21fdfcf92cedc2048d1fc02e0696ae7082464c391467f9fea50411f1527ffa4e,dinu143/Study-Assistant,200,,
20,2026-08-30T21:33:27.506950+00:00,requirements.txt,https://huggingface.co/spaces/dinu143/Study-Assistant/resolve/d2bd3f21f2b14cfcd4367eae6e6a74b63587bfe7/requirements.txt,d2bd3f21f2b14cfcd4367eae6e6a74b63587bfe7,95b4ef97b952c34747ec62bd11226237b56adcd53182fcd706b2f2be09c37c53,dinu143/Study-Assistant,200,,
1068,2026-08-30T21:33:29.750235+00:00,LICENSE,https://huggingface.co/spaces/djaber15/ai_tutor/resolve/35414228090c890e0b44eb0e279fec1b70d2847f/LICENSE,35414228090c890e0b44eb0e279fec1b70d2847f,7b13e946dfe013ed9c4ab83f139dcc84d01216bb05d82abc84af0434fd968317,djaber15/ai_tutor,200,,
8582,2026-08-30T21:33:29.235720+00:00,README.md,https://huggingface.co/spaces/djaber15/ai_tutor/resolve/35414228090c890e0b44eb0e279fec1b70d2847f/README.md,35414228090c890e0b44eb0e279fec1b70d2847f,930e5ffdaa7518faae528bbcef8c6d901c97a5810b1d27a6e0d54604da8d2d96,djaber15/ai_tutor,200,,
5274,2026-08-30T21:33:29.742127+00:00,app.py,https://huggingface.co/spaces/djaber15/ai_tutor/resolve/35414228090c890e0b44eb0e279fec1b70d2847f/app.py,35414228090c890e0b44eb0e279fec1b70d2847f,a5519ea7d0ead83ddcc4de7988321733bad469dda4c325c33d5e43efc1654f58,djaber15/ai_tutor,200,,
1058,2026-08-30T21:33:29.781004+00:00,brand_theming.py,https://huggingface.co/spaces/djaber15/ai_tutor/resolve/35414228090c890e0b44eb0e279fec1b70d2847f/brand_theming.py,35414228090c890e0b44eb0e279fec1b70d2847f,f584e6874a48f509f9f7c4753ab675cc45777ece600a9a09703ab2642d402b4a,djaber15/ai_tutor,200,,
10735,2026-08-30T21:33:29.736061+00:00,chat_caller.py,https://huggingface.co/spaces/djaber15/ai_tutor/resolve/35414228090c890e0b44eb0e279fec1b70d2847f/chat_caller.py,35414228090c890e0b44eb0e279fec1b70d2847f,abc646c40c1d413217e4bf73d3257a73906109834bcd47f66f5b025af66d8983,djaber15/ai_tutor,200,,
1718,2026-08-30T21:33:29.766258+00:00,chat_utils.py,https://huggingface.co/spaces/djaber15/ai_tutor/resolve/35414228090c890e0b44eb0e279fec1b70d2847f/chat_utils.py,35414228090c890e0b44eb0e279fec1b70d2847f,efaeecceb56f5a8b3d22ddcb87e407d3b313e46ed20589a5da49984a2a8f6904,djaber15/ai_tutor,200,,
8308,2026-08-30T21:33:29.801534+00:00,moodle.py,https://huggingface.co/spaces/djaber15/ai_tutor/resolve/35414228090c890e0b44eb0e279fec1b70d2847f/moodle.py,35414228090c890e0b44eb0e279fec1b70d2847f,88c22005b11408c59a3620850307b2ee717a5187f80f18a1b2ac14966aa51f47,djaber15/ai_tutor,200,,
1428,2026-08-30T21:33:29.799482+00:00,process_prompt_redaction_requests.py,https://huggingface.co/spaces/djaber15/ai_tutor/resolve/35414228090c890e0b44eb0e279fec1b70d2847f/process_prompt_redaction_requests.py,35414228090c890e0b44eb0e279fec1b70d2847f,ff56900d4bc0f11b5eda67451935efcbf009f9c0712475e1c824a31fa97205cc,djaber15/ai_tutor,200,,
172,2026-08-30T21:33:29.786709+00:00,random_scripts/README.md,https://huggingface.co/spaces/djaber15/ai_tutor/resolve/35414228090c890e0b44eb0e279fec1b70d2847f/random_scripts/README.md,35414228090c890e0b44eb0e279fec1b70d2847f,2fa35f67d7d5e3c4505af961e95481668b56489471820e51be2f677a2260695c,djaber15/ai_tutor,200,,
309,2026-08-30T21:33:30.241999+00:00,requirements.txt,https://huggingface.co/spaces/djaber15/ai_tutor/resolve/35414228090c890e0b44eb0e279fec1b70d2847f/requirements.txt,35414228090c890e0b44eb0e279fec1b70d2847f,e027b43f770b960e50712564a343a61d56b473671bb99bb5cf70f4408e4a2c5c,djaber15/ai_tutor,200,,
260,2026-08-30T21:33:31.812693+00:00,README.md,https://huggingface.co/spaces/dogukanada7474/tutor-chatbot/resolve/47070951d1d60b2bb31600ce02e2e0ecab8175ec/README.md,47070951d1d60b2bb31600ce02e2e0ecab8175ec,6721502da2412a17be98fb5eeb9d20533a7b9096020a14bbe81df264aaf2afc2,dogukanada7474/tutor-chatbot,200,,
546,2026-08-30T21:33:32.323207+00:00,index.html,https://huggingface.co/spaces/dogukanada7474/tutor-chatbot/resolve/47070951d1d60b2bb31600ce02e2e0ecab8175ec/index.html,47070951d1d60b2bb31600ce02e2e0ecab8175ec,fef10b4e06879d75c496c1ce3e89410bff1b77bf51220f21570255d1f214580e,dogukanada7474/tutor-chatbot,200,,
266,2026-08-30T21:33:32.833127+00:00,README.md,https://huggingface.co/spaces/dohael/education-maroc-chatbot/resolve/c1200a3079c7700d4ab23e99f15dfe033b25b06f/README.md,c1200a3079c7700d4ab23e99f15dfe033b25b06f,bed98527fcb8a0ecc6f753fdde9c8653018fc1f8d2afd775438e92f157a1ce3c,dohael/education-maroc-chatbot,200,,
810,2026-08-30T21:33:33.338210+00:00,app.py,https://huggingface.co/spaces/dohael/education-maroc-chatbot/resolve/c1200a3079c7700d4ab23e99f15dfe033b25b06f/app.py,c1200a3079c7700d4ab23e99f15dfe033b25b06f,6fd1e888bd5f221df56388ba5735d4e0f33e121e7e15f9aaa5adfa75cf908290,dohael/education-maroc-chatbot,200,,
269,2026-08-30T21:33:33.819437+00:00,README.md,https://huggingface.co/spaces/doudoug1/educational-chatbot/resolve/56d524541bd010ab93ad4ef1825411b9be61b4f4/README.md,56d524541bd010ab93ad4ef1825411b9be61b4f4,376a15bd0229232609d4b111f0dd1be16478874b08a24320b1c6444fed08067b,doudoug1/educational-chatbot,200,,
4665,2026-08-30T21:33:34.323252+00:00,app.py,https://huggingface.co/spaces/doudoug1/educational-chatbot/resolve/56d524541bd010ab93ad4ef1825411b9be61b4f4/app.py,56d524541bd010ab93ad4ef1825411b9be61b4f4,21ceaf25cbd9df1d4403ef0db972df76d74c0349891947bd4083f16a18ab4144,doudoug1/educational-chatbot,200,,
73,2026-08-30T21:33:34.320409+00:00,requirements.txt,https://huggingface.co/spaces/doudoug1/educational-chatbot/resolve/56d524541bd010ab93ad4ef1825411b9be61b4f4/requirements.txt,56d524541bd010ab93ad4ef1825411b9be61b4f4,6590eb81d0cb57e68403a44dd8028252fbc879c347c29a54a378a27ee5c91408,doudoug1/educational-chatbot,200,,
305,2026-08-30T21:33:35.491623+00:00,README.md,https://huggingface.co/spaces/echarif/education_chatbot/resolve/270d7630d819cba92331f5f4c2a8b1afa8e9835d/README.md,270d7630d819cba92331f5f4c2a8b1afa8e9835d,8edd2eb0f991dc223269a1c772f902c9e2db0926efb2739e77a9731bfed8a219,echarif/education_chatbot,200,,
20907,2026-08-30T21:33:36.045955+00:00,app.py,https://huggingface.co/spaces/echarif/education_chatbot/resolve/270d7630d819cba92331f5f4c2a8b1afa8e9835d/app.py,270d7630d819cba92331f5f4c2a8b1afa8e9835d,04b2e4e75430becac237ca92d75163ee9d0da560658915abd2c8a2ef7cf34696,echarif/education_chatbot,200,,
258,2026-08-30T21:33:36.022865+00:00,requirements.txt,https://huggingface.co/spaces/echarif/education_chatbot/resolve/270d7630d819cba92331f5f4c2a8b1afa8e9835d/requirements.txt,270d7630d819cba92331f5f4c2a8b1afa8e9835d,2d252e94c7268a7a4246ed8d82931198aae269dd16435b65bc7fc42781af9dc9,echarif/education_chatbot,200,,
524,2026-08-30T21:33:36.546225+00:00,README.md,https://huggingface.co/spaces/educationAI/education-ai-study-assistant/resolve/e08a01458de6852be186dd599f47190fb1202730/README.md,e08a01458de6852be186dd599f47190fb1202730,2784e3a0711bd72e5a4c2304da091b5b5c54f967ad6f554964c049a09bbe20c2,educationAI/education-ai-study-assistant,200,,
1828,2026-08-30T21:33:37.071358+00:00,app.py,https://huggingface.co/spaces/educationAI/education-ai-study-assistant/resolve/e08a01458de6852be186dd599f47190fb1202730/app.py,e08a01458de6852be186dd599f47190fb1202730,e81948590a6de0e95c8a2f2280709516a2ad47db456ef3c63f9022dcf03d67a9,educationAI/education-ai-study-assistant,200,,
232,2026-08-30T21:33:37.583000+00:00,README.md,https://huggingface.co/spaces/educational-ai/pdf-summary/resolve/c61b9ba8fe5c77b435b278a1ab90f9861db86bf9/README.md,c61b9ba8fe5c77b435b278a1ab90f9861db86bf9,395c12511ae4605562f6afc1fab6621783978c5167c0423f245860d432529740,educational-ai/pdf-summary,200,,
7496,2026-08-30T21:33:39.710809+00:00,README.md,https://huggingface.co/spaces/ekantabanik/Tutor_Ai/resolve/324b6dbbbfe00c393de768abf4d3b49a0be41ecb/README.md,324b6dbbbfe00c393de768abf4d3b49a0be41ecb,d7500375b303b631e4daeafd509665bdc1913ad79ae4df8ab2a6c7945749ff15,ekantabanik/Tutor_Ai,200,,
0,2026-08-30T21:33:39.985036+00:00,agents/__init__.py,https://huggingface.co/spaces/ekantabanik/Tutor_Ai/resolve/324b6dbbbfe00c393de768abf4d3b49a0be41ecb/agents/__init__.py,324b6dbbbfe00c393de768abf4d3b49a0be41ecb,e3b0c44298fc1c149afbf4c8996fb92427ae41e4649b934ca495991b7852b855,ekantabanik/Tutor_Ai,200,,
3459,2026-08-30T21:33:40.205493+00:00,agents/agents.py,https://huggingface.co/spaces/ekantabanik/Tutor_Ai/resolve/324b6dbbbfe00c393de768abf4d3b49a0be41ecb/agents/agents.py,324b6dbbbfe00c393de768abf4d3b49a0be41ecb,5396e42c7b19e2c79306a4ec4d64552b92aa9bc9b14302d99ee69c6623c057bc,ekantabanik/Tutor_Ai,200,,
3823,2026-08-30T21:33:40.307655+00:00,app.py,https://huggingface.co/spaces/ekantabanik/Tutor_Ai/resolve/324b6dbbbfe00c393de768abf4d3b49a0be41ecb/app.py,324b6dbbbfe00c393de768abf4d3b49a0be41ecb,4723baefb881c89d6824e54d1c0a42d84665bda0c6366a2e521f1aace86d74f8,ekantabanik/Tutor_Ai,200,,
8254,2026-08-30T21:33:40.313414+00:00,leo_crew.py,https://huggingface.co/spaces/ekantabanik/Tutor_Ai/resolve/324b6dbbbfe00c393de768abf4d3b49a0be41ecb/leo_crew.py,324b6dbbbfe00c393de768abf4d3b49a0be41ecb,5b13a0f6d9b88a245d2250f5daca9fdffd7384971d0374cc898c54fee2eba064,ekantabanik/Tutor_Ai,200,,
0,2026-08-30T21:33:40.047187+00:00,prompts/__init__.py,https://huggingface.co/spaces/ekantabanik/Tutor_Ai/resolve/324b6dbbbfe00c393de768abf4d3b49a0be41ecb/prompts/__init__.py,324b6dbbbfe00c393de768abf4d3b49a0be41ecb,e3b0c44298fc1c149afbf4c8996fb92427ae41e4649b934ca495991b7852b855,ekantabanik/Tutor_Ai,200,,
3136,2026-08-30T21:33:40.319730+00:00,prompts/templates.py,https://huggingface.co/spaces/ekantabanik/Tutor_Ai/resolve/324b6dbbbfe00c393de768abf4d3b49a0be41ecb/prompts/templates.py,324b6dbbbfe00c393de768abf4d3b49a0be41ecb,1d98cd27c9b78e14b0ac1d1517622517b461c8f1ba30d7f62fa40ca1b6242465,ekantabanik/Tutor_Ai,200,,
126,2026-08-30T21:33:40.622131+00:00,requirements.txt,https://huggingface.co/spaces/ekantabanik/Tutor_Ai/resolve/324b6dbbbfe00c393de768abf4d3b49a0be41ecb/requirements.txt,324b6dbbbfe00c393de768abf4d3b49a0be41ecb,08a34266a8d50b4111a3cc445cc4eb3cb8092382e80e324c16e36ed55a1f1eb3,ekantabanik/Tutor_Ai,200,,
0,2026-08-30T21:33:40.080653+00:00,utils/__init__.py,https://huggingface.co/spaces/ekantabanik/Tutor_Ai/resolve/324b6dbbbfe00c393de768abf4d3b49a0be41ecb/utils/__init__.py,324b6dbbbfe00c393de768abf4d3b49a0be41ecb,e3b0c44298fc1c149afbf4c8996fb92427ae41e4649b934ca495991b7852b855,ekantabanik/Tutor_Ai,200,,
3013,2026-08-30T21:33:40.492532+00:00,utils/memory.py,https://huggingface.co/spaces/ekantabanik/Tutor_Ai/resolve/324b6dbbbfe00c393de768abf4d3b49a0be41ecb/utils/memory.py,324b6dbbbfe00c393de768abf4d3b49a0be41ecb,56e0f3481661a99da45c52ede9426676081543ddf2752d498a877110ac88e1e8,ekantabanik/Tutor_Ai,200,,
435,2026-08-30T21:33:41.115088+00:00,README.md,https://huggingface.co/spaces/ekerin/german-tutor-chatbot/resolve/e00a1ed1ce60bce2c5a18e7e03a83b468dc46746/README.md,e00a1ed1ce60bce2c5a18e7e03a83b468dc46746,179be4de5ed90499ae183b4e9af66316f4b7b67ed9b6e0815dbb7667a8d568da,ekerin/german-tutor-chatbot,200,,
1828,2026-08-30T21:33:41.626426+00:00,app.py,https://huggingface.co/spaces/ekerin/german-tutor-chatbot/resolve/e00a1ed1ce60bce2c5a18e7e03a83b468dc46746/app.py,e00a1ed1ce60bce2c5a18e7e03a83b468dc46746,e81948590a6de0e95c8a2f2280709516a2ad47db456ef3c63f9022dcf03d67a9,ekerin/german-tutor-chatbot,200,,
1361,2026-08-30T21:33:42.223270+00:00,README.md,https://huggingface.co/spaces/ekerin/german-tutor-chatbot-v2/resolve/02ffe82e7c72b47c5da475b4ed0f47c85f6e5eff/README.md,02ffe82e7c72b47c5da475b4ed0f47c85f6e5eff,391739fa15078646cc6b6063c0ba1149d61a55f25364897ff19606c31d835780,ekerin/german-tutor-chatbot-v2,200,,
5530,2026-08-30T21:33:42.725526+00:00,app.py,https://huggingface.co/spaces/ekerin/german-tutor-chatbot-v2/resolve/02ffe82e7c72b47c5da475b4ed0f47c85f6e5eff/app.py,02ffe82e7c72b47c5da475b4ed0f47c85f6e5eff,15867986ac4f5a6bf2308897eaf7a19cb7fd8cc91da387660e0e732f5a4c651c,ekerin/german-tutor-chatbot-v2,200,,
74,2026-08-30T21:33:42.727407+00:00,requirements.txt,https://huggingface.co/spaces/ekerin/german-tutor-chatbot-v2/resolve/02ffe82e7c72b47c5da475b4ed0f47c85f6e5eff/requirements.txt,02ffe82e7c72b47c5da475b4ed0f47c85f6e5eff,d1b5ee2bc8baf34890e05e3d1f114c6a740dfb8630c1329593f37dda325c6c7c,ekerin/german-tutor-chatbot-v2,200,,
1085,2026-08-30T21:33:43.291582+00:00,README.md,https://huggingface.co/spaces/elsi29/Quiz-Generator-NLP/resolve/3879097259e168ca8f516a1f968d1901dd206015/README.md,3879097259e168ca8f516a1f968d1901dd206015,06a86fa5f784916e798fd9a67016d3227751fe81f3997ce0a508753b4ee6338f,elsi29/Quiz-Generator-NLP,200,,
10840,2026-08-30T21:33:43.805981+00:00,app.py,https://huggingface.co/spaces/elsi29/Quiz-Generator-NLP/resolve/3879097259e168ca8f516a1f968d1901dd206015/app.py,3879097259e168ca8f516a1f968d1901dd206015,686bffbbda929fd730f6945239bb7e5e11b433fcec3e333a58daa10fe9316e9b,elsi29/Quiz-Generator-NLP,200,,
250,2026-08-30T21:33:43.786370+00:00,requirements.txt,https://huggingface.co/spaces/elsi29/Quiz-Generator-NLP/resolve/3879097259e168ca8f516a1f968d1901dd206015/requirements.txt,3879097259e168ca8f516a1f968d1901dd206015,29ec938799be3577368b06db44c19bb1f2a4fdfeae111090f1b8ea36629d405f,elsi29/Quiz-Generator-NLP,200,,
3576,2026-08-30T21:33:44.315017+00:00,README.md,https://huggingface.co/spaces/elsi29/Quiz-Generator-TextPy/resolve/68be0177ee87807bff35cc140ce582cf8d128a6d/README.md,68be0177ee87807bff35cc140ce582cf8d128a6d,86b394f38b293724d604f3ac8e60bce57e020e269255c38a7287b6a4079f06fb,elsi29/Quiz-Generator-TextPy,200,,
15987,2026-08-30T21:33:44.891209+00:00,app.py,https://huggingface.co/spaces/elsi29/Quiz-Generator-TextPy/resolve/68be0177ee87807bff35cc140ce582cf8d128a6d/app.py,68be0177ee87807bff35cc140ce582cf8d128a6d,7789c35193553038baa5b8f0a07a800d4d23fe8888e72567c480b795340e1f47,elsi29/Quiz-Generator-TextPy,200,,
237,2026-08-30T21:33:44.833417+00:00,requirements.txt,https://huggingface.co/spaces/elsi29/Quiz-Generator-TextPy/resolve/68be0177ee87807bff35cc140ce582cf8d128a6d/requirements.txt,68be0177ee87807bff35cc140ce582cf8d128a6d,e9e45e458b2d54cc951dc97c12337f9d5e8c31150a493e718476644dc21b099d,elsi29/Quiz-Generator-TextPy,200,,
285,2026-08-30T21:33:45.409058+00:00,README.md,https://huggingface.co/spaces/emanramadan/Tutor_Chatbot/resolve/ea45a8e2616ed0ef7b7c0a05ad2ba7fd20600e4f/README.md,ea45a8e2616ed0ef7b7c0a05ad2ba7fd20600e4f,5b8fcc18acdcf8f06570c806b1ccf6fcb6bc58cffa79fb0cd60ac35b7d0b770d,emanramadan/Tutor_Chatbot,200,,
1512,2026-08-30T21:33:45.929566+00:00,app.py,https://huggingface.co/spaces/emanramadan/Tutor_Chatbot/resolve/ea45a8e2616ed0ef7b7c0a05ad2ba7fd20600e4f/app.py,ea45a8e2616ed0ef7b7c0a05ad2ba7fd20600e4f,646d8798c4daa940512ea5df2e3df3b86e8b0172565bf09e64959da5466cb4a1,emanramadan/Tutor_Chatbot,200,,
51,2026-08-30T21:33:45.937635+00:00,requirements.txt,https://huggingface.co/spaces/emanramadan/Tutor_Chatbot/resolve/ea45a8e2616ed0ef7b7c0a05ad2ba7fd20600e4f/requirements.txt,ea45a8e2616ed0ef7b7c0a05ad2ba7fd20600e4f,371ba907a3110d49dea57cd0afa52157fd907f0d7dc34722e4b0d1bd18ab4135,emanramadan/Tutor_Chatbot,200,,
2365,2026-08-30T21:33:45.937118+00:00,webapp.py,https://huggingface.co/spaces/emanramadan/Tutor_Chatbot/resolve/ea45a8e2616ed0ef7b7c0a05ad2ba7fd20600e4f/webapp.py,ea45a8e2616ed0ef7b7c0a05ad2ba7fd20600e4f,745ee7f2943c716c30bc8c006bcdedec753c9cfbda3a01cc2e11307545efda74,emanramadan/Tutor_Chatbot,200,,
285,2026-08-30T21:33:46.438770+00:00,README.md,https://huggingface.co/spaces/emanramadan/Tutor_Chatbot_/resolve/bd351a298e84c838c4cda5a0d006c63a6b774d35/README.md,bd351a298e84c838c4cda5a0d006c63a6b774d35,5b8fcc18acdcf8f06570c806b1ccf6fcb6bc58cffa79fb0cd60ac35b7d0b770d,emanramadan/Tutor_Chatbot_,200,,
1772,2026-08-30T21:33:46.970130+00:00,app.py,https://huggingface.co/spaces/emanramadan/Tutor_Chatbot_/resolve/bd351a298e84c838c4cda5a0d006c63a6b774d35/app.py,bd351a298e84c838c4cda5a0d006c63a6b774d35,a1811d706b048a92a965bace43168df4e073d53a25063ceca86e48046db0e29c,emanramadan/Tutor_Chatbot_,200,,
51,2026-08-30T21:33:46.933557+00:00,requirements.txt,https://huggingface.co/spaces/emanramadan/Tutor_Chatbot_/resolve/bd351a298e84c838c4cda5a0d006c63a6b774d35/requirements.txt,bd351a298e84c838c4cda5a0d006c63a6b774d35,371ba907a3110d49dea57cd0afa52157fd907f0d7dc34722e4b0d1bd18ab4135,emanramadan/Tutor_Chatbot_,200,,
2734,2026-08-30T21:33:46.959701+00:00,webapp.py,https://huggingface.co/spaces/emanramadan/Tutor_Chatbot_/resolve/bd351a298e84c838c4cda5a0d006c63a6b774d35/webapp.py,bd351a298e84c838c4cda5a0d006c63a6b774d35,e56901de71f4c06ae9c115f759dc90897b4fde3f86e8c9266140560abec7bcef,emanramadan/Tutor_Chatbot_,200,,
249,2026-08-30T21:33:47.542352+00:00,README.md,https://huggingface.co/spaces/emashahzad/StudyAssistant/resolve/f2506996d3a2d1022de0a6869d8607b98184bf0c/README.md,f2506996d3a2d1022de0a6869d8607b98184bf0c,8d52a4960f39549ec452aa996d46b21d15db88e1a402ac71f2c29f59390d5b91,emashahzad/StudyAssistant,200,,
10943,2026-09-02T19:08:40.569914+00:00,app.py,https://huggingface.co/spaces/emashahzad/StudyAssistant/resolve/f2506996d3a2d1022de0a6869d8607b98184bf0c/app.py,f2506996d3a2d1022de0a6869d8607b98184bf0c,f290fc918aa2de978b8effac8f5256954ed7974ab83a74dd0af55a56b9f08de7,emashahzad/StudyAssistant,200,lossless-v2,utf-8
77,2026-09-02T19:08:40.393580+00:00,requirements.txt,https://huggingface.co/spaces/emashahzad/StudyAssistant/resolve/f2506996d3a2d1022de0a6869d8607b98184bf0c/requirements.txt,f2506996d3a2d1022de0a6869d8607b98184bf0c,1b0e1e4c6b86a220c4a3c2cca16a63b39d45fa14ee4f3755f1544e273f8d61b4,emashahzad/StudyAssistant,200,lossless-v2,utf-8
242,2026-08-30T21:33:48.049910+00:00,README.md,https://huggingface.co/spaces/engrsalman/Educational-AI-Chatbot/resolve/15f338cee54ee31319cdf7bf1710f0b59cc16bfa/README.md,15f338cee54ee31319cdf7bf1710f0b59cc16bfa,f924d2873aba203dd70ab9304790f187bf27ee8fa2fd3ba070c6207b779d34f1,engrsalman/Educational-AI-Chatbot,200,,
2991,2026-08-30T21:33:48.590162+00:00,app.py,https://huggingface.co/spaces/engrsalman/Educational-AI-Chatbot/resolve/15f338cee54ee31319cdf7bf1710f0b59cc16bfa/app.py,15f338cee54ee31319cdf7bf1710f0b59cc16bfa,c5c52d259e67d973e560ea165fea1f13b16f8c727e34cb328e57e5135ecf3532,engrsalman/Educational-AI-Chatbot,200,,
45,2026-08-30T21:33:48.534681+00:00,requirements.txt,https://huggingface.co/spaces/engrsalman/Educational-AI-Chatbot/resolve/15f338cee54ee31319cdf7bf1710f0b59cc16bfa/requirements.txt,15f338cee54ee31319cdf7bf1710f0b59cc16bfa,752a71df4b1373e1e4b52ec9a157156ec82a945cb3cbca2ae0a8351df68fe896,engrsalman/Educational-AI-Chatbot,200,,
966,2026-08-30T21:33:49.100256+00:00,README.md,https://huggingface.co/spaces/eoinmcg/ai_tutor/resolve/fdab0e7164447c062526cd3e2c96c7d58832ec72/README.md,fdab0e7164447c062526cd3e2c96c7d58832ec72,b7dae17f094b817b3345516e3aed1ab888337e02ccf996e45c37c349ef3b9ce4,eoinmcg/ai_tutor,200,,
7321,2026-08-30T21:33:49.602392+00:00,app.py,https://huggingface.co/spaces/eoinmcg/ai_tutor/resolve/fdab0e7164447c062526cd3e2c96c7d58832ec72/app.py,fdab0e7164447c062526cd3e2c96c7d58832ec72,551bb3f321517ed43ba37d625560bd670fbea8ad4f78906ebf2ca43c36332e64,eoinmcg/ai_tutor,200,,
1406,2026-08-31T01:25:30.994803+00:00,requirements.txt,https://huggingface.co/spaces/eoinmcg/ai_tutor/resolve/fdab0e7164447c062526cd3e2c96c7d58832ec72/requirements.txt,fdab0e7164447c062526cd3e2c96c7d58832ec72,eae5c2453806c819e2db5a25d831018f939fd8c8ce92b6b1e6cd4e1c9c0b98ea,eoinmcg/ai_tutor,200,,utf-16-le-bom
268,2026-08-30T21:33:52.356483+00:00,README.md,https://huggingface.co/spaces/eugenelaw2809/wordbridge-english-learning-companion/resolve/12c1210b43a8e544d40673cb828a5086fe2a2bab/README.md,12c1210b43a8e544d40673cb828a5086fe2a2bab,35eff8ea6161bd0b5a741d35cd53a06a7aa1084147416cd0c9ce37852194ffd0,eugenelaw2809/wordbridge-english-learning-companion,200,,
3351,2026-08-30T21:33:52.865684+00:00,about.html,https://huggingface.co/spaces/eugenelaw2809/wordbridge-english-learning-companion/resolve/12c1210b43a8e544d40673cb828a5086fe2a2bab/about.html,12c1210b43a8e544d40673cb828a5086fe2a2bab,a3dd8b405b37ba437e477e8607cc02caab2b062e1426909119077096230b4394,eugenelaw2809/wordbridge-english-learning-companion,200,,
4679,2026-08-30T21:33:52.875409+00:00,components/footer.js,https://huggingface.co/spaces/eugenelaw2809/wordbridge-english-learning-companion/resolve/12c1210b43a8e544d40673cb828a5086fe2a2bab/components/footer.js,12c1210b43a8e544d40673cb828a5086fe2a2bab,f59611bfadb6780e22ca89d899127c1ac8e512664a95da619ce6a5e7aaf022bf,eugenelaw2809/wordbridge-english-learning-companion,200,,
3377,2026-08-30T21:33:52.881719+00:00,components/navbar.js,https://huggingface.co/spaces/eugenelaw2809/wordbridge-english-learning-companion/resolve/12c1210b43a8e544d40673cb828a5086fe2a2bab/components/navbar.js,12c1210b43a8e544d40673cb828a5086fe2a2bab,852dbc730143da643ccb8011ba0e8dce8b0eb19747fe062eb4d7b6e45a3d7801,eugenelaw2809/wordbridge-english-learning-companion,200,,
8093,2026-08-30T21:33:52.896474+00:00,index.html,https://huggingface.co/spaces/eugenelaw2809/wordbridge-english-learning-companion/resolve/12c1210b43a8e544d40673cb828a5086fe2a2bab/index.html,12c1210b43a8e544d40673cb828a5086fe2a2bab,3089cd3eded2cbe186c8b66ad1288aae500c000228ad91cb19624cd16a56f772,eugenelaw2809/wordbridge-english-learning-companion,200,,
3848,2026-08-30T21:33:52.890555+00:00,lessons.html,https://huggingface.co/spaces/eugenelaw2809/wordbridge-english-learning-companion/resolve/12c1210b43a8e544d40673cb828a5086fe2a2bab/lessons.html,12c1210b43a8e544d40673cb828a5086fe2a2bab,9d1d538c1ab598dbbd520218ec8e899e4dadf6874a0cc3d7cf9aa6077b686628,eugenelaw2809/wordbridge-english-learning-companion,200,,
3682,2026-08-30T21:33:52.952234+00:00,login.html,https://huggingface.co/spaces/eugenelaw2809/wordbridge-english-learning-companion/resolve/12c1210b43a8e544d40673cb828a5086fe2a2bab/login.html,12c1210b43a8e544d40673cb828a5086fe2a2bab,6ca3dfcde6febe9ad03ca42264cd3a9249a08d44fd2c4a039e6932ac9038ca51,eugenelaw2809/wordbridge-english-learning-companion,200,,
4573,2026-08-30T21:33:52.900651+00:00,quizzes.html,https://huggingface.co/spaces/eugenelaw2809/wordbridge-english-learning-companion/resolve/12c1210b43a8e544d40673cb828a5086fe2a2bab/quizzes.html,12c1210b43a8e544d40673cb828a5086fe2a2bab,e4f93778cb732df0547eb6ef398345a5461924be960995a858c1633a77e62f2f,eugenelaw2809/wordbridge-english-learning-companion,200,,
4472,2026-08-30T21:33:52.883994+00:00,register.html,https://huggingface.co/spaces/eugenelaw2809/wordbridge-english-learning-companion/resolve/12c1210b43a8e544d40673cb828a5086fe2a2bab/register.html,12c1210b43a8e544d40673cb828a5086fe2a2bab,25a901b825c9975e5497116d77cb6854acf0d42d19b22da52cbbcddd13603797,eugenelaw2809/wordbridge-english-learning-companion,200,,
1743,2026-08-30T21:33:53.438525+00:00,script.js,https://huggingface.co/spaces/eugenelaw2809/wordbridge-english-learning-companion/resolve/12c1210b43a8e544d40673cb828a5086fe2a2bab/script.js,12c1210b43a8e544d40673cb828a5086fe2a2bab,2cf4b4f04c4ba6261347015437e19b26e131faca4cd70b28d37bf0f0fedfcec8,eugenelaw2809/wordbridge-english-learning-companion,200,,
199,2026-08-30T21:33:53.955767+00:00,README.md,https://huggingface.co/spaces/eureckaeurecka1/AI-Study-Assistant/resolve/611e24e0c2ada42a522417591e2c09feff0ff19d/README.md,611e24e0c2ada42a522417591e2c09feff0ff19d,fdc41f66b4b7e92d7a0061bdb09702485f83453437514ac7340f12df68a8b80d,eureckaeurecka1/AI-Study-Assistant,200,,
13690,2026-08-30T21:33:54.461408+00:00,index.html,https://huggingface.co/spaces/eureckaeurecka1/AI-Study-Assistant/resolve/611e24e0c2ada42a522417591e2c09feff0ff19d/index.html,611e24e0c2ada42a522417591e2c09feff0ff19d,54b20edf1605c4f9ba80e0840b3588c4eed85794666cd8eba24eba28a8342c26,eureckaeurecka1/AI-Study-Assistant,200,,
223,2026-08-30T21:33:55.071019+00:00,README.md,https://huggingface.co/spaces/eureka33/edugenius-ai-smart-learning-companion/resolve/37b5469de5a76c47ed6ab29869ccab28bfb48c44/README.md,37b5469de5a76c47ed6ab29869ccab28bfb48c44,be2c000ad43acad45cf06d3eccd58e1d8eaaccc859b775835ee1f7aca0472bf7,eureka33/edugenius-ai-smart-learning-companion,200,,
546,2026-08-30T21:33:55.566439+00:00,index.html,https://huggingface.co/spaces/eureka33/edugenius-ai-smart-learning-companion/resolve/37b5469de5a76c47ed6ab29869ccab28bfb48c44/index.html,37b5469de5a76c47ed6ab29869ccab28bfb48c44,fef10b4e06879d75c496c1ce3e89410bff1b77bf51220f21570255d1f214580e,eureka33/edugenius-ai-smart-learning-companion,200,,
252,2026-08-30T21:33:56.077610+00:00,README.md,https://huggingface.co/spaces/exonique/edubot-your-smart-study-assistant/resolve/6c2b04b7ea8c477dffc104edfed5a3388c122e69/README.md,6c2b04b7ea8c477dffc104edfed5a3388c122e69,e6128d84efb851a9a12bd5d34f9c1c9a5a702184e68ab0777d0380cfb901e11b,exonique/edubot-your-smart-study-assistant,200,,
20735,2026-08-30T21:33:56.599738+00:00,index.html,https://huggingface.co/spaces/exonique/edubot-your-smart-study-assistant/resolve/6c2b04b7ea8c477dffc104edfed5a3388c122e69/index.html,6c2b04b7ea8c477dffc104edfed5a3388c122e69,fd6c423b8984e556849b6454d4a0b5e5483ebb84fb0adc35fc145173ae19a88d,exonique/edubot-your-smart-study-assistant,200,,
241,2026-08-30T21:33:57.212911+00:00,README.md,https://huggingface.co/spaces/fabeha-raheel/ai_study_assistant/resolve/a621d07bc91a9a435f27745abe6c1ed0db52d360/README.md,a621d07bc91a9a435f27745abe6c1ed0db52d360,f0bd307ce2652319658d9e07e426933f1642e0225f59483b4d3e973e1de0459c,fabeha-raheel/ai_study_assistant,200,,
6785,2026-08-30T21:33:57.697122+00:00,app.py,https://huggingface.co/spaces/fabeha-raheel/ai_study_assistant/resolve/a621d07bc91a9a435f27745abe6c1ed0db52d360/app.py,a621d07bc91a9a435f27745abe6c1ed0db52d360,5cf3fbc3b8c6083caee8a67a868aa394f8197d5cfa79e64062f36bba772ba1bf,fabeha-raheel/ai_study_assistant,200,,
147,2026-08-30T21:33:57.706302+00:00,requirements.txt,https://huggingface.co/spaces/fabeha-raheel/ai_study_assistant/resolve/a621d07bc91a9a435f27745abe6c1ed0db52d360/requirements.txt,a621d07bc91a9a435f27745abe6c1ed0db52d360,08bcd145d6b3a9af2c136bacb8403cf16d853db1d8a63ac1e6de08d745eecc03,fabeha-raheel/ai_study_assistant,200,,
323,2026-08-30T21:33:58.212250+00:00,README.md,https://huggingface.co/spaces/fahadsiddiqui337/AI-education-chatbot/resolve/e7459a7be7e35afd13eaf5c8a74ccd81b36a8d5f/README.md,e7459a7be7e35afd13eaf5c8a74ccd81b36a8d5f,0891ee3731fde97845d1cb3ed7a8c97462bddbf8ab94bd97371d7b1dd6b5150e,fahadsiddiqui337/AI-education-chatbot,200,,
1076,2026-08-30T21:33:58.713981+00:00,app.py,https://huggingface.co/spaces/fahadsiddiqui337/AI-education-chatbot/resolve/e7459a7be7e35afd13eaf5c8a74ccd81b36a8d5f/app.py,e7459a7be7e35afd13eaf5c8a74ccd81b36a8d5f,8e99956906e7034e591acc38c7e36a394c48d3d406347d1d2639d54c72d7ea1b,fahadsiddiqui337/AI-education-chatbot,200,,
82,2026-08-30T21:33:58.744866+00:00,requirements.txt,https://huggingface.co/spaces/fahadsiddiqui337/AI-education-chatbot/resolve/e7459a7be7e35afd13eaf5c8a74ccd81b36a8d5f/requirements.txt,e7459a7be7e35afd13eaf5c8a74ccd81b36a8d5f,37b93a2e1e2394c095bb67461de6dcff05621dac747af6ed754759202e0fbfa3,fahadsiddiqui337/AI-education-chatbot,200,,
251,2026-08-30T21:34:01.539064+00:00,README.md,https://huggingface.co/spaces/fatymah12/AI_Quiz_Generator/resolve/a4d26ce2fff7c6ef3e0c20dc31251b43715b0804/README.md,a4d26ce2fff7c6ef3e0c20dc31251b43715b0804,8e6ce73f223d34cfccf3baba652127ea50a38f1f98aafaec68e56788ef092aaf,fatymah12/AI_Quiz_Generator,200,,
3780,2026-08-30T21:34:02.035069+00:00,app.py,https://huggingface.co/spaces/fatymah12/AI_Quiz_Generator/resolve/a4d26ce2fff7c6ef3e0c20dc31251b43715b0804/app.py,a4d26ce2fff7c6ef3e0c20dc31251b43715b0804,3e747f09fd09b4087afb2fe75da18ef13f8976fb3aa51e0b026ef472646bec5a,fatymah12/AI_Quiz_Generator,200,,
14,2026-08-30T21:34:02.136261+00:00,requirements.txt,https://huggingface.co/spaces/fatymah12/AI_Quiz_Generator/resolve/a4d26ce2fff7c6ef3e0c20dc31251b43715b0804/requirements.txt,a4d26ce2fff7c6ef3e0c20dc31251b43715b0804,2d2e98653cffc01431788a686926b3094ff85310280a93b916d6c3715c2d85a5,fatymah12/AI_Quiz_Generator,200,,
322,2026-08-30T21:34:04.754341+00:00,README.md,https://huggingface.co/spaces/firobeid/AI_Tutor/resolve/1fc0f9c5c2307a22e61269960826bd6cae5b257d/README.md,1fc0f9c5c2307a22e61269960826bd6cae5b257d,b33f3ed0d86a3c3f3d60a290f307eabe0f8998007dbbce83eb8134e648109f37,firobeid/AI_Tutor,200,,
47,2026-08-30T21:34:05.320970+00:00,app.py,https://huggingface.co/spaces/firobeid/AI_Tutor/resolve/1fc0f9c5c2307a22e61269960826bd6cae5b257d/app.py,1fc0f9c5c2307a22e61269960826bd6cae5b257d,9a610ac50d2deb5910a70389835eb7b2edab8cc0854c6b89d1693a473506467e,firobeid/AI_Tutor,200,,
88,2026-08-30T21:34:05.239849+00:00,requirements.txt,https://huggingface.co/spaces/firobeid/AI_Tutor/resolve/1fc0f9c5c2307a22e61269960826bd6cae5b257d/requirements.txt,1fc0f9c5c2307a22e61269960826bd6cae5b257d,2484b74effe31e71a094780af9a1ae91663c185fd796caa6c0100863841d3cba,firobeid/AI_Tutor,200,,
253,2026-08-30T21:34:05.819295+00:00,README.md,https://huggingface.co/spaces/fizailyas783/smart-study-assistant/resolve/010a835f56ac3056ec2472f03fd81ef1a7f4b398/README.md,010a835f56ac3056ec2472f03fd81ef1a7f4b398,4024d21a6faad2abc90cc36a08cd455ffa656564fd37d30417a06a157014a0bd,fizailyas783/smart-study-assistant,200,,
10177,2026-08-30T21:34:06.384247+00:00,app.py,https://huggingface.co/spaces/fizailyas783/smart-study-assistant/resolve/010a835f56ac3056ec2472f03fd81ef1a7f4b398/app.py,010a835f56ac3056ec2472f03fd81ef1a7f4b398,e5590469dc581187dfbcc88c3baf1e24138d05e2d622108eb925ed2ed14d492b,fizailyas783/smart-study-assistant,200,,
99,2026-08-30T21:34:06.359279+00:00,requirements.txt,https://huggingface.co/spaces/fizailyas783/smart-study-assistant/resolve/010a835f56ac3056ec2472f03fd81ef1a7f4b398/requirements.txt,010a835f56ac3056ec2472f03fd81ef1a7f4b398,c5131f2349a355ba0a375fbe6f1b4368a880c64e74a552487c56d367145f2dca,fizailyas783/smart-study-assistant,200,,
1642,2026-08-30T21:34:08.918627+00:00,Advanced_Face_Recognition_Atttendence/README.md,https://huggingface.co/spaces/flexfitfury9/Ai_educational_platform/resolve/71e023b1f75bdb7ec983df475b856aae9d6fb197/Advanced_Face_Recognition_Atttendence/README.md,71e023b1f75bdb7ec983df475b856aae9d6fb197,15e24f71a3ac35538b98e343750f524fb7a230af969a1a1c081c6064d0f19a7f,flexfitfury9/Ai_educational_platform,200,,
210,2026-08-30T21:34:08.922426+00:00,Advanced_Face_Recognition_Atttendence/requirements.txt,https://huggingface.co/spaces/flexfitfury9/Ai_educational_platform/resolve/71e023b1f75bdb7ec983df475b856aae9d6fb197/Advanced_Face_Recognition_Atttendence/requirements.txt,71e023b1f75bdb7ec983df475b856aae9d6fb197,1eb66783780e2a23a62e993a0440b997154185b6efb1000194eac0c43e3c5457,flexfitfury9/Ai_educational_platform,200,,
439,2026-08-30T21:34:08.944615+00:00,Advanced_Face_Recognition_Atttendence/requirements_hf.txt,https://huggingface.co/spaces/flexfitfury9/Ai_educational_platform/resolve/71e023b1f75bdb7ec983df475b856aae9d6fb197/Advanced_Face_Recognition_Atttendence/requirements_hf.txt,71e023b1f75bdb7ec983df475b856aae9d6fb197,75bbd09991657bab8e6eb3c32184cfb276ebb6ac2ae9629bba01f63f455f2125,flexfitfury9/Ai_educational_platform,200,,
889,2026-08-30T21:34:08.937285+00:00,Advanced_Face_Recognition_Atttendence/setup.py,https://huggingface.co/spaces/flexfitfury9/Ai_educational_platform/resolve/71e023b1f75bdb7ec983df475b856aae9d6fb197/Advanced_Face_Recognition_Atttendence/setup.py,71e023b1f75bdb7ec983df475b856aae9d6fb197,639c01454ada3e5e5c7d7de7540ae39858ae7518fd6dccc06bcc69a0759b846b,flexfitfury9/Ai_educational_platform,200,,
2300,2026-08-30T21:34:08.421395+00:00,README.md,https://huggingface.co/spaces/flexfitfury9/Ai_educational_platform/resolve/71e023b1f75bdb7ec983df475b856aae9d6fb197/README.md,71e023b1f75bdb7ec983df475b856aae9d6fb197,feac35b6d3433bac3aa44cea1275228af3ea70ba2163e79148af2b0082f9ebd7,flexfitfury9/Ai_educational_platform,200,,
15857,2026-08-31T01:25:32.133419+00:00,app_huggingface.py,https://huggingface.co/spaces/flexfitfury9/Ai_educational_platform/resolve/71e023b1f75bdb7ec983df475b856aae9d6fb197/app_huggingface.py,71e023b1f75bdb7ec983df475b856aae9d6fb197,0fe11127c0c852cbcabded8b34f738d5440c613f4a4665108c1e3a4b9c061a13,flexfitfury9/Ai_educational_platform,200,,utf-8
0,2026-08-30T21:34:08.683398+00:00,model_cache/models--sentence-transformers--all-MiniLM-L6-v2/snapshots/c9745ed1d9f207416be6d2e6f8de32d1f16199bf/README.md,https://huggingface.co/spaces/flexfitfury9/Ai_educational_platform/resolve/71e023b1f75bdb7ec983df475b856aae9d6fb197/model_cache/models--sentence-transformers--all-MiniLM-L6-v2/snapshots/c9745ed1d9f207416be6d2e6f8de32d1f16199bf/README.md,71e023b1f75bdb7ec983df475b856aae9d6fb197,e3b0c44298fc1c149afbf4c8996fb92427ae41e4649b934ca495991b7852b855,flexfitfury9/Ai_educational_platform,200,,
645,2026-08-30T21:34:08.932542+00:00,requirements.txt,https://huggingface.co/spaces/flexfitfury9/Ai_educational_platform/resolve/71e023b1f75bdb7ec983df475b856aae9d6fb197/requirements.txt,71e023b1f75bdb7ec983df475b856aae9d6fb197,ebd6cc4876359cc0c4586f0b8695f031be22e8e68bb4dd2c82250b7a1c22bdb3,flexfitfury9/Ai_educational_platform,200,,
753,2026-08-30T21:34:08.917936+00:00,requirements_combined.txt,https://huggingface.co/spaces/flexfitfury9/Ai_educational_platform/resolve/71e023b1f75bdb7ec983df475b856aae9d6fb197/requirements_combined.txt,71e023b1f75bdb7ec983df475b856aae9d6fb197,4d845338c819f72b22dd1407340426fc924474842e69190d522c0a3416b5aa8a,flexfitfury9/Ai_educational_platform,200,,
597,2026-08-30T21:34:08.928872+00:00,requirements_fixed.txt,https://huggingface.co/spaces/flexfitfury9/Ai_educational_platform/resolve/71e023b1f75bdb7ec983df475b856aae9d6fb197/requirements_fixed.txt,71e023b1f75bdb7ec983df475b856aae9d6fb197,997b44957af3a7ad36fc7c65b87a1f9ee3cecdd723fee65e4a01068515b0ff9f,flexfitfury9/Ai_educational_platform,200,,
1642,2026-08-30T21:34:06.884540+00:00,README.md,https://huggingface.co/spaces/flexfitfury9/ai-educational-platform/resolve/77b07802071359bb0390cf760c2521316453921c/README.md,77b07802071359bb0390cf760c2521316453921c,15e24f71a3ac35538b98e343750f524fb7a230af969a1a1c081c6064d0f19a7f,flexfitfury9/ai-educational-platform,200,,
77793,2026-08-30T21:34:07.380160+00:00,app.py,https://huggingface.co/spaces/flexfitfury9/ai-educational-platform/resolve/77b07802071359bb0390cf760c2521316453921c/app.py,77b07802071359bb0390cf760c2521316453921c,fe4b622e63495f6c5a00a29cbd9e06da9741429587233a82cc86a7b1608f308b,flexfitfury9/ai-educational-platform,200,,
2430,2026-08-30T21:34:07.388423+00:00,app_huggingface.py,https://huggingface.co/spaces/flexfitfury9/ai-educational-platform/resolve/77b07802071359bb0390cf760c2521316453921c/app_huggingface.py,77b07802071359bb0390cf760c2521316453921c,2c45f7fb9a320f10529917874921492498c8fc50f1b57f8588b76a1f4c548dcd,flexfitfury9/ai-educational-platform,200,,
1921,2026-08-30T21:34:07.414821+00:00,clear_students.py,https://huggingface.co/spaces/flexfitfury9/ai-educational-platform/resolve/77b07802071359bb0390cf760c2521316453921c/clear_students.py,77b07802071359bb0390cf760c2521316453921c,15741d3f495c85b16bd5f62ac9ea392c3e4d818ca66f954f981aa5b8c415c48b,flexfitfury9/ai-educational-platform,200,,
3279,2026-08-30T21:34:07.448163+00:00,config.py,https://huggingface.co/spaces/flexfitfury9/ai-educational-platform/resolve/77b07802071359bb0390cf760c2521316453921c/config.py,77b07802071359bb0390cf760c2521316453921c,d707c470b46d201dceeb590d1176fe084a0a8370140a1de4fcde019841dc92a4,flexfitfury9/ai-educational-platform,200,,
2127,2026-08-30T21:34:07.462491+00:00,database_setup.py,https://huggingface.co/spaces/flexfitfury9/ai-educational-platform/resolve/77b07802071359bb0390cf760c2521316453921c/database_setup.py,77b07802071359bb0390cf760c2521316453921c,5a55add08fe4e94c96e2de8011f83a291448302b0e4f0dccf47586b0d43457bf,flexfitfury9/ai-educational-platform,200,,
2998,2026-08-30T23:33:40.015849+00:00,gradio_app.py,https://huggingface.co/spaces/flexfitfury9/ai-educational-platform/resolve/77b07802071359bb0390cf760c2521316453921c/gradio_app.py,77b07802071359bb0390cf760c2521316453921c,ed0b38abcb3ac4aec07ebe2d6e3af03000eb5c9d72104ba86a78a2c69077da50,flexfitfury9/ai-educational-platform,200,,
210,2026-08-30T21:34:07.456665+00:00,requirements.txt,https://huggingface.co/spaces/flexfitfury9/ai-educational-platform/resolve/77b07802071359bb0390cf760c2521316453921c/requirements.txt,77b07802071359bb0390cf760c2521316453921c,1eb66783780e2a23a62e993a0440b997154185b6efb1000194eac0c43e3c5457,flexfitfury9/ai-educational-platform,200,,
439,2026-08-30T21:34:07.468579+00:00,requirements_hf.txt,https://huggingface.co/spaces/flexfitfury9/ai-educational-platform/resolve/77b07802071359bb0390cf760c2521316453921c/requirements_hf.txt,77b07802071359bb0390cf760c2521316453921c,75bbd09991657bab8e6eb3c32184cfb276ebb6ac2ae9629bba01f63f455f2125,flexfitfury9/ai-educational-platform,200,,
889,2026-08-30T21:34:07.872906+00:00,setup.py,https://huggingface.co/spaces/flexfitfury9/ai-educational-platform/resolve/77b07802071359bb0390cf760c2521316453921c/setup.py,77b07802071359bb0390cf760c2521316453921c,639c01454ada3e5e5c7d7de7540ae39858ae7518fd6dccc06bcc69a0759b846b,flexfitfury9/ai-educational-platform,200,,
388,2026-08-30T21:34:10.863693+00:00,README.md,https://huggingface.co/spaces/forWard666/AL_TEACHING_ASSISTANT/resolve/b869c878be4c0c2da8ea71b5998b976470550665/README.md,b869c878be4c0c2da8ea71b5998b976470550665,7aa18bb383bb49057145fd989dfd6a5fa85a9aa76cceac141d4ae321fe86ac47,forWard666/AL_TEACHING_ASSISTANT,200,,
1709,2026-08-30T21:34:11.349547+00:00,app.py,https://huggingface.co/spaces/forWard666/AL_TEACHING_ASSISTANT/resolve/b869c878be4c0c2da8ea71b5998b976470550665/app.py,b869c878be4c0c2da8ea71b5998b976470550665,e9acabf89476595d0b79f769582064bdd87c5bad1e77ecb5554d31f8eccf1ede,forWard666/AL_TEACHING_ASSISTANT,200,,
23,2026-08-30T21:34:11.374102+00:00,requirements.txt,https://huggingface.co/spaces/forWard666/AL_TEACHING_ASSISTANT/resolve/b869c878be4c0c2da8ea71b5998b976470550665/requirements.txt,b869c878be4c0c2da8ea71b5998b976470550665,bb7a63543dbe9ea614c9eaa31adb468281484fd37176d36f3bb5f2433ea8c496,forWard666/AL_TEACHING_ASSISTANT,200,,
296,2026-08-30T21:34:11.886974+00:00,README.md,https://huggingface.co/spaces/forwebdevelopmentuse/quiz-ai-generator/resolve/5e4d170ec092305a3d44e66adf5ca214fb6dc434/README.md,5e4d170ec092305a3d44e66adf5ca214fb6dc434,1533bab0404bd0b8b121e892d0a9d3172d0c6ea99b87c2ccb0accbce984b4643,forwebdevelopmentuse/quiz-ai-generator,200,,
583,2026-08-30T21:34:12.388697+00:00,app.py,https://huggingface.co/spaces/forwebdevelopmentuse/quiz-ai-generator/resolve/5e4d170ec092305a3d44e66adf5ca214fb6dc434/app.py,5e4d170ec092305a3d44e66adf5ca214fb6dc434,8ba48755effd915cf5d04acafeced5a91dbf33b4f21ae65f139d5a27d1638126,forwebdevelopmentuse/quiz-ai-generator,200,,
25,2026-08-30T21:34:12.379018+00:00,requirements.txt,https://huggingface.co/spaces/forwebdevelopmentuse/quiz-ai-generator/resolve/5e4d170ec092305a3d44e66adf5ca214fb6dc434/requirements.txt,5e4d170ec092305a3d44e66adf5ca214fb6dc434,c04d93c8a3adaa7a985e85c2ce28dbc6fa3f498486c8a8eb36aaaa52a4962930,forwebdevelopmentuse/quiz-ai-generator,200,,
262,2026-08-30T21:34:14.982109+00:00,README.md,https://huggingface.co/spaces/galliumbot/studyflow-smart-learning-companion/resolve/0bdb5a0725067595405c7284f789e3d1907d3e56/README.md,0bdb5a0725067595405c7284f789e3d1907d3e56,df43861fdeda26a24ee86f5cbb84beb2b205fd0e0a994b0f830e335741d1712b,galliumbot/studyflow-smart-learning-companion,200,,
4556,2026-08-30T21:34:15.478293+00:00,components/footer.js,https://huggingface.co/spaces/galliumbot/studyflow-smart-learning-companion/resolve/0bdb5a0725067595405c7284f789e3d1907d3e56/components/footer.js,0bdb5a0725067595405c7284f789e3d1907d3e56,7baec693a640220eb2a8d69619474bdece55f427077135814b952840b8f78c9b,galliumbot/studyflow-smart-learning-companion,200,,
3748,2026-08-30T21:34:15.508747+00:00,components/navbar.js,https://huggingface.co/spaces/galliumbot/studyflow-smart-learning-companion/resolve/0bdb5a0725067595405c7284f789e3d1907d3e56/components/navbar.js,0bdb5a0725067595405c7284f789e3d1907d3e56,f9954d3743b39aba8b7fd2030b7f2fe8b1b3cab64f122b16ef0c5a93eb81c4eb,galliumbot/studyflow-smart-learning-companion,200,,
4965,2026-08-30T21:34:15.507327+00:00,features.html,https://huggingface.co/spaces/galliumbot/studyflow-smart-learning-companion/resolve/0bdb5a0725067595405c7284f789e3d1907d3e56/features.html,0bdb5a0725067595405c7284f789e3d1907d3e56,587458598bcad4fd16cf61ceb394ee21858841cc41f4afef503755b1c7d06820,galliumbot/studyflow-smart-learning-companion,200,,
4295,2026-08-30T21:34:15.554551+00:00,index.html,https://huggingface.co/spaces/galliumbot/studyflow-smart-learning-companion/resolve/0bdb5a0725067595405c7284f789e3d1907d3e56/index.html,0bdb5a0725067595405c7284f789e3d1907d3e56,39fdf721b564111d7bfe9fd0fd856246bda255ea97ddd19b27081efef8813aef,galliumbot/studyflow-smart-learning-companion,200,,
2702,2026-08-30T21:34:15.532140+00:00,login.html,https://huggingface.co/spaces/galliumbot/studyflow-smart-learning-companion/resolve/0bdb5a0725067595405c7284f789e3d1907d3e56/login.html,0bdb5a0725067595405c7284f789e3d1907d3e56,95ea288afcb40669bbbc743eb037ae7ea24317e9778c75129dfcdc778daa9e0e,galliumbot/studyflow-smart-learning-companion,200,,
1350,2026-08-30T21:34:15.575872+00:00,script.js,https://huggingface.co/spaces/galliumbot/studyflow-smart-learning-companion/resolve/0bdb5a0725067595405c7284f789e3d1907d3e56/script.js,0bdb5a0725067595405c7284f789e3d1907d3e56,eb6cef455517f34630d9e8681671ada87a7acd3f357a18274b1279a12f56fdd8,galliumbot/studyflow-smart-learning-companion,200,,
4375,2026-08-30T21:34:15.511596+00:00,setup1.html,https://huggingface.co/spaces/galliumbot/studyflow-smart-learning-companion/resolve/0bdb5a0725067595405c7284f789e3d1907d3e56/setup1.html,0bdb5a0725067595405c7284f789e3d1907d3e56,de01a126f4448cac75f4cedd40916e188ffd1b8bd2affd19d7332fb67edfd5b5,galliumbot/studyflow-smart-learning-companion,200,,
3594,2026-08-30T21:34:15.566597+00:00,signup.html,https://huggingface.co/spaces/galliumbot/studyflow-smart-learning-companion/resolve/0bdb5a0725067595405c7284f789e3d1907d3e56/signup.html,0bdb5a0725067595405c7284f789e3d1907d3e56,3b59bdb9f96fb3ed099989e54377c2c69dec06860917f56fedbac20e8e542cab,galliumbot/studyflow-smart-learning-companion,200,,
236,2026-08-30T21:34:16.079462+00:00,README.md,https://huggingface.co/spaces/gaurav9821/AI-language-Tutor/resolve/317eb6727de39aa118cad93285b1c8afb931c689/README.md,317eb6727de39aa118cad93285b1c8afb931c689,79a67192acb35c821c0f150152da9854e3d77c69dcd1caafa25f8db2357c0720,gaurav9821/AI-language-Tutor,200,,
735,2026-08-30T21:34:16.581017+00:00,app.py,https://huggingface.co/spaces/gaurav9821/AI-language-Tutor/resolve/317eb6727de39aa118cad93285b1c8afb931c689/app.py,317eb6727de39aa118cad93285b1c8afb931c689,5b6e31f4b243e076c742851f4fcad8db7d524b768a483f7790a668e0b61a1ea6,gaurav9821/AI-language-Tutor,200,,
25,2026-08-30T21:34:16.590585+00:00,requirements.txt,https://huggingface.co/spaces/gaurav9821/AI-language-Tutor/resolve/317eb6727de39aa118cad93285b1c8afb931c689/requirements.txt,317eb6727de39aa118cad93285b1c8afb931c689,c04d93c8a3adaa7a985e85c2ce28dbc6fa3f498486c8a8eb36aaaa52a4962930,gaurav9821/AI-language-Tutor,200,,
263,2026-08-30T21:34:17.093804+00:00,README.md,https://huggingface.co/spaces/gauravtiwari31/studygenie-smart-learning-companion/resolve/5ee2d6518848c7a96b897ab2304cee54394cdeb4/README.md,5ee2d6518848c7a96b897ab2304cee54394cdeb4,07f9a60a87d85cc7f8c0d77983a9027538f84e170fa8945d410bce2c5c38dcae,gauravtiwari31/studygenie-smart-learning-companion,200,,
2993,2026-08-30T21:34:17.587318+00:00,components/footer.js,https://huggingface.co/spaces/gauravtiwari31/studygenie-smart-learning-companion/resolve/5ee2d6518848c7a96b897ab2304cee54394cdeb4/components/footer.js,5ee2d6518848c7a96b897ab2304cee54394cdeb4,5b4e79b0c84724f7c8403c27c8097a311b8fe42e8b3e1b23b28ee68acce63025,gauravtiwari31/studygenie-smart-learning-companion,200,,
2973,2026-08-30T21:34:17.642266+00:00,components/navbar.js,https://huggingface.co/spaces/gauravtiwari31/studygenie-smart-learning-companion/resolve/5ee2d6518848c7a96b897ab2304cee54394cdeb4/components/navbar.js,5ee2d6518848c7a96b897ab2304cee54394cdeb4,aebfdc1ce3c55ee7a8c037e8f5a519a32dd127e87330f0c91b2ae88b84e3cf42,gauravtiwari31/studygenie-smart-learning-companion,200,,
5870,2026-08-30T21:34:17.625811+00:00,index.html,https://huggingface.co/spaces/gauravtiwari31/studygenie-smart-learning-companion/resolve/5ee2d6518848c7a96b897ab2304cee54394cdeb4/index.html,5ee2d6518848c7a96b897ab2304cee54394cdeb4,21781f1a498d51be5dadfda589a36673fdf86148b9743b49ddfccc9eb28713ed,gauravtiwari31/studygenie-smart-learning-companion,200,,
2425,2026-08-30T21:34:17.629941+00:00,script.js,https://huggingface.co/spaces/gauravtiwari31/studygenie-smart-learning-companion/resolve/5ee2d6518848c7a96b897ab2304cee54394cdeb4/script.js,5ee2d6518848c7a96b897ab2304cee54394cdeb4,fbdbc05a9f6f7cc9a17db2352be25745472f37d837faa8d44fcd335372d92636,gauravtiwari31/studygenie-smart-learning-companion,200,,
399,2026-08-30T21:34:18.186225+00:00,README.md,https://huggingface.co/spaces/geekaijosh/Agent_AI_Tutor/resolve/1f36f0f95d443c554275b5eff782c4f218d1e7cf/README.md,1f36f0f95d443c554275b5eff782c4f218d1e7cf,0c2362b8071d8d0385df57aecddc0f18442f6ff8eb1612dedb9858031aee8192,geekaijosh/Agent_AI_Tutor,200,,
6931,2026-08-30T21:34:18.687216+00:00,app.py,https://huggingface.co/spaces/geekaijosh/Agent_AI_Tutor/resolve/1f36f0f95d443c554275b5eff782c4f218d1e7cf/app.py,1f36f0f95d443c554275b5eff782c4f218d1e7cf,2a2b5ab2a5539ea60f6e40a05b6d3694c51a273cba68bd2c986ba9640a55109d,geekaijosh/Agent_AI_Tutor,200,,
151,2026-08-30T21:34:18.710654+00:00,requirements.txt,https://huggingface.co/spaces/geekaijosh/Agent_AI_Tutor/resolve/1f36f0f95d443c554275b5eff782c4f218d1e7cf/requirements.txt,1f36f0f95d443c554275b5eff782c4f218d1e7cf,6bf175fd2e91e7e81c83ce9dfd6c82d3af08a30337ef5bf84cd438387971de53,geekaijosh/Agent_AI_Tutor,200,,
214,2026-08-30T21:34:20.797811+00:00,README.md,https://huggingface.co/spaces/gionarchitect/eduspark-ai-learning-companion/resolve/756eec7ef119d85510efa0354dcfd0e0e686fe37/README.md,756eec7ef119d85510efa0354dcfd0e0e686fe37,8e1f0e14fae76ac0223131b748f9439ec772561b2b17765398e1252ddebb4b74,gionarchitect/eduspark-ai-learning-companion,200,,
546,2026-08-30T21:34:21.318150+00:00,index.html,https://huggingface.co/spaces/gionarchitect/eduspark-ai-learning-companion/resolve/756eec7ef119d85510efa0354dcfd0e0e686fe37/index.html,756eec7ef119d85510efa0354dcfd0e0e686fe37,fef10b4e06879d75c496c1ce3e89410bff1b77bf51220f21570255d1f214580e,gionarchitect/eduspark-ai-learning-companion,200,,
255,2026-08-30T21:34:21.852954+00:00,README.md,https://huggingface.co/spaces/gneya/educational_chatbot/resolve/903da8feeb36bfd4358f208f24829cd57678f564/README.md,903da8feeb36bfd4358f208f24829cd57678f564,dfb80ebbb166eac7d8e091f83085f7bdcddd84df57fbe5f279d5610b4a3441c9,gneya/educational_chatbot,200,,
3684,2026-08-30T21:34:22.393263+00:00,app.py,https://huggingface.co/spaces/gneya/educational_chatbot/resolve/903da8feeb36bfd4358f208f24829cd57678f564/app.py,903da8feeb36bfd4358f208f24829cd57678f564,d3d6a941055fb56a4e2d979c77321ae9c1066b6c65fadd956be19249ab4a7647,gneya/educational_chatbot,200,,
145,2026-08-30T21:34:22.377986+00:00,requirements.txt,https://huggingface.co/spaces/gneya/educational_chatbot/resolve/903da8feeb36bfd4358f208f24829cd57678f564/requirements.txt,903da8feeb36bfd4358f208f24829cd57678f564,9e726af3d348d7ff53157343eb2dd46eb5b9b95a453b44283d1645f06f8d9d44,gneya/educational_chatbot,200,,
3228,2026-08-30T21:34:22.386487+00:00,utils.py,https://huggingface.co/spaces/gneya/educational_chatbot/resolve/903da8feeb36bfd4358f208f24829cd57678f564/utils.py,903da8feeb36bfd4358f208f24829cd57678f564,f179357ba8d794f78d3aec95c6cf44695334a3696eea06b508aa381e8a6c32a3,gneya/educational_chatbot,200,,
259,2026-08-30T21:34:22.905489+00:00,README.md,https://huggingface.co/spaces/gobikrishna87/TechBytz-AI-Tutor/resolve/c4a3d1ac72e86376bff764f11bfa64809be1a142/README.md,c4a3d1ac72e86376bff764f11bfa64809be1a142,7e798fc63aa08e63230d71c7c1068b16004105afdeb84a5d4f6628fc56d01920,gobikrishna87/TechBytz-AI-Tutor,200,,
1260,2026-08-30T21:34:23.442703+00:00,app.py,https://huggingface.co/spaces/gobikrishna87/TechBytz-AI-Tutor/resolve/c4a3d1ac72e86376bff764f11bfa64809be1a142/app.py,c4a3d1ac72e86376bff764f11bfa64809be1a142,9a0008dd00a5e9a791a1af4c0782f561e774682c51c8d77ac52e50dd60870501,gobikrishna87/TechBytz-AI-Tutor,200,,
25,2026-08-30T21:34:23.628086+00:00,requirements.txt,https://huggingface.co/spaces/gobikrishna87/TechBytz-AI-Tutor/resolve/c4a3d1ac72e86376bff764f11bfa64809be1a142/requirements.txt,c4a3d1ac72e86376bff764f11bfa64809be1a142,c04d93c8a3adaa7a985e85c2ce28dbc6fa3f498486c8a8eb36aaaa52a4962930,gobikrishna87/TechBytz-AI-Tutor,200,,
2166,2026-08-30T21:34:24.618990+00:00,README.md,https://huggingface.co/spaces/google/rad_learning_companion/resolve/98f7a3cbd27935b8111b5551ca7deb0c7d784fcf/README.md,98f7a3cbd27935b8111b5551ca7deb0c7d784fcf,c9cf2f5f9199520dd0fdbf706ea8f061febbbef978e6fda825a753a3c466774f,google/rad_learning_companion,200,,
6025,2026-08-30T21:34:25.163078+00:00,backend/app.py,https://huggingface.co/spaces/google/rad_learning_companion/resolve/98f7a3cbd27935b8111b5551ca7deb0c7d784fcf/backend/app.py,98f7a3cbd27935b8111b5551ca7deb0c7d784fcf,d19322f8a8f03a1024e929fe9f23bb20f3daee384bc854d13168b57fd7bad217,google/rad_learning_companion,200,,
2782,2026-08-30T21:34:25.161579+00:00,backend/background_task_manager.py,https://huggingface.co/spaces/google/rad_learning_companion/resolve/98f7a3cbd27935b8111b5551ca7deb0c7d784fcf/backend/background_task_manager.py,98f7a3cbd27935b8111b5551ca7deb0c7d784fcf,b5a1dab5c6d57269c26ee487ed710dd9e6946572626673584c0bd2dd6b4b4841,google/rad_learning_companion,200,,
2764,2026-08-30T21:34:25.193043+00:00,backend/cache_manager.py,https://huggingface.co/spaces/google/rad_learning_companion/resolve/98f7a3cbd27935b8111b5551ca7deb0c7d784fcf/backend/cache_manager.py,98f7a3cbd27935b8111b5551ca7deb0c7d784fcf,32715f759c948369d733d76fa41b9ff64f000b1fed15c62b4ab9361913cbe7a2,google/rad_learning_companion,200,,
10273,2026-08-30T21:34:25.201102+00:00,backend/case_util.py,https://huggingface.co/spaces/google/rad_learning_companion/resolve/98f7a3cbd27935b8111b5551ca7deb0c7d784fcf/backend/case_util.py,98f7a3cbd27935b8111b5551ca7deb0c7d784fcf,4721235a61bd010915f57a64b6683cc11a117cf6968ea1d8a25af352c86128d8,google/rad_learning_companion,200,,
1366,2026-08-30T21:34:25.189504+00:00,backend/config.py,https://huggingface.co/spaces/google/rad_learning_companion/resolve/98f7a3cbd27935b8111b5551ca7deb0c7d784fcf/backend/config.py,98f7a3cbd27935b8111b5551ca7deb0c7d784fcf,89db8bdce007bbd81ab2a11666b48110b913cfab44bc2e186493c7868388adcb,google/rad_learning_companion,200,,
28,2026-08-30T21:34:25.212883+00:00,backend/default_cache/README.md,https://huggingface.co/spaces/google/rad_learning_companion/resolve/98f7a3cbd27935b8111b5551ca7deb0c7d784fcf/backend/default_cache/README.md,98f7a3cbd27935b8111b5551ca7deb0c7d784fcf,883365b54cecf309505f3859b20f0baca91cc7b6eaad891201b995b829aab250,google/rad_learning_companion,200,,
11164,2026-08-30T21:34:25.167121+00:00,backend/llm_client.py,https://huggingface.co/spaces/google/rad_learning_companion/resolve/98f7a3cbd27935b8111b5551ca7deb0c7d784fcf/backend/llm_client.py,98f7a3cbd27935b8111b5551ca7deb0c7d784fcf,8ac7c7e766f42df25e1aa9f0ac507d7cc9155d5c03fe736bfdad08944acc4713,google/rad_learning_companion,200,,
1346,2026-08-30T21:34:25.209270+00:00,backend/requirements.txt,https://huggingface.co/spaces/google/rad_learning_companion/resolve/98f7a3cbd27935b8111b5551ca7deb0c7d784fcf/backend/requirements.txt,98f7a3cbd27935b8111b5551ca7deb0c7d784fcf,71ccae91b4c0148619107a1236bdd1e5fe07c2fad456ab077bce3622ff85207d,google/rad_learning_companion,200,,
456,2026-08-30T21:34:25.679369+00:00,frontend/package.json,https://huggingface.co/spaces/google/rad_learning_companion/resolve/98f7a3cbd27935b8111b5551ca7deb0c7d784fcf/frontend/package.json,98f7a3cbd27935b8111b5551ca7deb0c7d784fcf,4af0d6548ca61e09f6c7a20790fad46bf5b79d2075737e72b5a6d35481fc99be,google/rad_learning_companion,200,,
316,2026-08-30T21:34:26.202382+00:00,README.md,https://huggingface.co/spaces/gopichand55k/StudyAssistant/resolve/4b4c73d6db2021e3073df753c869c3c2f106cec4/README.md,4b4c73d6db2021e3073df753c869c3c2f106cec4,47b0bfd7d11ae08f772ab688951637247052abe59f302a18394158b58ad6aa99,gopichand55k/StudyAssistant,200,,
1727,2026-08-30T21:34:26.721294+00:00,app.py,https://huggingface.co/spaces/gopichand55k/StudyAssistant/resolve/4b4c73d6db2021e3073df753c869c3c2f106cec4/app.py,4b4c73d6db2021e3073df753c869c3c2f106cec4,bcfa196cce7c42cfbe87db310a055de2567cfc1d895e7946706d81eba084448a,gopichand55k/StudyAssistant,200,,
20,2026-08-30T21:34:26.716210+00:00,requirements.txt,https://huggingface.co/spaces/gopichand55k/StudyAssistant/resolve/4b4c73d6db2021e3073df753c869c3c2f106cec4/requirements.txt,4b4c73d6db2021e3073df753c869c3c2f106cec4,95b4ef97b952c34747ec62bd11226237b56adcd53182fcd706b2f2be09c37c53,gopichand55k/StudyAssistant,200,,
200,2026-08-30T21:34:27.215352+00:00,README.md,https://huggingface.co/spaces/gouravbathla/Language_Tutor/resolve/83d0da5560e6c63d63a8e21047985863bd7602a2/README.md,83d0da5560e6c63d63a8e21047985863bd7602a2,7a805891d59ad51f9f46799c7c274161ce87b05e76a2c8044933af06c3cbdd98,gouravbathla/Language_Tutor,200,,
6393,2026-08-30T21:34:27.726068+00:00,app.py,https://huggingface.co/spaces/gouravbathla/Language_Tutor/resolve/83d0da5560e6c63d63a8e21047985863bd7602a2/app.py,83d0da5560e6c63d63a8e21047985863bd7602a2,2e935a494f04682f1522d3745e20c15227265bd2a5b87d95a026362b524e489d,gouravbathla/Language_Tutor,200,,
8484,2026-08-30T21:34:27.737514+00:00,grammar_evaluator_agent.py,https://huggingface.co/spaces/gouravbathla/Language_Tutor/resolve/83d0da5560e6c63d63a8e21047985863bd7602a2/grammar_evaluator_agent.py,83d0da5560e6c63d63a8e21047985863bd7602a2,571c46966bdef24f1e76ba397662721d85d5ca14660d415892391c1db7eceef5,gouravbathla/Language_Tutor,200,,
6126,2026-08-30T21:34:27.722911+00:00,grammar_mcq_agent.py,https://huggingface.co/spaces/gouravbathla/Language_Tutor/resolve/83d0da5560e6c63d63a8e21047985863bd7602a2/grammar_mcq_agent.py,83d0da5560e6c63d63a8e21047985863bd7602a2,08082d9f94230dfe31be2216e97735525e2b64812842eade46c626f2126a93e1,gouravbathla/Language_Tutor,200,,
53,2026-08-30T21:34:27.717525+00:00,requirements.txt,https://huggingface.co/spaces/gouravbathla/Language_Tutor/resolve/83d0da5560e6c63d63a8e21047985863bd7602a2/requirements.txt,83d0da5560e6c63d63a8e21047985863bd7602a2,e8f921e08b468570b5c6d8cc1c628ddeaf7ff75df600da0d72441125a65bcab0,gouravbathla/Language_Tutor,200,,
277,2026-08-30T21:34:28.254977+00:00,README.md,https://huggingface.co/spaces/gr3g0r-i/quiz-generator/resolve/5c306726a3754c029c6d80da5e5fe63d69192bb8/README.md,5c306726a3754c029c6d80da5e5fe63d69192bb8,51619354fc6f1db16a766a18e8286bfe8ef251d9e89482d5628cf9dad678a290,gr3g0r-i/quiz-generator,200,,
1378,2026-08-30T21:34:28.745972+00:00,app.py,https://huggingface.co/spaces/gr3g0r-i/quiz-generator/resolve/5c306726a3754c029c6d80da5e5fe63d69192bb8/app.py,5c306726a3754c029c6d80da5e5fe63d69192bb8,7de4fd9b66804182d381f2a6799e3733e7da2ae50d23fd00931283095fd773b6,gr3g0r-i/quiz-generator,200,,
25,2026-08-30T21:34:28.777126+00:00,requirements.txt,https://huggingface.co/spaces/gr3g0r-i/quiz-generator/resolve/5c306726a3754c029c6d80da5e5fe63d69192bb8/requirements.txt,5c306726a3754c029c6d80da5e5fe63d69192bb8,6378124be4b6c0bb81a8ceadd696b9db78f6cf6e326594ae570cea28b222ff27,gr3g0r-i/quiz-generator,200,,
336,2026-08-30T21:34:30.297734+00:00,README.md,https://huggingface.co/spaces/guddolla/AI_TUTOR/resolve/efe1bc0b0cf14d1e49c5499f7a875f342bdcc6f8/README.md,efe1bc0b0cf14d1e49c5499f7a875f342bdcc6f8,0d39e11f198cb9e7f7e07a110d1931d1f19bb8de29e7074ae763d2006e07a81d,guddolla/AI_TUTOR,200,,
1386,2026-08-30T21:34:30.801903+00:00,app.py,https://huggingface.co/spaces/guddolla/AI_TUTOR/resolve/efe1bc0b0cf14d1e49c5499f7a875f342bdcc6f8/app.py,efe1bc0b0cf14d1e49c5499f7a875f342bdcc6f8,1759ae5e78e5bc529ec2ef48f90a8688f4c875ea0cce0ceb9ff6253c98745257,guddolla/AI_TUTOR,200,,
461,2026-08-30T21:34:30.801101+00:00,prompt.py,https://huggingface.co/spaces/guddolla/AI_TUTOR/resolve/efe1bc0b0cf14d1e49c5499f7a875f342bdcc6f8/prompt.py,efe1bc0b0cf14d1e49c5499f7a875f342bdcc6f8,acc81f0dd7742f1d857bbe39ff633077136293872b7fe380b28bfcbe3e6db440,guddolla/AI_TUTOR,200,,
77,2026-08-30T21:34:30.799933+00:00,requirements.txt,https://huggingface.co/spaces/guddolla/AI_TUTOR/resolve/efe1bc0b0cf14d1e49c5499f7a875f342bdcc6f8/requirements.txt,efe1bc0b0cf14d1e49c5499f7a875f342bdcc6f8,af6d45303ce3dd6c733ce02170525a7602b2b42f125b11cb7eb542ed2258a6df,guddolla/AI_TUTOR,200,,
1125,2026-08-30T21:34:30.789978+00:00,src/streamlit_app.py,https://huggingface.co/spaces/guddolla/AI_TUTOR/resolve/efe1bc0b0cf14d1e49c5499f7a875f342bdcc6f8/src/streamlit_app.py,efe1bc0b0cf14d1e49c5499f7a875f342bdcc6f8,67c3220df70c5f085a360e92abd29ba4c9f56cbd5ffcab04cd45ba6096794b04,guddolla/AI_TUTOR,200,,
403,2026-08-30T21:34:30.809365+00:00,tutor.py,https://huggingface.co/spaces/guddolla/AI_TUTOR/resolve/efe1bc0b0cf14d1e49c5499f7a875f342bdcc6f8/tutor.py,efe1bc0b0cf14d1e49c5499f7a875f342bdcc6f8,e699e0193499339a122083f50cbf1a5b0afe9156ff048e223a69b9bb6b0b009b,guddolla/AI_TUTOR,200,,
209,2026-08-30T21:34:29.270348+00:00,README.md,https://huggingface.co/spaces/guddolla/ai.tutor/resolve/ebf7b57ff0347bef39d1c9a14ccbd978f5ce2b76/README.md,ebf7b57ff0347bef39d1c9a14ccbd978f5ce2b76,79a705bff582fc8414f31c807bb16219bd041c6cf33b132d04db0368554d07e9,guddolla/ai.tutor,200,,
1386,2026-08-30T21:34:29.809961+00:00,app.py,https://huggingface.co/spaces/guddolla/ai.tutor/resolve/ebf7b57ff0347bef39d1c9a14ccbd978f5ce2b76/app.py,ebf7b57ff0347bef39d1c9a14ccbd978f5ce2b76,1759ae5e78e5bc529ec2ef48f90a8688f4c875ea0cce0ceb9ff6253c98745257,guddolla/ai.tutor,200,,
461,2026-08-30T21:34:29.779321+00:00,prompt.py,https://huggingface.co/spaces/guddolla/ai.tutor/resolve/ebf7b57ff0347bef39d1c9a14ccbd978f5ce2b76/prompt.py,ebf7b57ff0347bef39d1c9a14ccbd978f5ce2b76,acc81f0dd7742f1d857bbe39ff633077136293872b7fe380b28bfcbe3e6db440,guddolla/ai.tutor,200,,
77,2026-08-30T21:34:29.764860+00:00,requirements.txt,https://huggingface.co/spaces/guddolla/ai.tutor/resolve/ebf7b57ff0347bef39d1c9a14ccbd978f5ce2b76/requirements.txt,ebf7b57ff0347bef39d1c9a14ccbd978f5ce2b76,af6d45303ce3dd6c733ce02170525a7602b2b42f125b11cb7eb542ed2258a6df,guddolla/ai.tutor,200,,
1125,2026-08-30T21:34:29.775829+00:00,src/streamlit_app.py,https://huggingface.co/spaces/guddolla/ai.tutor/resolve/ebf7b57ff0347bef39d1c9a14ccbd978f5ce2b76/src/streamlit_app.py,ebf7b57ff0347bef39d1c9a14ccbd978f5ce2b76,67c3220df70c5f085a360e92abd29ba4c9f56cbd5ffcab04cd45ba6096794b04,guddolla/ai.tutor,200,,
403,2026-08-30T21:34:29.806194+00:00,tutor.py,https://huggingface.co/spaces/guddolla/ai.tutor/resolve/ebf7b57ff0347bef39d1c9a14ccbd978f5ce2b76/tutor.py,ebf7b57ff0347bef39d1c9a14ccbd978f5ce2b76,e699e0193499339a122083f50cbf1a5b0afe9156ff048e223a69b9bb6b0b009b,guddolla/ai.tutor,200,,
272,2026-08-30T21:34:32.455546+00:00,README.md,https://huggingface.co/spaces/gurubrahmam/StudyAssistant2/resolve/21b451b953043b658d7db44db67f1cbb1edee8a2/README.md,21b451b953043b658d7db44db67f1cbb1edee8a2,d6e93e6b5029671ccdd229d993dfcda41285bcf86fef2dc65fe49bb741ef2cc8,gurubrahmam/StudyAssistant2,200,,
20641,2026-08-30T21:34:33.508886+00:00,Quiz.py,https://huggingface.co/spaces/habiba-elshrkawy/quiz-generator/resolve/7edc5b5e5ef45baa07d80a6ab61b1cdfee49d13a/Quiz.py,7edc5b5e5ef45baa07d80a6ab61b1cdfee49d13a,d6009f5bbb483101ce4a4416517d8998e081974e6a9aaa445c27fad9d8b001cd,habiba-elshrkawy/quiz-generator,200,,
216,2026-08-30T21:34:32.975792+00:00,README.md,https://huggingface.co/spaces/habiba-elshrkawy/quiz-generator/resolve/7edc5b5e5ef45baa07d80a6ab61b1cdfee49d13a/README.md,7edc5b5e5ef45baa07d80a6ab61b1cdfee49d13a,7893341425a43ba8cbe86774a02cb727200d7f7255f350511137563af396fb2c,habiba-elshrkawy/quiz-generator,200,,
8481,2026-08-30T21:34:33.519117+00:00,main.py,https://huggingface.co/spaces/habiba-elshrkawy/quiz-generator/resolve/7edc5b5e5ef45baa07d80a6ab61b1cdfee49d13a/main.py,7edc5b5e5ef45baa07d80a6ab61b1cdfee49d13a,dc1eb673f93b434dbd4ff0525fb49198bfa5fe0f9a13cf3875263df487e53648,habiba-elshrkawy/quiz-generator,200,,
58,2026-08-30T21:34:33.512130+00:00,requirements.txt,https://huggingface.co/spaces/habiba-elshrkawy/quiz-generator/resolve/7edc5b5e5ef45baa07d80a6ab61b1cdfee49d13a/requirements.txt,7edc5b5e5ef45baa07d80a6ab61b1cdfee49d13a,2212c5cc20c20e60e7b35a20fe7c40c0cde4fe5a454409695eb3a97953c16d04,habiba-elshrkawy/quiz-generator,200,,
202,2026-08-30T21:34:34.035169+00:00,README.md,https://huggingface.co/spaces/hackmisty123/hack-misty-ai-tutor/resolve/d770c800009f2ac2a90476a1c2551e5ccdc7d223/README.md,d770c800009f2ac2a90476a1c2551e5ccdc7d223,2d9da383167b6abc1ec7dbf14ec12318d70a34461e6786a1c6ca6c24d5194735,hackmisty123/hack-misty-ai-tutor,200,,
13720,2026-08-30T21:34:34.528972+00:00,app.py,https://huggingface.co/spaces/hackmisty123/hack-misty-ai-tutor/resolve/d770c800009f2ac2a90476a1c2551e5ccdc7d223/app.py,d770c800009f2ac2a90476a1c2551e5ccdc7d223,b5e3b9aeb2cfbc826b491d6ff00bac53d4b3071e5c8a0ac5380f5f2e53a0b863,hackmisty123/hack-misty-ai-tutor,200,,
1489,2026-08-30T21:34:34.542602+00:00,database.py,https://huggingface.co/spaces/hackmisty123/hack-misty-ai-tutor/resolve/d770c800009f2ac2a90476a1c2551e5ccdc7d223/database.py,d770c800009f2ac2a90476a1c2551e5ccdc7d223,b5564f3c1d3fd035f7b604d871e7e99b6b93f2eeac42d8392b201b672be5f0dc,hackmisty123/hack-misty-ai-tutor,200,,
145,2026-08-30T21:34:34.533401+00:00,requirements.txt,https://huggingface.co/spaces/hackmisty123/hack-misty-ai-tutor/resolve/d770c800009f2ac2a90476a1c2551e5ccdc7d223/requirements.txt,d770c800009f2ac2a90476a1c2551e5ccdc7d223,0da34f1aed934e8f9963e050c9e8ea1582bf741a7ab485e4d1e79ead5ea39802,hackmisty123/hack-misty-ai-tutor,200,,
7310,2026-08-30T21:34:34.539085+00:00,templates/base.html,https://huggingface.co/spaces/hackmisty123/hack-misty-ai-tutor/resolve/d770c800009f2ac2a90476a1c2551e5ccdc7d223/templates/base.html,d770c800009f2ac2a90476a1c2551e5ccdc7d223,ea7ddd94aa8e3aac1dcf111b29dafae6f0688ad5f3fdd85a58a28707b10aee5e,hackmisty123/hack-misty-ai-tutor,200,,
35795,2026-08-30T21:34:34.537246+00:00,templates/chat.html,https://huggingface.co/spaces/hackmisty123/hack-misty-ai-tutor/resolve/d770c800009f2ac2a90476a1c2551e5ccdc7d223/templates/chat.html,d770c800009f2ac2a90476a1c2551e5ccdc7d223,1beb9361d557af2f4710bc37335e13a850e44a0bd86601e475cbf164a2e9b830,hackmisty123/hack-misty-ai-tutor,200,,
6706,2026-08-30T21:34:34.611394+00:00,templates/dashboard.html,https://huggingface.co/spaces/hackmisty123/hack-misty-ai-tutor/resolve/d770c800009f2ac2a90476a1c2551e5ccdc7d223/templates/dashboard.html,d770c800009f2ac2a90476a1c2551e5ccdc7d223,3f9911b61d926a0447e425d834417ca222c3764ddbfdec1711a83d47cb76590a,hackmisty123/hack-misty-ai-tutor,200,,
29517,2026-08-30T21:34:34.578750+00:00,templates/index.html,https://huggingface.co/spaces/hackmisty123/hack-misty-ai-tutor/resolve/d770c800009f2ac2a90476a1c2551e5ccdc7d223/templates/index.html,d770c800009f2ac2a90476a1c2551e5ccdc7d223,20e12700c4002f2a5aef8dec134acbc50fd0a82e109d609ce6e0a58b3d831d4a,hackmisty123/hack-misty-ai-tutor,200,,
1066,2026-08-30T21:34:34.565455+00:00,templates/login.html,https://huggingface.co/spaces/hackmisty123/hack-misty-ai-tutor/resolve/d770c800009f2ac2a90476a1c2551e5ccdc7d223/templates/login.html,d770c800009f2ac2a90476a1c2551e5ccdc7d223,307329bab963bd9be9f560c88395114a76f8f596a10b545b505f4da18d680b8b,hackmisty123/hack-misty-ai-tutor,200,,
1610,2026-08-30T21:34:35.132683+00:00,templates/signup.html,https://huggingface.co/spaces/hackmisty123/hack-misty-ai-tutor/resolve/d770c800009f2ac2a90476a1c2551e5ccdc7d223/templates/signup.html,d770c800009f2ac2a90476a1c2551e5ccdc7d223,6addf771e722e96318ddcd07494b3ef62e0ed356fba6055994f996794ed846f9,hackmisty123/hack-misty-ai-tutor,200,,
253,2026-08-30T21:34:38.856026+00:00,README.md,https://huggingface.co/spaces/haiderijaz/mock-quiz-generator/resolve/8505110bfeacdab1fbbd651407701fa2fe0676a6/README.md,8505110bfeacdab1fbbd651407701fa2fe0676a6,e80f9638b2482bd1c7afc1a54881333842186b491ca5523cab975171cd83b37b,haiderijaz/mock-quiz-generator,200,,
1933,2026-08-30T21:34:39.363812+00:00,app.py,https://huggingface.co/spaces/haiderijaz/mock-quiz-generator/resolve/8505110bfeacdab1fbbd651407701fa2fe0676a6/app.py,8505110bfeacdab1fbbd651407701fa2fe0676a6,7bf38b5322f5421c8a69dacd3515472eb198310ebcc2586370fadbcc0068a49d,haiderijaz/mock-quiz-generator,200,,
781,2026-08-30T21:34:39.361494+00:00,chunking.py,https://huggingface.co/spaces/haiderijaz/mock-quiz-generator/resolve/8505110bfeacdab1fbbd651407701fa2fe0676a6/chunking.py,8505110bfeacdab1fbbd651407701fa2fe0676a6,3aa29de0841e959bee0d1d23f2095dd951b9c8fbdff7af815d370fcae454ff4a,haiderijaz/mock-quiz-generator,200,,
214,2026-08-30T21:34:39.374463+00:00,pdf_reader.py,https://huggingface.co/spaces/haiderijaz/mock-quiz-generator/resolve/8505110bfeacdab1fbbd651407701fa2fe0676a6/pdf_reader.py,8505110bfeacdab1fbbd651407701fa2fe0676a6,b04e892cc541c9b758c7c301cec4fd51881c711fcbe8021a8a1e4c6b89fb3ff4,haiderijaz/mock-quiz-generator,200,,
815,2026-08-30T21:34:39.373929+00:00,quiz_generator.py,https://huggingface.co/spaces/haiderijaz/mock-quiz-generator/resolve/8505110bfeacdab1fbbd651407701fa2fe0676a6/quiz_generator.py,8505110bfeacdab1fbbd651407701fa2fe0676a6,b37f5593accd419a1fd199ded4cf471ef127a4b4d4cf2ef6c619e3d40a761e60,haiderijaz/mock-quiz-generator,200,,
64,2026-08-30T21:34:39.353531+00:00,requirements.txt,https://huggingface.co/spaces/haiderijaz/mock-quiz-generator/resolve/8505110bfeacdab1fbbd651407701fa2fe0676a6/requirements.txt,8505110bfeacdab1fbbd651407701fa2fe0676a6,954986abaac02c9ca3e7d3ce99b3e8cf196ff9f56eb09f516f62482f657021da,haiderijaz/mock-quiz-generator,200,,
462,2026-08-30T21:34:39.375484+00:00,utils.py,https://huggingface.co/spaces/haiderijaz/mock-quiz-generator/resolve/8505110bfeacdab1fbbd651407701fa2fe0676a6/utils.py,8505110bfeacdab1fbbd651407701fa2fe0676a6,587b4149f675c530211a100e5e44f1265b1020abaa537ee18a0f784a8f1812ad,haiderijaz/mock-quiz-generator,200,,
876,2026-08-30T21:34:39.366101+00:00,vector_db.py,https://huggingface.co/spaces/haiderijaz/mock-quiz-generator/resolve/8505110bfeacdab1fbbd651407701fa2fe0676a6/vector_db.py,8505110bfeacdab1fbbd651407701fa2fe0676a6,e43c8b177a40fd420136ccc8ff3b44e60e1ee6f50b3201ec723ea807eb188495,haiderijaz/mock-quiz-generator,200,,
235,2026-08-30T21:34:39.886242+00:00,README.md,https://huggingface.co/spaces/hamidamoosa/ai-generator-quiz/resolve/dd78d18e0979be23e377c803b09d49f609a2aea9/README.md,dd78d18e0979be23e377c803b09d49f609a2aea9,278425d55c1df44801a552b32c93e207e2e5c1bfb5378331361a5a0af7694d94,hamidamoosa/ai-generator-quiz,200,,
33,2026-08-30T21:34:40.432454+00:00,app.py,https://huggingface.co/spaces/hamidamoosa/ai-generator-quiz/resolve/dd78d18e0979be23e377c803b09d49f609a2aea9/app.py,dd78d18e0979be23e377c803b09d49f609a2aea9,c15e526c3ccdbeebc70cc28f2b1183ad8793f76f42a5a8adebbaacfa99102e41,hamidamoosa/ai-generator-quiz,200,,
260,2026-08-30T21:34:40.932149+00:00,README.md,https://huggingface.co/spaces/hamidamoosa/quiz-generator/resolve/c30cbfaf426c5528cfd8624d2f559a004c62afd9/README.md,c30cbfaf426c5528cfd8624d2f559a004c62afd9,b349fcb5ca79a39a58c8466a4939deef6cc4bf1db3eaf5393d25e1ffd60c4549,hamidamoosa/quiz-generator,200,,
1535,2026-08-30T21:34:41.450643+00:00,app.py,https://huggingface.co/spaces/hamidamoosa/quiz-generator/resolve/c30cbfaf426c5528cfd8624d2f559a004c62afd9/app.py,c30cbfaf426c5528cfd8624d2f559a004c62afd9,b2a6c7346b1c35878eedced628165c3410e3e6b764d0c7ed03a98b20171dd4d2,hamidamoosa/quiz-generator,200,,
267,2026-08-30T21:34:45.432433+00:00,README.md,https://huggingface.co/spaces/hamzaraeescarpet/bulk_quiz_video_generator/resolve/b966ef6eb2085aca1d41aebf0b387f19cad40d46/README.md,b966ef6eb2085aca1d41aebf0b387f19cad40d46,e51d0c196d8fcfce1d705354f6db45a5b88ba012dc85adb2d9152a28a62147dc,hamzaraeescarpet/bulk_quiz_video_generator,200,,
17198,2026-08-30T21:34:45.951661+00:00,app.py,https://huggingface.co/spaces/hamzaraeescarpet/bulk_quiz_video_generator/resolve/b966ef6eb2085aca1d41aebf0b387f19cad40d46/app.py,b966ef6eb2085aca1d41aebf0b387f19cad40d46,0c044d098118f73d317416109c0d893113406d8fd1e55bd6fd431c42ecabcff4,hamzaraeescarpet/bulk_quiz_video_generator,200,,
272,2026-08-30T21:34:48.646999+00:00,README.md,https://huggingface.co/spaces/harika-donthula/my-study-assistant/resolve/76c5491507c9368617749706f1c70509d933902b/README.md,76c5491507c9368617749706f1c70509d933902b,1a787f8c894a3ed9548660ec2d632318b8e6ba2c596b628733a5f25be7f726b1,harika-donthula/my-study-assistant,200,,
1737,2026-08-30T21:34:49.141601+00:00,app.py,https://huggingface.co/spaces/harika-donthula/my-study-assistant/resolve/76c5491507c9368617749706f1c70509d933902b/app.py,76c5491507c9368617749706f1c70509d933902b,11fa27ddad7530d91886fb47047c81871137abc05ce83fe4f823f2661e125a7d,harika-donthula/my-study-assistant,200,,
20,2026-08-30T21:34:49.170231+00:00,requirements.txt,https://huggingface.co/spaces/harika-donthula/my-study-assistant/resolve/76c5491507c9368617749706f1c70509d933902b/requirements.txt,76c5491507c9368617749706f1c70509d933902b,95b4ef97b952c34747ec62bd11226237b56adcd53182fcd706b2f2be09c37c53,harika-donthula/my-study-assistant,200,,
251,2026-08-30T21:34:50.842192+00:00,README.md,https://huggingface.co/spaces/harikagajjala/AI_TUTOR/resolve/249e053244a938dad16a24c5f849a1efee152def/README.md,249e053244a938dad16a24c5f849a1efee152def,8553c00101124f4f79e644c9dd27d5f795f088da6c76056a92bd57b621294993,harikagajjala/AI_TUTOR,200,,
1735,2026-08-30T21:34:51.412378+00:00,app.py,https://huggingface.co/spaces/harikagajjala/AI_TUTOR/resolve/249e053244a938dad16a24c5f849a1efee152def/app.py,249e053244a938dad16a24c5f849a1efee152def,4e3b2dbdeab9052481d4805a8e04a758c193019ab8674324547020d5fa7bc851,harikagajjala/AI_TUTOR,200,,
20,2026-08-30T21:34:51.407398+00:00,requirements.txt,https://huggingface.co/spaces/harikagajjala/AI_TUTOR/resolve/249e053244a938dad16a24c5f849a1efee152def/requirements.txt,249e053244a938dad16a24c5f849a1efee152def,72415a44c49cd6184170f325dc76d5599756be4a281525394cbfcbf370e0ab74,harikagajjala/AI_TUTOR,200,,
208,2026-08-30T21:34:54.262549+00:00,README.md,https://huggingface.co/spaces/harsha17v/StudyAssistant/resolve/dbe77f9f750b747460f5024e011abe12efa72397/README.md,dbe77f9f750b747460f5024e011abe12efa72397,61603e90f4105d0476318f4679e4bce06acd8e4f7d6156c39096ff2107e624f9,harsha17v/StudyAssistant,200,,
1808,2026-09-02T19:08:43.119379+00:00,app.py,https://huggingface.co/spaces/harsha17v/StudyAssistant/resolve/dbe77f9f750b747460f5024e011abe12efa72397/app.py,dbe77f9f750b747460f5024e011abe12efa72397,100233d3ca920a09ae80c90166d5dae094b63aa26bbdb784af12e686e3e420e1,harsha17v/StudyAssistant,200,lossless-v2,utf-8
546,2026-09-02T19:08:43.111498+00:00,index.html,https://huggingface.co/spaces/harsha17v/StudyAssistant/resolve/dbe77f9f750b747460f5024e011abe12efa72397/index.html,dbe77f9f750b747460f5024e011abe12efa72397,fef10b4e06879d75c496c1ce3e89410bff1b77bf51220f21570255d1f214580e,harsha17v/StudyAssistant,200,lossless-v2,utf-8
20,2026-09-02T19:08:43.127218+00:00,requirements.txt,https://huggingface.co/spaces/harsha17v/StudyAssistant/resolve/dbe77f9f750b747460f5024e011abe12efa72397/requirements.txt,dbe77f9f750b747460f5024e011abe12efa72397,6f1756c6ef672af0d7db4cad79cfc682868d203d904a5b6aa55db9c2017ca5ad,harsha17v/StudyAssistant,200,lossless-v2,utf-8
253,2026-08-30T21:34:55.860325+00:00,README.md,https://huggingface.co/spaces/harshith1411/quizgenerator/resolve/1e97a5269d21b3bb5997edc0e06f1055bb238e4d/README.md,1e97a5269d21b3bb5997edc0e06f1055bb238e4d,11f6cf0554b2dfcbda936897048228d35c6a3ea92f46960670d4a43a350bc0a3,harshith1411/quizgenerator,200,,
242,2026-08-30T21:34:56.359470+00:00,README.md,https://huggingface.co/spaces/harshj0506/teachingAssistant/resolve/d54a6613f66ca87780254c1b38663a9fee8a3d6d/README.md,d54a6613f66ca87780254c1b38663a9fee8a3d6d,7dd4cd82d99fb2d64d24bcf0c4167878997ef2faec212ba566b7744f45588a4e,harshj0506/teachingAssistant,200,,
23036,2026-09-02T19:08:43.735517+00:00,app.py,https://huggingface.co/spaces/harshj0506/teachingAssistant/resolve/d54a6613f66ca87780254c1b38663a9fee8a3d6d/app.py,d54a6613f66ca87780254c1b38663a9fee8a3d6d,9cde157345a0b939660aee75f5bc4956fa7ca5a9ceaa11246161230122da34a0,harshj0506/teachingAssistant,200,lossless-v2,utf-8
97,2026-09-02T19:08:43.712927+00:00,requirements.txt,https://huggingface.co/spaces/harshj0506/teachingAssistant/resolve/d54a6613f66ca87780254c1b38663a9fee8a3d6d/requirements.txt,d54a6613f66ca87780254c1b38663a9fee8a3d6d,52a3daff4b637198eaa85b0ca8b0cceb95ef55ea0fb140ae8450dcfc4bf7c6e0,harshj0506/teachingAssistant,200,lossless-v2,utf-8
357,2026-08-30T21:34:56.858990+00:00,README.md,https://huggingface.co/spaces/harshu07/ai_tutor/resolve/a3748da889d7ef5549f051cd55d4476a19afc343/README.md,a3748da889d7ef5549f051cd55d4476a19afc343,d0d3414a953f80e1f15de53ee054693d969071be1beb1789cc0d6bce927274c5,harshu07/ai_tutor,200,,
1711,2026-08-30T21:34:57.364535+00:00,app.py,https://huggingface.co/spaces/harshu07/ai_tutor/resolve/a3748da889d7ef5549f051cd55d4476a19afc343/app.py,a3748da889d7ef5549f051cd55d4476a19afc343,c1f82802eea90339633ac3e8953ef85038ae8f939d94ec9f2685219b0fdf6bb6,harshu07/ai_tutor,200,,
23,2026-08-30T21:34:57.359572+00:00,requirements.txt,https://huggingface.co/spaces/harshu07/ai_tutor/resolve/a3748da889d7ef5549f051cd55d4476a19afc343/requirements.txt,a3748da889d7ef5549f051cd55d4476a19afc343,48293d5aac441f371121b28f1ff76c2495cf372febd85401e0f33f12789b4971,harshu07/ai_tutor,200,,
198,2026-08-30T21:34:57.870814+00:00,README.md,https://huggingface.co/spaces/harshu07/ai_tutor_app/resolve/c0523230187d67ed84660533c399e579a4636159/README.md,c0523230187d67ed84660533c399e579a4636159,1a1772a06d52e5782f1243bff5936bc7e971183645fbd972ad41cacafa71b482,harshu07/ai_tutor_app,200,,
1664,2026-08-30T21:34:58.483070+00:00,index.html,https://huggingface.co/spaces/harshu07/ai_tutor_app/resolve/c0523230187d67ed84660533c399e579a4636159/index.html,c0523230187d67ed84660533c399e579a4636159,870dca6ad2db4be31e3278dcbe59b8c43c3f02baf1c1e105a7d8e73a68c23d7a,harshu07/ai_tutor_app,200,,
245,2026-08-30T21:34:58.978332+00:00,README.md,https://huggingface.co/spaces/harwoldjosh/Silent-testing-educational-ai/resolve/725090365e5e68bb93b4f5b59081ae80ce719191/README.md,725090365e5e68bb93b4f5b59081ae80ce719191,8d450bb96e974758308d446bfb6f5cd5e1a86b63799122ed6fa8c4a1a7de5cfc,harwoldjosh/Silent-testing-educational-ai,200,,
160,2026-08-30T21:34:59.474133+00:00,package.json,https://huggingface.co/spaces/harwoldjosh/Silent-testing-educational-ai/resolve/725090365e5e68bb93b4f5b59081ae80ce719191/package.json,725090365e5e68bb93b4f5b59081ae80ce719191,5307ae6197a8d36d81fd288738607d100dc534d05d536180e31544b0a7a07fd3,harwoldjosh/Silent-testing-educational-ai,200,,
5057,2026-08-30T21:34:59.481216+00:00,server.js,https://huggingface.co/spaces/harwoldjosh/Silent-testing-educational-ai/resolve/725090365e5e68bb93b4f5b59081ae80ce719191/server.js,725090365e5e68bb93b4f5b59081ae80ce719191,28faa39787481899eed0453a82c3270f0b00de1fd479eaa25050f9f92ab0c076,harwoldjosh/Silent-testing-educational-ai,200,,
366,2026-08-30T21:34:59.996275+00:00,README.md,https://huggingface.co/spaces/hasithmutha/quiz-generator-ai/resolve/12a6edd4b88f58604e33f259d7d0bc7e9da2ee9f/README.md,12a6edd4b88f58604e33f259d7d0bc7e9da2ee9f,328784bb4b21ffa2813f204a1adddb57bda9c672d5e71ca0a0eb772bedf1b5f0,hasithmutha/quiz-generator-ai,200,,
1711,2026-08-30T21:35:00.596740+00:00,app.py,https://huggingface.co/spaces/hasithmutha/quiz-generator-ai/resolve/12a6edd4b88f58604e33f259d7d0bc7e9da2ee9f/app.py,12a6edd4b88f58604e33f259d7d0bc7e9da2ee9f,c1f82802eea90339633ac3e8953ef85038ae8f939d94ec9f2685219b0fdf6bb6,hasithmutha/quiz-generator-ai,200,,
23,2026-08-30T21:35:00.495996+00:00,requirements.txt,https://huggingface.co/spaces/hasithmutha/quiz-generator-ai/resolve/12a6edd4b88f58604e33f259d7d0bc7e9da2ee9f/requirements.txt,12a6edd4b88f58604e33f259d7d0bc7e9da2ee9f,48293d5aac441f371121b28f1ff76c2495cf372febd85401e0f33f12789b4971,hasithmutha/quiz-generator-ai,200,,
266,2026-08-30T21:35:01.119322+00:00,README.md,https://huggingface.co/spaces/hemanthpara007/study_assistant/resolve/17cb62b49672bd7ae0520cb5cf582f9192784bfa/README.md,17cb62b49672bd7ae0520cb5cf582f9192784bfa,2b878e8b95d0bc19b17fb234570fc1475f193b5dc82853a38d42ac53135f7910,hemanthpara007/study_assistant,200,,
1664,2026-08-30T21:35:01.639217+00:00,index.html,https://huggingface.co/spaces/hemanthpara007/study_assistant/resolve/17cb62b49672bd7ae0520cb5cf582f9192784bfa/index.html,17cb62b49672bd7ae0520cb5cf582f9192784bfa,870dca6ad2db4be31e3278dcbe59b8c43c3f02baf1c1e105a7d8e73a68c23d7a,hemanthpara007/study_assistant,200,,
340,2026-08-30T21:35:04.533918+00:00,README.md,https://huggingface.co/spaces/heosmond/AI-ChatBot-Tutorial/resolve/23341ed4f3c529b6508eb8fabaad7b1fcd9289c8/README.md,23341ed4f3c529b6508eb8fabaad7b1fcd9289c8,26a328cccb721f0d26669d76ecb39f1310841b9593026a33b01d507aea990b62,heosmond/AI-ChatBot-Tutorial,200,,
209,2026-08-30T21:35:07.089180+00:00,README.md,https://huggingface.co/spaces/huggingtechlokesh/studyassistant/resolve/31d6e630914006b1b30ec88fe6fbd468048c3b03/README.md,31d6e630914006b1b30ec88fe6fbd468048c3b03,10665f60802f9ddd673f5c2486338142ab19628805811a1353b4de46dcea3388,huggingtechlokesh/studyassistant,200,,
319,2026-08-30T21:35:10.643245+00:00,README.md,https://huggingface.co/spaces/hussainzaidi/AI-Teaching-Assistant/resolve/536f7baea3d842679032a167269c56fe2c8770e0/README.md,536f7baea3d842679032a167269c56fe2c8770e0,be68908b81629706bfc885c105b29bb9a3a864fbf053a2569bc5ef08544334fd,hussainzaidi/AI-Teaching-Assistant,200,,
27262,2026-08-30T21:35:11.179165+00:00,app.py,https://huggingface.co/spaces/hussainzaidi/AI-Teaching-Assistant/resolve/536f7baea3d842679032a167269c56fe2c8770e0/app.py,536f7baea3d842679032a167269c56fe2c8770e0,51c5b089d285456c505088e9f74c6fec5c3ab080a773f2a4f3dd730e9427bf60,hussainzaidi/AI-Teaching-Assistant,200,,
26,2026-08-30T21:35:11.140432+00:00,requirements.txt,https://huggingface.co/spaces/hussainzaidi/AI-Teaching-Assistant/resolve/536f7baea3d842679032a167269c56fe2c8770e0/requirements.txt,536f7baea3d842679032a167269c56fe2c8770e0,f26f2ea30f08f947f217565cdb2b157d09a6c8a6c8822800d1ee036adf6acdf7,hussainzaidi/AI-Teaching-Assistant,200,,
333,2026-08-30T21:35:11.678271+00:00,README.md,https://huggingface.co/spaces/husseinhug321/Study-Buddy-AI-Learning-Assistant/resolve/fd9a04a64870e87f991ec5f94485642b2e739933/README.md,fd9a04a64870e87f991ec5f94485642b2e739933,6a07fe84e1e489a41be5caeef4a3dab2a2f50e52f9bcde0d808f64a7552f928f,husseinhug321/Study-Buddy-AI-Learning-Assistant,200,,
7720,2026-08-30T21:35:12.202489+00:00,app.py,https://huggingface.co/spaces/husseinhug321/Study-Buddy-AI-Learning-Assistant/resolve/fd9a04a64870e87f991ec5f94485642b2e739933/app.py,fd9a04a64870e87f991ec5f94485642b2e739933,44d03bd370c2fc7a148ee19f9388b89245cf302faeed557b347ad2e1acbcecce,husseinhug321/Study-Buddy-AI-Learning-Assistant,200,,
1171,2026-08-30T21:35:12.238241+00:00,chains.py,https://huggingface.co/spaces/husseinhug321/Study-Buddy-AI-Learning-Assistant/resolve/fd9a04a64870e87f991ec5f94485642b2e739933/chains.py,fd9a04a64870e87f991ec5f94485642b2e739933,91c614ec0cde4f083bc0d147fde8c0e482f642cc99f2aacca06452fe0c28ece2,husseinhug321/Study-Buddy-AI-Learning-Assistant,200,,
197,2026-08-30T21:35:12.233983+00:00,config.py,https://huggingface.co/spaces/husseinhug321/Study-Buddy-AI-Learning-Assistant/resolve/fd9a04a64870e87f991ec5f94485642b2e739933/config.py,fd9a04a64870e87f991ec5f94485642b2e739933,4dc04c8f304fc6df2610d4192030bcdf983a6df088dd77a6839f956183d65532,husseinhug321/Study-Buddy-AI-Learning-Assistant,200,,
162,2026-08-30T21:35:12.359061+00:00,llms.py,https://huggingface.co/spaces/husseinhug321/Study-Buddy-AI-Learning-Assistant/resolve/fd9a04a64870e87f991ec5f94485642b2e739933/llms.py,fd9a04a64870e87f991ec5f94485642b2e739933,d54518f4a1314efd637b03cc1a234faeb6903d219c66fc7d470cf4bed5929566,husseinhug321/Study-Buddy-AI-Learning-Assistant,200,,
1226,2026-08-30T21:35:12.367059+00:00,prompts.py,https://huggingface.co/spaces/husseinhug321/Study-Buddy-AI-Learning-Assistant/resolve/fd9a04a64870e87f991ec5f94485642b2e739933/prompts.py,fd9a04a64870e87f991ec5f94485642b2e739933,833b64b9a5e2813daa67b7f03b91a3d21f5cca658f9f0ce09c8813a528487de0,husseinhug321/Study-Buddy-AI-Learning-Assistant,200,,
55,2026-08-30T21:35:12.358459+00:00,requirements.txt,https://huggingface.co/spaces/husseinhug321/Study-Buddy-AI-Learning-Assistant/resolve/fd9a04a64870e87f991ec5f94485642b2e739933/requirements.txt,fd9a04a64870e87f991ec5f94485642b2e739933,473080e71604bdbeb993f46c827abf890f20b288d741028fe1c96be4ddf3f0ab,husseinhug321/Study-Buddy-AI-Learning-Assistant,200,,
230,2026-08-30T21:35:12.879593+00:00,README.md,https://huggingface.co/spaces/hyder-ali/ai_tutor/resolve/e0ee12642c148b751be54349563d6720b3a3bee0/README.md,e0ee12642c148b751be54349563d6720b3a3bee0,343764a7ed8ded5e8df5c7ca5c07c58f9b82a0e3a57ee093e16037b3ffcb5a96,hyder-ali/ai_tutor,200,,
2477,2026-08-30T21:35:13.389610+00:00,app.py,https://huggingface.co/spaces/hyder-ali/ai_tutor/resolve/e0ee12642c148b751be54349563d6720b3a3bee0/app.py,e0ee12642c148b751be54349563d6720b3a3bee0,d0527c55bfa689490244578b6a7c7159ea9ab13a547d0337810f818c0ca51e65,hyder-ali/ai_tutor,200,,
11,2026-08-30T21:35:13.398710+00:00,requirements.txt,https://huggingface.co/spaces/hyder-ali/ai_tutor/resolve/e0ee12642c148b751be54349563d6720b3a3bee0/requirements.txt,e0ee12642c148b751be54349563d6720b3a3bee0,fb2abab461a9f402f4b8dff486a495676ee56b9d94bbd15a58e004bbcdc2e052,hyder-ali/ai_tutor,200,,
324,2026-08-30T21:35:13.899639+00:00,README.md,https://huggingface.co/spaces/iamyash222/studyAssistant/resolve/9aae886b43ecddb443ea7621ca1cdd170c74fa38/README.md,9aae886b43ecddb443ea7621ca1cdd170c74fa38,082eafa57aea2e322994f50eb4702acd5999f30fb9834e8a9ee93cfee9711afa,iamyash222/studyAssistant,200,,
1295,2026-09-02T19:08:44.528769+00:00,app.py,https://huggingface.co/spaces/iamyash222/studyAssistant/resolve/9aae886b43ecddb443ea7621ca1cdd170c74fa38/app.py,9aae886b43ecddb443ea7621ca1cdd170c74fa38,f76337d35806fd8ef376a8d264fcf2b23d1c1f56cb38f2062c33a1317596c9e0,iamyash222/studyAssistant,200,lossless-v2,utf-8
20,2026-09-02T19:08:44.498482+00:00,requirements.txt,https://huggingface.co/spaces/iamyash222/studyAssistant/resolve/9aae886b43ecddb443ea7621ca1cdd170c74fa38/requirements.txt,9aae886b43ecddb443ea7621ca1cdd170c74fa38,6f1756c6ef672af0d7db4cad79cfc682868d203d904a5b6aa55db9c2017ca5ad,iamyash222/studyAssistant,200,lossless-v2,utf-8
246,2026-08-30T21:35:14.465983+00:00,README.md,https://huggingface.co/spaces/ifaundezf/estudiapp-quiz-generator/resolve/a1d468c6cbf4bb884c21bde6103b4606d3124697/README.md,a1d468c6cbf4bb884c21bde6103b4606d3124697,c707b246614c09dc2512e1a5ef4a0846b1fc39cde60a65d2a42ba2da5be36874,ifaundezf/estudiapp-quiz-generator,200,,
1455,2026-08-30T21:35:14.976232+00:00,app.py,https://huggingface.co/spaces/ifaundezf/estudiapp-quiz-generator/resolve/a1d468c6cbf4bb884c21bde6103b4606d3124697/app.py,a1d468c6cbf4bb884c21bde6103b4606d3124697,cae265d874d7a6729831091d616e688cbdb11c2543f8a5939818facd84178155,ifaundezf/estudiapp-quiz-generator,200,,
41,2026-08-30T21:35:14.966980+00:00,requirements.txt,https://huggingface.co/spaces/ifaundezf/estudiapp-quiz-generator/resolve/a1d468c6cbf4bb884c21bde6103b4606d3124697/requirements.txt,a1d468c6cbf4bb884c21bde6103b4606d3124697,86330b9bab71a47b300deaf071172ccacbbd8ac979235a1ab78701b6b68bfd74,ifaundezf/estudiapp-quiz-generator,200,,
290,2026-08-30T21:35:16.656712+00:00,README.md,https://huggingface.co/spaces/iju123/Quiz_Generator/resolve/b07d36ab3082ac3618b67fbe58fe97781964c710/README.md,b07d36ab3082ac3618b67fbe58fe97781964c710,60220296bb9ac78cdff9c15973ede1eddf5a7f7a9cc953a02ac1cfe4591eea6f,iju123/Quiz_Generator,200,,
1034,2026-08-30T21:35:17.152237+00:00,app.py,https://huggingface.co/spaces/iju123/Quiz_Generator/resolve/b07d36ab3082ac3618b67fbe58fe97781964c710/app.py,b07d36ab3082ac3618b67fbe58fe97781964c710,224999f70048d6f3698d92b0c9c04f20ed51f97113fd1e0816233918410ae8e7,iju123/Quiz_Generator,200,,
26,2026-08-30T21:35:17.267889+00:00,requirements.txt,https://huggingface.co/spaces/iju123/Quiz_Generator/resolve/b07d36ab3082ac3618b67fbe58fe97781964c710/requirements.txt,b07d36ab3082ac3618b67fbe58fe97781964c710,b3782a08b4d0a8687336766cec4851c03b0c92c5635029d43d066952267c8575,iju123/Quiz_Generator,200,,
624,2026-08-30T21:35:18.263850+00:00,RAG_sys/build_vector_db.py,https://huggingface.co/spaces/ilangs/AI_Math_Tutor/resolve/8dfc0bc33a192962967b115bf8a0e04852d8ecf9/RAG_sys/build_vector_db.py,8dfc0bc33a192962967b115bf8a0e04852d8ecf9,b2a70c1e24bb44249e4bfa3a0f4cbb37783b9f53fc26e6d1fbd199bf5f6a379d,ilangs/AI_Math_Tutor,200,,
2794,2026-08-30T21:35:18.284333+00:00,RAG_sys/collect_data_tutor.py,https://huggingface.co/spaces/ilangs/AI_Math_Tutor/resolve/8dfc0bc33a192962967b115bf8a0e04852d8ecf9/RAG_sys/collect_data_tutor.py,8dfc0bc33a192962967b115bf8a0e04852d8ecf9,df20173060050e779cb21eceeac5f367d09a69fbe0db0c6328ab386ba3534e24,ilangs/AI_Math_Tutor,200,,
3753,2026-08-30T21:35:18.313236+00:00,RAG_sys/csv_refiner.py,https://huggingface.co/spaces/ilangs/AI_Math_Tutor/resolve/8dfc0bc33a192962967b115bf8a0e04852d8ecf9/RAG_sys/csv_refiner.py,8dfc0bc33a192962967b115bf8a0e04852d8ecf9,f923ba05efbf9dfc4538f1e9d89ffd3a83b83ca11fd47e9ed16b725731a228ec,ilangs/AI_Math_Tutor,200,,
2786,2026-08-30T21:35:18.305070+00:00,RAG_sys/rag_helper.py,https://huggingface.co/spaces/ilangs/AI_Math_Tutor/resolve/8dfc0bc33a192962967b115bf8a0e04852d8ecf9/RAG_sys/rag_helper.py,8dfc0bc33a192962967b115bf8a0e04852d8ecf9,8e7badfa3edaaedaa1161b23ad2d5538321f7b6dc385484c11e8d977546011de,ilangs/AI_Math_Tutor,200,,
1685,2026-08-30T21:35:17.774799+00:00,README.md,https://huggingface.co/spaces/ilangs/AI_Math_Tutor/resolve/8dfc0bc33a192962967b115bf8a0e04852d8ecf9/README.md,8dfc0bc33a192962967b115bf8a0e04852d8ecf9,88ce22a3754afa3c98ce791501ad7ff516a1ebe518706d5ec154779a4a591751,ilangs/AI_Math_Tutor,200,,
0,2026-08-30T21:35:18.075424+00:00,app/__init__.py,https://huggingface.co/spaces/ilangs/AI_Math_Tutor/resolve/8dfc0bc33a192962967b115bf8a0e04852d8ecf9/app/__init__.py,8dfc0bc33a192962967b115bf8a0e04852d8ecf9,e3b0c44298fc1c149afbf4c8996fb92427ae41e4649b934ca495991b7852b855,ilangs/AI_Math_Tutor,200,,
12159,2026-08-30T21:35:18.351908+00:00,frontend/app.html,https://huggingface.co/spaces/ilangs/AI_Math_Tutor/resolve/8dfc0bc33a192962967b115bf8a0e04852d8ecf9/frontend/app.html,8dfc0bc33a192962967b115bf8a0e04852d8ecf9,3795c3e5d5baee631a10aa754cf7d3dc49c93d7ad9585247eea60dd4af43211d,ilangs/AI_Math_Tutor,200,,
8166,2026-08-30T21:35:18.350620+00:00,frontend/login.html,https://huggingface.co/spaces/ilangs/AI_Math_Tutor/resolve/8dfc0bc33a192962967b115bf8a0e04852d8ecf9/frontend/login.html,8dfc0bc33a192962967b115bf8a0e04852d8ecf9,e2d7c5a7b8b58bc328bbdf4cae27d83e73ed92a6a4324be24f342c2928878ccb,ilangs/AI_Math_Tutor,200,,
311,2026-08-30T21:35:18.356516+00:00,requirements.txt,https://huggingface.co/spaces/ilangs/AI_Math_Tutor/resolve/8dfc0bc33a192962967b115bf8a0e04852d8ecf9/requirements.txt,8dfc0bc33a192962967b115bf8a0e04852d8ecf9,daa272214029591534f22dda2345a5078fd0eefdbd309ba6305496719ca7537c,ilangs/AI_Math_Tutor,200,,
3808,2026-08-30T21:35:18.571874+00:00,server.py,https://huggingface.co/spaces/ilangs/AI_Math_Tutor/resolve/8dfc0bc33a192962967b115bf8a0e04852d8ecf9/server.py,8dfc0bc33a192962967b115bf8a0e04852d8ecf9,8435823d41046bb172e9e41feb4f240abfd46f8b31bf7c3d0ec533d31e398f16,ilangs/AI_Math_Tutor,200,,
297,2026-08-30T21:35:19.090481+00:00,README.md,https://huggingface.co/spaces/ilsa15/educational_chatbot/resolve/8eebb1abc47fd9dfaaf1c13b157502d9e0252725/README.md,8eebb1abc47fd9dfaaf1c13b157502d9e0252725,698cd01c69816bf7a4d2d50367344569de74b7f05d1920f8c56e6fb5c8f0baa6,ilsa15/educational_chatbot,200,,
1427,2026-08-30T21:35:19.599361+00:00,app.py,https://huggingface.co/spaces/ilsa15/educational_chatbot/resolve/8eebb1abc47fd9dfaaf1c13b157502d9e0252725/app.py,8eebb1abc47fd9dfaaf1c13b157502d9e0252725,ccd4d8cd8baae64b95914e7702760a859769cef2842e69edf87e8e3176cd44d4,ilsa15/educational_chatbot,200,,
20,2026-08-30T21:35:19.601626+00:00,requirements.txt,https://huggingface.co/spaces/ilsa15/educational_chatbot/resolve/8eebb1abc47fd9dfaaf1c13b157502d9e0252725/requirements.txt,8eebb1abc47fd9dfaaf1c13b157502d9e0252725,fadb2d6fdf189e44c4ab7f57b642cb816f437a68dbf376d166b300f971660925,ilsa15/educational_chatbot,200,,
239,2026-08-30T21:35:21.118253+00:00,README.md,https://huggingface.co/spaces/imshopper/AI-Quiz-Generator/resolve/a9b31a810d7001176a631550e67bc607267555cd/README.md,a9b31a810d7001176a631550e67bc607267555cd,391312f1d741b70af9e410c184a726f10a3ebc12c1f1b9f320f6f1900254ec34,imshopper/AI-Quiz-Generator,200,,
200,2026-08-30T21:35:21.608866+00:00,app.py,https://huggingface.co/spaces/imshopper/AI-Quiz-Generator/resolve/a9b31a810d7001176a631550e67bc607267555cd/app.py,a9b31a810d7001176a631550e67bc607267555cd,ce02bc21f53c46ed30f77eddaadd8624ed803aeae346ecd6da74d0975f9cf0af,imshopper/AI-Quiz-Generator,200,,
142,2026-08-30T21:35:21.627690+00:00,requirements.txt,https://huggingface.co/spaces/imshopper/AI-Quiz-Generator/resolve/a9b31a810d7001176a631550e67bc607267555cd/requirements.txt,a9b31a810d7001176a631550e67bc607267555cd,9b72f93dd40544d3b0c7ac6a00da193de48f0a6d7b895e89d100c9ef2568fb83,imshopper/AI-Quiz-Generator,200,,
28072,2026-08-30T21:35:21.625457+00:00,templates/index.html,https://huggingface.co/spaces/imshopper/AI-Quiz-Generator/resolve/a9b31a810d7001176a631550e67bc607267555cd/templates/index.html,a9b31a810d7001176a631550e67bc607267555cd,fe7588472f32ae93056988066a9f9184e0b71da42eaa1c1ef950495728fe355a,imshopper/AI-Quiz-Generator,200,,
1875,2026-08-30T21:35:22.163255+00:00,README.md,https://huggingface.co/spaces/ishanmm0410/rag-quiz-generator/resolve/b3cd2a212f56b0acbf641a0700c437f9dc9b1b7d/README.md,b3cd2a212f56b0acbf641a0700c437f9dc9b1b7d,600278d55283838c0cf1130cebcdadff0c77f1627928c4836b2dc79c894b00aa,ishanmm0410/rag-quiz-generator,200,,
9862,2026-08-30T21:35:22.683200+00:00,app.py,https://huggingface.co/spaces/ishanmm0410/rag-quiz-generator/resolve/b3cd2a212f56b0acbf641a0700c437f9dc9b1b7d/app.py,b3cd2a212f56b0acbf641a0700c437f9dc9b1b7d,9559759cea727d2d2c10ba3150e7eadd94774f3035680ad95c9d358b8af5bbd0,ishanmm0410/rag-quiz-generator,200,,
4821,2026-08-30T21:35:22.705901+00:00,pdf_loader.py,https://huggingface.co/spaces/ishanmm0410/rag-quiz-generator/resolve/b3cd2a212f56b0acbf641a0700c437f9dc9b1b7d/pdf_loader.py,b3cd2a212f56b0acbf641a0700c437f9dc9b1b7d,840cff5ee5eedb53673848b5973ac80772ea6bad21bc1c86d532155f45b7cfa8,ishanmm0410/rag-quiz-generator,200,,
12254,2026-08-30T21:35:22.685643+00:00,quiz_generator.py,https://huggingface.co/spaces/ishanmm0410/rag-quiz-generator/resolve/b3cd2a212f56b0acbf641a0700c437f9dc9b1b7d/quiz_generator.py,b3cd2a212f56b0acbf641a0700c437f9dc9b1b7d,be7db66c9b3839bbdcf05ca4ccfb3dd4f1c25ff8d01c4e0fd2c2c1b3c36f8856,ishanmm0410/rag-quiz-generator,200,,
452,2026-08-30T21:35:22.671024+00:00,requirements.txt,https://huggingface.co/spaces/ishanmm0410/rag-quiz-generator/resolve/b3cd2a212f56b0acbf641a0700c437f9dc9b1b7d/requirements.txt,b3cd2a212f56b0acbf641a0700c437f9dc9b1b7d,3fd0e2779b7558cfc698949018588255bf512912fde7d412213edf28035da3fa,ishanmm0410/rag-quiz-generator,200,,
8079,2026-08-30T21:35:22.683542+00:00,retriever.py,https://huggingface.co/spaces/ishanmm0410/rag-quiz-generator/resolve/b3cd2a212f56b0acbf641a0700c437f9dc9b1b7d/retriever.py,b3cd2a212f56b0acbf641a0700c437f9dc9b1b7d,3f93b9415b82d39f1eede6ce5d457025776e10c085869730af07e820a00526e3,ishanmm0410/rag-quiz-generator,200,,
335,2026-08-30T21:35:23.227624+00:00,README.md,https://huggingface.co/spaces/isreyas/Study_Assistant/resolve/4a0bfe3328f445b633eb4bf3b797bd155aa0c591/README.md,4a0bfe3328f445b633eb4bf3b797bd155aa0c591,7230b736699735afa34b711bf0bab46f0ae439277b4db0739b567dda78488b6b,isreyas/Study_Assistant,200,,
43,2026-08-30T21:35:23.728078+00:00,requirements (2).txt,https://huggingface.co/spaces/isreyas/Study_Assistant/resolve/4a0bfe3328f445b633eb4bf3b797bd155aa0c591/requirements%20%282%29.txt,4a0bfe3328f445b633eb4bf3b797bd155aa0c591,6b7a6a2808cafb21dcbe68d5d8a082a63ca111fb3380225b95231bd356b17f78,isreyas/Study_Assistant,200,,
2098,2026-08-30T21:35:23.733403+00:00,study.py,https://huggingface.co/spaces/isreyas/Study_Assistant/resolve/4a0bfe3328f445b633eb4bf3b797bd155aa0c591/study.py,4a0bfe3328f445b633eb4bf3b797bd155aa0c591,69d2caf950ef93ff214ac19998db877dde732bad4d5cc3dffc4ea23f02571d34,isreyas/Study_Assistant,200,,
272,2026-08-30T21:35:24.231149+00:00,README.md,https://huggingface.co/spaces/istvankurucz/quiz-generator-embedding-server/resolve/d99fd13cbba3482fea161480a9db32a502c09b08/README.md,d99fd13cbba3482fea161480a9db32a502c09b08,17beb8e6b928530e66aac85f9af9e91780891acb1d6d8d8adab87f377aaf75e4,istvankurucz/quiz-generator-embedding-server,200,,
542,2026-08-30T21:35:24.758336+00:00,app.py,https://huggingface.co/spaces/istvankurucz/quiz-generator-embedding-server/resolve/d99fd13cbba3482fea161480a9db32a502c09b08/app.py,d99fd13cbba3482fea161480a9db32a502c09b08,6fb2176be8f52844668b6ed7758aebf77dad446fd83c9e208f57598254339b83,istvankurucz/quiz-generator-embedding-server,200,,
37,2026-08-30T21:35:24.787382+00:00,requirements.txt,https://huggingface.co/spaces/istvankurucz/quiz-generator-embedding-server/resolve/d99fd13cbba3482fea161480a9db32a502c09b08/requirements.txt,d99fd13cbba3482fea161480a9db32a502c09b08,fc44f711b1b1b1c7889a11188410d556cbbf0a2163b3e73b8bb218dc410e1d37,istvankurucz/quiz-generator-embedding-server,200,,
259,2026-08-30T21:35:25.317841+00:00,README.md,https://huggingface.co/spaces/itsh4r01/AI-Quiz-Generator/resolve/c560a85b2c890efbaf8cbe1c397e2e7d0e9957c0/README.md,c560a85b2c890efbaf8cbe1c397e2e7d0e9957c0,7524b97c0d6d8e42d78a30cf6827673d59d47685c0b7aee3d3a51fa678b3c612,itsh4r01/AI-Quiz-Generator,200,,
12685,2026-08-30T21:35:25.833542+00:00,app.py,https://huggingface.co/spaces/itsh4r01/AI-Quiz-Generator/resolve/c560a85b2c890efbaf8cbe1c397e2e7d0e9957c0/app.py,c560a85b2c890efbaf8cbe1c397e2e7d0e9957c0,1322030ac6c74f1a1762d0a74f101d20116031b5b6451ede4bc8fd437a111bee,itsh4r01/AI-Quiz-Generator,200,,
85,2026-08-30T21:35:25.818685+00:00,requirements.txt,https://huggingface.co/spaces/itsh4r01/AI-Quiz-Generator/resolve/c560a85b2c890efbaf8cbe1c397e2e7d0e9957c0/requirements.txt,c560a85b2c890efbaf8cbe1c397e2e7d0e9957c0,6b54244c469f16eebc54a5db56480a130b52c725f9c862a96890ad070ecb77b3,itsh4r01/AI-Quiz-Generator,200,,
298,2026-08-30T21:35:27.443002+00:00,README.md,https://huggingface.co/spaces/jakeeeeeeee/my-study-assistant/resolve/5f492483f000c061d43572bdb09a728224690451/README.md,5f492483f000c061d43572bdb09a728224690451,6f1c15e29f0ffb10af2c37f8d73e7e6e30746b2f8e71da845889f465414756b4,jakeeeeeeee/my-study-assistant,200,,
1737,2026-08-30T21:35:27.930181+00:00,app (1).py,https://huggingface.co/spaces/jakeeeeeeee/my-study-assistant/resolve/5f492483f000c061d43572bdb09a728224690451/app%20%281%29.py,5f492483f000c061d43572bdb09a728224690451,11fa27ddad7530d91886fb47047c81871137abc05ce83fe4f823f2661e125a7d,jakeeeeeeee/my-study-assistant,200,,
1737,2026-08-30T21:35:27.931938+00:00,app.py,https://huggingface.co/spaces/jakeeeeeeee/my-study-assistant/resolve/5f492483f000c061d43572bdb09a728224690451/app.py,5f492483f000c061d43572bdb09a728224690451,11fa27ddad7530d91886fb47047c81871137abc05ce83fe4f823f2661e125a7d,jakeeeeeeee/my-study-assistant,200,,
20,2026-08-30T21:35:27.988672+00:00,requirements.txt,https://huggingface.co/spaces/jakeeeeeeee/my-study-assistant/resolve/5f492483f000c061d43572bdb09a728224690451/requirements.txt,5f492483f000c061d43572bdb09a728224690451,95b4ef97b952c34747ec62bd11226237b56adcd53182fcd706b2f2be09c37c53,jakeeeeeeee/my-study-assistant,200,,
263,2026-08-30T21:35:33.943324+00:00,README.md,https://huggingface.co/spaces/jatandw/edugenius-ai-smart-learning-companion/resolve/09c56cafe52fc75e1b9022ee068c43b8e04c2687/README.md,09c56cafe52fc75e1b9022ee068c43b8e04c2687,d3e6276e7f52a0fc9458deabdbc8f7450e5de8a13c51d6eecb78c68d9e387815,jatandw/edugenius-ai-smart-learning-companion,200,,
2319,2026-08-30T21:35:34.535862+00:00,components/navbar.js,https://huggingface.co/spaces/jatandw/edugenius-ai-smart-learning-companion/resolve/09c56cafe52fc75e1b9022ee068c43b8e04c2687/components/navbar.js,09c56cafe52fc75e1b9022ee068c43b8e04c2687,1ca030181203c7433340ca29fba60a081aac8b247bfd7f854a4aa2300fa2c443,jatandw/edugenius-ai-smart-learning-companion,200,,
2383,2026-08-30T21:35:34.446866+00:00,components/sidebar.js,https://huggingface.co/spaces/jatandw/edugenius-ai-smart-learning-companion/resolve/09c56cafe52fc75e1b9022ee068c43b8e04c2687/components/sidebar.js,09c56cafe52fc75e1b9022ee068c43b8e04c2687,3ec8a87b73d8e6ba4f3e3c6c5b8d0745668d523e97635c66107e5b080fdba3cf,jatandw/edugenius-ai-smart-learning-companion,200,,
1451,2026-08-30T21:35:34.532929+00:00,demo.html,https://huggingface.co/spaces/jatandw/edugenius-ai-smart-learning-companion/resolve/09c56cafe52fc75e1b9022ee068c43b8e04c2687/demo.html,09c56cafe52fc75e1b9022ee068c43b8e04c2687,e4ccfbde468a738fc1bf5691dab4ea25396e31cecb5429c079d96fa91b6c9161,jatandw/edugenius-ai-smart-learning-companion,200,,
1493,2026-08-30T21:35:34.521611+00:00,features.html,https://huggingface.co/spaces/jatandw/edugenius-ai-smart-learning-companion/resolve/09c56cafe52fc75e1b9022ee068c43b8e04c2687/features.html,09c56cafe52fc75e1b9022ee068c43b8e04c2687,fee7600d60ae17050154333cf8a479cb37a21d23bd5d751d416134cec6ed0c3a,jatandw/edugenius-ai-smart-learning-companion,200,,
1470,2026-08-30T21:35:34.436749+00:00,how-it-works.html,https://huggingface.co/spaces/jatandw/edugenius-ai-smart-learning-companion/resolve/09c56cafe52fc75e1b9022ee068c43b8e04c2687/how-it-works.html,09c56cafe52fc75e1b9022ee068c43b8e04c2687,67555a208a10f848a30f382e1d32e628004a6731c9333e35cf504e83bf44869b,jatandw/edugenius-ai-smart-learning-companion,200,,
17880,2026-08-30T21:35:34.491681+00:00,index.html,https://huggingface.co/spaces/jatandw/edugenius-ai-smart-learning-companion/resolve/09c56cafe52fc75e1b9022ee068c43b8e04c2687/index.html,09c56cafe52fc75e1b9022ee068c43b8e04c2687,a11a6fcb7b96365d06fc88d807bb3555a533393755daa5fcaebc51f38efe8dd2,jatandw/edugenius-ai-smart-learning-companion,200,,
990,2026-08-30T21:35:34.519696+00:00,script.js,https://huggingface.co/spaces/jatandw/edugenius-ai-smart-learning-companion/resolve/09c56cafe52fc75e1b9022ee068c43b8e04c2687/script.js,09c56cafe52fc75e1b9022ee068c43b8e04c2687,38f5dcd42430c3cc4cc62265f61f3bb980683e24847a539944a0ceffd85ae3fd,jatandw/edugenius-ai-smart-learning-companion,200,,
425,2026-08-30T21:35:38.340914+00:00,README.md,https://huggingface.co/spaces/jayeshjachak/Study_Assistant/resolve/f604f53a79973e6b458d9b3a837605258669ce1d/README.md,f604f53a79973e6b458d9b3a837605258669ce1d,58a85560c7763985aa66b776768c3c4787f513d448b56842f897e4b762049c15,jayeshjachak/Study_Assistant,200,,
2079,2026-08-30T21:35:38.858537+00:00,app.py,https://huggingface.co/spaces/jayeshjachak/Study_Assistant/resolve/f604f53a79973e6b458d9b3a837605258669ce1d/app.py,f604f53a79973e6b458d9b3a837605258669ce1d,f8c859fc422c16bb89373b38019be48a31a7d3e15c3274f067042ce81f1d1b31,jayeshjachak/Study_Assistant,200,,
41,2026-08-30T21:35:38.844768+00:00,requirements.txt,https://huggingface.co/spaces/jayeshjachak/Study_Assistant/resolve/f604f53a79973e6b458d9b3a837605258669ce1d/requirements.txt,f604f53a79973e6b458d9b3a837605258669ce1d,4b06c1e4476e40c7727d15cd3a5afbacfc6d7877a74df0303fa557019f1ff17d,jayeshjachak/Study_Assistant,200,,
248,2026-08-30T21:35:39.362945+00:00,README.md,https://huggingface.co/spaces/jdbolter/language-tutor/resolve/6683a3a530436b493c9bc352552d5b01e8a8fec0/README.md,6683a3a530436b493c9bc352552d5b01e8a8fec0,d69b88e41308a7cf5b3263ad3d6ddfce579e7a937a947cd24d14782c09e61744,jdbolter/language-tutor,200,,
7989,2026-08-30T21:35:39.915187+00:00,app.py,https://huggingface.co/spaces/jdbolter/language-tutor/resolve/6683a3a530436b493c9bc352552d5b01e8a8fec0/app.py,6683a3a530436b493c9bc352552d5b01e8a8fec0,51f088731b31de530710e7f7b4e296c35a4724661448fa2733f74c0529ff5bc4,jdbolter/language-tutor,200,,
1060,2026-08-30T21:35:39.879823+00:00,requirements.txt,https://huggingface.co/spaces/jdbolter/language-tutor/resolve/6683a3a530436b493c9bc352552d5b01e8a8fec0/requirements.txt,6683a3a530436b493c9bc352552d5b01e8a8fec0,d29d3fdd9eadda7a91f4d3a3492e2ea0c26e96fa9ade53bfda5366773279259a,jdbolter/language-tutor,200,,
352,2026-08-30T21:35:40.497839+00:00,README.md,https://huggingface.co/spaces/jee-ai-tutor/jee-ai-tutor-app/resolve/55f05f630ba280cf3585f5c65df883d9af0ccd63/README.md,55f05f630ba280cf3585f5c65df883d9af0ccd63,c1bf7395e6fc1cf1c6249cc397eaf4c6963e059332b5dfd79afeaf54305c80c0,jee-ai-tutor/jee-ai-tutor-app,200,,
687,2026-08-30T21:35:41.001425+00:00,app.py,https://huggingface.co/spaces/jee-ai-tutor/jee-ai-tutor-app/resolve/55f05f630ba280cf3585f5c65df883d9af0ccd63/app.py,55f05f630ba280cf3585f5c65df883d9af0ccd63,c5d1bf6a9b59f1c7f106535a2f0b3b10075f025cad2bc449c3aec46cbfadf94c,jee-ai-tutor/jee-ai-tutor-app,200,,
6,2026-08-30T21:35:41.000842+00:00,requirements.txt,https://huggingface.co/spaces/jee-ai-tutor/jee-ai-tutor-app/resolve/55f05f630ba280cf3585f5c65df883d9af0ccd63/requirements.txt,55f05f630ba280cf3585f5c65df883d9af0ccd63,95c8ff5c934e2250d15af22f9056a1ab6888f5536b6ca9995dd80969a353876e,jee-ai-tutor/jee-ai-tutor-app,200,,
239,2026-08-30T21:35:41.495112+00:00,README.md,https://huggingface.co/spaces/jeffrey1963/Teaching_Assistant/resolve/1e023d5b20b603a619006efa246241c307c4c487/README.md,1e023d5b20b603a619006efa246241c307c4c487,0add945b827d4177efb090dbb6a479de771c578bfbea03d7bc0004da5a3d7f78,jeffrey1963/Teaching_Assistant,200,,
16518,2026-08-30T21:35:42.139152+00:00,app.py,https://huggingface.co/spaces/jeffrey1963/Teaching_Assistant/resolve/1e023d5b20b603a619006efa246241c307c4c487/app.py,1e023d5b20b603a619006efa246241c307c4c487,07baa19dd0ea329c268570c4c5a86d2ae9f178666ac1ab2f9d47871916eda114,jeffrey1963/Teaching_Assistant,200,,
93,2026-08-30T21:35:42.121312+00:00,requirements.txt,https://huggingface.co/spaces/jeffrey1963/Teaching_Assistant/resolve/1e023d5b20b603a619006efa246241c307c4c487/requirements.txt,1e023d5b20b603a619006efa246241c307c4c487,c1c43396212cb20706169f868acd4fa39ead1966d2e1a80bc46d941f96ee4360,jeffrey1963/Teaching_Assistant,200,,
484,2026-08-30T21:35:42.669553+00:00,README.md,https://huggingface.co/spaces/jenny-yuu/english-teaching-assistant/resolve/d521f605d4f77e20363b454f43e369a41ac63295/README.md,d521f605d4f77e20363b454f43e369a41ac63295,a54dc02181aebcf5bfbb79473d8071a497a7bfb264abb66e1d3ce2a525dddcd3,jenny-yuu/english-teaching-assistant,200,,
6420,2026-08-30T21:35:43.376055+00:00,app.py,https://huggingface.co/spaces/jenny-yuu/english-teaching-assistant/resolve/d521f605d4f77e20363b454f43e369a41ac63295/app.py,d521f605d4f77e20363b454f43e369a41ac63295,55ab7df4e1d8f00cecfc1a03938b767142672110efaf999bfdc2ebcbeeb67f43,jenny-yuu/english-teaching-assistant,200,,
82,2026-08-30T21:35:43.154494+00:00,requirements.txt,https://huggingface.co/spaces/jenny-yuu/english-teaching-assistant/resolve/d521f605d4f77e20363b454f43e369a41ac63295/requirements.txt,d521f605d4f77e20363b454f43e369a41ac63295,3ba5ce303b36296f77e884365ea856d7c980f7c7c9d5ffe440a9a441065e3373,jenny-yuu/english-teaching-assistant,200,,
286,2026-08-30T21:35:45.077844+00:00,README.md,https://huggingface.co/spaces/jeyabala2905/12th-biology-ai-tutor/resolve/0513871024e80aedf79a2fe51c9e81299af393bd/README.md,0513871024e80aedf79a2fe51c9e81299af393bd,35705c10a5b4332cdba3c52a7b27a2d1be59a4d84d09870008c2c2ad1ba1d6e4,jeyabala2905/12th-biology-ai-tutor,200,,
3815,2026-08-30T21:35:45.581610+00:00,app.py,https://huggingface.co/spaces/jeyabala2905/12th-biology-ai-tutor/resolve/0513871024e80aedf79a2fe51c9e81299af393bd/app.py,0513871024e80aedf79a2fe51c9e81299af393bd,bd0539a38ef475d5a2b95e21129156a2e32dfa15b8adc5938e576bb969ac59b5,jeyabala2905/12th-biology-ai-tutor,200,,
964,2026-08-30T21:35:46.120995+00:00,README.md,https://huggingface.co/spaces/jhgyjfjg/math-ai-tutor/resolve/5c8bbba4da34e7a243ce1e872c8ce2a20c929319/README.md,5c8bbba4da34e7a243ce1e872c8ce2a20c929319,d4ebf59cf6c6e833b8955b8a8e2067aa82a1ff779e6b870a81cfa763ed8ffd3b,jhgyjfjg/math-ai-tutor,200,,
1496,2026-08-30T21:35:46.618985+00:00,README.md,https://huggingface.co/spaces/jimmyyzz/Quiz_Generator/resolve/2c8d274f0ee792c827d886acc4b0dc133d106c99/README.md,2c8d274f0ee792c827d886acc4b0dc133d106c99,b57de84f57a6d1704527080b8d4a7a113d2b05029a9ff70ae352c0e08d0bdde7,jimmyyzz/Quiz_Generator,200,,
33,2026-08-30T21:35:47.117119+00:00,app/__init__.py,https://huggingface.co/spaces/jimmyyzz/Quiz_Generator/resolve/2c8d274f0ee792c827d886acc4b0dc133d106c99/app/__init__.py,2c8d274f0ee792c827d886acc4b0dc133d106c99,6221cbe50cceea85be4e8e0bd22d88b3178ad85dd5e0a9fb129e3b42d55a67c2,jimmyyzz/Quiz_Generator,200,,
21515,2026-08-30T21:35:47.120936+00:00,app/config.py,https://huggingface.co/spaces/jimmyyzz/Quiz_Generator/resolve/2c8d274f0ee792c827d886acc4b0dc133d106c99/app/config.py,2c8d274f0ee792c827d886acc4b0dc133d106c99,282edf1983aff436df545b45375f6e9cf7d23e51fa99123cf0255d826b99610f,jimmyyzz/Quiz_Generator,200,,
3883,2026-08-30T21:35:47.110736+00:00,app/main.py,https://huggingface.co/spaces/jimmyyzz/Quiz_Generator/resolve/2c8d274f0ee792c827d886acc4b0dc133d106c99/app/main.py,2c8d274f0ee792c827d886acc4b0dc133d106c99,3aff4ba05149848b8c4380bafc0e52477fc9d44c79636c6aec043545a38244a6,jimmyyzz/Quiz_Generator,200,,
1978,2026-08-30T21:35:47.138886+00:00,app/models.py,https://huggingface.co/spaces/jimmyyzz/Quiz_Generator/resolve/2c8d274f0ee792c827d886acc4b0dc133d106c99/app/models.py,2c8d274f0ee792c827d886acc4b0dc133d106c99,45de321a1644402d59c897796dae3fe656bfdeef0f1bfd62fdd9ff0d7c4dced7,jimmyyzz/Quiz_Generator,200,,
191,2026-08-30T21:35:47.189037+00:00,requirements.txt,https://huggingface.co/spaces/jimmyyzz/Quiz_Generator/resolve/2c8d274f0ee792c827d886acc4b0dc133d106c99/requirements.txt,2c8d274f0ee792c827d886acc4b0dc133d106c99,e47541f8afc4e9b38be61d9cae36fcc7d1b9df630d6049fa35acb5ecfae8924a,jimmyyzz/Quiz_Generator,200,,
216,2026-08-30T21:35:47.721204+00:00,README.md,https://huggingface.co/spaces/jiophone716/studyzen-focused-learning-companion/resolve/491a6e454e0452e26c093443c6a2d92ca1ea8f43/README.md,491a6e454e0452e26c093443c6a2d92ca1ea8f43,6af5b5777765a7c37ef53018557de3802a8c5878d2b8ff34a73f7c57f63492c6,jiophone716/studyzen-focused-learning-companion,200,,
546,2026-08-30T21:35:48.234419+00:00,index.html,https://huggingface.co/spaces/jiophone716/studyzen-focused-learning-companion/resolve/491a6e454e0452e26c093443c6a2d92ca1ea8f43/index.html,491a6e454e0452e26c093443c6a2d92ca1ea8f43,fef10b4e06879d75c496c1ce3e89410bff1b77bf51220f21570255d1f214580e,jiophone716/studyzen-focused-learning-companion,200,,
574,2026-08-30T21:35:49.256678+00:00,.env.example,https://huggingface.co/spaces/jlazoflores/Language_Tutor/resolve/99280c86e75619b7ff9a7004d0801b461f329fbc/.env.example,99280c86e75619b7ff9a7004d0801b461f329fbc,c8a7ef81488eae2d91ec921c1e1ca90bf4efcf4e9feab08c9d47fe09f1b3d21d,jlazoflores/Language_Tutor,200,,
21318,2026-08-30T21:35:48.751014+00:00,README.md,https://huggingface.co/spaces/jlazoflores/Language_Tutor/resolve/99280c86e75619b7ff9a7004d0801b461f329fbc/README.md,99280c86e75619b7ff9a7004d0801b461f329fbc,ab779305b98f7292da445cdfa34415b992b42c4941e65399344e315470f6fe88,jlazoflores/Language_Tutor,200,,
23901,2026-08-30T21:35:49.272549+00:00,language_tutor.py,https://huggingface.co/spaces/jlazoflores/Language_Tutor/resolve/99280c86e75619b7ff9a7004d0801b461f329fbc/language_tutor.py,99280c86e75619b7ff9a7004d0801b461f329fbc,2ddf82feade066cca3d877621798797c7748190ac39b8181016daeab20c65834,jlazoflores/Language_Tutor,200,,
522,2026-08-30T21:35:49.305463+00:00,pyproject.toml,https://huggingface.co/spaces/jlazoflores/Language_Tutor/resolve/99280c86e75619b7ff9a7004d0801b461f329fbc/pyproject.toml,99280c86e75619b7ff9a7004d0801b461f329fbc,c5fdc3b21978953e009f899b5783e22090dc3e06292e7d468c5c5159760074bd,jlazoflores/Language_Tutor,200,,
172,2026-08-30T21:35:49.307383+00:00,requirements.txt,https://huggingface.co/spaces/jlazoflores/Language_Tutor/resolve/99280c86e75619b7ff9a7004d0801b461f329fbc/requirements.txt,99280c86e75619b7ff9a7004d0801b461f329fbc,fc178040b91ed8982833cc41a973a59d26fb09853d593726ec87b7e633d21fd8,jlazoflores/Language_Tutor,200,,
7446,2026-08-30T21:35:49.292148+00:00,vad_handler.py,https://huggingface.co/spaces/jlazoflores/Language_Tutor/resolve/99280c86e75619b7ff9a7004d0801b461f329fbc/vad_handler.py,99280c86e75619b7ff9a7004d0801b461f329fbc,e4bfb6a9eac18008f1c95990c3cff360dda60e6dabbfffba443a52fab8b0b6e5,jlazoflores/Language_Tutor,200,,
16567,2026-08-30T21:35:49.282085+00:00,voice_handler.py,https://huggingface.co/spaces/jlazoflores/Language_Tutor/resolve/99280c86e75619b7ff9a7004d0801b461f329fbc/voice_handler.py,99280c86e75619b7ff9a7004d0801b461f329fbc,4f1fbca739f9ea9c156444214dda4a46c01cc5d97e5147383e1dc8d04abe0549,jlazoflores/Language_Tutor,200,,
259,2026-08-30T21:35:49.816212+00:00,README.md,https://huggingface.co/spaces/joaolucascosta/edunext-ai-powered-learning-companion/resolve/d415c959427a7b5b0d71a49bee831ee7d3b8f49f/README.md,d415c959427a7b5b0d71a49bee831ee7d3b8f49f,1fca4fc0ebeccc5c55cecc5050c7159dae454c966b9cdb2d023fef2c2fa927ad,joaolucascosta/edunext-ai-powered-learning-companion,200,,
16822,2026-08-30T21:35:50.298695+00:00,index.html,https://huggingface.co/spaces/joaolucascosta/edunext-ai-powered-learning-companion/resolve/d415c959427a7b5b0d71a49bee831ee7d3b8f49f/index.html,d415c959427a7b5b0d71a49bee831ee7d3b8f49f,bf09d9d3fb7964c7b90bff9ae5779f638e60cdabb8d090f1d8917bbb6211d8ca,joaolucascosta/edunext-ai-powered-learning-companion,200,,
259,2026-08-30T21:35:50.885421+00:00,README.md,https://huggingface.co/spaces/johhnpauull/edupulse-the-smart-learning-companion/resolve/c8b0ebe926723747cd38806031a9b4470ea5ae88/README.md,c8b0ebe926723747cd38806031a9b4470ea5ae88,2d0838efb5012240a795550d1f0246194ac6c093e61089879c35f0b216d7744b,johhnpauull/edupulse-the-smart-learning-companion,200,,
4834,2026-08-30T21:35:51.423478+00:00,components/footer.js,https://huggingface.co/spaces/johhnpauull/edupulse-the-smart-learning-companion/resolve/c8b0ebe926723747cd38806031a9b4470ea5ae88/components/footer.js,c8b0ebe926723747cd38806031a9b4470ea5ae88,e3ab25ac94443e449d949ad71ba9dfb762d2605a248b438cf044586a92852c72,johhnpauull/edupulse-the-smart-learning-companion,200,,
3681,2026-08-30T21:35:51.413078+00:00,components/navbar.js,https://huggingface.co/spaces/johhnpauull/edupulse-the-smart-learning-companion/resolve/c8b0ebe926723747cd38806031a9b4470ea5ae88/components/navbar.js,c8b0ebe926723747cd38806031a9b4470ea5ae88,d7f62bec489f30d2f5761f6111bcc79e0df45c35932d74107094f17d60b1c05f,johhnpauull/edupulse-the-smart-learning-companion,200,,
2902,2026-08-30T21:35:51.433242+00:00,components/sidebar.js,https://huggingface.co/spaces/johhnpauull/edupulse-the-smart-learning-companion/resolve/c8b0ebe926723747cd38806031a9b4470ea5ae88/components/sidebar.js,c8b0ebe926723747cd38806031a9b4470ea5ae88,b8a7b3adc7d6c06c69316842630c7dbbd74b6935b10c7ed0e03128d1b5a2a98f,johhnpauull/edupulse-the-smart-learning-companion,200,,
9182,2026-08-30T21:35:51.389802+00:00,dashboard.html,https://huggingface.co/spaces/johhnpauull/edupulse-the-smart-learning-companion/resolve/c8b0ebe926723747cd38806031a9b4470ea5ae88/dashboard.html,c8b0ebe926723747cd38806031a9b4470ea5ae88,5132123ff76f94354c94c6c0bdb3da2b274359f1a85c5582f4f01e702d737ebf,johhnpauull/edupulse-the-smart-learning-companion,200,,
5505,2026-08-30T21:35:51.412328+00:00,habits.html,https://huggingface.co/spaces/johhnpauull/edupulse-the-smart-learning-companion/resolve/c8b0ebe926723747cd38806031a9b4470ea5ae88/habits.html,c8b0ebe926723747cd38806031a9b4470ea5ae88,21fec4aebf3f6ef73300641af8e38b935cc210e0204d56093448b52dc7314fe6,johhnpauull/edupulse-the-smart-learning-companion,200,,
5235,2026-08-30T21:35:51.434871+00:00,index.html,https://huggingface.co/spaces/johhnpauull/edupulse-the-smart-learning-companion/resolve/c8b0ebe926723747cd38806031a9b4470ea5ae88/index.html,c8b0ebe926723747cd38806031a9b4470ea5ae88,2b5482f805b64561166b515f6de9044c033de08f6e6f162d3c8b20ac462e26b7,johhnpauull/edupulse-the-smart-learning-companion,200,,
9762,2026-08-30T21:35:51.410700+00:00,journal.html,https://huggingface.co/spaces/johhnpauull/edupulse-the-smart-learning-companion/resolve/c8b0ebe926723747cd38806031a9b4470ea5ae88/journal.html,c8b0ebe926723747cd38806031a9b4470ea5ae88,75c6e89b4e924e9d05f8af615ee6b9fb93ba4572543525a2bc419d79425d5a2e,johhnpauull/edupulse-the-smart-learning-companion,200,,
10519,2026-08-30T21:35:51.454356+00:00,plan.html,https://huggingface.co/spaces/johhnpauull/edupulse-the-smart-learning-companion/resolve/c8b0ebe926723747cd38806031a9b4470ea5ae88/plan.html,c8b0ebe926723747cd38806031a9b4470ea5ae88,d8c0dc878d84dc2a49ce07b3eeec76866038a7acd079c4e77b90c122286f0ee7,johhnpauull/edupulse-the-smart-learning-companion,200,,
1626,2026-08-30T21:35:51.874650+00:00,script.js,https://huggingface.co/spaces/johhnpauull/edupulse-the-smart-learning-companion/resolve/c8b0ebe926723747cd38806031a9b4470ea5ae88/script.js,c8b0ebe926723747cd38806031a9b4470ea5ae88,d3632f525f899dfa00be904784572ad8e2fb4b16de7e2bf55c9df7efcc00514c,johhnpauull/edupulse-the-smart-learning-companion,200,,
439,2026-08-30T21:35:52.477595+00:00,README.md,https://huggingface.co/spaces/john-supplychain/cpim-ai-tutor/resolve/94291b6839b643496a8d84d99cc2d8d551c60807/README.md,94291b6839b643496a8d84d99cc2d8d551c60807,0e6798e665676a4cd1f396a2909cb1548448931632b62a4cdb014de730d2652c,john-supplychain/cpim-ai-tutor,200,,
9048,2026-08-30T21:35:52.988503+00:00,app.py,https://huggingface.co/spaces/john-supplychain/cpim-ai-tutor/resolve/94291b6839b643496a8d84d99cc2d8d551c60807/app.py,94291b6839b643496a8d84d99cc2d8d551c60807,c5fb3057638cd2c9285eb7772205c4599b8123646c11c06eec8af7e46933a0bd,john-supplychain/cpim-ai-tutor,200,,
12431,2026-08-30T21:35:53.009668+00:00,hybrid_rag.py,https://huggingface.co/spaces/john-supplychain/cpim-ai-tutor/resolve/94291b6839b643496a8d84d99cc2d8d551c60807/hybrid_rag.py,94291b6839b643496a8d84d99cc2d8d551c60807,e162c3016d48b857e664832000e887dd4f661568b5744004251cea3cf1ca33cc,john-supplychain/cpim-ai-tutor,200,,
64,2026-08-30T21:35:52.966463+00:00,requirements.txt,https://huggingface.co/spaces/john-supplychain/cpim-ai-tutor/resolve/94291b6839b643496a8d84d99cc2d8d551c60807/requirements.txt,94291b6839b643496a8d84d99cc2d8d551c60807,3f663b6e28b9dfe619e775deacebe82fc147e17d6c7a3c522028009c5b7134b4,john-supplychain/cpim-ai-tutor,200,,
268,2026-08-30T21:35:53.514993+00:00,README.md,https://huggingface.co/spaces/johncxstlzzz/edubot-ai-your-smart-learning-companion/resolve/536027d3b4fcb58032ddcbcbe7d9f171556efdc0/README.md,536027d3b4fcb58032ddcbcbe7d9f171556efdc0,d5281359fe84a03aa9a4d80b099d91b47f617ae731b806ebda74a9062a96ed9f,johncxstlzzz/edubot-ai-your-smart-learning-companion,200,,
2842,2026-08-30T21:35:54.100172+00:00,components/chat-message.js,https://huggingface.co/spaces/johncxstlzzz/edubot-ai-your-smart-learning-companion/resolve/536027d3b4fcb58032ddcbcbe7d9f171556efdc0/components/chat-message.js,536027d3b4fcb58032ddcbcbe7d9f171556efdc0,5ab2862aa2dc28edd10f7cdfc7571427c74ace8932680dde2d73fc7b1bcdce79,johncxstlzzz/edubot-ai-your-smart-learning-companion,200,,
4059,2026-08-30T21:35:54.010011+00:00,index.html,https://huggingface.co/spaces/johncxstlzzz/edubot-ai-your-smart-learning-companion/resolve/536027d3b4fcb58032ddcbcbe7d9f171556efdc0/index.html,536027d3b4fcb58032ddcbcbe7d9f171556efdc0,c03f8d6d026b442f783a5f8f4cd41ab763c350a87c42c23e262209b33ed2a56d,johncxstlzzz/edubot-ai-your-smart-learning-companion,200,,
4450,2026-08-30T21:35:54.027533+00:00,script.js,https://huggingface.co/spaces/johncxstlzzz/edubot-ai-your-smart-learning-companion/resolve/536027d3b4fcb58032ddcbcbe7d9f171556efdc0/script.js,536027d3b4fcb58032ddcbcbe7d9f171556efdc0,dc72df660624b3260f9fc808596e2525cfcf8303b9b9ee65bc0043f90707b874,johncxstlzzz/edubot-ai-your-smart-learning-companion,200,,
1378,2026-08-30T21:35:54.756594+00:00,README.md,https://huggingface.co/spaces/jonowrenn/cs-study-assistant/resolve/adb0a2fb2e4dffc1350bcc17a78f412316a0e5db/README.md,adb0a2fb2e4dffc1350bcc17a78f412316a0e5db,a3ce1a28168b37f4ef1a1ba976b67bc7dd8677438188a65d2605cc3161542137,jonowrenn/cs-study-assistant,200,,
4370,2026-08-30T21:35:55.263664+00:00,app.py,https://huggingface.co/spaces/jonowrenn/cs-study-assistant/resolve/adb0a2fb2e4dffc1350bcc17a78f412316a0e5db/app.py,adb0a2fb2e4dffc1350bcc17a78f412316a0e5db,e512e2a20dd9a1dfd1af459e3f14bef172253f5f2b0936633ebfda3369c8594d,jonowrenn/cs-study-assistant,200,,
14,2026-08-30T21:35:55.469930+00:00,requirements.txt,https://huggingface.co/spaces/jonowrenn/cs-study-assistant/resolve/adb0a2fb2e4dffc1350bcc17a78f412316a0e5db/requirements.txt,adb0a2fb2e4dffc1350bcc17a78f412316a0e5db,15983e5e3b1c3009fc748af15491d7c94e27dcfad85e2609725c35f8ad8a4107,jonowrenn/cs-study-assistant,200,,
237,2026-08-30T21:35:58.503054+00:00,README.md,https://huggingface.co/spaces/jsilbersky/AI-language-tutor/resolve/45481300487d07641fa624d460992f48c0ca3fee/README.md,45481300487d07641fa624d460992f48c0ca3fee,0fd1eae525fc3a516d9ad7f60442956234e11f2c7994cef85240036f2fa84e0e,jsilbersky/AI-language-tutor,200,,
1258,2026-08-30T21:35:59.004644+00:00,app.py,https://huggingface.co/spaces/jsilbersky/AI-language-tutor/resolve/45481300487d07641fa624d460992f48c0ca3fee/app.py,45481300487d07641fa624d460992f48c0ca3fee,57f70939cc960895bc276243f96ed51135519e88ab49703985c5067d4607a270,jsilbersky/AI-language-tutor,200,,
26,2026-08-30T21:35:59.005863+00:00,requirements.txt,https://huggingface.co/spaces/jsilbersky/AI-language-tutor/resolve/45481300487d07641fa624d460992f48c0ca3fee/requirements.txt,45481300487d07641fa624d460992f48c0ca3fee,32c07be4558778313b1a745377e546ad6b4457a3865f2f3bba41980cf18b6b83,jsilbersky/AI-language-tutor,200,,
246,2026-08-30T21:36:01.747629+00:00,README.md,https://huggingface.co/spaces/jyoti210303/quiz-question-generator/resolve/4a0f52b7f1b24af957993fd8bb7ef2b460ebd7c9/README.md,4a0f52b7f1b24af957993fd8bb7ef2b460ebd7c9,59071e99791221a3a5a54ab6b0ddfd993e06ca5bac4b148fc5cdf5a982cea6ad,jyoti210303/quiz-question-generator,200,,
521,2026-08-30T21:36:02.302315+00:00,app.py,https://huggingface.co/spaces/jyoti210303/quiz-question-generator/resolve/4a0f52b7f1b24af957993fd8bb7ef2b460ebd7c9/app.py,4a0f52b7f1b24af957993fd8bb7ef2b460ebd7c9,c94401a4ee568c92df5f992e642704e0d147f1fc08fbd63517a5b8b3f4a8dc96,jyoti210303/quiz-question-generator,200,,
244,2026-08-30T21:36:03.825354+00:00,README.md,https://huggingface.co/spaces/kalai1915/AI-Tutor-Image-Gen/resolve/788a018a194353207177065597a472e4c6ecd08b/README.md,788a018a194353207177065597a472e4c6ecd08b,af021f774ddc32aa915d69cf00a3c8dd087cdce8354299479d31396f0759f808,kalai1915/AI-Tutor-Image-Gen,200,,
791,2026-08-30T21:36:04.364869+00:00,app.py,https://huggingface.co/spaces/kalai1915/AI-Tutor-Image-Gen/resolve/788a018a194353207177065597a472e4c6ecd08b/app.py,788a018a194353207177065597a472e4c6ecd08b,1c1710df254728fc39fcf395584cefd31454ca04531848e1dc363af278e76656,kalai1915/AI-Tutor-Image-Gen,200,,
62,2026-08-30T21:36:04.372871+00:00,requirements.txt,https://huggingface.co/spaces/kalai1915/AI-Tutor-Image-Gen/resolve/788a018a194353207177065597a472e4c6ecd08b/requirements.txt,788a018a194353207177065597a472e4c6ecd08b,63eed9fa43ad41b9fee727ef5f6d7f53c7d7cfa2bc29543cc096f2c357d8cb24,kalai1915/AI-Tutor-Image-Gen,200,,
240,2026-08-30T21:36:04.862183+00:00,README.md,https://huggingface.co/spaces/kamiangelova/ai-educational-quiz/resolve/b3e2285ad4f619cb827cfebd44c7e66b52031896/README.md,b3e2285ad4f619cb827cfebd44c7e66b52031896,bd1c18be1eee24c4b1cdd5fad93b87f43636f31b599e7245deadfc3d41369ec5,kamiangelova/ai-educational-quiz,200,,
2135,2026-08-30T21:36:05.440895+00:00,app.py,https://huggingface.co/spaces/kamiangelova/ai-educational-quiz/resolve/b3e2285ad4f619cb827cfebd44c7e66b52031896/app.py,b3e2285ad4f619cb827cfebd44c7e66b52031896,8901ef3c0a9d28bd3ab8948b600a000b30314d8aa805f896679da53ca5c3506f,kamiangelova/ai-educational-quiz,200,,
270,2026-08-30T21:36:05.949039+00:00,README.md,https://huggingface.co/spaces/kanagaraj/StudyAssistant/resolve/2350a3807d930d19677ea8b86a04ae7a9a3630b6/README.md,2350a3807d930d19677ea8b86a04ae7a9a3630b6,2c8663ea1c232ed2cc880a9167740eedca80fc7dae15b6f7ec87dc3bc406022e,kanagaraj/StudyAssistant,200,,
2149,2026-09-02T19:08:46.794964+00:00,app.py,https://huggingface.co/spaces/kanagaraj/StudyAssistant/resolve/2350a3807d930d19677ea8b86a04ae7a9a3630b6/app.py,2350a3807d930d19677ea8b86a04ae7a9a3630b6,aff75bc04a210cfa6381a9e464935a44c00477625f307dee67eb507593206ba1,kanagaraj/StudyAssistant,200,lossless-v2,utf-8
20,2026-09-02T19:08:46.801506+00:00,requirements.txt,https://huggingface.co/spaces/kanagaraj/StudyAssistant/resolve/2350a3807d930d19677ea8b86a04ae7a9a3630b6/requirements.txt,2350a3807d930d19677ea8b86a04ae7a9a3630b6,95b4ef97b952c34747ec62bd11226237b56adcd53182fcd706b2f2be09c37c53,kanagaraj/StudyAssistant,200,lossless-v2,utf-8
236,2026-08-30T21:36:09.654037+00:00,README.md,https://huggingface.co/spaces/karibubybsf/ai_tutor/resolve/dcf5304fe7927ae4feae39963e8126cc2e9be866/README.md,dcf5304fe7927ae4feae39963e8126cc2e9be866,e74d127d9e89feff55d3b9534a2cc4edd71318938f50a8297c8367f4304216c5,karibubybsf/ai_tutor,200,,
2334,2026-08-30T21:36:10.232385+00:00,main.py,https://huggingface.co/spaces/karibubybsf/ai_tutor/resolve/dcf5304fe7927ae4feae39963e8126cc2e9be866/main.py,dcf5304fe7927ae4feae39963e8126cc2e9be866,e591ccba0e62f465d0af04dbaa42a47ba7be809a7b5668a003b849da9295e25c,karibubybsf/ai_tutor,200,,
94,2026-08-30T21:36:10.152262+00:00,requirements.txt,https://huggingface.co/spaces/karibubybsf/ai_tutor/resolve/dcf5304fe7927ae4feae39963e8126cc2e9be866/requirements.txt,dcf5304fe7927ae4feae39963e8126cc2e9be866,c3ede1f3a46600b50cd15f34c09dbc30410ddf376284ee817eb1230f57ec9437,karibubybsf/ai_tutor,200,,
1123,2026-08-30T21:36:10.224218+00:00,test.py,https://huggingface.co/spaces/karibubybsf/ai_tutor/resolve/dcf5304fe7927ae4feae39963e8126cc2e9be866/test.py,dcf5304fe7927ae4feae39963e8126cc2e9be866,fecbf2ccbd18da0178eca1f8a5f03456981336bda06f9899529dc2638b7b0f78,karibubybsf/ai_tutor,200,,
2157,2026-08-30T21:36:10.747002+00:00,README.md,https://huggingface.co/spaces/karibubybsf/ai_tutor_v2/resolve/90783743dd9f47b4879d75ae20e8e344ed024b20/README.md,90783743dd9f47b4879d75ae20e8e344ed024b20,acfe597b033562d6dd21b86fc6936fa62464a2780873cbb6b73ac31351fe3ccd,karibubybsf/ai_tutor_v2,200,,
5190,2026-08-30T21:36:11.258581+00:00,create_data.py,https://huggingface.co/spaces/karibubybsf/ai_tutor_v2/resolve/90783743dd9f47b4879d75ae20e8e344ed024b20/create_data.py,90783743dd9f47b4879d75ae20e8e344ed024b20,6d448bfe1ed30ed3b53af8dcaf7ffc8f951627492a357beff00aecf3d4476712,karibubybsf/ai_tutor_v2,200,,
4731,2026-08-30T21:36:11.254988+00:00,main.py,https://huggingface.co/spaces/karibubybsf/ai_tutor_v2/resolve/90783743dd9f47b4879d75ae20e8e344ed024b20/main.py,90783743dd9f47b4879d75ae20e8e344ed024b20,13003fd6ac4d4dc4cc21dfa0a19360485cee0633f502e87f636952af26163d45,karibubybsf/ai_tutor_v2,200,,
110,2026-08-30T21:36:11.293816+00:00,requirements.txt,https://huggingface.co/spaces/karibubybsf/ai_tutor_v2/resolve/90783743dd9f47b4879d75ae20e8e344ed024b20/requirements.txt,90783743dd9f47b4879d75ae20e8e344ed024b20,ce061648b12f46cf99a127a07f3d4edbffbbecdc41d69d30bec290cedf89de21,karibubybsf/ai_tutor_v2,200,,
2568,2026-08-30T21:36:11.301029+00:00,test.py,https://huggingface.co/spaces/karibubybsf/ai_tutor_v2/resolve/90783743dd9f47b4879d75ae20e8e344ed024b20/test.py,90783743dd9f47b4879d75ae20e8e344ed024b20,2843325d08b71258c851a36130e767826f012f415d2576e29fbc1ef4ba4fcd55,karibubybsf/ai_tutor_v2,200,,
2160,2026-08-30T21:36:11.844073+00:00,README.md,https://huggingface.co/spaces/karibubybsf/ai_tutor_v3/resolve/b8b01f861549b8dc6f524c5edca7b98170fb4c5b/README.md,b8b01f861549b8dc6f524c5edca7b98170fb4c5b,cf55e44d42e3da0a0c5f92b0e87ae74b1cdce8ba21c35947074dcf1c7963f712,karibubybsf/ai_tutor_v3,200,,
5190,2026-08-30T21:36:12.497926+00:00,create_data.py,https://huggingface.co/spaces/karibubybsf/ai_tutor_v3/resolve/b8b01f861549b8dc6f524c5edca7b98170fb4c5b/create_data.py,b8b01f861549b8dc6f524c5edca7b98170fb4c5b,6d448bfe1ed30ed3b53af8dcaf7ffc8f951627492a357beff00aecf3d4476712,karibubybsf/ai_tutor_v3,200,,
5849,2026-08-30T21:36:12.354869+00:00,main.py,https://huggingface.co/spaces/karibubybsf/ai_tutor_v3/resolve/b8b01f861549b8dc6f524c5edca7b98170fb4c5b/main.py,b8b01f861549b8dc6f524c5edca7b98170fb4c5b,262a4b9335ae4bed727abd3995c24d3f680f9630d55f994c7cd0569992982cfc,karibubybsf/ai_tutor_v3,200,,
132,2026-08-30T21:36:12.358602+00:00,requirements.txt,https://huggingface.co/spaces/karibubybsf/ai_tutor_v3/resolve/b8b01f861549b8dc6f524c5edca7b98170fb4c5b/requirements.txt,b8b01f861549b8dc6f524c5edca7b98170fb4c5b,65a4c9296dc64d84a1a057fe98ddda2a26ae8944924af06bdcbf180ae0c9e756,karibubybsf/ai_tutor_v3,200,,
2570,2026-08-30T21:36:12.354368+00:00,test.py,https://huggingface.co/spaces/karibubybsf/ai_tutor_v3/resolve/b8b01f861549b8dc6f524c5edca7b98170fb4c5b/test.py,b8b01f861549b8dc6f524c5edca7b98170fb4c5b,ca9b675aa1d05416d58a5f77451313d40b802904adab4048eaf6e3a4892c828b,karibubybsf/ai_tutor_v3,200,,
239,2026-08-30T21:36:16.507730+00:00,README.md,https://huggingface.co/spaces/kastan/ai-teaching-assistant/resolve/bfad9ae262c5b80b0281c5b04ca30068fcabbe53/README.md,bfad9ae262c5b80b0281c5b04ca30068fcabbe53,37bc8153df6cdfce199548933d2233238d27487d0cf3bf01bbd3d068ff0ad695,kastan/ai-teaching-assistant,200,,
11601,2026-08-30T21:36:17.128023+00:00,app.py,https://huggingface.co/spaces/kastan/ai-teaching-assistant/resolve/bfad9ae262c5b80b0281c5b04ca30068fcabbe53/app.py,bfad9ae262c5b80b0281c5b04ca30068fcabbe53,1e35b01c1a8cd36cd0219414de572caf0e72b31199ff2378edbdfe6afe7c7201,kastan/ai-teaching-assistant,200,,
7113,2026-08-30T21:36:17.045434+00:00,clip_for_ppts.py,https://huggingface.co/spaces/kastan/ai-teaching-assistant/resolve/bfad9ae262c5b80b0281c5b04ca30068fcabbe53/clip_for_ppts.py,bfad9ae262c5b80b0281c5b04ca30068fcabbe53,b86397b0386fb6af0993a50da15ddacdd4033f21bb7751fbac3b377b022b89e7,kastan/ai-teaching-assistant,200,,
2200,2026-08-30T21:36:17.029582+00:00,gpu_memory_utils.py,https://huggingface.co/spaces/kastan/ai-teaching-assistant/resolve/bfad9ae262c5b80b0281c5b04ca30068fcabbe53/gpu_memory_utils.py,bfad9ae262c5b80b0281c5b04ca30068fcabbe53,520c161d4ff309d3e0a84da2edc0c0c664d7a564e2fb2998f1fba00d9a897dca,kastan/ai-teaching-assistant,200,,
173,2026-08-30T21:36:17.129593+00:00,requirements.txt,https://huggingface.co/spaces/kastan/ai-teaching-assistant/resolve/bfad9ae262c5b80b0281c5b04ca30068fcabbe53/requirements.txt,bfad9ae262c5b80b0281c5b04ca30068fcabbe53,638d20bbbfb1f3f07dfe09dcb300317f864b56789d27c43b8e9e525cbc53f890,kastan/ai-teaching-assistant,200,,
4019,2026-08-30T21:36:17.041498+00:00,retrieval.py,https://huggingface.co/spaces/kastan/ai-teaching-assistant/resolve/bfad9ae262c5b80b0281c5b04ca30068fcabbe53/retrieval.py,bfad9ae262c5b80b0281c5b04ca30068fcabbe53,fe1b81748a6ee04c8483bc2534a0956d6d36fbd2a08c12f1a4d9440f2fe95d18,kastan/ai-teaching-assistant,200,,
252,2026-08-30T21:36:17.657264+00:00,README.md,https://huggingface.co/spaces/kastan/ai-teaching-assistant-beta/resolve/6903e33c10053bc9e2457718c84b133ccdd88f36/README.md,6903e33c10053bc9e2457718c84b133ccdd88f36,c032e277dff3761953481b03b230d492ee4b8760d8c55bf046b8e8c657fd022a,kastan/ai-teaching-assistant-beta,200,,
11644,2026-08-30T21:36:18.170100+00:00,app.py,https://huggingface.co/spaces/kastan/ai-teaching-assistant-beta/resolve/6903e33c10053bc9e2457718c84b133ccdd88f36/app.py,6903e33c10053bc9e2457718c84b133ccdd88f36,226b6bcbb74a98902f18e1148e9f9b366e316187ddaa331c43c456eda492fff4,kastan/ai-teaching-assistant-beta,200,,
7098,2026-08-30T21:36:18.179474+00:00,clip_for_ppts.py,https://huggingface.co/spaces/kastan/ai-teaching-assistant-beta/resolve/6903e33c10053bc9e2457718c84b133ccdd88f36/clip_for_ppts.py,6903e33c10053bc9e2457718c84b133ccdd88f36,3ad29135d63ad5c88e03e79af718a73352b345a28ba6787cf81b072d876fc1cb,kastan/ai-teaching-assistant-beta,200,,
2200,2026-08-30T21:36:18.171189+00:00,gpu_memory_utils.py,https://huggingface.co/spaces/kastan/ai-teaching-assistant-beta/resolve/6903e33c10053bc9e2457718c84b133ccdd88f36/gpu_memory_utils.py,6903e33c10053bc9e2457718c84b133ccdd88f36,520c161d4ff309d3e0a84da2edc0c0c664d7a564e2fb2998f1fba00d9a897dca,kastan/ai-teaching-assistant-beta,200,,
173,2026-08-30T21:36:18.239679+00:00,requirements.txt,https://huggingface.co/spaces/kastan/ai-teaching-assistant-beta/resolve/6903e33c10053bc9e2457718c84b133ccdd88f36/requirements.txt,6903e33c10053bc9e2457718c84b133ccdd88f36,638d20bbbfb1f3f07dfe09dcb300317f864b56789d27c43b8e9e525cbc53f890,kastan/ai-teaching-assistant-beta,200,,
3925,2026-08-30T21:36:18.184947+00:00,retrieval.py,https://huggingface.co/spaces/kastan/ai-teaching-assistant-beta/resolve/6903e33c10053bc9e2457718c84b133ccdd88f36/retrieval.py,6903e33c10053bc9e2457718c84b133ccdd88f36,bd8bd03960acd251a62c357550b9c9e3b4bda3136ebf66caccde22ae98ac2434,kastan/ai-teaching-assistant-beta,200,,
261,2026-08-30T21:36:20.900191+00:00,README.md,https://huggingface.co/spaces/kavyasri0821/AI_Converstational_Data_Science_Tutor/resolve/d744122871c40542b9bc8c641b337c004257a9e0/README.md,d744122871c40542b9bc8c641b337c004257a9e0,59c8ae6b6130aaa6cf08b56fd7dd96ce0dac0e8478ce1d59aecf378542ad25ad,kavyasri0821/AI_Converstational_Data_Science_Tutor,200,,
2310,2026-08-30T21:36:21.400381+00:00,app.py,https://huggingface.co/spaces/kavyasri0821/AI_Converstational_Data_Science_Tutor/resolve/d744122871c40542b9bc8c641b337c004257a9e0/app.py,d744122871c40542b9bc8c641b337c004257a9e0,4c8fbaa3ade99ab5f3a12e16c24be02b0160a3c265527303811f2fbd80358ca8,kavyasri0821/AI_Converstational_Data_Science_Tutor,200,,
98,2026-08-30T21:36:21.405929+00:00,requirements.txt,https://huggingface.co/spaces/kavyasri0821/AI_Converstational_Data_Science_Tutor/resolve/d744122871c40542b9bc8c641b337c004257a9e0/requirements.txt,d744122871c40542b9bc8c641b337c004257a9e0,5b44617452d96ca132402f11511d3a372c5cad1cbace9aa64427fcb68d105d81,kavyasri0821/AI_Converstational_Data_Science_Tutor,200,,
239,2026-08-30T21:36:21.902298+00:00,README.md,https://huggingface.co/spaces/ke955/smm2-course-generator/resolve/667d62c15935550f40bc31ca4dc9b77728649e82/README.md,667d62c15935550f40bc31ca4dc9b77728649e82,6d39ee92df9335ac92eeec2cd757ed2f3c077ca422c35ec5e39acc35f6f3777f,ke955/smm2-course-generator,200,,
18805,2026-08-30T21:36:22.391536+00:00,app.py,https://huggingface.co/spaces/ke955/smm2-course-generator/resolve/667d62c15935550f40bc31ca4dc9b77728649e82/app.py,667d62c15935550f40bc31ca4dc9b77728649e82,afb33bfe1c1c108f8dabf188b969a3a85cd3e0b20091321731779cd26db47cd2,ke955/smm2-course-generator,200,,
65,2026-08-30T21:36:22.402142+00:00,requirements.txt,https://huggingface.co/spaces/ke955/smm2-course-generator/resolve/667d62c15935550f40bc31ca4dc9b77728649e82/requirements.txt,667d62c15935550f40bc31ca4dc9b77728649e82,01730c872b8c02ade03ac6220e3de1a30b537c6ed8aef77addafc3e866f8ee5c,ke955/smm2-course-generator,200,,
316,2026-08-30T21:36:26.693648+00:00,README.md,https://huggingface.co/spaces/khadijahshabir/studyassistant/resolve/b9ada0c07caabf871e8b95a3cd3dc4d75fcdfc9d/README.md,b9ada0c07caabf871e8b95a3cd3dc4d75fcdfc9d,017c100396d50ea1966bd833bb5fb6759a370149d6598855e35f0e6da687b872,khadijahshabir/studyassistant,200,,
271,2026-08-30T21:36:27.242990+00:00,README.md,https://huggingface.co/spaces/khankashif/education_assistant_chatbot/resolve/38a2f02de7bb3c8a9c011c9f9708f2927b94dc8b/README.md,38a2f02de7bb3c8a9c011c9f9708f2927b94dc8b,a5145eada5b59dba12c7d8b7af7e3c7269b70b236a8d37b20e4cd091f8ee1ae8,khankashif/education_assistant_chatbot,200,,
1662,2026-08-30T21:36:27.858532+00:00,app.py,https://huggingface.co/spaces/khankashif/education_assistant_chatbot/resolve/38a2f02de7bb3c8a9c011c9f9708f2927b94dc8b/app.py,38a2f02de7bb3c8a9c011c9f9708f2927b94dc8b,cd60991c9fd07ea72fe2287b4704577dcfd9ef88eaaacee5d29c4329fb98040e,khankashif/education_assistant_chatbot,200,,
29,2026-08-30T21:36:27.775238+00:00,requirements.txt,https://huggingface.co/spaces/khankashif/education_assistant_chatbot/resolve/38a2f02de7bb3c8a9c011c9f9708f2927b94dc8b/requirements.txt,38a2f02de7bb3c8a9c011c9f9708f2927b94dc8b,74ef8cefcd36274135b24bf3505a4031988d22f278466495e5fa94d418c86458,khankashif/education_assistant_chatbot,200,,
283,2026-08-30T21:36:31.468431+00:00,README.md,https://huggingface.co/spaces/kinely/Study-Assistant/resolve/36325cc57ec0c033d2336981d37439a864f89d80/README.md,36325cc57ec0c033d2336981d37439a864f89d80,cb4457d838788a4c3d248b96dd36e423f796973b4a323cf320796132af317a2f,kinely/Study-Assistant,200,,
5751,2026-08-30T21:36:31.961584+00:00,app.py,https://huggingface.co/spaces/kinely/Study-Assistant/resolve/36325cc57ec0c033d2336981d37439a864f89d80/app.py,36325cc57ec0c033d2336981d37439a864f89d80,a508a4b3bb96e1a23f93cf1e413fcd816e9b0097e04492f0636a6e366ac6c91f,kinely/Study-Assistant,200,,
61,2026-08-30T21:36:31.971776+00:00,requirements.txt,https://huggingface.co/spaces/kinely/Study-Assistant/resolve/36325cc57ec0c033d2336981d37439a864f89d80/requirements.txt,36325cc57ec0c033d2336981d37439a864f89d80,59d7e2870a51488b81c61434b3978dcb2f6a729fa8785f273ced95a89289e8e0,kinely/Study-Assistant,200,,
379,2026-08-30T21:36:32.501786+00:00,README.md,https://huggingface.co/spaces/king011/AI-quiz-generator/resolve/16aaa0ef245f5463fe427767e434a3f4d1917222/README.md,16aaa0ef245f5463fe427767e434a3f4d1917222,9e5b7d945743ef399b2298a4b77a64552b0d74bee414b6a65471990fb97fcbf8,king011/AI-quiz-generator,200,,
9433,2026-08-30T21:36:33.004523+00:00,app.py,https://huggingface.co/spaces/king011/AI-quiz-generator/resolve/16aaa0ef245f5463fe427767e434a3f4d1917222/app.py,16aaa0ef245f5463fe427767e434a3f4d1917222,6bc5c26cbac6d2e39b0487f6eca66ee154bde1e47ac887452f898c4afa1ad00e,king011/AI-quiz-generator,200,,
23,2026-08-30T21:36:32.984648+00:00,requirements.txt,https://huggingface.co/spaces/king011/AI-quiz-generator/resolve/16aaa0ef245f5463fe427767e434a3f4d1917222/requirements.txt,16aaa0ef245f5463fe427767e434a3f4d1917222,48293d5aac441f371121b28f1ff76c2495cf372febd85401e0f33f12789b4971,king011/AI-quiz-generator,200,,
3591,2026-08-30T21:36:34.095281+00:00,Data_science_tutor.py,https://huggingface.co/spaces/kodamkarthik281/AI_Conversational_Tutor/resolve/c961811a4c604f36f8eeebe47b3d852643e2d054/Data_science_tutor.py,c961811a4c604f36f8eeebe47b3d852643e2d054,8d2ca217fedbf6b2d204dde95c4ce69584e04545c4f291f2c9e5713e4948e4d3,kodamkarthik281/AI_Conversational_Tutor,200,,
382,2026-08-30T21:36:33.518152+00:00,README.md,https://huggingface.co/spaces/kodamkarthik281/AI_Conversational_Tutor/resolve/c961811a4c604f36f8eeebe47b3d852643e2d054/README.md,c961811a4c604f36f8eeebe47b3d852643e2d054,ba8be4cdbb4cc362aa03f21396de1454679981d393257645a9045b371dc8060d,kodamkarthik281/AI_Conversational_Tutor,200,,
77,2026-08-30T21:36:34.097580+00:00,requirements.txt,https://huggingface.co/spaces/kodamkarthik281/AI_Conversational_Tutor/resolve/c961811a4c604f36f8eeebe47b3d852643e2d054/requirements.txt,c961811a4c604f36f8eeebe47b3d852643e2d054,e815bd410d0a04511f8782e0d7389262ac8eb069eddbdd1b95f3e5e769086bd5,kodamkarthik281/AI_Conversational_Tutor,200,,
148,2026-08-30T21:36:34.604914+00:00,README.md,https://huggingface.co/spaces/kollalekhan/StudyAssistant/resolve/3b9c18485094d324b82ffc4a3a4e71828cc2ff39/README.md,3b9c18485094d324b82ffc4a3a4e71828cc2ff39,3dc1b03d2577e7bb2c21870c3324dcb97200d0f03b5f660cac33698f91ecc797,kollalekhan/StudyAssistant,200,,
1737,2026-09-02T19:08:48.157941+00:00,app.py,https://huggingface.co/spaces/kollalekhan/StudyAssistant/resolve/3b9c18485094d324b82ffc4a3a4e71828cc2ff39/app.py,3b9c18485094d324b82ffc4a3a4e71828cc2ff39,11fa27ddad7530d91886fb47047c81871137abc05ce83fe4f823f2661e125a7d,kollalekhan/StudyAssistant,200,lossless-v2,utf-8
1664,2026-09-02T19:08:48.147256+00:00,index.html,https://huggingface.co/spaces/kollalekhan/StudyAssistant/resolve/3b9c18485094d324b82ffc4a3a4e71828cc2ff39/index.html,3b9c18485094d324b82ffc4a3a4e71828cc2ff39,870dca6ad2db4be31e3278dcbe59b8c43c3f02baf1c1e105a7d8e73a68c23d7a,kollalekhan/StudyAssistant,200,lossless-v2,utf-8
20,2026-09-02T19:08:48.158949+00:00,requirements.txt,https://huggingface.co/spaces/kollalekhan/StudyAssistant/resolve/3b9c18485094d324b82ffc4a3a4e71828cc2ff39/requirements.txt,3b9c18485094d324b82ffc4a3a4e71828cc2ff39,95b4ef97b952c34747ec62bd11226237b56adcd53182fcd706b2f2be09c37c53,kollalekhan/StudyAssistant,200,lossless-v2,utf-8
251,2026-08-30T21:36:35.218815+00:00,README.md,https://huggingface.co/spaces/kousarshaik/AI_TUTOR/resolve/ddf0d5c29b62753d45c06c0f7868279b71ba4119/README.md,ddf0d5c29b62753d45c06c0f7868279b71ba4119,0054824147cd2958188119bee9c3f0d570e76b29edffee6bb30472fe0c26089d,kousarshaik/AI_TUTOR,200,,
1918,2026-08-30T21:36:35.692850+00:00,app.py,https://huggingface.co/spaces/kousarshaik/AI_TUTOR/resolve/ddf0d5c29b62753d45c06c0f7868279b71ba4119/app.py,ddf0d5c29b62753d45c06c0f7868279b71ba4119,11e79da1ccfb0f3b00a15bedd27b48ab6b68f55dff0397446178f59048dd4fcd,kousarshaik/AI_TUTOR,200,,
216,2026-08-30T21:36:36.236235+00:00,README.md,https://huggingface.co/spaces/kouseic/offlearn-ai-learning-companion/resolve/50af63152b22b58f735f9da50979dea6f3295c7e/README.md,50af63152b22b58f735f9da50979dea6f3295c7e,985d60069b38789c3e1291c83e07fab03f1e58857a22ee6aa6f78c969b6d8626,kouseic/offlearn-ai-learning-companion,200,,
546,2026-08-30T21:36:36.722050+00:00,index.html,https://huggingface.co/spaces/kouseic/offlearn-ai-learning-companion/resolve/50af63152b22b58f735f9da50979dea6f3295c7e/index.html,50af63152b22b58f735f9da50979dea6f3295c7e,fef10b4e06879d75c496c1ce3e89410bff1b77bf51220f21570255d1f214580e,kouseic/offlearn-ai-learning-companion,200,,
648,2026-08-30T21:36:37.205051+00:00,README.md,https://huggingface.co/spaces/kr1shnasharma/academic-tutor-ai/resolve/377ee313cf5b0a9ef7661549a5fb23da0af02e24/README.md,377ee313cf5b0a9ef7661549a5fb23da0af02e24,3e0d44354aecb2138ec50f2e16d87c3c9a035435ab7b2b9a2d99694cb8859056,kr1shnasharma/academic-tutor-ai,200,,
434,2026-08-30T21:36:37.707180+00:00,backend/.env.example,https://huggingface.co/spaces/kr1shnasharma/academic-tutor-ai/resolve/377ee313cf5b0a9ef7661549a5fb23da0af02e24/backend/.env.example,377ee313cf5b0a9ef7661549a5fb23da0af02e24,0da229552103011ea189cfb5a144f0caeb9e7f1d188b15efbee66f02d14f918e,kr1shnasharma/academic-tutor-ai,200,,
764,2026-08-30T21:36:37.725926+00:00,backend/README.md,https://huggingface.co/spaces/kr1shnasharma/academic-tutor-ai/resolve/377ee313cf5b0a9ef7661549a5fb23da0af02e24/backend/README.md,377ee313cf5b0a9ef7661549a5fb23da0af02e24,552765a8868715e23afeee94198325143adaa9d5d891547f9bf54014871a4642,kr1shnasharma/academic-tutor-ai,200,,
4377,2026-08-30T21:36:37.752567+00:00,backend/main.py,https://huggingface.co/spaces/kr1shnasharma/academic-tutor-ai/resolve/377ee313cf5b0a9ef7661549a5fb23da0af02e24/backend/main.py,377ee313cf5b0a9ef7661549a5fb23da0af02e24,fb1155a1aaac096ee31c21d6c9ffa5d0becc623d13de5edb4ccadc96df103eda,kr1shnasharma/academic-tutor-ai,200,,
4909,2026-08-30T21:36:37.768821+00:00,backend/ocr_ingest.py,https://huggingface.co/spaces/kr1shnasharma/academic-tutor-ai/resolve/377ee313cf5b0a9ef7661549a5fb23da0af02e24/backend/ocr_ingest.py,377ee313cf5b0a9ef7661549a5fb23da0af02e24,424656ba8b3a936ec13e96a7b8ce96d3104ffcf808d095ecc356c455b56c1825,kr1shnasharma/academic-tutor-ai,200,,
461,2026-08-30T21:36:37.769358+00:00,backend/requirements.txt,https://huggingface.co/spaces/kr1shnasharma/academic-tutor-ai/resolve/377ee313cf5b0a9ef7661549a5fb23da0af02e24/backend/requirements.txt,377ee313cf5b0a9ef7661549a5fb23da0af02e24,d406227c26ca0db8145a430445d357194f7f44186f27305fea15f828e2cb250d,kr1shnasharma/academic-tutor-ai,200,,
230,2026-08-30T21:36:37.774393+00:00,index.html,https://huggingface.co/spaces/kr1shnasharma/academic-tutor-ai/resolve/377ee313cf5b0a9ef7661549a5fb23da0af02e24/index.html,377ee313cf5b0a9ef7661549a5fb23da0af02e24,fd393b87cf5e7550ccd8130a8e455902eec0a52394324652626bf7884fab0718,kr1shnasharma/academic-tutor-ai,200,,
1815,2026-08-30T21:36:37.771028+00:00,js/auth.js,https://huggingface.co/spaces/kr1shnasharma/academic-tutor-ai/resolve/377ee313cf5b0a9ef7661549a5fb23da0af02e24/js/auth.js,377ee313cf5b0a9ef7661549a5fb23da0af02e24,659ca56d05563ed7e5b30bc4f9273eec6090b5077d53a290f915ab4187b0825b,kr1shnasharma/academic-tutor-ai,200,,
41802,2026-08-30T21:36:37.775232+00:00,swp1_home.html,https://huggingface.co/spaces/kr1shnasharma/academic-tutor-ai/resolve/377ee313cf5b0a9ef7661549a5fb23da0af02e24/swp1_home.html,377ee313cf5b0a9ef7661549a5fb23da0af02e24,9baf0e840a98efa5b761a6b775480d907b2fa835e5df18af439ac1e95bbd9824,kr1shnasharma/academic-tutor-ai,200,,
18164,2026-08-30T21:36:38.196229+00:00,swp1_login.html,https://huggingface.co/spaces/kr1shnasharma/academic-tutor-ai/resolve/377ee313cf5b0a9ef7661549a5fb23da0af02e24/swp1_login.html,377ee313cf5b0a9ef7661549a5fb23da0af02e24,719899cc6facd8a072ef713773c19b722854ab3abed68bbdfc3a76ffe99ff4e3,kr1shnasharma/academic-tutor-ai,200,,
764,2026-08-30T21:36:38.733679+00:00,README.md,https://huggingface.co/spaces/kr1shnasharma/swp1-academic-ai-tutor/resolve/1d237950cda1aeab4f32310edca55e5aa2427a1e/README.md,1d237950cda1aeab4f32310edca55e5aa2427a1e,552765a8868715e23afeee94198325143adaa9d5d891547f9bf54014871a4642,kr1shnasharma/swp1-academic-ai-tutor,200,,
0,2026-08-30T21:36:38.997494+00:00,app/__init__.py,https://huggingface.co/spaces/kr1shnasharma/swp1-academic-ai-tutor/resolve/1d237950cda1aeab4f32310edca55e5aa2427a1e/app/__init__.py,1d237950cda1aeab4f32310edca55e5aa2427a1e,e3b0c44298fc1c149afbf4c8996fb92427ae41e4649b934ca495991b7852b855,kr1shnasharma/swp1-academic-ai-tutor,200,,
1145,2026-08-30T21:36:39.248359+00:00,app/config.py,https://huggingface.co/spaces/kr1shnasharma/swp1-academic-ai-tutor/resolve/1d237950cda1aeab4f32310edca55e5aa2427a1e/app/config.py,1d237950cda1aeab4f32310edca55e5aa2427a1e,85669d2eb6901a2224f6dfb6654c75c5471ea221fc540e3e4dfe4f9dd081cd67,kr1shnasharma/swp1-academic-ai-tutor,200,,
3451,2026-08-30T21:36:39.232778+00:00,main.py,https://huggingface.co/spaces/kr1shnasharma/swp1-academic-ai-tutor/resolve/1d237950cda1aeab4f32310edca55e5aa2427a1e/main.py,1d237950cda1aeab4f32310edca55e5aa2427a1e,d3837688b07842dc9464d69e9898a1911ee13f7cbf1c8ad3f087735b606be140,kr1shnasharma/swp1-academic-ai-tutor,200,,
239,2026-08-30T21:36:39.242663+00:00,requirements.txt,https://huggingface.co/spaces/kr1shnasharma/swp1-academic-ai-tutor/resolve/1d237950cda1aeab4f32310edca55e5aa2427a1e/requirements.txt,1d237950cda1aeab4f32310edca55e5aa2427a1e,fae318f72d260be0caedb7f2dca07fb2e87df75fbfbd9b2768b7255bc7197e3b,kr1shnasharma/swp1-academic-ai-tutor,200,,
1379,2026-08-30T21:36:39.763577+00:00,README.md,https://huggingface.co/spaces/krishala/TutorChatbot/resolve/a5510bc44b20f7ca3266c93d53e916616da7366d/README.md,a5510bc44b20f7ca3266c93d53e916616da7366d,5ca9d1adef6345a53572bc2b50dfa41a7e2eb1b748284d0850904b980a37f26f,krishala/TutorChatbot,200,,
8334,2026-08-30T21:36:40.250457+00:00,app.py,https://huggingface.co/spaces/krishala/TutorChatbot/resolve/a5510bc44b20f7ca3266c93d53e916616da7366d/app.py,a5510bc44b20f7ca3266c93d53e916616da7366d,714e29720a8e55c43d0ebbdb17e528c06aeab07cb6b326e276749d0d9706034c,krishala/TutorChatbot,200,,
179,2026-08-30T21:36:40.364515+00:00,requirements.txt,https://huggingface.co/spaces/krishala/TutorChatbot/resolve/a5510bc44b20f7ca3266c93d53e916616da7366d/requirements.txt,a5510bc44b20f7ca3266c93d53e916616da7366d,eb09fe69ca569c57d46cfb2c3a91a3dae1ec796816f383592be80fdbed65b11c,krishala/TutorChatbot,200,,
245,2026-08-30T21:36:42.003551+00:00,README.md,https://huggingface.co/spaces/krishnachaithanya26/StudyAssistant/resolve/e1646cdbe837e938ae39d13dd1bf64702dd90cc3/README.md,e1646cdbe837e938ae39d13dd1bf64702dd90cc3,d8cf9e82fa06c031b368b252dbe4f8859474008164d7eadea8f2a83f46d19a96,krishnachaithanya26/StudyAssistant,200,,
1608,2026-09-02T19:08:48.837349+00:00,app.py,https://huggingface.co/spaces/krishnachaithanya26/StudyAssistant/resolve/e1646cdbe837e938ae39d13dd1bf64702dd90cc3/app.py,e1646cdbe837e938ae39d13dd1bf64702dd90cc3,73c69782e6acbc95fa3fa5b0891e66d8754e070dab49fa2da273b6c4ad2310e7,krishnachaithanya26/StudyAssistant,200,lossless-v2,utf-8
20,2026-09-02T19:08:48.820758+00:00,requirements.txt,https://huggingface.co/spaces/krishnachaithanya26/StudyAssistant/resolve/e1646cdbe837e938ae39d13dd1bf64702dd90cc3/requirements.txt,e1646cdbe837e938ae39d13dd1bf64702dd90cc3,6f1756c6ef672af0d7db4cad79cfc682868d203d904a5b6aa55db9c2017ca5ad,krishnachaithanya26/StudyAssistant,200,lossless-v2,utf-8
284,2026-08-30T21:36:44.112875+00:00,README.md,https://huggingface.co/spaces/kshitijsingh030/KS_AI_TUTOR/resolve/a1e215e95a0fed32097d803ad241def861b73d91/README.md,a1e215e95a0fed32097d803ad241def861b73d91,3b5ccc73c5993922a724f3690b45383035914073cf14d2606a46d6221e0b6a9f,kshitijsingh030/KS_AI_TUTOR,200,,
1664,2026-08-30T21:36:44.600378+00:00,index.html,https://huggingface.co/spaces/kshitijsingh030/KS_AI_TUTOR/resolve/a1e215e95a0fed32097d803ad241def861b73d91/index.html,a1e215e95a0fed32097d803ad241def861b73d91,870dca6ad2db4be31e3278dcbe59b8c43c3f02baf1c1e105a7d8e73a68c23d7a,kshitijsingh030/KS_AI_TUTOR,200,,
265,2026-08-30T21:36:45.132377+00:00,README.md,https://huggingface.co/spaces/ktmc15/parleur-fran-ais-french-learning-companion/resolve/c9a130d792e8f4705f4003845431b1ad6488b70e/README.md,c9a130d792e8f4705f4003845431b1ad6488b70e,57390ea76a59cb93fef4d9331ea17ae3c1e5ef17874cfd10e8c99fc67d6dcfff,ktmc15/parleur-fran-ais-french-learning-companion,200,,
31266,2026-08-30T21:36:45.718475+00:00,index.html,https://huggingface.co/spaces/ktmc15/parleur-fran-ais-french-learning-companion/resolve/c9a130d792e8f4705f4003845431b1ad6488b70e/index.html,c9a130d792e8f4705f4003845431b1ad6488b70e,63ffda339ec936d08b7d30dcd02973c7ac5c05f2faaf230fd7847299f6244e38,ktmc15/parleur-fran-ais-french-learning-companion,200,,
210,2026-08-30T21:36:47.290487+00:00,README.md,https://huggingface.co/spaces/kunalhugface/Football_Tutor_Chatbot/resolve/521ff99d1f024eda41ae16004951ac7d343589e7/README.md,521ff99d1f024eda41ae16004951ac7d343589e7,eeb39f2ddc46a1f4ebf2e72c77f7a1e5a25c7d74eacc9cbbb1298d2dc1a1376d,kunalhugface/Football_Tutor_Chatbot,200,,
12337,2026-08-30T21:36:47.894284+00:00,app.py,https://huggingface.co/spaces/kunalhugface/Football_Tutor_Chatbot/resolve/521ff99d1f024eda41ae16004951ac7d343589e7/app.py,521ff99d1f024eda41ae16004951ac7d343589e7,e66253a071bb14a8f9c1f9c76a3131f0b9c5113ff2d8f1ea23f51dd8a84ac217,kunalhugface/Football_Tutor_Chatbot,200,,
3898,2026-08-30T21:36:47.827912+00:00,chatbot.py,https://huggingface.co/spaces/kunalhugface/Football_Tutor_Chatbot/resolve/521ff99d1f024eda41ae16004951ac7d343589e7/chatbot.py,521ff99d1f024eda41ae16004951ac7d343589e7,ea16c151023cd629992dfdd7065f4e78947a1b28b5ea2e0f8b6b5453cd68338e,kunalhugface/Football_Tutor_Chatbot,200,,
369,2026-08-30T21:36:47.867078+00:00,clean_data.py,https://huggingface.co/spaces/kunalhugface/Football_Tutor_Chatbot/resolve/521ff99d1f024eda41ae16004951ac7d343589e7/clean_data.py,521ff99d1f024eda41ae16004951ac7d343589e7,704ed3bc47b6e7954e7f9ff32673e9728a33ba47f11f918198daac1b0f409cc1,kunalhugface/Football_Tutor_Chatbot,200,,
0,2026-08-30T21:36:47.625887+00:00,rag/__init__.py,https://huggingface.co/spaces/kunalhugface/Football_Tutor_Chatbot/resolve/521ff99d1f024eda41ae16004951ac7d343589e7/rag/__init__.py,521ff99d1f024eda41ae16004951ac7d343589e7,e3b0c44298fc1c149afbf4c8996fb92427ae41e4649b934ca495991b7852b855,kunalhugface/Football_Tutor_Chatbot,200,,
1284,2026-08-30T23:33:42.599166+00:00,rag/embeddings.py,https://huggingface.co/spaces/kunalhugface/Football_Tutor_Chatbot/resolve/521ff99d1f024eda41ae16004951ac7d343589e7/rag/embeddings.py,521ff99d1f024eda41ae16004951ac7d343589e7,29e9f6a8b3726689f48872e980c1a5ce48807a7311cb6dc1222d079f26ef3a3f,kunalhugface/Football_Tutor_Chatbot,200,,
1928,2026-08-30T23:33:42.688724+00:00,rag/retriever.py,https://huggingface.co/spaces/kunalhugface/Football_Tutor_Chatbot/resolve/521ff99d1f024eda41ae16004951ac7d343589e7/rag/retriever.py,521ff99d1f024eda41ae16004951ac7d343589e7,2b09acf1bf37d7cfb6a81da6009b1e63c6c2ddc7d466961cf5ae89963266dbad,kunalhugface/Football_Tutor_Chatbot,200,,
1098,2026-08-30T23:33:42.671733+00:00,rag/vector_store.py,https://huggingface.co/spaces/kunalhugface/Football_Tutor_Chatbot/resolve/521ff99d1f024eda41ae16004951ac7d343589e7/rag/vector_store.py,521ff99d1f024eda41ae16004951ac7d343589e7,41bdb788f796585169c2a9c908ac8df95d33edebf80e2b7082825e92a98247fd,kunalhugface/Football_Tutor_Chatbot,200,,
80,2026-08-30T21:36:48.140971+00:00,requirements.txt,https://huggingface.co/spaces/kunalhugface/Football_Tutor_Chatbot/resolve/521ff99d1f024eda41ae16004951ac7d343589e7/requirements.txt,521ff99d1f024eda41ae16004951ac7d343589e7,214977e5f95d35eb30b32c9b00a4841d1dca5e37d8ca67b98de248e0ac4b3ad4,kunalhugface/Football_Tutor_Chatbot,200,,
3497,2026-08-30T23:33:42.691190+00:00,train.py,https://huggingface.co/spaces/kunalhugface/Football_Tutor_Chatbot/resolve/521ff99d1f024eda41ae16004951ac7d343589e7/train.py,521ff99d1f024eda41ae16004951ac7d343589e7,b1d802597366631d8248a17b6c5b735f8a9627e4b252f31794d0abdf9fe06b71,kunalhugface/Football_Tutor_Chatbot,200,,
270,2026-08-30T21:36:48.657507+00:00,README.md,https://huggingface.co/spaces/kundan857/StudyAssistant/resolve/72394b54b77aeccafe18269aa0634bf30f964c23/README.md,72394b54b77aeccafe18269aa0634bf30f964c23,3c3058cb8069a305b1933ad46276e6ca99ee86dad449cd009cdf508a8af39ca3,kundan857/StudyAssistant,200,,
1712,2026-09-02T19:08:50.110441+00:00,app.py,https://huggingface.co/spaces/kundan857/StudyAssistant/resolve/72394b54b77aeccafe18269aa0634bf30f964c23/app.py,72394b54b77aeccafe18269aa0634bf30f964c23,5df738ea6defc39157e52d4f4ba0cc39642774db06cfb10cfb425894bb440c47,kundan857/StudyAssistant,200,lossless-v2,utf-8
20,2026-09-02T19:08:50.169507+00:00,requirements.txt,https://huggingface.co/spaces/kundan857/StudyAssistant/resolve/72394b54b77aeccafe18269aa0634bf30f964c23/requirements.txt,72394b54b77aeccafe18269aa0634bf30f964c23,95b4ef97b952c34747ec62bd11226237b56adcd53182fcd706b2f2be09c37c53,kundan857/StudyAssistant,200,lossless-v2,utf-8
264,2026-08-30T21:36:50.848777+00:00,README.md,https://huggingface.co/spaces/kyokyo99/eduglide-smart-learning-companion/resolve/10bb9dedb65b500a8a423cdfa7bfcb11cc59bab6/README.md,10bb9dedb65b500a8a423cdfa7bfcb11cc59bab6,0f834b6dc5a51eae08baaa52ce910f7add7091817a539e4fb7f33e0d2bcccf78,kyokyo99/eduglide-smart-learning-companion,200,,
3602,2026-08-30T21:36:51.343020+00:00,components/ai-assistant.js,https://huggingface.co/spaces/kyokyo99/eduglide-smart-learning-companion/resolve/10bb9dedb65b500a8a423cdfa7bfcb11cc59bab6/components/ai-assistant.js,10bb9dedb65b500a8a423cdfa7bfcb11cc59bab6,ae05bc6590bf0e37ba4ac552e7db4ebb0e7dbc0f2a6129725973a8957058b831,kyokyo99/eduglide-smart-learning-companion,200,,
3535,2026-08-30T21:36:51.399740+00:00,components/footer.js,https://huggingface.co/spaces/kyokyo99/eduglide-smart-learning-companion/resolve/10bb9dedb65b500a8a423cdfa7bfcb11cc59bab6/components/footer.js,10bb9dedb65b500a8a423cdfa7bfcb11cc59bab6,abd37a85e0d94e7be4e9464269a0bf33fe3c135f1ab03b620e40c47e2b30865a,kyokyo99/eduglide-smart-learning-companion,200,,
2389,2026-08-30T21:36:51.358392+00:00,components/navbar.js,https://huggingface.co/spaces/kyokyo99/eduglide-smart-learning-companion/resolve/10bb9dedb65b500a8a423cdfa7bfcb11cc59bab6/components/navbar.js,10bb9dedb65b500a8a423cdfa7bfcb11cc59bab6,add50d8cbfb6db57845b65c2fe36d5ed9b5fccfc62c2f268fac2ca5248a2bd3a,kyokyo99/eduglide-smart-learning-companion,200,,
6418,2026-08-30T21:36:51.358839+00:00,index.html,https://huggingface.co/spaces/kyokyo99/eduglide-smart-learning-companion/resolve/10bb9dedb65b500a8a423cdfa7bfcb11cc59bab6/index.html,10bb9dedb65b500a8a423cdfa7bfcb11cc59bab6,029b96c2f61b2b5c07cf7a7e325353afe684eb8c88c078b61580d6db298671dd,kyokyo99/eduglide-smart-learning-companion,200,,
12142,2026-08-30T21:36:51.528147+00:00,lessons.html,https://huggingface.co/spaces/kyokyo99/eduglide-smart-learning-companion/resolve/10bb9dedb65b500a8a423cdfa7bfcb11cc59bab6/lessons.html,10bb9dedb65b500a8a423cdfa7bfcb11cc59bab6,6ad90d51109c7fd24b5932f14681c16e3648178780b27451e45b3a910260ffe1,kyokyo99/eduglide-smart-learning-companion,200,,
9057,2026-08-30T21:36:51.412201+00:00,quiz.html,https://huggingface.co/spaces/kyokyo99/eduglide-smart-learning-companion/resolve/10bb9dedb65b500a8a423cdfa7bfcb11cc59bab6/quiz.html,10bb9dedb65b500a8a423cdfa7bfcb11cc59bab6,795db5ee8a4ac511882c7cfbb52d3bddd6664000c8510e479e1253ced117960c,kyokyo99/eduglide-smart-learning-companion,200,,
3736,2026-08-30T21:36:51.362839+00:00,script.js,https://huggingface.co/spaces/kyokyo99/eduglide-smart-learning-companion/resolve/10bb9dedb65b500a8a423cdfa7bfcb11cc59bab6/script.js,10bb9dedb65b500a8a423cdfa7bfcb11cc59bab6,d2c4e57159e4da88584e067e9a69b2e71ab56725c1ac6d0599e7a308211a2608,kyokyo99/eduglide-smart-learning-companion,200,,
14771,2026-08-30T21:36:51.351021+00:00,vocabulary.html,https://huggingface.co/spaces/kyokyo99/eduglide-smart-learning-companion/resolve/10bb9dedb65b500a8a423cdfa7bfcb11cc59bab6/vocabulary.html,10bb9dedb65b500a8a423cdfa7bfcb11cc59bab6,f58d3bf91333ca5cdc1be7313e1d84b8a069a0b1215d364de4653bbc1a16a352,kyokyo99/eduglide-smart-learning-companion,200,,
434,2026-08-30T21:36:52.055563+00:00,README.md,https://huggingface.co/spaces/laharikalva/ai-tutor/resolve/e19ea9687042a5fbe558c7e323e6f5d262f8b73b/README.md,e19ea9687042a5fbe558c7e323e6f5d262f8b73b,11d1288747fd98581889430c85f66506a85027f8ffc89432fd01b8210953e93b,laharikalva/ai-tutor,200,,
23,2026-08-30T21:36:52.549468+00:00,requirements.txt,https://huggingface.co/spaces/laharikalva/ai-tutor/resolve/e19ea9687042a5fbe558c7e323e6f5d262f8b73b/requirements.txt,e19ea9687042a5fbe558c7e323e6f5d262f8b73b,0eab15ba6b51230309e4c83903237faceae6e1e2158257084c6a3db910a1bcc7,laharikalva/ai-tutor,200,,
1125,2026-08-30T21:36:52.563777+00:00,src/streamlit_app.py,https://huggingface.co/spaces/laharikalva/ai-tutor/resolve/e19ea9687042a5fbe558c7e323e6f5d262f8b73b/src/streamlit_app.py,e19ea9687042a5fbe558c7e323e6f5d262f8b73b,67c3220df70c5f085a360e92abd29ba4c9f56cbd5ffcab04cd45ba6096794b04,laharikalva/ai-tutor,200,,
148,2026-08-30T21:36:53.108027+00:00,README.md,https://huggingface.co/spaces/lekhankolla/StudyAssistant/resolve/e26c709e9b254928ac32d9524c8d9fbc91ec10d2/README.md,e26c709e9b254928ac32d9524c8d9fbc91ec10d2,3dc1b03d2577e7bb2c21870c3324dcb97200d0f03b5f660cac33698f91ecc797,lekhankolla/StudyAssistant,200,,
1737,2026-09-02T19:08:50.798249+00:00,app.py,https://huggingface.co/spaces/lekhankolla/StudyAssistant/resolve/e26c709e9b254928ac32d9524c8d9fbc91ec10d2/app.py,e26c709e9b254928ac32d9524c8d9fbc91ec10d2,11fa27ddad7530d91886fb47047c81871137abc05ce83fe4f823f2661e125a7d,lekhankolla/StudyAssistant,200,lossless-v2,utf-8
546,2026-09-02T19:08:50.771554+00:00,index.html,https://huggingface.co/spaces/lekhankolla/StudyAssistant/resolve/e26c709e9b254928ac32d9524c8d9fbc91ec10d2/index.html,e26c709e9b254928ac32d9524c8d9fbc91ec10d2,fef10b4e06879d75c496c1ce3e89410bff1b77bf51220f21570255d1f214580e,lekhankolla/StudyAssistant,200,lossless-v2,utf-8
20,2026-09-02T19:08:50.873285+00:00,requirements.txt,https://huggingface.co/spaces/lekhankolla/StudyAssistant/resolve/e26c709e9b254928ac32d9524c8d9fbc91ec10d2/requirements.txt,e26c709e9b254928ac32d9524c8d9fbc91ec10d2,95b4ef97b952c34747ec62bd11226237b56adcd53182fcd706b2f2be09c37c53,lekhankolla/StudyAssistant,200,lossless-v2,utf-8
307,2026-08-30T21:36:57.371939+00:00,README.md,https://huggingface.co/spaces/louiecerv/problem_solving_ai_tutor/resolve/4a228f8b45069491067516f2df8c5b53ca1a576b/README.md,4a228f8b45069491067516f2df8c5b53ca1a576b,bfa3d707ea3e92754da84ca98032bf79b6a8019a1d1fa846a2a55ce5c4f9f436,louiecerv/problem_solving_ai_tutor,200,,
6788,2026-08-30T21:36:57.959917+00:00,app.py,https://huggingface.co/spaces/louiecerv/problem_solving_ai_tutor/resolve/4a228f8b45069491067516f2df8c5b53ca1a576b/app.py,4a228f8b45069491067516f2df8c5b53ca1a576b,a64c600596501046c17476b7772904aae5cc13390f371c4b2d0cf7154b8d6d43,louiecerv/problem_solving_ai_tutor,200,,
36,2026-08-30T21:36:57.901351+00:00,requirements.txt,https://huggingface.co/spaces/louiecerv/problem_solving_ai_tutor/resolve/4a228f8b45069491067516f2df8c5b53ca1a576b/requirements.txt,4a228f8b45069491067516f2df8c5b53ca1a576b,54cb804fdddb197b19756176608fa805fb839642dd0b06d9dd3dcd71af20cdfc,louiecerv/problem_solving_ai_tutor,200,,
173,2026-08-30T21:37:01.038412+00:00,README.md,https://huggingface.co/spaces/lucasq9/AITutorizeMe-prod/resolve/035f87e3b74f3f1cde75dbffd4e21a201fe41697/README.md,035f87e3b74f3f1cde75dbffd4e21a201fe41697,2cba929675c79bc35c3ff6d33a6658452ae7ae10864425cd5dc79e3b43af6869,lucasq9/AITutorizeMe-prod,200,,
1482,2026-08-30T21:37:02.581014+00:00,README.md,https://huggingface.co/spaces/lynnnnrz/ai-teaching-assistant/resolve/9ea16ceb7a305fd6f098fa06f0c65f456e9d234d/README.md,9ea16ceb7a305fd6f098fa06f0c65f456e9d234d,d0c2810c55f92c114b33cdded8294c69d067ffa47076acf9928d6b3801de6044,lynnnnrz/ai-teaching-assistant,200,,
6607,2026-08-30T21:37:03.063891+00:00,app.py,https://huggingface.co/spaces/lynnnnrz/ai-teaching-assistant/resolve/9ea16ceb7a305fd6f098fa06f0c65f456e9d234d/app.py,9ea16ceb7a305fd6f098fa06f0c65f456e9d234d,6722c655a17cc0816d0fbfcce6afa22a29a95628e4eb2b2a0c61bded23787aca,lynnnnrz/ai-teaching-assistant,200,,
43931,2026-08-30T21:37:03.097018+00:00,gemini_chatbot.py,https://huggingface.co/spaces/lynnnnrz/ai-teaching-assistant/resolve/9ea16ceb7a305fd6f098fa06f0c65f456e9d234d/gemini_chatbot.py,9ea16ceb7a305fd6f098fa06f0c65f456e9d234d,02f7f889b83ae1e67278eb4c3a2e3bd8f24b4f920f965692550aef947c1dfa0f,lynnnnrz/ai-teaching-assistant,200,,
117,2026-08-30T21:37:03.084542+00:00,requirements.txt,https://huggingface.co/spaces/lynnnnrz/ai-teaching-assistant/resolve/9ea16ceb7a305fd6f098fa06f0c65f456e9d234d/requirements.txt,9ea16ceb7a305fd6f098fa06f0c65f456e9d234d,39c8da67159a879ca4d7b94aa2dbcaaacd1da0d0b1773076ac360bbbf2d7757f,lynnnnrz/ai-teaching-assistant,200,,
117,2026-08-30T21:37:03.094569+00:00,requirements_hf.txt,https://huggingface.co/spaces/lynnnnrz/ai-teaching-assistant/resolve/9ea16ceb7a305fd6f098fa06f0c65f456e9d234d/requirements_hf.txt,9ea16ceb7a305fd6f098fa06f0c65f456e9d234d,ff4e0a12847c91c5c58c1a4934c26e6efdb39a3bb1f79cd402a060bb2004b3ca,lynnnnrz/ai-teaching-assistant,200,,
11598,2026-08-30T21:37:03.107220+00:00,templates/index.html,https://huggingface.co/spaces/lynnnnrz/ai-teaching-assistant/resolve/9ea16ceb7a305fd6f098fa06f0c65f456e9d234d/templates/index.html,9ea16ceb7a305fd6f098fa06f0c65f456e9d234d,9e498435fae0e6530b9399115d100342cdc56e4a7035dd9773db0bfd2c3409f9,lynnnnrz/ai-teaching-assistant,200,,
4191,2026-08-30T21:37:03.076648+00:00,templates/knowledge_map.html,https://huggingface.co/spaces/lynnnnrz/ai-teaching-assistant/resolve/9ea16ceb7a305fd6f098fa06f0c65f456e9d234d/templates/knowledge_map.html,9ea16ceb7a305fd6f098fa06f0c65f456e9d234d,ab81e30ffda56f0adbb3aed4bacb0087e77a991b372eb9ba4e0fe408ff4701a9,lynnnnrz/ai-teaching-assistant,200,,
2155,2026-08-30T21:37:03.080996+00:00,templates/settings.html,https://huggingface.co/spaces/lynnnnrz/ai-teaching-assistant/resolve/9ea16ceb7a305fd6f098fa06f0c65f456e9d234d/templates/settings.html,9ea16ceb7a305fd6f098fa06f0c65f456e9d234d,639b94c8e53910f231701a8239d84cb62298750d8fffc02b66c81436d000c342,lynnnnrz/ai-teaching-assistant,200,,
7685,2026-08-30T21:37:03.096444+00:00,templates/view_document.html,https://huggingface.co/spaces/lynnnnrz/ai-teaching-assistant/resolve/9ea16ceb7a305fd6f098fa06f0c65f456e9d234d/templates/view_document.html,9ea16ceb7a305fd6f098fa06f0c65f456e9d234d,29987d406391c83a14db8d7255484d9ca7ca78c6c173c1566789f7c6acf30590,lynnnnrz/ai-teaching-assistant,200,,
1840,2026-08-30T21:37:03.685172+00:00,README.md,https://huggingface.co/spaces/lynnnnrz/ai_teaching_assistant/resolve/eb4cabe9f328d17f81ba8181b70f7110c89b109c/README.md,eb4cabe9f328d17f81ba8181b70f7110c89b109c,ba2e731ce7271fc27fa5297843a8c2d2024db9da5cdd5aedf3c4ca70181a80aa,lynnnnrz/ai_teaching_assistant,200,,
30883,2026-08-30T21:37:04.191574+00:00,gemini_chatbot.py,https://huggingface.co/spaces/lynnnnrz/ai_teaching_assistant/resolve/eb4cabe9f328d17f81ba8181b70f7110c89b109c/gemini_chatbot.py,eb4cabe9f328d17f81ba8181b70f7110c89b109c,84d61df08dd25b761c1c17a60d0be3825b53f22be23d4d16c6ccadb761f0ce70,lynnnnrz/ai_teaching_assistant,200,,
11598,2026-08-30T21:37:04.211720+00:00,templates/index.html,https://huggingface.co/spaces/lynnnnrz/ai_teaching_assistant/resolve/eb4cabe9f328d17f81ba8181b70f7110c89b109c/templates/index.html,eb4cabe9f328d17f81ba8181b70f7110c89b109c,9e498435fae0e6530b9399115d100342cdc56e4a7035dd9773db0bfd2c3409f9,lynnnnrz/ai_teaching_assistant,200,,
4191,2026-08-30T21:37:04.187207+00:00,templates/knowledge_map.html,https://huggingface.co/spaces/lynnnnrz/ai_teaching_assistant/resolve/eb4cabe9f328d17f81ba8181b70f7110c89b109c/templates/knowledge_map.html,eb4cabe9f328d17f81ba8181b70f7110c89b109c,ab81e30ffda56f0adbb3aed4bacb0087e77a991b372eb9ba4e0fe408ff4701a9,lynnnnrz/ai_teaching_assistant,200,,
2155,2026-08-30T21:37:04.289411+00:00,templates/settings.html,https://huggingface.co/spaces/lynnnnrz/ai_teaching_assistant/resolve/eb4cabe9f328d17f81ba8181b70f7110c89b109c/templates/settings.html,eb4cabe9f328d17f81ba8181b70f7110c89b109c,639b94c8e53910f231701a8239d84cb62298750d8fffc02b66c81436d000c342,lynnnnrz/ai_teaching_assistant,200,,
7685,2026-08-30T21:37:04.229188+00:00,templates/view_document.html,https://huggingface.co/spaces/lynnnnrz/ai_teaching_assistant/resolve/eb4cabe9f328d17f81ba8181b70f7110c89b109c/templates/view_document.html,eb4cabe9f328d17f81ba8181b70f7110c89b109c,29987d406391c83a14db8d7255484d9ca7ca78c6c173c1566789f7c6acf30590,lynnnnrz/ai_teaching_assistant,200,,
248,2026-08-30T21:37:08.629034+00:00,README.md,https://huggingface.co/spaces/maheshj90/StudyAssistant/resolve/88de989f9ba8da6fb741c81cfd8fbc18d0a3e8b3/README.md,88de989f9ba8da6fb741c81cfd8fbc18d0a3e8b3,7bb1bc59c20722cbf3290ccf410807af6e85fde38be575d63e5d9f6316d43f10,maheshj90/StudyAssistant,200,,
1838,2026-09-02T19:08:52.021324+00:00,app.py,https://huggingface.co/spaces/maheshj90/StudyAssistant/resolve/88de989f9ba8da6fb741c81cfd8fbc18d0a3e8b3/app.py,88de989f9ba8da6fb741c81cfd8fbc18d0a3e8b3,11c4cf4f7d80d95ba5bfa1792143b626b986e8bb8e14f7f9c2b0cdf3b9a53b55,maheshj90/StudyAssistant,200,lossless-v2,utf-8
20,2026-09-02T19:08:52.052678+00:00,requirements.txt,https://huggingface.co/spaces/maheshj90/StudyAssistant/resolve/88de989f9ba8da6fb741c81cfd8fbc18d0a3e8b3/requirements.txt,88de989f9ba8da6fb741c81cfd8fbc18d0a3e8b3,6f1756c6ef672af0d7db4cad79cfc682868d203d904a5b6aa55db9c2017ca5ad,maheshj90/StudyAssistant,200,lossless-v2,utf-8
257,2026-08-30T21:37:10.307222+00:00,README.md,https://huggingface.co/spaces/mahmoudnageeb/studysphere-smart-learning-companion/resolve/bfbed8672a3d6e8c8a6028842d9fa63d1291f4fc/README.md,bfbed8672a3d6e8c8a6028842d9fa63d1291f4fc,0c4c84b52cf10f94d367fdef3361f096b06d2e20db1cb3f71fc73977efb7a63b,mahmoudnageeb/studysphere-smart-learning-companion,200,,
17906,2026-08-30T21:37:10.832288+00:00,index.html,https://huggingface.co/spaces/mahmoudnageeb/studysphere-smart-learning-companion/resolve/bfbed8672a3d6e8c8a6028842d9fa63d1291f4fc/index.html,bfbed8672a3d6e8c8a6028842d9fa63d1291f4fc,edc49a1de046d47de658cb168eb8e9393adcc5e93af8e0e18e4efd07cead2938,mahmoudnageeb/studysphere-smart-learning-companion,200,,
13347,2026-08-30T21:37:10.817905+00:00,tasks.html,https://huggingface.co/spaces/mahmoudnageeb/studysphere-smart-learning-companion/resolve/bfbed8672a3d6e8c8a6028842d9fa63d1291f4fc/tasks.html,bfbed8672a3d6e8c8a6028842d9fa63d1291f4fc,4c70a8ef0bed88c2f3e1950318a5bcd88709a2efa2e05a8ea5b57f9b7e4ee98e,mahmoudnageeb/studysphere-smart-learning-companion,200,,
422,2026-08-30T21:37:14.213406+00:00,README.md,https://huggingface.co/spaces/manojkonathala/educational-rag-chatbot/resolve/8da31233ca9f72e87cf730df45140047d7f14d13/README.md,8da31233ca9f72e87cf730df45140047d7f14d13,96512dc91c85673fcd514c060a67011a44bbc865f6a3a913b7c040b7a7586487,manojkonathala/educational-rag-chatbot,200,,
1828,2026-08-30T21:37:14.711550+00:00,app.py,https://huggingface.co/spaces/manojkonathala/educational-rag-chatbot/resolve/8da31233ca9f72e87cf730df45140047d7f14d13/app.py,8da31233ca9f72e87cf730df45140047d7f14d13,e81948590a6de0e95c8a2f2280709516a2ad47db456ef3c63f9022dcf03d67a9,manojkonathala/educational-rag-chatbot,200,,
252,2026-08-30T21:37:15.251433+00:00,README.md,https://huggingface.co/spaces/manudeekshitha/AI_TUTORRRR/resolve/b3e19fb482c38c145c7cb65a5577ba5f8061f008/README.md,b3e19fb482c38c145c7cb65a5577ba5f8061f008,fb5722ca117e54196124c670c7529cf2a51aa429e3e2abce4dab30c21bc1e429,manudeekshitha/AI_TUTORRRR,200,,
334,2026-08-30T21:37:16.915853+00:00,README.md,https://huggingface.co/spaces/maria355/Ai_teaching_assistant/resolve/e84528c430fccf87b0de1c4727d89a525729975b/README.md,e84528c430fccf87b0de1c4727d89a525729975b,a716cad1faa0aaa1722254f52ed0a501d81352ed13b3ab5c0a6dc6de22222dbd,maria355/Ai_teaching_assistant,200,,
69848,2026-08-30T21:37:17.437854+00:00,app.py,https://huggingface.co/spaces/maria355/Ai_teaching_assistant/resolve/e84528c430fccf87b0de1c4727d89a525729975b/app.py,e84528c430fccf87b0de1c4727d89a525729975b,29ea289a23e160b86d4cfe07c503e151857322ec78f68f3518fcfac46bf7c369,maria355/Ai_teaching_assistant,200,,
12,2026-08-30T21:37:17.442288+00:00,requirements.txt,https://huggingface.co/spaces/maria355/Ai_teaching_assistant/resolve/e84528c430fccf87b0de1c4727d89a525729975b/requirements.txt,e84528c430fccf87b0de1c4727d89a525729975b,2dc8e0aa66cc886661abaeed1b3a7ddc4f8c214e6da13f7c9d58253eadefce5b,maria355/Ai_teaching_assistant,200,,
313,2026-08-30T21:37:17.958106+00:00,README.md,https://huggingface.co/spaces/maria355/Quiz-Generator/resolve/ce9d006894fa756f854d6c59a90beb77b0db1af6/README.md,ce9d006894fa756f854d6c59a90beb77b0db1af6,e69e6dd203a3484c230c0fe5ed7f3d729c4955573e1e3fcc43117f4a62a86ab9,maria355/Quiz-Generator,200,,
34093,2026-08-30T21:37:18.609859+00:00,app.py,https://huggingface.co/spaces/maria355/Quiz-Generator/resolve/ce9d006894fa756f854d6c59a90beb77b0db1af6/app.py,ce9d006894fa756f854d6c59a90beb77b0db1af6,2cad45d2f101024b121b8dc26e710de13aeaf37a2f3f3b93f5b5b9cf7230bf11,maria355/Quiz-Generator,200,,
21,2026-08-30T21:37:18.484342+00:00,requirements.txt,https://huggingface.co/spaces/maria355/Quiz-Generator/resolve/ce9d006894fa756f854d6c59a90beb77b0db1af6/requirements.txt,ce9d006894fa756f854d6c59a90beb77b0db1af6,6c69e985fc5ea9f614bdb1eb4c1f6e2c96838e37979ba90aa78d55a89ead0016,maria355/Quiz-Generator,200,,
927,2026-08-30T21:37:20.163453+00:00,README.md,https://huggingface.co/spaces/marty331/AI_Tutor/resolve/e1cbad0923781f6d17d16770a3a962694fe766ee/README.md,e1cbad0923781f6d17d16770a3a962694fe766ee,dc3f09e12337c7e09f66c9c182956f1c46e3af1dc08314c8f6dca040958a7f1c,marty331/AI_Tutor,200,,
7291,2026-08-30T21:37:20.691041+00:00,app.py,https://huggingface.co/spaces/marty331/AI_Tutor/resolve/e1cbad0923781f6d17d16770a3a962694fe766ee/app.py,e1cbad0923781f6d17d16770a3a962694fe766ee,c540e184ed998b20e652b31b6867a360b232a544245106367dc5aa491a0c501e,marty331/AI_Tutor,200,,
728,2026-08-31T01:25:36.792747+00:00,requirements.txt,https://huggingface.co/spaces/marty331/AI_Tutor/resolve/e1cbad0923781f6d17d16770a3a962694fe766ee/requirements.txt,e1cbad0923781f6d17d16770a3a962694fe766ee,00dd7c2fef13396598106070cbecfe7b57cfcff4da25ecdd7d84f3fdcf1a4106,marty331/AI_Tutor,200,,utf-8-sig
251,2026-08-30T21:37:21.301931+00:00,README.md,https://huggingface.co/spaces/mashetti-17varshitha/AI_tutor/resolve/9b35acc1e2b465c522a980ef6cde7865514be1a2/README.md,9b35acc1e2b465c522a980ef6cde7865514be1a2,b3acd93ec12f8235d356c0055aa62cf4a238889e37b6112f52dde4d0d5c52867,mashetti-17varshitha/AI_tutor,200,,
950,2026-08-30T21:37:21.807718+00:00,app.py,https://huggingface.co/spaces/mashetti-17varshitha/AI_tutor/resolve/9b35acc1e2b465c522a980ef6cde7865514be1a2/app.py,9b35acc1e2b465c522a980ef6cde7865514be1a2,f2c0bacd720e0fb0c5e64f70addd5344057246a61dc0e41746a0c1768b81438f,mashetti-17varshitha/AI_tutor,200,,
19,2026-08-30T21:37:21.856098+00:00,requirements.txt,https://huggingface.co/spaces/mashetti-17varshitha/AI_tutor/resolve/9b35acc1e2b465c522a980ef6cde7865514be1a2/requirements.txt,9b35acc1e2b465c522a980ef6cde7865514be1a2,7b8a226e55bb285e1ab07c5ed9320591e97a3aae4c072264d418d1dae77d8228,mashetti-17varshitha/AI_tutor,200,,
1237,2026-08-30T21:37:23.946818+00:00,.env.example,https://huggingface.co/spaces/mattdotvaughn/reachy_mini_language_tutor/resolve/be6f97fb904b64288472f059a1a158a234e8e459/.env.example,be6f97fb904b64288472f059a1a158a234e8e459,c7ded9c83d4ed6a6f0854bc886413b56304c5cd5458cca55d17a6e7a032b778a,mattdotvaughn/reachy_mini_language_tutor,200,,
11357,2026-08-30T21:37:23.955900+00:00,LICENSE,https://huggingface.co/spaces/mattdotvaughn/reachy_mini_language_tutor/resolve/be6f97fb904b64288472f059a1a158a234e8e459/LICENSE,be6f97fb904b64288472f059a1a158a234e8e459,c71d239df91726fc519c6eb72d318ec65820627232b2f796219e87dcf35d0ab4,mattdotvaughn/reachy_mini_language_tutor,200,,
4732,2026-08-30T21:37:23.436619+00:00,README.md,https://huggingface.co/spaces/mattdotvaughn/reachy_mini_language_tutor/resolve/be6f97fb904b64288472f059a1a158a234e8e459/README.md,be6f97fb904b64288472f059a1a158a234e8e459,064904b7524b7419aad8c4e2448c2edf12cabcb7b6c16d87d69bb0baf0540f15,mattdotvaughn/reachy_mini_language_tutor,200,,
41689,2026-08-30T21:37:23.948350+00:00,index.html,https://huggingface.co/spaces/mattdotvaughn/reachy_mini_language_tutor/resolve/be6f97fb904b64288472f059a1a158a234e8e459/index.html,be6f97fb904b64288472f059a1a158a234e8e459,036ab15a8ebcd19785b1c0e2376cd9d4f17412d7e9e34bf8bb2828cef53a9b35,mattdotvaughn/reachy_mini_language_tutor,200,,
3015,2026-08-30T21:37:23.940668+00:00,pyproject.toml,https://huggingface.co/spaces/mattdotvaughn/reachy_mini_language_tutor/resolve/be6f97fb904b64288472f059a1a158a234e8e459/pyproject.toml,be6f97fb904b64288472f059a1a158a234e8e459,a20400d902a67f9696021b3bc1c3fc63bf99a1c2ea8dd1795d14bb6dabd7ee35,mattdotvaughn/reachy_mini_language_tutor,200,,
26,2026-08-30T21:37:24.081434+00:00,reachy_mini_language_tutor/__init__.py,https://huggingface.co/spaces/mattdotvaughn/reachy_mini_language_tutor/resolve/be6f97fb904b64288472f059a1a158a234e8e459/reachy_mini_language_tutor/__init__.py,be6f97fb904b64288472f059a1a158a234e8e459,0ce125850deb6556fea0d19993c3b3b0fd641f97edf66e24598c5c9e1f50e52d,mattdotvaughn/reachy_mini_language_tutor,200,,
11200,2026-08-30T21:37:24.076001+00:00,reachy_mini_language_tutor/camera_worker.py,https://huggingface.co/spaces/mattdotvaughn/reachy_mini_language_tutor/resolve/be6f97fb904b64288472f059a1a158a234e8e459/reachy_mini_language_tutor/camera_worker.py,be6f97fb904b64288472f059a1a158a234e8e459,a42ef0f21bf6eec8805cc1d8924e261e92cc1585006f58ec12fbffc7e136fd2d,mattdotvaughn/reachy_mini_language_tutor,200,,
2166,2026-08-30T21:37:24.009295+00:00,reachy_mini_language_tutor/config.py,https://huggingface.co/spaces/mattdotvaughn/reachy_mini_language_tutor/resolve/be6f97fb904b64288472f059a1a158a234e8e459/reachy_mini_language_tutor/config.py,be6f97fb904b64288472f059a1a158a234e8e459,72bce70c18e29fe60b0cb463b19a5e22b19d5b980eff35f959541f7904a11f67,mattdotvaughn/reachy_mini_language_tutor,200,,
27323,2026-08-30T21:37:24.016955+00:00,reachy_mini_language_tutor/console.py,https://huggingface.co/spaces/mattdotvaughn/reachy_mini_language_tutor/resolve/be6f97fb904b64288472f059a1a158a234e8e459/reachy_mini_language_tutor/console.py,be6f97fb904b64288472f059a1a158a234e8e459,dffcf7d2fea15b833d16e5f760cbe26981595865dd83e1bd577f26462783d4e7,mattdotvaughn/reachy_mini_language_tutor,200,,
6240,2026-08-30T21:37:24.435783+00:00,reachy_mini_language_tutor/dance_emotion_moves.py,https://huggingface.co/spaces/mattdotvaughn/reachy_mini_language_tutor/resolve/be6f97fb904b64288472f059a1a158a234e8e459/reachy_mini_language_tutor/dance_emotion_moves.py,be6f97fb904b64288472f059a1a158a234e8e459,feb7406f82affade3a8e84d413b89d30a15bd716a9b3375f0467599e14aa25ad,mattdotvaughn/reachy_mini_language_tutor,200,,
268,2026-08-30T21:37:24.980397+00:00,README.md,https://huggingface.co/spaces/mattwritenow/clozemaster-multilingual-learning-companion/resolve/9d2fc2ebf8a32661ba0e9cf698b1aeafe02c40ce/README.md,9d2fc2ebf8a32661ba0e9cf698b1aeafe02c40ce,7f692cb38e6f081c4e9d9e76c782229ebdb0bbc738627e5053b601a341177141,mattwritenow/clozemaster-multilingual-learning-companion,200,,
16705,2026-08-30T21:37:25.465948+00:00,app.js,https://huggingface.co/spaces/mattwritenow/clozemaster-multilingual-learning-companion/resolve/9d2fc2ebf8a32661ba0e9cf698b1aeafe02c40ce/app.js,9d2fc2ebf8a32661ba0e9cf698b1aeafe02c40ce,f9f8162aff9eb3a41f94b13fbf7714abe30600a906888088cbfbb110341537fa,mattwritenow/clozemaster-multilingual-learning-companion,200,,
3342,2026-08-30T21:37:25.486508+00:00,index.html,https://huggingface.co/spaces/mattwritenow/clozemaster-multilingual-learning-companion/resolve/9d2fc2ebf8a32661ba0e9cf698b1aeafe02c40ce/index.html,9d2fc2ebf8a32661ba0e9cf698b1aeafe02c40ce,0e2087e7f5b22aaf3a6dac787715f63f043c9e398ac826d82ce4267d622ebbf9,mattwritenow/clozemaster-multilingual-learning-companion,200,,
266,2026-08-30T21:37:26.057488+00:00,README.md,https://huggingface.co/spaces/mayankjen/AI-Powered_Teaching-Assistant/resolve/71d25d0bccb332ac9c79aecb64d0e96f05f232a9/README.md,71d25d0bccb332ac9c79aecb64d0e96f05f232a9,8798c7dcf966b26027bdedc407439753ea0f09f758ed4c86cbc077c75898027a,mayankjen/AI-Powered_Teaching-Assistant,200,,
5582,2026-08-30T21:37:26.554276+00:00,app.py,https://huggingface.co/spaces/mayankjen/AI-Powered_Teaching-Assistant/resolve/71d25d0bccb332ac9c79aecb64d0e96f05f232a9/app.py,71d25d0bccb332ac9c79aecb64d0e96f05f232a9,bf9dc8b01ca35a9edee9bc5894e76e80359da83be863fc61994de774320de5e4,mayankjen/AI-Powered_Teaching-Assistant,200,,
189,2026-08-30T21:37:26.569021+00:00,requirements.txt,https://huggingface.co/spaces/mayankjen/AI-Powered_Teaching-Assistant/resolve/71d25d0bccb332ac9c79aecb64d0e96f05f232a9/requirements.txt,71d25d0bccb332ac9c79aecb64d0e96f05f232a9,7c7d5ae947d1439b04c0f9051b6e91f1350400707b830728ad62b38e592d4032,mayankjen/AI-Powered_Teaching-Assistant,200,,
257,2026-08-30T21:37:30.167697+00:00,README.md,https://huggingface.co/spaces/mehakkhan/Kaggle_Study_Assistant/resolve/12d44b9b1fde2e8296cd205e5fc3cddbbbe31bd3/README.md,12d44b9b1fde2e8296cd205e5fc3cddbbbe31bd3,1a7e52b89b99c5a0fea0df602dc00b862b5fe85babf3aa496b317c76e45c92a0,mehakkhan/Kaggle_Study_Assistant,200,,
3212,2026-08-30T21:37:30.674227+00:00,app.py,https://huggingface.co/spaces/mehakkhan/Kaggle_Study_Assistant/resolve/12d44b9b1fde2e8296cd205e5fc3cddbbbe31bd3/app.py,12d44b9b1fde2e8296cd205e5fc3cddbbbe31bd3,54c63cc962f9e706c013106f797c6ab6cc3fbbb1a954fd6c9ae0add60db2a4ec,mehakkhan/Kaggle_Study_Assistant,200,,
145,2026-08-30T21:37:30.673138+00:00,requirements.txt,https://huggingface.co/spaces/mehakkhan/Kaggle_Study_Assistant/resolve/12d44b9b1fde2e8296cd205e5fc3cddbbbe31bd3/requirements.txt,12d44b9b1fde2e8296cd205e5fc3cddbbbe31bd3,ce3d4bd2fcbc5db257e8e0bfb0fe4118b56638ed205c514af6b9a49a3d7e59e4,mehakkhan/Kaggle_Study_Assistant,200,,
258,2026-08-30T21:37:33.304078+00:00,README.md,https://huggingface.co/spaces/mehtisham/AI-Powered-Educational-Video_Generator/resolve/ad80cb27dd405082ef499ef42e3f0de564c79beb/README.md,ad80cb27dd405082ef499ef42e3f0de564c79beb,0f36c9c173bd673394ca228a591f8d189621e60a57f6dc841ab87f67e502383e,mehtisham/AI-Powered-Educational-Video_Generator,200,,
11686,2026-08-30T21:37:33.801130+00:00,app.py,https://huggingface.co/spaces/mehtisham/AI-Powered-Educational-Video_Generator/resolve/ad80cb27dd405082ef499ef42e3f0de564c79beb/app.py,ad80cb27dd405082ef499ef42e3f0de564c79beb,40f51b3d230e565520ce77ad7efe550c75751671ece5c267603fcd5f5fea8859,mehtisham/AI-Powered-Educational-Video_Generator,200,,
139,2026-08-30T21:37:33.810803+00:00,requirements.txt,https://huggingface.co/spaces/mehtisham/AI-Powered-Educational-Video_Generator/resolve/ad80cb27dd405082ef499ef42e3f0de564c79beb/requirements.txt,ad80cb27dd405082ef499ef42e3f0de564c79beb,19ac25c297960ef29c627810fc6fc57ee67f1123729de5e97ba3591d4de76c95,mehtisham/AI-Powered-Educational-Video_Generator,200,,
137,2026-08-30T21:37:34.325637+00:00,README.md,https://huggingface.co/spaces/mehwishafsa/education_chatbot/resolve/fb79756cd1f7d85143704ad4997751f922d38065/README.md,fb79756cd1f7d85143704ad4997751f922d38065,14ebde901d07c61b996ff74c8bcabd2ec673dab65f6dec8aa9ec9f1758f3fee3,mehwishafsa/education_chatbot,200,,
1545,2026-08-30T21:37:34.879067+00:00,app.py,https://huggingface.co/spaces/mehwishafsa/education_chatbot/resolve/fb79756cd1f7d85143704ad4997751f922d38065/app.py,fb79756cd1f7d85143704ad4997751f922d38065,854c92d5214e682a3fcd0fe187c1a2bb3c8a968fa7ff37576c8998367505a48e,mehwishafsa/education_chatbot,200,,
66,2026-08-30T21:37:34.886795+00:00,requirements.txt,https://huggingface.co/spaces/mehwishafsa/education_chatbot/resolve/fb79756cd1f7d85143704ad4997751f922d38065/requirements.txt,fb79756cd1f7d85143704ad4997751f922d38065,19bfc623027f0c55ddff6ca3bd198f33fa838e32fb9afffb8f97bb0c9c51b3fc,mehwishafsa/education_chatbot,200,,
236,2026-08-30T21:37:35.376154+00:00,README.md,https://huggingface.co/spaces/mercLH44/new-ai-tutor/resolve/f1b1699e16fe077f8a2dcfe5555cdf033c8facb7/README.md,f1b1699e16fe077f8a2dcfe5555cdf033c8facb7,bbdeb0fc7f7aef20370e503b2be1fed47fb81ab331ad8cb92218d61800d3ccd2,mercLH44/new-ai-tutor,200,,
15906,2026-08-30T21:37:35.883284+00:00,app.py,https://huggingface.co/spaces/mercLH44/new-ai-tutor/resolve/f1b1699e16fe077f8a2dcfe5555cdf033c8facb7/app.py,f1b1699e16fe077f8a2dcfe5555cdf033c8facb7,35cdfafbdd01c5c358dd7ccffb2dfba82a7503dfb75d52f68911b0ff781a757c,mercLH44/new-ai-tutor,200,,
54,2026-08-30T21:37:35.875731+00:00,requirements.txt,https://huggingface.co/spaces/mercLH44/new-ai-tutor/resolve/f1b1699e16fe077f8a2dcfe5555cdf033c8facb7/requirements.txt,f1b1699e16fe077f8a2dcfe5555cdf033c8facb7,cd1e4eb80fa18a323851d77dff2c4ff489eca7a29b8d0845b5ee2df540922efc,mercLH44/new-ai-tutor,200,,
15334,2026-08-30T21:37:36.438972+00:00,README.md,https://huggingface.co/spaces/midlajvalappil/AI-Powered-YouTube-Transcript-Tutor/resolve/8ea7b7abb907223885cac08f1659c9d60a0e1e90/README.md,8ea7b7abb907223885cac08f1659c9d60a0e1e90,7e0c59b2c071aac673b0a9ef0eeb69bd0ad9d7c3e1d0c601bdd2fe2d70dc3185,midlajvalappil/AI-Powered-YouTube-Transcript-Tutor,200,,
490,2026-08-30T21:37:36.961145+00:00,requirements.txt,https://huggingface.co/spaces/midlajvalappil/AI-Powered-YouTube-Transcript-Tutor/resolve/8ea7b7abb907223885cac08f1659c9d60a0e1e90/requirements.txt,8ea7b7abb907223885cac08f1659c9d60a0e1e90,655018832961ec65cb5892a8e637f05e1f32589bd2eb3d8394d3a5d8e04cd24d,midlajvalappil/AI-Powered-YouTube-Transcript-Tutor,200,,
25044,2026-08-30T21:37:36.961537+00:00,src/streamlit_app.py,https://huggingface.co/spaces/midlajvalappil/AI-Powered-YouTube-Transcript-Tutor/resolve/8ea7b7abb907223885cac08f1659c9d60a0e1e90/src/streamlit_app.py,8ea7b7abb907223885cac08f1659c9d60a0e1e90,388c272dee6abd34fa3f8d18ad859140144cfbe1fa13c280ccbd25e74c9dc7af,midlajvalappil/AI-Powered-YouTube-Transcript-Tutor,200,,
270,2026-08-30T21:37:38.518264+00:00,README.md,https://huggingface.co/spaces/mithilesh22/StudyAssistant/resolve/5656315bd2268677130d09019cb7dbddc930408f/README.md,5656315bd2268677130d09019cb7dbddc930408f,0eee85a9ca4dd510a97126c349835aff03658e29bbe8c636b09080ff658e1adc,mithilesh22/StudyAssistant,200,,
3677,2026-09-02T19:08:54.291979+00:00,app.py,https://huggingface.co/spaces/mithilesh22/StudyAssistant/resolve/5656315bd2268677130d09019cb7dbddc930408f/app.py,5656315bd2268677130d09019cb7dbddc930408f,8afa40dd5f6c97c54f26d5f46f98467ae6f3856637bd493d18339e65cd5d114e,mithilesh22/StudyAssistant,200,lossless-v2,utf-8
20,2026-09-02T19:08:54.259239+00:00,requirements.txt,https://huggingface.co/spaces/mithilesh22/StudyAssistant/resolve/5656315bd2268677130d09019cb7dbddc930408f/requirements.txt,5656315bd2268677130d09019cb7dbddc930408f,641afa9cf2809155095e1647eb91b84f242157be9cb4cf8222dc82f31e267dbd,mithilesh22/StudyAssistant,200,lossless-v2,utf-8
474,2026-08-30T21:37:39.049269+00:00,README.md,https://huggingface.co/spaces/mkT83303/spanish-tutor-chatbot/resolve/bfea96517b6c8a1d52cc4d9394cbc59f2bf8f21d/README.md,bfea96517b6c8a1d52cc4d9394cbc59f2bf8f21d,b958684411f81f0073226174c6e6dfd69a8477f10d256b33818ab755128b7532,mkT83303/spanish-tutor-chatbot,200,,
2875,2026-08-30T21:37:39.570995+00:00,app.py,https://huggingface.co/spaces/mkT83303/spanish-tutor-chatbot/resolve/bfea96517b6c8a1d52cc4d9394cbc59f2bf8f21d/app.py,bfea96517b6c8a1d52cc4d9394cbc59f2bf8f21d,378561fd8cffbda0fea9d59b75e2143b13067b9a406e577f8f6b224d8aef6f9f,mkT83303/spanish-tutor-chatbot,200,,
63,2026-08-30T21:37:39.549956+00:00,requirements.txt,https://huggingface.co/spaces/mkT83303/spanish-tutor-chatbot/resolve/bfea96517b6c8a1d52cc4d9394cbc59f2bf8f21d/requirements.txt,bfea96517b6c8a1d52cc4d9394cbc59f2bf8f21d,81964dfbdcd8742f542dc2a8ecf801d5c249e7dd68d5627d3b502f64bb05cb6d,mkT83303/spanish-tutor-chatbot,200,,
245,2026-08-30T21:37:42.311209+00:00,README.md,https://huggingface.co/spaces/mogbuehi/LO_AI_Tutor/resolve/4b58a567602f1dc7fdb5a4076e6a7c839cc1f6f4/README.md,4b58a567602f1dc7fdb5a4076e6a7c839cc1f6f4,6f382d6b46e107a65c999676fb8e1a6f8e3d744103f14e62d604c07a8a135986,mogbuehi/LO_AI_Tutor,200,,
8309,2026-08-30T21:37:42.841355+00:00,app.py,https://huggingface.co/spaces/mogbuehi/LO_AI_Tutor/resolve/4b58a567602f1dc7fdb5a4076e6a7c839cc1f6f4/app.py,4b58a567602f1dc7fdb5a4076e6a7c839cc1f6f4,65e139ce1b1d1af2ac4e00db3f88aafe8f4e70f3477ad159b1098f5f783aac0f,mogbuehi/LO_AI_Tutor,200,,
29,2026-08-30T21:37:42.861453+00:00,requirements.txt,https://huggingface.co/spaces/mogbuehi/LO_AI_Tutor/resolve/4b58a567602f1dc7fdb5a4076e6a7c839cc1f6f4/requirements.txt,4b58a567602f1dc7fdb5a4076e6a7c839cc1f6f4,2f73c3cc17758ae04857fcc848a48f026992845a6d30b52deeba35962d091ba5,mogbuehi/LO_AI_Tutor,200,,
93,2026-08-30T21:37:43.382433+00:00,README.md,https://huggingface.co/spaces/mogbuehi/YT_Language_Tutor/resolve/6c41827fdde2ab80c7967656d56f62bd40e1b653/README.md,6c41827fdde2ab80c7967656d56f62bd40e1b653,73a889e02b849566f3f51b359a9aacbf326c9cd27dba40aa01b2dc2c6144d3f7,mogbuehi/YT_Language_Tutor,200,,
19512,2026-08-30T21:37:43.885958+00:00,app-Copy1.py,https://huggingface.co/spaces/mogbuehi/YT_Language_Tutor/resolve/6c41827fdde2ab80c7967656d56f62bd40e1b653/app-Copy1.py,6c41827fdde2ab80c7967656d56f62bd40e1b653,34625246a1676b76e03b9903a1b595412228d44ce33847bc4da48275e3c7cd8d,mogbuehi/YT_Language_Tutor,200,,
20264,2026-08-30T21:37:43.884980+00:00,app.py,https://huggingface.co/spaces/mogbuehi/YT_Language_Tutor/resolve/6c41827fdde2ab80c7967656d56f62bd40e1b653/app.py,6c41827fdde2ab80c7967656d56f62bd40e1b653,3488f9c91c4c7887d0c6ab8f17a66ffe35e76e7a79a65487fac06f7e7c36a9e2,mogbuehi/YT_Language_Tutor,200,,
113,2026-08-31T01:25:37.742501+00:00,requirements.txt,https://huggingface.co/spaces/mogbuehi/YT_Language_Tutor/resolve/6c41827fdde2ab80c7967656d56f62bd40e1b653/requirements.txt,6c41827fdde2ab80c7967656d56f62bd40e1b653,3d782952286d85f242967e75b28dd9f1c42e897eb68c1297cdbfc70b0a1318d2,mogbuehi/YT_Language_Tutor,200,,utf-8-sig
93,2026-08-30T21:37:44.506255+00:00,README.md,https://huggingface.co/spaces/mogbuehi/YT_Language_Tutor_2/resolve/6c41827fdde2ab80c7967656d56f62bd40e1b653/README.md,6c41827fdde2ab80c7967656d56f62bd40e1b653,73a889e02b849566f3f51b359a9aacbf326c9cd27dba40aa01b2dc2c6144d3f7,mogbuehi/YT_Language_Tutor_2,200,,
19512,2026-08-30T21:37:45.007039+00:00,app-Copy1.py,https://huggingface.co/spaces/mogbuehi/YT_Language_Tutor_2/resolve/6c41827fdde2ab80c7967656d56f62bd40e1b653/app-Copy1.py,6c41827fdde2ab80c7967656d56f62bd40e1b653,34625246a1676b76e03b9903a1b595412228d44ce33847bc4da48275e3c7cd8d,mogbuehi/YT_Language_Tutor_2,200,,
20264,2026-08-30T21:37:45.156106+00:00,app.py,https://huggingface.co/spaces/mogbuehi/YT_Language_Tutor_2/resolve/6c41827fdde2ab80c7967656d56f62bd40e1b653/app.py,6c41827fdde2ab80c7967656d56f62bd40e1b653,3488f9c91c4c7887d0c6ab8f17a66ffe35e76e7a79a65487fac06f7e7c36a9e2,mogbuehi/YT_Language_Tutor_2,200,,
113,2026-08-31T01:25:38.107510+00:00,requirements.txt,https://huggingface.co/spaces/mogbuehi/YT_Language_Tutor_2/resolve/6c41827fdde2ab80c7967656d56f62bd40e1b653/requirements.txt,6c41827fdde2ab80c7967656d56f62bd40e1b653,3d782952286d85f242967e75b28dd9f1c42e897eb68c1297cdbfc70b0a1318d2,mogbuehi/YT_Language_Tutor_2,200,,utf-8-sig
241,2026-08-30T21:37:47.744549+00:00,README.md,https://huggingface.co/spaces/mohammednouman/CB-Quiz-Generator/resolve/653fd052690ddee05525c5a244c371a3a98bf887/README.md,653fd052690ddee05525c5a244c371a3a98bf887,115da014d75144ae5cbef41a7a2506252181f14634c4ea3dff4af285d46a5368,mohammednouman/CB-Quiz-Generator,200,,
5271,2026-08-30T21:37:48.239121+00:00,app.py,https://huggingface.co/spaces/mohammednouman/CB-Quiz-Generator/resolve/653fd052690ddee05525c5a244c371a3a98bf887/app.py,653fd052690ddee05525c5a244c371a3a98bf887,1d23b7c68e0b779c73cdbc0c5f18a2a32173a96e7f30f59718956d2413e28ad2,mohammednouman/CB-Quiz-Generator,200,,
124,2026-08-30T21:37:48.266255+00:00,requirements.txt,https://huggingface.co/spaces/mohammednouman/CB-Quiz-Generator/resolve/653fd052690ddee05525c5a244c371a3a98bf887/requirements.txt,653fd052690ddee05525c5a244c371a3a98bf887,6f569d8840693b32da08f94573d0c9ae08186ad2354ff98ecea1e2f243e11485,mohammednouman/CB-Quiz-Generator,200,,
461,2026-08-30T21:37:51.467081+00:00,README.md,https://huggingface.co/spaces/montue/Teaching_Assistant/resolve/20b540fc982a9f375e91011c00a2b2abcb269204/README.md,20b540fc982a9f375e91011c00a2b2abcb269204,9e90372d72de32a74dc21e7d30c39d81a1fb8e33d3173a2c1a5740651bbe8331,montue/Teaching_Assistant,200,,
1709,2026-08-30T21:37:51.976500+00:00,app.py,https://huggingface.co/spaces/montue/Teaching_Assistant/resolve/20b540fc982a9f375e91011c00a2b2abcb269204/app.py,20b540fc982a9f375e91011c00a2b2abcb269204,e9acabf89476595d0b79f769582064bdd87c5bad1e77ecb5554d31f8eccf1ede,montue/Teaching_Assistant,200,,
23,2026-08-30T21:37:52.114365+00:00,requirements.txt,https://huggingface.co/spaces/montue/Teaching_Assistant/resolve/20b540fc982a9f375e91011c00a2b2abcb269204/requirements.txt,20b540fc982a9f375e91011c00a2b2abcb269204,bb7a63543dbe9ea614c9eaa31adb468281484fd37176d36f3bb5f2433ea8c496,montue/Teaching_Assistant,200,,
265,2026-08-30T21:37:54.702286+00:00,README.md,https://huggingface.co/spaces/mostafa2020/readease-english-learning-companion/resolve/28fc48d79eac0ec7623cbdbdd4144d6f53693d91/README.md,28fc48d79eac0ec7623cbdbdd4144d6f53693d91,d761b30e588e0b983f364750a70936653fd6225b742dbead7ef6ae33976c86f9,mostafa2020/readease-english-learning-companion,200,,
4696,2026-08-30T21:37:55.388806+00:00,components/footer.js,https://huggingface.co/spaces/mostafa2020/readease-english-learning-companion/resolve/28fc48d79eac0ec7623cbdbdd4144d6f53693d91/components/footer.js,28fc48d79eac0ec7623cbdbdd4144d6f53693d91,313e969053d51abdf5d1474d023f4276a37fdd73b2785b337ae8985717a61ba1,mostafa2020/readease-english-learning-companion,200,,
4398,2026-08-30T21:37:55.363238+00:00,components/navbar.js,https://huggingface.co/spaces/mostafa2020/readease-english-learning-companion/resolve/28fc48d79eac0ec7623cbdbdd4144d6f53693d91/components/navbar.js,28fc48d79eac0ec7623cbdbdd4144d6f53693d91,b73e92a06d15f3bdb690f2cff318e26d3adbeb36e81a5cc6df932687d20ceaad,mostafa2020/readease-english-learning-companion,200,,
4857,2026-08-30T21:37:55.378660+00:00,index.html,https://huggingface.co/spaces/mostafa2020/readease-english-learning-companion/resolve/28fc48d79eac0ec7623cbdbdd4144d6f53693d91/index.html,28fc48d79eac0ec7623cbdbdd4144d6f53693d91,048fa15e4f1afc36417418d40d32643cabe49b81fff57f9298c64efea30ff356,mostafa2020/readease-english-learning-companion,200,,
2917,2026-08-30T21:37:55.252069+00:00,script.js,https://huggingface.co/spaces/mostafa2020/readease-english-learning-companion/resolve/28fc48d79eac0ec7623cbdbdd4144d6f53693d91/script.js,28fc48d79eac0ec7623cbdbdd4144d6f53693d91,4022c99ff0e9edc9e944addbf7d9d27bb08c65c899fe85be6693c55d605d2069,mostafa2020/readease-english-learning-companion,200,,
250,2026-08-30T21:37:55.912469+00:00,README.md,https://huggingface.co/spaces/motsimaslam/Afri-AI-Tutor/resolve/f1a95239675a54a43ece848aac21e26b008cf268/README.md,f1a95239675a54a43ece848aac21e26b008cf268,dadf30eaa9b8880197958037a96babb43a41e9693c82d4308f0ad9b1ca178ab1,motsimaslam/Afri-AI-Tutor,200,,
14391,2026-08-30T21:37:56.404771+00:00,app.py,https://huggingface.co/spaces/motsimaslam/Afri-AI-Tutor/resolve/f1a95239675a54a43ece848aac21e26b008cf268/app.py,f1a95239675a54a43ece848aac21e26b008cf268,3ca81dd38bd22947e593def1acee9b3ea358076e89731df3307d0b6143736e78,motsimaslam/Afri-AI-Tutor,200,,
75,2026-08-30T21:37:56.402241+00:00,requirements.txt,https://huggingface.co/spaces/motsimaslam/Afri-AI-Tutor/resolve/f1a95239675a54a43ece848aac21e26b008cf268/requirements.txt,f1a95239675a54a43ece848aac21e26b008cf268,68e96eddfd50a05b39fe56a9d136da4fc054d430e78fa2ab4e04c6d2d139625d,motsimaslam/Afri-AI-Tutor,200,,
251,2026-08-30T21:37:56.908849+00:00,README.md,https://huggingface.co/spaces/mounikathatikonda/AI_TUTOR/resolve/c6372c7806affef64d856d3270ab8712c933fff2/README.md,c6372c7806affef64d856d3270ab8712c933fff2,6dff01fca50f823d02c838a3a0ba7986e79bf701efb54a5c70b354ebdb86cc88,mounikathatikonda/AI_TUTOR,200,,
1708,2026-08-30T21:37:57.414958+00:00,app.py,https://huggingface.co/spaces/mounikathatikonda/AI_TUTOR/resolve/c6372c7806affef64d856d3270ab8712c933fff2/app.py,c6372c7806affef64d856d3270ab8712c933fff2,81179d68c71a469d17f97fffe3768771abae3fa8d9c0a18408194ed9376fd1ff,mounikathatikonda/AI_TUTOR,200,,
20,2026-08-30T21:37:57.430380+00:00,requirements.txt,https://huggingface.co/spaces/mounikathatikonda/AI_TUTOR/resolve/c6372c7806affef64d856d3270ab8712c933fff2/requirements.txt,c6372c7806affef64d856d3270ab8712c933fff2,95b4ef97b952c34747ec62bd11226237b56adcd53182fcd706b2f2be09c37c53,mounikathatikonda/AI_TUTOR,200,,
726,2026-08-30T21:37:59.036155+00:00,README.md,https://huggingface.co/spaces/mrhamxa/Gradio-based-RAG-study-assistant/resolve/afd93dfed419cc71ee741ec348886a2b40d221f9/README.md,afd93dfed419cc71ee741ec348886a2b40d221f9,83d3193b9e390a0d44e73de6191a26c5fad570c907f89bf31e450dc247fb9977,mrhamxa/Gradio-based-RAG-study-assistant,200,,
3537,2026-08-30T21:37:59.536876+00:00,app.py,https://huggingface.co/spaces/mrhamxa/Gradio-based-RAG-study-assistant/resolve/afd93dfed419cc71ee741ec348886a2b40d221f9/app.py,afd93dfed419cc71ee741ec348886a2b40d221f9,44ad590a0c92f5cd61359d3c42aa6db637cd8f0187d6e58c9aa912ae6ddda8af,mrhamxa/Gradio-based-RAG-study-assistant,200,,
85,2026-08-30T21:37:59.552793+00:00,requirements.txt,https://huggingface.co/spaces/mrhamxa/Gradio-based-RAG-study-assistant/resolve/afd93dfed419cc71ee741ec348886a2b40d221f9/requirements.txt,afd93dfed419cc71ee741ec348886a2b40d221f9,65133abbde2a3527890bc2f8c1d6c092c9e42b964e01b7985ec4a0a5a3bfc0a3,mrhamxa/Gradio-based-RAG-study-assistant,200,,
268,2026-08-30T21:38:01.967034+00:00,README.md,https://huggingface.co/spaces/ms1869468/lingualoom-english-learning-companion/resolve/e80581ddb9ba9240ff73db51980b5d1ede9aeb7d/README.md,e80581ddb9ba9240ff73db51980b5d1ede9aeb7d,99efba4f6777fc1116ee1d97c524fb8ceac14bae87103d54ae2a4f41b51bf75f,ms1869468/lingualoom-english-learning-companion,200,,
4832,2026-08-30T21:38:02.470938+00:00,components/footer.js,https://huggingface.co/spaces/ms1869468/lingualoom-english-learning-companion/resolve/e80581ddb9ba9240ff73db51980b5d1ede9aeb7d/components/footer.js,e80581ddb9ba9240ff73db51980b5d1ede9aeb7d,4fa055a1132707a59523573f556d874eb00effa56b5d7a7cf4d2d40b7b6fe739,ms1869468/lingualoom-english-learning-companion,200,,
5687,2026-08-30T21:38:02.477849+00:00,components/navbar.js,https://huggingface.co/spaces/ms1869468/lingualoom-english-learning-companion/resolve/e80581ddb9ba9240ff73db51980b5d1ede9aeb7d/components/navbar.js,e80581ddb9ba9240ff73db51980b5d1ede9aeb7d,3a185859572c167f4481df47633821b6dd1befe24126abd62cdf773791e09427,ms1869468/lingualoom-english-learning-companion,200,,
7107,2026-08-30T21:38:02.475313+00:00,index.html,https://huggingface.co/spaces/ms1869468/lingualoom-english-learning-companion/resolve/e80581ddb9ba9240ff73db51980b5d1ede9aeb7d/index.html,e80581ddb9ba9240ff73db51980b5d1ede9aeb7d,ce16740160b341de098c6202ceb5d14c3bb58a54380e4b851186298aea336432,ms1869468/lingualoom-english-learning-companion,200,,
1490,2026-08-30T21:38:02.577698+00:00,script.js,https://huggingface.co/spaces/ms1869468/lingualoom-english-learning-companion/resolve/e80581ddb9ba9240ff73db51980b5d1ede9aeb7d/script.js,e80581ddb9ba9240ff73db51980b5d1ede9aeb7d,efe8f2477cc960c4f4f94308169547b5b7c176dc6a6922ad9af39704d8ad1d2b,ms1869468/lingualoom-english-learning-companion,200,,
271,2026-08-30T21:38:04.109090+00:00,README.md,https://huggingface.co/spaces/muhammadHassan123/quiz-generator-ai/resolve/58ca5d13a33ac01dd6afeae60aa9562d6c3d9723/README.md,58ca5d13a33ac01dd6afeae60aa9562d6c3d9723,24d16de934af43e6b8e5112a1f50c3d7a38b82720c6f5492eaa892dc7187c6de,muhammadHassan123/quiz-generator-ai,200,,
6562,2026-08-30T21:38:04.655215+00:00,app.py,https://huggingface.co/spaces/muhammadHassan123/quiz-generator-ai/resolve/58ca5d13a33ac01dd6afeae60aa9562d6c3d9723/app.py,58ca5d13a33ac01dd6afeae60aa9562d6c3d9723,cc1edf5d7aadab98cc81f391fd6d54a7d92ca29f8efbfdb05815426511e012f1,muhammadHassan123/quiz-generator-ai,200,,
156,2026-08-30T21:38:04.625107+00:00,requirements.txt,https://huggingface.co/spaces/muhammadHassan123/quiz-generator-ai/resolve/58ca5d13a33ac01dd6afeae60aa9562d6c3d9723/requirements.txt,58ca5d13a33ac01dd6afeae60aa9562d6c3d9723,80b40cdc32d02b9eb1c74edfcf45302457c0a36ecd04f9d9cb5b1bae69f8dda3,muhammadHassan123/quiz-generator-ai,200,,
269,2026-08-30T21:38:06.239148+00:00,README.md,https://huggingface.co/spaces/mukeshpatel1006/Study_Assistant/resolve/b9f44506ee1c86d6d062303250d9d472702edbbb/README.md,b9f44506ee1c86d6d062303250d9d472702edbbb,0b4244c04419e97c983990fe69d03baba0b29f7f439f779a2d528c4b5d3db295,mukeshpatel1006/Study_Assistant,200,,
2017,2026-08-30T21:38:06.763110+00:00,app.py,https://huggingface.co/spaces/mukeshpatel1006/Study_Assistant/resolve/b9f44506ee1c86d6d062303250d9d472702edbbb/app.py,b9f44506ee1c86d6d062303250d9d472702edbbb,cc4c3e75a71c4953ff9c45cf35cf8eee8add009294fc0488133cecd7c0857df8,mukeshpatel1006/Study_Assistant,200,,
12,2026-08-30T21:38:06.749316+00:00,requirements.txt,https://huggingface.co/spaces/mukeshpatel1006/Study_Assistant/resolve/b9f44506ee1c86d6d062303250d9d472702edbbb/requirements.txt,b9f44506ee1c86d6d062303250d9d472702edbbb,bcbb0bde2be3d84b0477765fbe5fad324546e9fda356a3a1e3f57cff99c9918d,mukeshpatel1006/Study_Assistant,200,,
270,2026-08-30T21:38:09.427682+00:00,README.md,https://huggingface.co/spaces/nabilakil/nabil-ai-tutor/resolve/190b5120cf5e812b9da3b18fbb31bdeb7fa5a808/README.md,190b5120cf5e812b9da3b18fbb31bdeb7fa5a808,a2be004e88e8ad7f462d81e69239833d00edb0d46ec9799a2e6d6475a8f3d5c9,nabilakil/nabil-ai-tutor,200,,
11970,2026-08-30T21:38:09.906569+00:00,app.py,https://huggingface.co/spaces/nabilakil/nabil-ai-tutor/resolve/190b5120cf5e812b9da3b18fbb31bdeb7fa5a808/app.py,190b5120cf5e812b9da3b18fbb31bdeb7fa5a808,e34ad5f77960dc8be0b59549fb29d0c028e7ad275a33adf05cdae2403e5b16b0,nabilakil/nabil-ai-tutor,200,,
92,2026-08-30T21:38:09.925838+00:00,requirements.txt,https://huggingface.co/spaces/nabilakil/nabil-ai-tutor/resolve/190b5120cf5e812b9da3b18fbb31bdeb7fa5a808/requirements.txt,190b5120cf5e812b9da3b18fbb31bdeb7fa5a808,07398226bd3ea60b0f9206c789fac2a17d6476496c74d528273c3017c22659e2,nabilakil/nabil-ai-tutor,200,,
194,2026-08-30T21:38:10.535732+00:00,README.md,https://huggingface.co/spaces/nakshatravuppula25/AI_TUTOR/resolve/c0c3a3896fa8cf5e5b665e38391748974527da64/README.md,c0c3a3896fa8cf5e5b665e38391748974527da64,2ef520cd5b7279ad6189e4082e88b937afa0df1579319fd99600f7a3d7196ca6,nakshatravuppula25/AI_TUTOR,200,,
1664,2026-08-30T21:38:11.106380+00:00,index.html,https://huggingface.co/spaces/nakshatravuppula25/AI_TUTOR/resolve/c0c3a3896fa8cf5e5b665e38391748974527da64/index.html,c0c3a3896fa8cf5e5b665e38391748974527da64,870dca6ad2db4be31e3278dcbe59b8c43c3f02baf1c1e105a7d8e73a68c23d7a,nakshatravuppula25/AI_TUTOR,200,,
4513,2026-08-30T21:38:11.032050+00:00,untitled9.py,https://huggingface.co/spaces/nakshatravuppula25/AI_TUTOR/resolve/c0c3a3896fa8cf5e5b665e38391748974527da64/untitled9.py,c0c3a3896fa8cf5e5b665e38391748974527da64,a79dd279e87dda256684a8a0295bc1b56d41a678583bbd22999b9c8a50ef2ef0,nakshatravuppula25/AI_TUTOR,200,,
244,2026-08-30T21:38:11.656145+00:00,README.md,https://huggingface.co/spaces/name1911434/LanguageTutor/resolve/b94a02bbd52993cc0eba82734a7ff363af29a731/README.md,b94a02bbd52993cc0eba82734a7ff363af29a731,c83cd224cbdc036cae9e5a4a8d8c2a408e86286fb08f7325f1b66e55364f2c36,name1911434/LanguageTutor,200,,
901,2026-08-30T21:38:12.258124+00:00,app.py,https://huggingface.co/spaces/name1911434/LanguageTutor/resolve/b94a02bbd52993cc0eba82734a7ff363af29a731/app.py,b94a02bbd52993cc0eba82734a7ff363af29a731,f83cf00e788098510a322d9d58945ab812df69d34e5adf48d510e1f565e51977,name1911434/LanguageTutor,200,,
17,2026-08-30T21:38:12.143026+00:00,requirements.txt,https://huggingface.co/spaces/name1911434/LanguageTutor/resolve/b94a02bbd52993cc0eba82734a7ff363af29a731/requirements.txt,b94a02bbd52993cc0eba82734a7ff363af29a731,3df712a4dc0fa1d7b216b3d5aa7f0457b62877bccab7a8ee0c92d3b286f542ba,name1911434/LanguageTutor,200,,
285,2026-08-30T21:38:13.798425+00:00,README.md,https://huggingface.co/spaces/nandigamavamshi/StudyAssistant/resolve/ec92410231b0838285d8af3d8b57fd1ab0de43f5/README.md,ec92410231b0838285d8af3d8b57fd1ab0de43f5,667740e2690b173ab484210dcbda9601cd147a39ad2a8ded830b25bcd6f6636d,nandigamavamshi/StudyAssistant,200,,
111,2026-09-02T19:08:57.067963+00:00,app.py,https://huggingface.co/spaces/nandigamavamshi/StudyAssistant/resolve/ec92410231b0838285d8af3d8b57fd1ab0de43f5/app.py,ec92410231b0838285d8af3d8b57fd1ab0de43f5,854ab055cea28de103931f868828da1163b929ff315ce9955e480df03bb0dccd,nandigamavamshi/StudyAssistant,200,lossless-v2,utf-8
546,2026-09-02T19:08:57.109084+00:00,index.html,https://huggingface.co/spaces/nandigamavamshi/StudyAssistant/resolve/ec92410231b0838285d8af3d8b57fd1ab0de43f5/index.html,ec92410231b0838285d8af3d8b57fd1ab0de43f5,fef10b4e06879d75c496c1ce3e89410bff1b77bf51220f21570255d1f214580e,nandigamavamshi/StudyAssistant,200,lossless-v2,utf-8
37,2026-09-02T19:08:57.067464+00:00,requirements.py,https://huggingface.co/spaces/nandigamavamshi/StudyAssistant/resolve/ec92410231b0838285d8af3d8b57fd1ab0de43f5/requirements.py,ec92410231b0838285d8af3d8b57fd1ab0de43f5,5576218f0e2cf8bb5a61806eed69d39da94f240f1d2d7212b293081203d198f3,nandigamavamshi/StudyAssistant,200,lossless-v2,utf-8
251,2026-08-30T21:38:14.301728+00:00,README.md,https://huggingface.co/spaces/nandini1810/AI_TUTOR/resolve/6f92f9832cbb4772eacdf2d02b1149e775b863ee/README.md,6f92f9832cbb4772eacdf2d02b1149e775b863ee,caff4c0eb5dd5a2a99f5ae2295594137d486959bb629491e3d922fe3d24f76ce,nandini1810/AI_TUTOR,200,,
1939,2026-08-30T21:38:14.798779+00:00,app.py,https://huggingface.co/spaces/nandini1810/AI_TUTOR/resolve/6f92f9832cbb4772eacdf2d02b1149e775b863ee/app.py,6f92f9832cbb4772eacdf2d02b1149e775b863ee,84951f0d23e850e764ac8fa34b923016c387800eb7e2ea36816a830dcec293b7,nandini1810/AI_TUTOR,200,,
34,2026-08-30T21:38:14.810731+00:00,requirements.txt,https://huggingface.co/spaces/nandini1810/AI_TUTOR/resolve/6f92f9832cbb4772eacdf2d02b1149e775b863ee/requirements.txt,6f92f9832cbb4772eacdf2d02b1149e775b863ee,639337cf7fdbbc6de3741c1e433893ebe43a6ddd050ac3326def5d177105ef88,nandini1810/AI_TUTOR,200,,
462,2026-08-30T21:38:15.328675+00:00,README.md,https://huggingface.co/spaces/naveensngc/AI-Tutor/resolve/531e98d28cc1c427883294be358cb92ba6720d97/README.md,531e98d28cc1c427883294be358cb92ba6720d97,91d8c3854486a6989a8facaaf57fbbf5d8c03dac660298d25c4b89a87f05c454,naveensngc/AI-Tutor,200,,
1807,2026-08-30T21:38:15.938016+00:00,app.py,https://huggingface.co/spaces/naveensngc/AI-Tutor/resolve/531e98d28cc1c427883294be358cb92ba6720d97/app.py,531e98d28cc1c427883294be358cb92ba6720d97,14b641f463b506c7ef4371216f6552e9ff06d97b079ac8b63ad3e3c1e08265a3,naveensngc/AI-Tutor,200,,
245,2026-08-30T21:38:17.515948+00:00,README.md,https://huggingface.co/spaces/nazib61/quiz_generator/resolve/4b44949bc683f9c0a332ce1bb9adaa859a228199/README.md,4b44949bc683f9c0a332ce1bb9adaa859a228199,b3bb2d6ec5b81d28028fd6031b4054e590259923adc21520a87765f75f18f362,nazib61/quiz_generator,200,,
23695,2026-08-30T21:38:18.015995+00:00,app.py,https://huggingface.co/spaces/nazib61/quiz_generator/resolve/4b44949bc683f9c0a332ce1bb9adaa859a228199/app.py,4b44949bc683f9c0a332ce1bb9adaa859a228199,00b6bccf362ba51ba07983084197502e1c4b49e11619cac0e1401786e29b11c2,nazib61/quiz_generator,200,,
54,2026-08-30T21:38:18.080584+00:00,requirements.txt,https://huggingface.co/spaces/nazib61/quiz_generator/resolve/4b44949bc683f9c0a332ce1bb9adaa859a228199/requirements.txt,4b44949bc683f9c0a332ce1bb9adaa859a228199,c61a0b81ccacfe03ee936bad3e5bcb53c02c33a4069789b757933881408edd5b,nazib61/quiz_generator,200,,
260,2026-08-30T21:38:18.634720+00:00,README.md,https://huggingface.co/spaces/neo-team/edubot-buddy-smart-learning-companion/resolve/8386e75ad3c9bc19ecee2f641ff5aa42d7e32014/README.md,8386e75ad3c9bc19ecee2f641ff5aa42d7e32014,91af9f8fcf2578547e0b4860bcb11d27973b4dbdea1bf6e777342bbe212975ac,neo-team/edubot-buddy-smart-learning-companion,200,,
20974,2026-08-30T21:38:19.268280+00:00,index.html,https://huggingface.co/spaces/neo-team/edubot-buddy-smart-learning-companion/resolve/8386e75ad3c9bc19ecee2f641ff5aa42d7e32014/index.html,8386e75ad3c9bc19ecee2f641ff5aa42d7e32014,f5de5c1619afd36d004af87f2ff1046f276e34c75f36364575b7b4e2853a5ce6,neo-team/edubot-buddy-smart-learning-companion,200,,
232,2026-08-30T21:38:20.850332+00:00,README.md,https://huggingface.co/spaces/nersyan/quiz-generator/resolve/6cecdff4dc48a1b09cb6808b58bdd396659e71d8/README.md,6cecdff4dc48a1b09cb6808b58bdd396659e71d8,72c0fc3a38d38b44795b1fa976a103cde8a28c1d5396030b64d8254c6d98c6cb,nersyan/quiz-generator,200,,
830,2026-08-30T21:38:21.346487+00:00,app.py,https://huggingface.co/spaces/nersyan/quiz-generator/resolve/6cecdff4dc48a1b09cb6808b58bdd396659e71d8/app.py,6cecdff4dc48a1b09cb6808b58bdd396659e71d8,76ad14115a556e9a88ccb1cc9582bb8324517dae9c419d8d2584f3ddd8fdcd09,nersyan/quiz-generator,200,,
25,2026-08-30T21:38:21.367514+00:00,requirements.txt,https://huggingface.co/spaces/nersyan/quiz-generator/resolve/6cecdff4dc48a1b09cb6808b58bdd396659e71d8/requirements.txt,6cecdff4dc48a1b09cb6808b58bdd396659e71d8,6378124be4b6c0bb81a8ceadd696b9db78f6cf6e326594ae570cea28b222ff27,nersyan/quiz-generator,200,,
2955,2026-08-30T21:38:21.885542+00:00,README.md,https://huggingface.co/spaces/nhu445/ai-english-tutor/resolve/254c0af7913e767ba167e77665b4b448ff86f70b/README.md,254c0af7913e767ba167e77665b4b448ff86f70b,f2dd69b1564f135dfa64064bbec6adb5cc69263c830623adc1d8ad3a74d020f3,nhu445/ai-english-tutor,200,,
2509,2026-08-30T21:38:22.385682+00:00,app.py,https://huggingface.co/spaces/nhu445/ai-english-tutor/resolve/254c0af7913e767ba167e77665b4b448ff86f70b/app.py,254c0af7913e767ba167e77665b4b448ff86f70b,c2eab69bc6d9c46c1ee922e41b3ae6af208603df679118a82d61504733588725,nhu445/ai-english-tutor,200,,
0,2026-08-30T21:38:22.144265+00:00,core/__init__.py,https://huggingface.co/spaces/nhu445/ai-english-tutor/resolve/254c0af7913e767ba167e77665b4b448ff86f70b/core/__init__.py,254c0af7913e767ba167e77665b4b448ff86f70b,e3b0c44298fc1c149afbf4c8996fb92427ae41e4649b934ca495991b7852b855,nhu445/ai-english-tutor,200,,
1897,2026-08-30T21:38:22.432395+00:00,core/engine.py,https://huggingface.co/spaces/nhu445/ai-english-tutor/resolve/254c0af7913e767ba167e77665b4b448ff86f70b/core/engine.py,254c0af7913e767ba167e77665b4b448ff86f70b,12830d4a84146f30e1318078e02ea84bdb62bb0648e202f8a2064a6569b645db,nhu445/ai-english-tutor,200,,
1677,2026-08-30T21:38:22.452248+00:00,core/helpers.py,https://huggingface.co/spaces/nhu445/ai-english-tutor/resolve/254c0af7913e767ba167e77665b4b448ff86f70b/core/helpers.py,254c0af7913e767ba167e77665b4b448ff86f70b,f5f9da9857177f202327357610f4140a9ed3c308549bf23920dbda107e87fd3b,nhu445/ai-english-tutor,200,,
474,2026-08-30T21:38:22.421656+00:00,core/prompts.py,https://huggingface.co/spaces/nhu445/ai-english-tutor/resolve/254c0af7913e767ba167e77665b4b448ff86f70b/core/prompts.py,254c0af7913e767ba167e77665b4b448ff86f70b,ddfc70b2da2f8b597e11acc91c0b5785fa4ab304836b313b901a9e7de2689013,nhu445/ai-english-tutor,200,,
2705,2026-08-30T21:38:22.471970+00:00,core/voice_service.py,https://huggingface.co/spaces/nhu445/ai-english-tutor/resolve/254c0af7913e767ba167e77665b4b448ff86f70b/core/voice_service.py,254c0af7913e767ba167e77665b4b448ff86f70b,c5f6d5d010a1a38100e746faceec9bbbfc90bad25a12ee6b4fbebc03de766ceb,nhu445/ai-english-tutor,200,,
152,2026-08-31T01:25:39.134043+00:00,requirements.txt,https://huggingface.co/spaces/nhu445/ai-english-tutor/resolve/254c0af7913e767ba167e77665b4b448ff86f70b/requirements.txt,254c0af7913e767ba167e77665b4b448ff86f70b,6f648d0ca32fb47017ee224fb2577ab08fa7e49b40f0d90315f42cff9eebebaf,nhu445/ai-english-tutor,200,,utf-16-le-bom
942,2026-08-30T21:38:22.453863+00:00,settings.py,https://huggingface.co/spaces/nhu445/ai-english-tutor/resolve/254c0af7913e767ba167e77665b4b448ff86f70b/settings.py,254c0af7913e767ba167e77665b4b448ff86f70b,b06ab03669ef77a02729d35fc47cc7bf8794c5841b7a09cfc0cddf0aff57e3cc,nhu445/ai-english-tutor,200,,
0,2026-08-30T21:38:22.384107+00:00,utils/__init__.py,https://huggingface.co/spaces/nhu445/ai-english-tutor/resolve/254c0af7913e767ba167e77665b4b448ff86f70b/utils/__init__.py,254c0af7913e767ba167e77665b4b448ff86f70b,e3b0c44298fc1c149afbf4c8996fb92427ae41e4649b934ca495991b7852b855,nhu445/ai-english-tutor,200,,
219,2026-08-30T21:38:23.021159+00:00,README.md,https://huggingface.co/spaces/nidhinkn280/theertha-ai-tutor/resolve/811a26d1109d4f340886909c4c33ea2d01803587/README.md,811a26d1109d4f340886909c4c33ea2d01803587,fc3d3e2855b71ce281901fc2c38f2027d7fdd9608561c63751b8aec025f31d2a,nidhinkn280/theertha-ai-tutor,200,,
0,2026-08-30T21:38:23.264329+00:00,app/__init__.py,https://huggingface.co/spaces/nidhinkn280/theertha-ai-tutor/resolve/811a26d1109d4f340886909c4c33ea2d01803587/app/__init__.py,811a26d1109d4f340886909c4c33ea2d01803587,e3b0c44298fc1c149afbf4c8996fb92427ae41e4649b934ca495991b7852b855,nidhinkn280/theertha-ai-tutor,200,,
726,2026-08-30T21:38:23.579884+00:00,app/agents.py,https://huggingface.co/spaces/nidhinkn280/theertha-ai-tutor/resolve/811a26d1109d4f340886909c4c33ea2d01803587/app/agents.py,811a26d1109d4f340886909c4c33ea2d01803587,a29bfb67cda39e6f9475ecf235a52b7356359aad447343f9bd8a3aec25cb2667,nidhinkn280/theertha-ai-tutor,200,,
1262,2026-08-30T21:38:23.561510+00:00,app/analytics.py,https://huggingface.co/spaces/nidhinkn280/theertha-ai-tutor/resolve/811a26d1109d4f340886909c4c33ea2d01803587/app/analytics.py,811a26d1109d4f340886909c4c33ea2d01803587,8c729b7bbd3e0fea1442d3b2e64746168c31ef61a856fe1148ecf069b8a7f37b,nidhinkn280/theertha-ai-tutor,200,,
411,2026-08-30T21:38:23.523367+00:00,app/attendance.py,https://huggingface.co/spaces/nidhinkn280/theertha-ai-tutor/resolve/811a26d1109d4f340886909c4c33ea2d01803587/app/attendance.py,811a26d1109d4f340886909c4c33ea2d01803587,d72c105a9a1be90080595e0cc5fa2db6176e30270a932c2f31be3c47faa02ce9,nidhinkn280/theertha-ai-tutor,200,,
621,2026-08-30T21:38:23.524577+00:00,app/auth.py,https://huggingface.co/spaces/nidhinkn280/theertha-ai-tutor/resolve/811a26d1109d4f340886909c4c33ea2d01803587/app/auth.py,811a26d1109d4f340886909c4c33ea2d01803587,9fb1b41916448e0d8aa772cb73b83143737155f7ea308a41cd6ef6e5b81dc003,nidhinkn280/theertha-ai-tutor,200,,
442,2026-08-30T21:38:23.563907+00:00,app/database.py,https://huggingface.co/spaces/nidhinkn280/theertha-ai-tutor/resolve/811a26d1109d4f340886909c4c33ea2d01803587/app/database.py,811a26d1109d4f340886909c4c33ea2d01803587,1fd2f6fbda3fe16473943896d26048c2f63c7e4315927923fb18a109ce322e3b,nidhinkn280/theertha-ai-tutor,200,,
242,2026-08-30T21:38:23.580332+00:00,app/exam.py,https://huggingface.co/spaces/nidhinkn280/theertha-ai-tutor/resolve/811a26d1109d4f340886909c4c33ea2d01803587/app/exam.py,811a26d1109d4f340886909c4c33ea2d01803587,d98038be984fdf44db0191c13e7b15bf46dc1c6e7ab98370bdec6ebb371733a3,nidhinkn280/theertha-ai-tutor,200,,
214,2026-08-30T21:38:23.578119+00:00,app/gamification.py,https://huggingface.co/spaces/nidhinkn280/theertha-ai-tutor/resolve/811a26d1109d4f340886909c4c33ea2d01803587/app/gamification.py,811a26d1109d4f340886909c4c33ea2d01803587,caf32628ec525a0e1b00bc94dc2b819b827ea44aee267955612c4d4923df1c51,nidhinkn280/theertha-ai-tutor,200,,
68,2026-08-30T21:38:23.831030+00:00,requirements.txt,https://huggingface.co/spaces/nidhinkn280/theertha-ai-tutor/resolve/811a26d1109d4f340886909c4c33ea2d01803587/requirements.txt,811a26d1109d4f340886909c4c33ea2d01803587,6c1ff9731e844a4548aa9c88d8d3f514c72be76e3393726a24321e784e4eeb86,nidhinkn280/theertha-ai-tutor,200,,
236,2026-08-30T21:38:28.144150+00:00,README.md,https://huggingface.co/spaces/nishayaseen001/StudyAssistant/resolve/210f7c27bac1ec34d73efc3129b1fca87f46d967/README.md,210f7c27bac1ec34d73efc3129b1fca87f46d967,94c88d336100a08164fb027a040c83be2faa3e63911da1c66f638374e4c8dd0f,nishayaseen001/StudyAssistant,200,,
9723,2026-09-02T19:08:57.900665+00:00,app.py,https://huggingface.co/spaces/nishayaseen001/StudyAssistant/resolve/210f7c27bac1ec34d73efc3129b1fca87f46d967/app.py,210f7c27bac1ec34d73efc3129b1fca87f46d967,3d07806cffd29c9a76ff0a1c391bf032639d0660ce4f0de6d96c38d7eec553bc,nishayaseen001/StudyAssistant,200,lossless-v2,utf-8
77,2026-09-02T19:08:57.876544+00:00,requirements.txt,https://huggingface.co/spaces/nishayaseen001/StudyAssistant/resolve/210f7c27bac1ec34d73efc3129b1fca87f46d967/requirements.txt,210f7c27bac1ec34d73efc3129b1fca87f46d967,1b0e1e4c6b86a220c4a3c2cca16a63b39d45fa14ee4f3755f1544e273f8d61b4,nishayaseen001/StudyAssistant,200,lossless-v2,utf-8
342,2026-08-30T21:38:29.314697+00:00,README.md,https://huggingface.co/spaces/nohitha05/AI-TUTOR/resolve/79e4d486178e5945fe56cd0c008463bc67533c4e/README.md,79e4d486178e5945fe56cd0c008463bc67533c4e,af85f59973df49a7467427402c53f25f515d012bb1bbd787785efbf4a94979f1,nohitha05/AI-TUTOR,200,,
1721,2026-08-30T21:38:29.818414+00:00,app.py,https://huggingface.co/spaces/nohitha05/AI-TUTOR/resolve/79e4d486178e5945fe56cd0c008463bc67533c4e/app.py,79e4d486178e5945fe56cd0c008463bc67533c4e,5766f59227e2ed45f70cd7e9cc7301bfbab65780a70532bfaf06d3bfb6b60c89,nohitha05/AI-TUTOR,200,,
19,2026-08-30T21:38:29.835299+00:00,requirements.txt,https://huggingface.co/spaces/nohitha05/AI-TUTOR/resolve/79e4d486178e5945fe56cd0c008463bc67533c4e/requirements.txt,79e4d486178e5945fe56cd0c008463bc67533c4e,7b8a226e55bb285e1ab07c5ed9320591e97a3aae4c072264d418d1dae77d8228,nohitha05/AI-TUTOR,200,,
79,2026-08-30T21:38:30.336140+00:00,README.md,https://huggingface.co/spaces/npinar/quiz-generator/resolve/1a5f5f13c4fea3b89ad7e113df314a821f8e8627/README.md,1a5f5f13c4fea3b89ad7e113df314a821f8e8627,05dcd5c8dc948e42ea306d4d79a8e57b3647a8e7052d81a6f292b5a4d5e8cc11,npinar/quiz-generator,200,,
20562,2026-08-30T21:38:30.847327+00:00,app.py,https://huggingface.co/spaces/npinar/quiz-generator/resolve/1a5f5f13c4fea3b89ad7e113df314a821f8e8627/app.py,1a5f5f13c4fea3b89ad7e113df314a821f8e8627,400c0e5addd0411b68e6c4f15b2f9c458de6a30679aac56fbe24d12e77431001,npinar/quiz-generator,200,,
164,2026-08-30T21:38:30.817118+00:00,pyproject.toml,https://huggingface.co/spaces/npinar/quiz-generator/resolve/1a5f5f13c4fea3b89ad7e113df314a821f8e8627/pyproject.toml,1a5f5f13c4fea3b89ad7e113df314a821f8e8627,889b3c02c6ee89ca38bb7a2225e6051aabaa7585d3d840a2b968512ebeb51eb6,npinar/quiz-generator,200,,
93,2026-08-30T21:38:30.842740+00:00,requirements.txt,https://huggingface.co/spaces/npinar/quiz-generator/resolve/1a5f5f13c4fea3b89ad7e113df314a821f8e8627/requirements.txt,1a5f5f13c4fea3b89ad7e113df314a821f8e8627,af9a21dbea1f93dcb27c1b09eeb77563a69ec8f797b742687c0c340053ee03e9,npinar/quiz-generator,200,,
405,2026-08-30T21:38:31.353581+00:00,README.md,https://huggingface.co/spaces/nruhh/Ai_tutor/resolve/de309b93493ba7d44f89428c6f91c4acf7c9378d/README.md,de309b93493ba7d44f89428c6f91c4acf7c9378d,7df9c19393b5f7c3e325f8bc4aaf464b9463c32048e7b765ee9c449957f2d713,nruhh/Ai_tutor,200,,
1688,2026-08-30T21:38:31.881023+00:00,app.py,https://huggingface.co/spaces/nruhh/Ai_tutor/resolve/de309b93493ba7d44f89428c6f91c4acf7c9378d/app.py,de309b93493ba7d44f89428c6f91c4acf7c9378d,9d24c680ee446e9c50bf687dc87e463bcc38d7474148c7bc4b74ea0e24f86022,nruhh/Ai_tutor,200,,
20,2026-08-30T21:38:31.853613+00:00,requirements.txt,https://huggingface.co/spaces/nruhh/Ai_tutor/resolve/de309b93493ba7d44f89428c6f91c4acf7c9378d/requirements.txt,de309b93493ba7d44f89428c6f91c4acf7c9378d,95b4ef97b952c34747ec62bd11226237b56adcd53182fcd706b2f2be09c37c53,nruhh/Ai_tutor,200,,
343,2026-08-30T21:38:32.394487+00:00,README.md,https://huggingface.co/spaces/nublelouch/study-assistant/resolve/dfaf8092dee22f38bf7ece8a00d431606a37dadd/README.md,dfaf8092dee22f38bf7ece8a00d431606a37dadd,4084f31384ffefc555f6a6eb19265e10c118d503edbd50844ab7d91a3832a9bc,nublelouch/study-assistant,200,,
6452,2026-08-30T21:38:32.889709+00:00,app.py,https://huggingface.co/spaces/nublelouch/study-assistant/resolve/dfaf8092dee22f38bf7ece8a00d431606a37dadd/app.py,dfaf8092dee22f38bf7ece8a00d431606a37dadd,f01a553e89013e814e6405202494815d222045f47cfe4438be71269daee262eb,nublelouch/study-assistant,200,,
168,2026-08-30T21:38:32.909869+00:00,requirements.txt,https://huggingface.co/spaces/nublelouch/study-assistant/resolve/dfaf8092dee22f38bf7ece8a00d431606a37dadd/requirements.txt,dfaf8092dee22f38bf7ece8a00d431606a37dadd,49a400c183776b3932bb17ebfabea4926a58ea2e0903dcd358270dd5d91bcd9a,nublelouch/study-assistant,200,,
217,2026-08-30T21:38:35.638060+00:00,README.md,https://huggingface.co/spaces/ogrenimmatik/edubuddy-smart-learning-companion/resolve/c179f3e79ce21987beae399286912e05be7f1385/README.md,c179f3e79ce21987beae399286912e05be7f1385,5430d6d62e26eaa6bf0b938c63313335f0012a7ced1a2e52a430256ec8a3757b,ogrenimmatik/edubuddy-smart-learning-companion,200,,
546,2026-08-30T21:38:36.120034+00:00,index.html,https://huggingface.co/spaces/ogrenimmatik/edubuddy-smart-learning-companion/resolve/c179f3e79ce21987beae399286912e05be7f1385/index.html,c179f3e79ce21987beae399286912e05be7f1385,fef10b4e06879d75c496c1ce3e89410bff1b77bf51220f21570255d1f214580e,ogrenimmatik/edubuddy-smart-learning-companion,200,,
708,2026-08-30T21:38:36.719337+00:00,README.md,https://huggingface.co/spaces/oluinioluwa814/Ai-tutor/resolve/ae4babb0501318f59854437982a0fad7d760b9ee/README.md,ae4babb0501318f59854437982a0fad7d760b9ee,6a6c5873c45a98ce118f5106dcc7baf4a851566a419689617239a7f63c510e21,oluinioluwa814/Ai-tutor,200,,
1269,2026-08-30T21:38:37.220298+00:00,app.py,https://huggingface.co/spaces/oluinioluwa814/Ai-tutor/resolve/ae4babb0501318f59854437982a0fad7d760b9ee/app.py,ae4babb0501318f59854437982a0fad7d760b9ee,05174dfc57e025e0ad440350c94b355e172b197970edfbad75da1a8883940ae7,oluinioluwa814/Ai-tutor,200,,
631,2026-08-30T21:38:37.231273+00:00,model.py,https://huggingface.co/spaces/oluinioluwa814/Ai-tutor/resolve/ae4babb0501318f59854437982a0fad7d760b9ee/model.py,ae4babb0501318f59854437982a0fad7d760b9ee,5a20c0d3fae8e00fa4599e5fcbe3fd49cd3b9e73fb40c7985a7cdc2efeab8d78,oluinioluwa814/Ai-tutor,200,,
353,2026-08-30T21:38:37.224789+00:00,prompts.py,https://huggingface.co/spaces/oluinioluwa814/Ai-tutor/resolve/ae4babb0501318f59854437982a0fad7d760b9ee/prompts.py,ae4babb0501318f59854437982a0fad7d760b9ee,b77f6068c63bc03affaf7e0d0a7e9713b994f7a880fcad5be3f495bc09ddf68f,oluinioluwa814/Ai-tutor,200,,
192,2026-08-30T21:38:37.235653+00:00,quiz.py,https://huggingface.co/spaces/oluinioluwa814/Ai-tutor/resolve/ae4babb0501318f59854437982a0fad7d760b9ee/quiz.py,ae4babb0501318f59854437982a0fad7d760b9ee,8828d1cbecd40e5852911244f3b04dacaf6e2c47fc38dcb5b1b069259181a4fa,oluinioluwa814/Ai-tutor,200,,
888,2026-08-30T21:38:37.238264+00:00,rag.py,https://huggingface.co/spaces/oluinioluwa814/Ai-tutor/resolve/ae4babb0501318f59854437982a0fad7d760b9ee/rag.py,ae4babb0501318f59854437982a0fad7d760b9ee,4cdc2923b46ef79934a1c3154df934fb2ac6535b9d72eb1bbef9a62d09da068f,oluinioluwa814/Ai-tutor,200,,
129,2026-08-30T21:38:37.216978+00:00,requirements.txt,https://huggingface.co/spaces/oluinioluwa814/Ai-tutor/resolve/ae4babb0501318f59854437982a0fad7d760b9ee/requirements.txt,ae4babb0501318f59854437982a0fad7d760b9ee,749858999b77a7a5c0f9b6b26abaa647708e7c05f497814a60c2c219eb968e16,oluinioluwa814/Ai-tutor,200,,
236,2026-08-30T21:38:37.726393+00:00,README.md,https://huggingface.co/spaces/omprasadmahapatra/Ai_Math_Tutor/resolve/a3de3e554b59cf564fb6c14333c617945aa59c7e/README.md,a3de3e554b59cf564fb6c14333c617945aa59c7e,cf2f31e33495eb3a2a77d16a41581bf70dd1a37b5ff79028c73171ba13f23e99,omprasadmahapatra/Ai_Math_Tutor,200,,
986,2026-08-30T21:38:38.219799+00:00,app.py,https://huggingface.co/spaces/omprasadmahapatra/Ai_Math_Tutor/resolve/a3de3e554b59cf564fb6c14333c617945aa59c7e/app.py,a3de3e554b59cf564fb6c14333c617945aa59c7e,44410f1d34bfea903a82947e4a3ae2d76e7b9976f2a5970af731a031fa34a4c3,omprasadmahapatra/Ai_Math_Tutor,200,,
75,2026-08-30T21:38:38.230757+00:00,requirements.txt,https://huggingface.co/spaces/omprasadmahapatra/Ai_Math_Tutor/resolve/a3de3e554b59cf564fb6c14333c617945aa59c7e/requirements.txt,a3de3e554b59cf564fb6c14333c617945aa59c7e,612806c378f2f47e9ac19a1586de26a7ca35b04825d042fdb84abeb33fd87ab3,omprasadmahapatra/Ai_Math_Tutor,200,,
313,2026-08-30T21:38:39.774131+00:00,README.md,https://huggingface.co/spaces/oussnaji/course-slides-preview-generator/resolve/250d99940a1012db801fc5e32835864c0bc7c8b5/README.md,250d99940a1012db801fc5e32835864c0bc7c8b5,d4ffc78d6213f02b945a036e1208ade851e5ba45503077839388b956c1afe860,oussnaji/course-slides-preview-generator,200,,
405,2026-08-30T21:38:41.381750+00:00,README.md,https://huggingface.co/spaces/parveen19/AITUTORR/resolve/939f3da001fadd6447547de9b4006fff80c2cc5e/README.md,939f3da001fadd6447547de9b4006fff80c2cc5e,149bde5cadb81912f4fa8b7674e1b340420e48d6929c299cf4c49700fed2dbcb,parveen19/AITUTORR,200,,
369,2026-08-30T21:38:41.880664+00:00,README.md,https://huggingface.co/spaces/patilyash22/Python-tutor-chatbot/resolve/e066e5d5c461b1d74572f8cbade0d41d24b4f4f3/README.md,e066e5d5c461b1d74572f8cbade0d41d24b4f4f3,7439984d4a22aa025cb9ef6cdd909d8b44c8a1be081af49fa7b8086373a771c9,patilyash22/Python-tutor-chatbot,200,,
1520,2026-08-30T21:38:42.397484+00:00,app.py,https://huggingface.co/spaces/patilyash22/Python-tutor-chatbot/resolve/e066e5d5c461b1d74572f8cbade0d41d24b4f4f3/app.py,e066e5d5c461b1d74572f8cbade0d41d24b4f4f3,e9b5d8dc83641432d7ac77b6b2b6ef7cba9e968e28c9b0be8072343dee7b73a2,patilyash22/Python-tutor-chatbot,200,,
50,2026-08-30T21:38:42.387934+00:00,requirements.txt,https://huggingface.co/spaces/patilyash22/Python-tutor-chatbot/resolve/e066e5d5c461b1d74572f8cbade0d41d24b4f4f3/requirements.txt,e066e5d5c461b1d74572f8cbade0d41d24b4f4f3,b007b99653c2bfcbc42ade72e3b384becd4b8e90f1641390ce05826e5d5cd1d5,patilyash22/Python-tutor-chatbot,200,,
297,2026-08-30T21:38:42.899005+00:00,README.md,https://huggingface.co/spaces/pattato1/language-tutor/resolve/05c383f1d23d0d28e3407334bdc524aecd407e46/README.md,05c383f1d23d0d28e3407334bdc524aecd407e46,bc7bf3b7a607269d68911fde51c9ce388fb4fe0daaf2c94df66ed5fe13f56187,pattato1/language-tutor,200,,
5896,2026-08-30T21:38:43.429595+00:00,app.py,https://huggingface.co/spaces/pattato1/language-tutor/resolve/05c383f1d23d0d28e3407334bdc524aecd407e46/app.py,05c383f1d23d0d28e3407334bdc524aecd407e46,86ab307043d134d710a0151e1368e5fc3abd97e2ddb024eb83bca0cb96bf0f0e,pattato1/language-tutor,200,,
4279,2026-08-30T21:38:43.399642+00:00,languagetutor.py,https://huggingface.co/spaces/pattato1/language-tutor/resolve/05c383f1d23d0d28e3407334bdc524aecd407e46/languagetutor.py,05c383f1d23d0d28e3407334bdc524aecd407e46,f54be6abf4e50415e0da9251e296de3a62fd7341a44bf45a92fa0f8bf95d2d36,pattato1/language-tutor,200,,
58,2026-08-30T21:38:43.421458+00:00,requirements.txt,https://huggingface.co/spaces/pattato1/language-tutor/resolve/05c383f1d23d0d28e3407334bdc524aecd407e46/requirements.txt,05c383f1d23d0d28e3407334bdc524aecd407e46,7af2e6968653bf86149843355d9c84ab3e36169e76109a523260802abf9feaa1,pattato1/language-tutor,200,,
8646,2026-08-30T21:38:43.456783+00:00,scenarios.py,https://huggingface.co/spaces/pattato1/language-tutor/resolve/05c383f1d23d0d28e3407334bdc524aecd407e46/scenarios.py,05c383f1d23d0d28e3407334bdc524aecd407e46,113a264318c15bdbaef391447e29d3272ab6ca58a15d2f57fdd7062dc000b58b,pattato1/language-tutor,200,,
2864,2026-08-30T21:38:43.470338+00:00,voice_handler.py,https://huggingface.co/spaces/pattato1/language-tutor/resolve/05c383f1d23d0d28e3407334bdc524aecd407e46/voice_handler.py,05c383f1d23d0d28e3407334bdc524aecd407e46,7e3c679694ee7c3cc991e7d99f2899b50cdd42e70d9fb5d6f328e7e4ed2e171a,pattato1/language-tutor,200,,
277,2026-08-30T21:38:44.024711+00:00,README.md,https://huggingface.co/spaces/pattato1/languagetutor/resolve/53b20346493e9740729dee904998fe11409314a0/README.md,53b20346493e9740729dee904998fe11409314a0,ad445aa764473b167ad9806dba64d0341ca41ce5353d03bd30a9b6933af0b03b,pattato1/languagetutor,200,,
8084,2026-08-30T21:38:44.519072+00:00,app.py,https://huggingface.co/spaces/pattato1/languagetutor/resolve/53b20346493e9740729dee904998fe11409314a0/app.py,53b20346493e9740729dee904998fe11409314a0,bd936e1c3651c41e1edcacad32e7c368b61578b63d03cef57bbd6e6071c47bdd,pattato1/languagetutor,200,,
27,2026-08-30T21:38:44.601065+00:00,requirements.txt,https://huggingface.co/spaces/pattato1/languagetutor/resolve/53b20346493e9740729dee904998fe11409314a0/requirements.txt,53b20346493e9740729dee904998fe11409314a0,03ec83d6d75513c774ab7f6480fa41ca17783e203493d6972d4499f6732839aa,pattato1/languagetutor,200,,
33198,2026-08-30T21:38:44.573920+00:00,scenarios.py,https://huggingface.co/spaces/pattato1/languagetutor/resolve/53b20346493e9740729dee904998fe11409314a0/scenarios.py,53b20346493e9740729dee904998fe11409314a0,8c6c2085c568d180a50992becfb31c1e5c24ee89e434151d65dcc27a96e98d8f,pattato1/languagetutor,200,,
220,2026-08-30T21:38:46.254363+00:00,README.md,https://huggingface.co/spaces/pavan151600/edugeniusai-smart-learning-companion/resolve/23b78a2b1f2a269aa3441a8e7d4eb076c5c64675/README.md,23b78a2b1f2a269aa3441a8e7d4eb076c5c64675,cf58fdd8ce7d4264cb643c01accb1049d567d2976d005418365586ecbb97053c,pavan151600/edugeniusai-smart-learning-companion,200,,
546,2026-08-30T21:38:46.752651+00:00,index.html,https://huggingface.co/spaces/pavan151600/edugeniusai-smart-learning-companion/resolve/23b78a2b1f2a269aa3441a8e7d4eb076c5c64675/index.html,23b78a2b1f2a269aa3441a8e7d4eb076c5c64675,fef10b4e06879d75c496c1ce3e89410bff1b77bf51220f21570255d1f214580e,pavan151600/edugeniusai-smart-learning-companion,200,,
268,2026-08-30T21:38:47.248323+00:00,README.md,https://huggingface.co/spaces/pawanjerwa2023/edugenius-ai-powered-learning-companion/resolve/aceba50d2a05559e4b420783b4b334badd6683e7/README.md,aceba50d2a05559e4b420783b4b334badd6683e7,257857921af706317e42c903e103bb30d286139acdf092eb02d82b02b541f1cc,pawanjerwa2023/edugenius-ai-powered-learning-companion,200,,
4530,2026-08-30T21:38:47.940042+00:00,components/features.js,https://huggingface.co/spaces/pawanjerwa2023/edugenius-ai-powered-learning-companion/resolve/aceba50d2a05559e4b420783b4b334badd6683e7/components/features.js,aceba50d2a05559e4b420783b4b334badd6683e7,c88d985eb49c8bfe134961f50b7de96ca977fd07fce8fd92f4868540e84aa8c2,pawanjerwa2023/edugenius-ai-powered-learning-companion,200,,
4369,2026-08-30T21:38:47.748813+00:00,components/hero.js,https://huggingface.co/spaces/pawanjerwa2023/edugenius-ai-powered-learning-companion/resolve/aceba50d2a05559e4b420783b4b334badd6683e7/components/hero.js,aceba50d2a05559e4b420783b4b334badd6683e7,964e3cad22ede4537b031fd6190047b1a02bbf09c9159e78f8c706e9fa3d2c59,pawanjerwa2023/edugenius-ai-powered-learning-companion,200,,
5288,2026-08-30T21:38:47.757202+00:00,components/navbar.js,https://huggingface.co/spaces/pawanjerwa2023/edugenius-ai-powered-learning-companion/resolve/aceba50d2a05559e4b420783b4b334badd6683e7/components/navbar.js,aceba50d2a05559e4b420783b4b334badd6683e7,f440fc8290946ba3145b7c94bfb053cb48e0b9b4de59b70f75355cafe5eb49d5,pawanjerwa2023/edugenius-ai-powered-learning-companion,200,,
1452,2026-08-30T21:38:47.743492+00:00,index.html,https://huggingface.co/spaces/pawanjerwa2023/edugenius-ai-powered-learning-companion/resolve/aceba50d2a05559e4b420783b4b334badd6683e7/index.html,aceba50d2a05559e4b420783b4b334badd6683e7,3a58c1ef539da2eea3fc656574687bc3ddad9f0aa31bcf54fa7bc0668850cd64,pawanjerwa2023/edugenius-ai-powered-learning-companion,200,,
1418,2026-08-30T21:38:47.765033+00:00,script.js,https://huggingface.co/spaces/pawanjerwa2023/edugenius-ai-powered-learning-companion/resolve/aceba50d2a05559e4b420783b4b334badd6683e7/script.js,aceba50d2a05559e4b420783b4b334badd6683e7,fd7e18a5b3b33cafd43b8d804799c7b2772a64a719608a2438fcbe88a5991f30,pawanjerwa2023/edugenius-ai-powered-learning-companion,200,,
234,2026-08-30T21:38:48.444862+00:00,README.md,https://huggingface.co/spaces/peacedamilola/ecostudy-green-study-assistant/resolve/97d8484425734fdd7c74a935a61813ac2c79c569/README.md,97d8484425734fdd7c74a935a61813ac2c79c569,90e6ded14aa69b4244e1ddc7110ced4f010faf75adb875ee442224356816533e,peacedamilola/ecostudy-green-study-assistant,200,,
34749,2026-08-30T21:38:48.935606+00:00,index.html,https://huggingface.co/spaces/peacedamilola/ecostudy-green-study-assistant/resolve/97d8484425734fdd7c74a935a61813ac2c79c569/index.html,97d8484425734fdd7c74a935a61813ac2c79c569,f27a8c27f98d8786a8f5ba5a1e633a1ca6b040561a5ff14db39a2f3f214c6447,peacedamilola/ecostudy-green-study-assistant,200,,
273,2026-08-30T21:38:49.477480+00:00,README.md,https://huggingface.co/spaces/peddakommulaiahgarimahesh/Studyassistant/resolve/02095b35ef64a9662f337f1244d3f9e7b8a1bfaf/README.md,02095b35ef64a9662f337f1244d3f9e7b8a1bfaf,4f0f97e51066cb47372286d3e72af3e94ab9657629fa88dbf121458fe89c8cd3,peddakommulaiahgarimahesh/Studyassistant,200,,
451,2026-08-30T21:38:49.979458+00:00,README.md,https://huggingface.co/spaces/phanisrigandla/AI_Tutor/resolve/0d18d3464b668fe7ad44c25509cae11281590391/README.md,0d18d3464b668fe7ad44c25509cae11281590391,76c3f208e40d39a5e2a455ace82b1441a04296feb9098c1ec20ff20c4f7d447a,phanisrigandla/AI_Tutor,200,,
1387,2026-08-30T21:38:50.514595+00:00,app.py,https://huggingface.co/spaces/phanisrigandla/AI_Tutor/resolve/0d18d3464b668fe7ad44c25509cae11281590391/app.py,0d18d3464b668fe7ad44c25509cae11281590391,18782715e6f445880070b72f1754c4b0a8bf9ce0b8a5c71e0f98f31f1d5e6021,phanisrigandla/AI_Tutor,200,,
461,2026-08-30T21:38:50.493396+00:00,prompt.py,https://huggingface.co/spaces/phanisrigandla/AI_Tutor/resolve/0d18d3464b668fe7ad44c25509cae11281590391/prompt.py,0d18d3464b668fe7ad44c25509cae11281590391,acc81f0dd7742f1d857bbe39ff633077136293872b7fe380b28bfcbe3e6db440,phanisrigandla/AI_Tutor,200,,
77,2026-08-30T21:38:50.484730+00:00,requirements.txt,https://huggingface.co/spaces/phanisrigandla/AI_Tutor/resolve/0d18d3464b668fe7ad44c25509cae11281590391/requirements.txt,0d18d3464b668fe7ad44c25509cae11281590391,af6d45303ce3dd6c733ce02170525a7602b2b42f125b11cb7eb542ed2258a6df,phanisrigandla/AI_Tutor,200,,
1125,2026-08-30T21:38:50.498840+00:00,src/streamlit_app.py,https://huggingface.co/spaces/phanisrigandla/AI_Tutor/resolve/0d18d3464b668fe7ad44c25509cae11281590391/src/streamlit_app.py,0d18d3464b668fe7ad44c25509cae11281590391,67c3220df70c5f085a360e92abd29ba4c9f56cbd5ffcab04cd45ba6096794b04,phanisrigandla/AI_Tutor,200,,
404,2026-08-30T21:38:50.624121+00:00,tutor.py,https://huggingface.co/spaces/phanisrigandla/AI_Tutor/resolve/0d18d3464b668fe7ad44c25509cae11281590391/tutor.py,0d18d3464b668fe7ad44c25509cae11281590391,2331d3fe7203ae113315e131e223da14ab5aa324977a7c5718557eb140410b5a,phanisrigandla/AI_Tutor,200,,
959,2026-08-30T21:38:51.117572+00:00,README.md,https://huggingface.co/spaces/philipobiorah/socratic-tutor/resolve/184a7abe9dbb0025465353bcfe072b7766949617/README.md,184a7abe9dbb0025465353bcfe072b7766949617,d445233d02754697e0313241ac17c5ad52d2a1c192edc212b22ff7b18f548b23,philipobiorah/socratic-tutor,200,,
12726,2026-08-30T21:38:51.605744+00:00,app.py,https://huggingface.co/spaces/philipobiorah/socratic-tutor/resolve/184a7abe9dbb0025465353bcfe072b7766949617/app.py,184a7abe9dbb0025465353bcfe072b7766949617,6a5c09271c6989af1e88ce1c76125a901a0ca50fa1253dbbda3616cfe4ef6394,philipobiorah/socratic-tutor,200,,
154,2026-08-30T21:38:51.605081+00:00,requirements.txt,https://huggingface.co/spaces/philipobiorah/socratic-tutor/resolve/184a7abe9dbb0025465353bcfe072b7766949617/requirements.txt,184a7abe9dbb0025465353bcfe072b7766949617,8ce58c0fb6cc316a939dfd1c7267f825e984ba8715f9dde6d5e7e2611e0792e2,philipobiorah/socratic-tutor,200,,
274,2026-08-30T21:38:53.156252+00:00,README.md,https://huggingface.co/spaces/piscesdahyun/edubuddy-connect-digital-learning-companion/resolve/56abac011bf9cf3c4b98328c571a87c32d831d11/README.md,56abac011bf9cf3c4b98328c571a87c32d831d11,292c75c010d0e77407d13e381c6b1f6105d548837171356d60544bbe623aed3d,piscesdahyun/edubuddy-connect-digital-learning-companion,200,,
3816,2026-08-30T21:38:53.666552+00:00,components/footer.js,https://huggingface.co/spaces/piscesdahyun/edubuddy-connect-digital-learning-companion/resolve/56abac011bf9cf3c4b98328c571a87c32d831d11/components/footer.js,56abac011bf9cf3c4b98328c571a87c32d831d11,a0294234ada878164eb9bb5b2529f7f1f959bbf9a75cf8b6b84cb38f969eac32,piscesdahyun/edubuddy-connect-digital-learning-companion,200,,
1676,2026-08-30T21:38:53.674067+00:00,components/header.js,https://huggingface.co/spaces/piscesdahyun/edubuddy-connect-digital-learning-companion/resolve/56abac011bf9cf3c4b98328c571a87c32d831d11/components/header.js,56abac011bf9cf3c4b98328c571a87c32d831d11,5bf313b4d44b42411ee5652fb7d32741ca183c9abeedbff6991164cab460faee,piscesdahyun/edubuddy-connect-digital-learning-companion,200,,
3041,2026-08-30T21:38:53.665446+00:00,index.html,https://huggingface.co/spaces/piscesdahyun/edubuddy-connect-digital-learning-companion/resolve/56abac011bf9cf3c4b98328c571a87c32d831d11/index.html,56abac011bf9cf3c4b98328c571a87c32d831d11,7c5256187dbcb6e79a809b2194b0bd4fe1db39660f2b2e0101b2467c0837ac4e,piscesdahyun/edubuddy-connect-digital-learning-companion,200,,
435,2026-08-30T21:38:53.668758+00:00,script.js,https://huggingface.co/spaces/piscesdahyun/edubuddy-connect-digital-learning-companion/resolve/56abac011bf9cf3c4b98328c571a87c32d831d11/script.js,56abac011bf9cf3c4b98328c571a87c32d831d11,10115119cdedf7a5de7e2035555cf551bc947d4c9f4c853cccfd4776165ddbae,piscesdahyun/edubuddy-connect-digital-learning-companion,200,,
254,2026-08-30T21:38:55.178820+00:00,README.md,https://huggingface.co/spaces/poojithathalla/AI_TUTOR/resolve/bf0fe35c4fca7b2dec742b76cc3bdd2e4a267809/README.md,bf0fe35c4fca7b2dec742b76cc3bdd2e4a267809,05ef9bcd945443c896d0895b61f9b18784ec749752277b0a5376fa307d13f730,poojithathalla/AI_TUTOR,200,,
1710,2026-08-30T21:38:55.681313+00:00,app.py,https://huggingface.co/spaces/poojithathalla/AI_TUTOR/resolve/bf0fe35c4fca7b2dec742b76cc3bdd2e4a267809/app.py,bf0fe35c4fca7b2dec742b76cc3bdd2e4a267809,2c8aef345517b2a8e7fb559106efdccb906b4e69561c6dc7a95dbe5a08638998,poojithathalla/AI_TUTOR,200,,
19,2026-08-30T21:38:55.673490+00:00,requirements.txt,https://huggingface.co/spaces/poojithathalla/AI_TUTOR/resolve/bf0fe35c4fca7b2dec742b76cc3bdd2e4a267809/requirements.txt,bf0fe35c4fca7b2dec742b76cc3bdd2e4a267809,7b8a226e55bb285e1ab07c5ed9320591e97a3aae4c072264d418d1dae77d8228,poojithathalla/AI_TUTOR,200,,
236,2026-08-30T21:38:57.214896+00:00,README.md,https://huggingface.co/spaces/pradeepodela/AI-tech-tutor/resolve/c2ed44015bf75d197fb2aba33a2dc3f910d1fb75/README.md,c2ed44015bf75d197fb2aba33a2dc3f910d1fb75,e0e086cdcb68daeece3efb44d895843b43d84f56e112a6f7833e8b05c7d56442,pradeepodela/AI-tech-tutor,200,,
6029,2026-08-30T21:38:57.710037+00:00,app.py,https://huggingface.co/spaces/pradeepodela/AI-tech-tutor/resolve/c2ed44015bf75d197fb2aba33a2dc3f910d1fb75/app.py,c2ed44015bf75d197fb2aba33a2dc3f910d1fb75,cef8a2769670fe1477704398cb284f40a503c28e8b95ef79c71c3ad162c2e813,pradeepodela/AI-tech-tutor,200,,
41,2026-08-30T21:38:57.856516+00:00,requirements.txt,https://huggingface.co/spaces/pradeepodela/AI-tech-tutor/resolve/c2ed44015bf75d197fb2aba33a2dc3f910d1fb75/requirements.txt,c2ed44015bf75d197fb2aba33a2dc3f910d1fb75,75f65be271f862c40c93f3f87da5ca2c301b4071450feeee30da6094375a278e,pradeepodela/AI-tech-tutor,200,,
233,2026-08-30T21:38:58.355701+00:00,README.md,https://huggingface.co/spaces/pradeepodela/AItutor/resolve/0628f834fcd7d091a464787c47a95540c8234667/README.md,0628f834fcd7d091a464787c47a95540c8234667,0187e9ab7bf00c875c536e6e8d06c62835da65f28ce40cb7060df08e8bd060d9,pradeepodela/AItutor,200,,
298,2026-08-30T21:39:00.401709+00:00,README.md,https://huggingface.co/spaces/pranav120907/studyassistant/resolve/115788f2160d1343a6f79b91293e0371fdc17734/README.md,115788f2160d1343a6f79b91293e0371fdc17734,eafab42da1982cd0e776127695c301216a458e500a9797aad4adf57fefd5a89b,pranav120907/studyassistant,200,,
268,2026-08-30T21:39:00.899947+00:00,README.md,https://huggingface.co/spaces/pranaymachi/StudyAssistant/resolve/c480550b6ebd909f9d6dbfeed387b8acca9a1895/README.md,c480550b6ebd909f9d6dbfeed387b8acca9a1895,af5aa7858e43b986f6a6b0c672e85bf8340e56386752f3236a5e0845cb5c14b1,pranaymachi/StudyAssistant,200,,
1838,2026-09-02T19:09:00.231049+00:00,app.py,https://huggingface.co/spaces/pranaymachi/StudyAssistant/resolve/c480550b6ebd909f9d6dbfeed387b8acca9a1895/app.py,c480550b6ebd909f9d6dbfeed387b8acca9a1895,41385e1eebf052058ed64b516aa78058611fc8f6c9aeff5b90ec93fa298d3117,pranaymachi/StudyAssistant,200,lossless-v2,utf-8
27,2026-09-02T19:09:00.381071+00:00,requirements.txt,https://huggingface.co/spaces/pranaymachi/StudyAssistant/resolve/c480550b6ebd909f9d6dbfeed387b8acca9a1895/requirements.txt,c480550b6ebd909f9d6dbfeed387b8acca9a1895,65a5c16d0f618e44928c74f592f2851098f74fb72f825bd8f18a070a37579b02,pranaymachi/StudyAssistant,200,lossless-v2,utf-8
423,2026-08-30T21:39:01.409826+00:00,README.md,https://huggingface.co/spaces/praneeth300/AI-Quiz-Generator/resolve/60695faebe0978c5629a56b17eac1796e6160cac/README.md,60695faebe0978c5629a56b17eac1796e6160cac,ad3bfd492b802a2ba772f7c100a191e15ec379d37253f7b4a96efbeae93deca2,praneeth300/AI-Quiz-Generator,200,,
8952,2026-08-30T21:39:01.969950+00:00,app.py,https://huggingface.co/spaces/praneeth300/AI-Quiz-Generator/resolve/60695faebe0978c5629a56b17eac1796e6160cac/app.py,60695faebe0978c5629a56b17eac1796e6160cac,f915dc6a4930dfe3e12f810642b17840d1e47e70fca12ed2edbd919b49f0377f,praneeth300/AI-Quiz-Generator,200,,
106,2026-08-30T21:39:01.909880+00:00,requirements.txt,https://huggingface.co/spaces/praneeth300/AI-Quiz-Generator/resolve/60695faebe0978c5629a56b17eac1796e6160cac/requirements.txt,60695faebe0978c5629a56b17eac1796e6160cac,d6f448d619466962bc2832cfaeb1572ca4aae19db723888b5b32ce58fcdfa443,praneeth300/AI-Quiz-Generator,200,,
1125,2026-08-30T21:39:01.940960+00:00,src/streamlit_app.py,https://huggingface.co/spaces/praneeth300/AI-Quiz-Generator/resolve/60695faebe0978c5629a56b17eac1796e6160cac/src/streamlit_app.py,60695faebe0978c5629a56b17eac1796e6160cac,67c3220df70c5f085a360e92abd29ba4c9f56cbd5ffcab04cd45ba6096794b04,praneeth300/AI-Quiz-Generator,200,,
245,2026-08-30T21:39:03.517170+00:00,README.md,https://huggingface.co/spaces/prasanth22118131/StudyAssistant/resolve/1b641269d55fc1239aaf51f587a7208d7a5a52b9/README.md,1b641269d55fc1239aaf51f587a7208d7a5a52b9,e3526f2f124b13ca7e2650929f6d9d199730af6b3253b44cf669dc4d2740c76d,prasanth22118131/StudyAssistant,200,,
1817,2026-09-02T19:09:00.988813+00:00,app.py,https://huggingface.co/spaces/prasanth22118131/StudyAssistant/resolve/1b641269d55fc1239aaf51f587a7208d7a5a52b9/app.py,1b641269d55fc1239aaf51f587a7208d7a5a52b9,05786a91a0108829ab003ea550364537d885e0fa4db857a6482b0846cb2880bd,prasanth22118131/StudyAssistant,200,lossless-v2,utf-8
20,2026-09-02T19:09:00.950934+00:00,requirements.txt,https://huggingface.co/spaces/prasanth22118131/StudyAssistant/resolve/1b641269d55fc1239aaf51f587a7208d7a5a52b9/requirements.txt,1b641269d55fc1239aaf51f587a7208d7a5a52b9,6f1756c6ef672af0d7db4cad79cfc682868d203d904a5b6aa55db9c2017ca5ad,prasanth22118131/StudyAssistant,200,lossless-v2,utf-8
250,2026-08-30T21:39:06.654680+00:00,README.md,https://huggingface.co/spaces/pratikshahp/Education-Chatbot-Guardrail/resolve/3f2e3d404b9be110a032a8e4b1a1c8d96cdc12ec/README.md,3f2e3d404b9be110a032a8e4b1a1c8d96cdc12ec,c30ddea5d9359b5e70966993da6bd447c60ddde880ac6d52220d7fff05f11ae2,pratikshahp/Education-Chatbot-Guardrail,200,,
4056,2026-08-30T21:39:07.148644+00:00,app.py,https://huggingface.co/spaces/pratikshahp/Education-Chatbot-Guardrail/resolve/3f2e3d404b9be110a032a8e4b1a1c8d96cdc12ec/app.py,3f2e3d404b9be110a032a8e4b1a1c8d96cdc12ec,c62ccf0c590814de1c5fd0dfffd778871da2e0ddcd3e84bddc849a4a8e2b22e9,pratikshahp/Education-Chatbot-Guardrail,200,,
2535,2026-08-30T21:39:07.182299+00:00,guardrail.py,https://huggingface.co/spaces/pratikshahp/Education-Chatbot-Guardrail/resolve/3f2e3d404b9be110a032a8e4b1a1c8d96cdc12ec/guardrail.py,3f2e3d404b9be110a032a8e4b1a1c8d96cdc12ec,b0af76ab4aace6c178e0ed934e675bb3286c9aa3974faa8d2e0842b24b28e017,pratikshahp/Education-Chatbot-Guardrail,200,,
2710,2026-08-30T21:39:07.150459+00:00,openai-app.py,https://huggingface.co/spaces/pratikshahp/Education-Chatbot-Guardrail/resolve/3f2e3d404b9be110a032a8e4b1a1c8d96cdc12ec/openai-app.py,3f2e3d404b9be110a032a8e4b1a1c8d96cdc12ec,1ad4371c8a670f4a0ed3adfad995b14a9255e664a25fec78be2981f8535a8c25,pratikshahp/Education-Chatbot-Guardrail,200,,
51,2026-08-30T21:39:07.159547+00:00,requirements.txt,https://huggingface.co/spaces/pratikshahp/Education-Chatbot-Guardrail/resolve/3f2e3d404b9be110a032a8e4b1a1c8d96cdc12ec/requirements.txt,3f2e3d404b9be110a032a8e4b1a1c8d96cdc12ec,940e27f132b40d762e623e715d45d19789029025ef44507914c120d072d942e0,pratikshahp/Education-Chatbot-Guardrail,200,,
214,2026-08-30T21:39:07.680239+00:00,README.md,https://huggingface.co/spaces/praveenpamisetty/study_assistant/resolve/12fb5c70d973c181bd1862e49418b99efa32afc7/README.md,12fb5c70d973c181bd1862e49418b99efa32afc7,dfa2d1986972904348458423f61cdd05bb25495b28af8b48a3391cb5c5b952af,praveenpamisetty/study_assistant,200,,
1664,2026-08-30T21:39:08.166799+00:00,index.html,https://huggingface.co/spaces/praveenpamisetty/study_assistant/resolve/12fb5c70d973c181bd1862e49418b99efa32afc7/index.html,12fb5c70d973c181bd1862e49418b99efa32afc7,870dca6ad2db4be31e3278dcbe59b8c43c3f02baf1c1e105a7d8e73a68c23d7a,praveenpamisetty/study_assistant,200,,
249,2026-08-30T21:39:09.179608+00:00,README.md,https://huggingface.co/spaces/provokingdiaries/AI_TUTOR/resolve/2d00e365a42a2eb6a35f7cae9612aaa42848a1ed/README.md,2d00e365a42a2eb6a35f7cae9612aaa42848a1ed,55a8fb24be9a9cb8a7c0c79bec82f80d54558eef04421e25c54d6e3f4ce60c3e,provokingdiaries/AI_TUTOR,200,,
1691,2026-08-30T21:39:09.676258+00:00,app.py,https://huggingface.co/spaces/provokingdiaries/AI_TUTOR/resolve/2d00e365a42a2eb6a35f7cae9612aaa42848a1ed/app.py,2d00e365a42a2eb6a35f7cae9612aaa42848a1ed,a6639841a2b4a4e4f5d306f8efead9d03d8a41ac867ca361b27bda59a60d03be,provokingdiaries/AI_TUTOR,200,,
19,2026-08-30T21:39:09.673168+00:00,requirements.txt,https://huggingface.co/spaces/provokingdiaries/AI_TUTOR/resolve/2d00e365a42a2eb6a35f7cae9612aaa42848a1ed/requirements.txt,2d00e365a42a2eb6a35f7cae9612aaa42848a1ed,52a53d7bc8faf8ac3da098be359f337016e6bbab6148b7420e87f3131c30cb9c,provokingdiaries/AI_TUTOR,200,,
10689,2026-08-30T21:39:10.146350+00:00,README.md,https://huggingface.co/spaces/pseudolab/AI_Tutor_BERT/resolve/3c61bbdb4cc23aabcb7572a2ac3e816213613f2c/README.md,3c61bbdb4cc23aabcb7572a2ac3e816213613f2c,534c406ea78bedb3a7a8b283d3679843f3d64158c2f041b9d86beebdc1db2f2f,pseudolab/AI_Tutor_BERT,200,,
3800,2026-08-30T21:39:10.634819+00:00,app.py,https://huggingface.co/spaces/pseudolab/AI_Tutor_BERT/resolve/3c61bbdb4cc23aabcb7572a2ac3e816213613f2c/app.py,3c61bbdb4cc23aabcb7572a2ac3e816213613f2c,75039ff5ae3acc53b0618dc0b85995e1c6b85b9bf9ed0800f53e87814687a528,pseudolab/AI_Tutor_BERT,200,,
44,2026-08-30T21:39:10.639316+00:00,requirements.txt,https://huggingface.co/spaces/pseudolab/AI_Tutor_BERT/resolve/3c61bbdb4cc23aabcb7572a2ac3e816213613f2c/requirements.txt,3c61bbdb4cc23aabcb7572a2ac3e816213613f2c,117ab8ec3f0c142945023fafddfb376508654dc003b2a61afa26f26ee7438116,pseudolab/AI_Tutor_BERT,200,,
257,2026-08-30T21:39:11.150553+00:00,README.md,https://huggingface.co/spaces/pydeoxy/quiz_generator/resolve/15a9593e258144ea396674bf6d75c17f934930bc/README.md,15a9593e258144ea396674bf6d75c17f934930bc,b6759ef31b1737edc42a58437d13c8ea66de8105474676f98898f6e0aead24e4,pydeoxy/quiz_generator,200,,
1994,2026-08-30T21:39:11.660927+00:00,app.py,https://huggingface.co/spaces/pydeoxy/quiz_generator/resolve/15a9593e258144ea396674bf6d75c17f934930bc/app.py,15a9593e258144ea396674bf6d75c17f934930bc,387b24660c89e7c2b5db2a4dfe7bbf4b3bf17c1ad3b840fdf9fe1345e7e3a6e7,pydeoxy/quiz_generator,200,,
46,2026-08-30T21:39:11.678406+00:00,requirements.txt,https://huggingface.co/spaces/pydeoxy/quiz_generator/resolve/15a9593e258144ea396674bf6d75c17f934930bc/requirements.txt,15a9593e258144ea396674bf6d75c17f934930bc,b2fe9ad039a17463cdbcd5e892a3ca83b433b355cf91f73a71ea92552f584eef,pydeoxy/quiz_generator,200,,
202,2026-08-30T21:39:12.216237+00:00,README.md,https://huggingface.co/spaces/qhaData/quiz-generator-api/resolve/c025198471edcd4f6df87ac35782ac3f4ecfd659/README.md,c025198471edcd4f6df87ac35782ac3f4ecfd659,b4a8f1427e6197877dc4b02071a5cb5dfa55507653ecb5249666426a2c72cb92,qhaData/quiz-generator-api,200,,
0,2026-08-30T21:39:12.474433+00:00,__init__.py,https://huggingface.co/spaces/qhaData/quiz-generator-api/resolve/c025198471edcd4f6df87ac35782ac3f4ecfd659/__init__.py,c025198471edcd4f6df87ac35782ac3f4ecfd659,e3b0c44298fc1c149afbf4c8996fb92427ae41e4649b934ca495991b7852b855,qhaData/quiz-generator-api,200,,
3689,2026-08-30T21:39:12.757378+00:00,main.py,https://huggingface.co/spaces/qhaData/quiz-generator-api/resolve/c025198471edcd4f6df87ac35782ac3f4ecfd659/main.py,c025198471edcd4f6df87ac35782ac3f4ecfd659,84c4eea1b053d3a2f5a781daa433ecc5c95a2d1ad433824918980f69634547a6,qhaData/quiz-generator-api,200,,
0,2026-08-30T21:39:12.493829+00:00,models/__init__.py,https://huggingface.co/spaces/qhaData/quiz-generator-api/resolve/c025198471edcd4f6df87ac35782ac3f4ecfd659/models/__init__.py,c025198471edcd4f6df87ac35782ac3f4ecfd659,e3b0c44298fc1c149afbf4c8996fb92427ae41e4649b934ca495991b7852b855,qhaData/quiz-generator-api,200,,
5720,2026-08-30T21:39:12.805609+00:00,models/quiz_models.py,https://huggingface.co/spaces/qhaData/quiz-generator-api/resolve/c025198471edcd4f6df87ac35782ac3f4ecfd659/models/quiz_models.py,c025198471edcd4f6df87ac35782ac3f4ecfd659,d84c32b007f638767f527ab259404c6789b0870df6f7b1885361a7af93ef8aae,qhaData/quiz-generator-api,200,,
40,2026-08-30T21:39:12.773799+00:00,requirements.txt,https://huggingface.co/spaces/qhaData/quiz-generator-api/resolve/c025198471edcd4f6df87ac35782ac3f4ecfd659/requirements.txt,c025198471edcd4f6df87ac35782ac3f4ecfd659,a5e4e7289b9a999d190960abd2030f5850d65960a1233cd6af7b06eb5547a413,qhaData/quiz-generator-api,200,,
0,2026-08-30T21:39:12.521495+00:00,routes/__init__.py,https://huggingface.co/spaces/qhaData/quiz-generator-api/resolve/c025198471edcd4f6df87ac35782ac3f4ecfd659/routes/__init__.py,c025198471edcd4f6df87ac35782ac3f4ecfd659,e3b0c44298fc1c149afbf4c8996fb92427ae41e4649b934ca495991b7852b855,qhaData/quiz-generator-api,200,,
1297,2026-08-30T21:39:12.789863+00:00,routes/admin_routes.py,https://huggingface.co/spaces/qhaData/quiz-generator-api/resolve/c025198471edcd4f6df87ac35782ac3f4ecfd659/routes/admin_routes.py,c025198471edcd4f6df87ac35782ac3f4ecfd659,81090fd5518b81a9c4899c83e5e287f97a9748ed14fffaf85df657482e221b4b,qhaData/quiz-generator-api,200,,
2206,2026-08-30T21:39:12.766657+00:00,routes/health_routes.py,https://huggingface.co/spaces/qhaData/quiz-generator-api/resolve/c025198471edcd4f6df87ac35782ac3f4ecfd659/routes/health_routes.py,c025198471edcd4f6df87ac35782ac3f4ecfd659,4afd96354e8923d5133977d7d0199e0a245f692c5ff7011fd72e9ec1a2b84861,qhaData/quiz-generator-api,200,,
8451,2026-08-30T21:39:13.030052+00:00,routes/quiz_routes.py,https://huggingface.co/spaces/qhaData/quiz-generator-api/resolve/c025198471edcd4f6df87ac35782ac3f4ecfd659/routes/quiz_routes.py,c025198471edcd4f6df87ac35782ac3f4ecfd659,19bc3d8d6cd2ce12361326899a0f79401a72471b34fa28ca6946b06adead2c5c,qhaData/quiz-generator-api,200,,
202,2026-08-30T21:39:13.537039+00:00,README.md,https://huggingface.co/spaces/qhaData/quiz-generator-app/resolve/d1187f67dbfc3b367111143069342725a15876e5/README.md,d1187f67dbfc3b367111143069342725a15876e5,5601d7b500dd3c6dd3409a67df9249051a27b500a8f9ad840354f8991f9000ed,qhaData/quiz-generator-app,200,,
16185,2026-08-30T21:39:14.027085+00:00,app.py,https://huggingface.co/spaces/qhaData/quiz-generator-app/resolve/d1187f67dbfc3b367111143069342725a15876e5/app.py,d1187f67dbfc3b367111143069342725a15876e5,cbd2f17a6225d332ef75305fb350eca153f86856e9063c9f6751b942281403f4,qhaData/quiz-generator-app,200,,
869,2026-08-30T21:39:14.046858+00:00,core/check.py,https://huggingface.co/spaces/qhaData/quiz-generator-app/resolve/d1187f67dbfc3b367111143069342725a15876e5/core/check.py,d1187f67dbfc3b367111143069342725a15876e5,22d80712a0253231c0d5403241233a554b7234858e87c970875015b08b267927,qhaData/quiz-generator-app,200,,
669,2026-08-30T21:39:14.035661+00:00,core/config.py,https://huggingface.co/spaces/qhaData/quiz-generator-app/resolve/d1187f67dbfc3b367111143069342725a15876e5/core/config.py,d1187f67dbfc3b367111143069342725a15876e5,b9d609be9c7734dc5ed71f25d4e16850b79ed1f1c0bb93366b66d58370286fcc,qhaData/quiz-generator-app,200,,
4018,2026-08-30T21:39:14.078154+00:00,core/helpers.py,https://huggingface.co/spaces/qhaData/quiz-generator-app/resolve/d1187f67dbfc3b367111143069342725a15876e5/core/helpers.py,d1187f67dbfc3b367111143069342725a15876e5,51363f6d0c23a9eca5389bc4689a2ca3c1d62ff5f2bbe505c3c67eca8d7967bc,qhaData/quiz-generator-app,200,,
66,2026-08-30T21:39:14.050378+00:00,requirements.txt,https://huggingface.co/spaces/qhaData/quiz-generator-app/resolve/d1187f67dbfc3b367111143069342725a15876e5/requirements.txt,d1187f67dbfc3b367111143069342725a15876e5,200f4e9312b678428e89b527f95048f231c88d7d6dfdb6eab3d41cd9a9b688ec,qhaData/quiz-generator-app,200,,
37572,2026-08-30T21:39:14.072572+00:00,ui/style.py,https://huggingface.co/spaces/qhaData/quiz-generator-app/resolve/d1187f67dbfc3b367111143069342725a15876e5/ui/style.py,d1187f67dbfc3b367111143069342725a15876e5,7a8b6fbe781dfd74a70cfe7f566c76c573179e6bc3cf1c0329cf34d940875fa3,qhaData/quiz-generator-app,200,,
51331,2026-08-30T21:39:14.098664+00:00,ui/ui_gradio.py,https://huggingface.co/spaces/qhaData/quiz-generator-app/resolve/d1187f67dbfc3b367111143069342725a15876e5/ui/ui_gradio.py,d1187f67dbfc3b367111143069342725a15876e5,f811ebfc90c87c3562dd488a4e27444e7759497ecd5cda3bb82e284031f8dbee,qhaData/quiz-generator-app,200,,
207,2026-08-30T21:39:14.654353+00:00,README.md,https://huggingface.co/spaces/qhaData/quiz-generator-pipeline/resolve/246f845d6bde3150011bf0ebb781ec394b870f57/README.md,246f845d6bde3150011bf0ebb781ec394b870f57,2b89e0eca5ad0dbf730a332d1c6fd4192a452d502ec0e8b4137a435bb1c5ed0c,qhaData/quiz-generator-pipeline,200,,
0,2026-08-30T21:39:14.908150+00:00,__init__.py,https://huggingface.co/spaces/qhaData/quiz-generator-pipeline/resolve/246f845d6bde3150011bf0ebb781ec394b870f57/__init__.py,246f845d6bde3150011bf0ebb781ec394b870f57,e3b0c44298fc1c149afbf4c8996fb92427ae41e4649b934ca495991b7852b855,qhaData/quiz-generator-pipeline,200,,
0,2026-08-30T21:39:14.906937+00:00,data/readme.md,https://huggingface.co/spaces/qhaData/quiz-generator-pipeline/resolve/246f845d6bde3150011bf0ebb781ec394b870f57/data/readme.md,246f845d6bde3150011bf0ebb781ec394b870f57,e3b0c44298fc1c149afbf4c8996fb92427ae41e4649b934ca495991b7852b855,qhaData/quiz-generator-pipeline,200,,
0,2026-08-30T21:39:14.905885+00:00,pipeline/__init__.py,https://huggingface.co/spaces/qhaData/quiz-generator-pipeline/resolve/246f845d6bde3150011bf0ebb781ec394b870f57/pipeline/__init__.py,246f845d6bde3150011bf0ebb781ec394b870f57,e3b0c44298fc1c149afbf4c8996fb92427ae41e4649b934ca495991b7852b855,qhaData/quiz-generator-pipeline,200,,
2417,2026-08-30T21:39:15.215052+00:00,pipeline/chroma_handler.py,https://huggingface.co/spaces/qhaData/quiz-generator-pipeline/resolve/246f845d6bde3150011bf0ebb781ec394b870f57/pipeline/chroma_handler.py,246f845d6bde3150011bf0ebb781ec394b870f57,c17dc78fbf008e2b6838a5da82b9ea4ea7be6deaab9579e907ba308cd969979e,qhaData/quiz-generator-pipeline,200,,
13621,2026-08-30T21:39:15.164651+00:00,pipeline/clustering_theme.py,https://huggingface.co/spaces/qhaData/quiz-generator-pipeline/resolve/246f845d6bde3150011bf0ebb781ec394b870f57/pipeline/clustering_theme.py,246f845d6bde3150011bf0ebb781ec394b870f57,7aac3cee88dcc8b4a87a9157481820169de13f75bec8319c4a25800bd1609c43,qhaData/quiz-generator-pipeline,200,,
1873,2026-08-30T21:39:15.182251+00:00,pipeline/collect_best_chunks_to_prompt.py,https://huggingface.co/spaces/qhaData/quiz-generator-pipeline/resolve/246f845d6bde3150011bf0ebb781ec394b870f57/pipeline/collect_best_chunks_to_prompt.py,246f845d6bde3150011bf0ebb781ec394b870f57,5187272fef02a10fbbefd54fec86997b57c5553346556ea9751d7fbb5d54bed0,qhaData/quiz-generator-pipeline,200,,
814,2026-08-30T21:39:15.169400+00:00,pipeline/config.py,https://huggingface.co/spaces/qhaData/quiz-generator-pipeline/resolve/246f845d6bde3150011bf0ebb781ec394b870f57/pipeline/config.py,246f845d6bde3150011bf0ebb781ec394b870f57,dbf44866c3af90590d1b38370a4cbefd69d3c27646bcda2d566d10f3d26f0556,qhaData/quiz-generator-pipeline,200,,
170,2026-08-30T21:39:15.139723+00:00,pipeline/embedder.py,https://huggingface.co/spaces/qhaData/quiz-generator-pipeline/resolve/246f845d6bde3150011bf0ebb781ec394b870f57/pipeline/embedder.py,246f845d6bde3150011bf0ebb781ec394b870f57,37a7cdc8696d727ab3d1e3ff211e0c162bb9bc99a2e9ded5d4dca17f525a7ee0,qhaData/quiz-generator-pipeline,200,,
625,2026-08-30T21:39:15.490071+00:00,requirements.txt,https://huggingface.co/spaces/qhaData/quiz-generator-pipeline/resolve/246f845d6bde3150011bf0ebb781ec394b870f57/requirements.txt,246f845d6bde3150011bf0ebb781ec394b870f57,631d325fb4c5e3964665f3a8729fbfb3afcc927c95b4420d66d4686731412d5a,qhaData/quiz-generator-pipeline,200,,
255,2026-08-30T21:39:17.530478+00:00,README.md,https://huggingface.co/spaces/rachapich/PISA-Teaching-Assistant-ChatBot-Guru/resolve/6f93f255eacc96903106bd8fb8ad8ad8b6fde95b/README.md,6f93f255eacc96903106bd8fb8ad8ad8b6fde95b,5dc1dbbb79f420d61a067657c70ae545271ff47682962d0069e3f71293724fa2,rachapich/PISA-Teaching-Assistant-ChatBot-Guru,200,,
46508,2026-08-30T21:39:18.030916+00:00,app.py,https://huggingface.co/spaces/rachapich/PISA-Teaching-Assistant-ChatBot-Guru/resolve/6f93f255eacc96903106bd8fb8ad8ad8b6fde95b/app.py,6f93f255eacc96903106bd8fb8ad8ad8b6fde95b,5f3c4b26f10b945dd624a80dadfb88394287b77e26c42837e8a46b1c02e22ec6,rachapich/PISA-Teaching-Assistant-ChatBot-Guru,200,,
21,2026-08-30T21:39:18.033189+00:00,requirements.txt,https://huggingface.co/spaces/rachapich/PISA-Teaching-Assistant-ChatBot-Guru/resolve/6f93f255eacc96903106bd8fb8ad8ad8b6fde95b/requirements.txt,6f93f255eacc96903106bd8fb8ad8ad8b6fde95b,f85e2f8a968e4d2f725afef4020646c5a2baab269662437cccae142966a01f03,rachapich/PISA-Teaching-Assistant-ChatBot-Guru,200,,
269,2026-08-30T21:39:24.417046+00:00,README.md,https://huggingface.co/spaces/raloul/brainybots-ai-powered-learning-companion/resolve/d848f9b46e1ac5c2d56e41053286f6cbf18e6b5d/README.md,d848f9b46e1ac5c2d56e41053286f6cbf18e6b5d,eb7922d0d4f3ec6789ed3ba3fadeb84cb2b996f585da847d228e310a1e20a4ef,raloul/brainybots-ai-powered-learning-companion,200,,
5840,2026-08-30T21:39:24.917051+00:00,components/chatbot.js,https://huggingface.co/spaces/raloul/brainybots-ai-powered-learning-companion/resolve/d848f9b46e1ac5c2d56e41053286f6cbf18e6b5d/components/chatbot.js,d848f9b46e1ac5c2d56e41053286f6cbf18e6b5d,1a3b182a2236280e16bf2a26e10ceb17713016356eb793a7627ae5fb919657c4,raloul/brainybots-ai-powered-learning-companion,200,,
3019,2026-08-30T21:39:24.921379+00:00,components/footer.js,https://huggingface.co/spaces/raloul/brainybots-ai-powered-learning-companion/resolve/d848f9b46e1ac5c2d56e41053286f6cbf18e6b5d/components/footer.js,d848f9b46e1ac5c2d56e41053286f6cbf18e6b5d,8fd1055090e5b900b0d90cf4d02c733cf873590ec7c8ce2cab71818e0ce89696,raloul/brainybots-ai-powered-learning-companion,200,,
2180,2026-08-30T21:39:24.966188+00:00,components/navbar.js,https://huggingface.co/spaces/raloul/brainybots-ai-powered-learning-companion/resolve/d848f9b46e1ac5c2d56e41053286f6cbf18e6b5d/components/navbar.js,d848f9b46e1ac5c2d56e41053286f6cbf18e6b5d,97e439dfd81c352dae9f3fbfc454cd90dfdf28cf6b608eaa7240e79407cfc8c1,raloul/brainybots-ai-powered-learning-companion,200,,
9058,2026-08-30T21:39:25.058615+00:00,cours.html,https://huggingface.co/spaces/raloul/brainybots-ai-powered-learning-companion/resolve/d848f9b46e1ac5c2d56e41053286f6cbf18e6b5d/cours.html,d848f9b46e1ac5c2d56e41053286f6cbf18e6b5d,3cd48a0a5524f0ae6ee787901521e76186131f987b1c42de45d4d5d7b7093258,raloul/brainybots-ai-powered-learning-companion,200,,
4405,2026-08-30T21:39:24.975853+00:00,index.html,https://huggingface.co/spaces/raloul/brainybots-ai-powered-learning-companion/resolve/d848f9b46e1ac5c2d56e41053286f6cbf18e6b5d/index.html,d848f9b46e1ac5c2d56e41053286f6cbf18e6b5d,f3d616150d575d4bbb73c0f93b8c35606fd679f0ce2e6615d62892fbde792381,raloul/brainybots-ai-powered-learning-companion,200,,
687,2026-08-30T21:39:25.004390+00:00,script.js,https://huggingface.co/spaces/raloul/brainybots-ai-powered-learning-companion/resolve/d848f9b46e1ac5c2d56e41053286f6cbf18e6b5d/script.js,d848f9b46e1ac5c2d56e41053286f6cbf18e6b5d,a3e0858a34a0c47760d9c4e400d0593679b67e25fa85b21071dff99f99b16080,raloul/brainybots-ai-powered-learning-companion,200,,
436,2026-08-30T21:39:26.571144+00:00,README.md,https://huggingface.co/spaces/ramashandoubeh/Education-chatbot/resolve/f8661b65a5367cbd04f98fdb0f99e7e21f2c820e/README.md,f8661b65a5367cbd04f98fdb0f99e7e21f2c820e,71ccf68e973cc8d0b64a2f82cc6ab03b84d094a6c25d075400a76f27decfb5e0,ramashandoubeh/Education-chatbot,200,,
1828,2026-08-30T21:39:27.087502+00:00,app.py,https://huggingface.co/spaces/ramashandoubeh/Education-chatbot/resolve/f8661b65a5367cbd04f98fdb0f99e7e21f2c820e/app.py,f8661b65a5367cbd04f98fdb0f99e7e21f2c820e,e81948590a6de0e95c8a2f2280709516a2ad47db456ef3c63f9022dcf03d67a9,ramashandoubeh/Education-chatbot,200,,
429,2026-08-30T21:39:27.596230+00:00,README.md,https://huggingface.co/spaces/ramusakthivel17/educational-rag-chatbot/resolve/b89add2d635df5b53cc4a0d3fbcfdb237b04efa0/README.md,b89add2d635df5b53cc4a0d3fbcfdb237b04efa0,121af1c8b1a805ef2b3f8a7603b6963ec615e66239ee4e759ec8b0900d68aafe,ramusakthivel17/educational-rag-chatbot,200,,
5874,2026-08-30T21:39:28.240141+00:00,app.py,https://huggingface.co/spaces/ramusakthivel17/educational-rag-chatbot/resolve/b89add2d635df5b53cc4a0d3fbcfdb237b04efa0/app.py,b89add2d635df5b53cc4a0d3fbcfdb237b04efa0,a2bd511255b54ff53ff0d36e805a2450b3b1f29cf1878cc4109724c23b064e59,ramusakthivel17/educational-rag-chatbot,200,,
261,2026-08-30T21:39:28.097444+00:00,requirements.txt,https://huggingface.co/spaces/ramusakthivel17/educational-rag-chatbot/resolve/b89add2d635df5b53cc4a0d3fbcfdb237b04efa0/requirements.txt,b89add2d635df5b53cc4a0d3fbcfdb237b04efa0,3760594d2ab9c42b8edad2c4a3a06543e98b0a7a7962d0a7a5be29f00cab9db7,ramusakthivel17/educational-rag-chatbot,200,,
0,2026-08-30T21:39:27.843663+00:00,src/__init__.py,https://huggingface.co/spaces/ramusakthivel17/educational-rag-chatbot/resolve/b89add2d635df5b53cc4a0d3fbcfdb237b04efa0/src/__init__.py,b89add2d635df5b53cc4a0d3fbcfdb237b04efa0,e3b0c44298fc1c149afbf4c8996fb92427ae41e4649b934ca495991b7852b855,ramusakthivel17/educational-rag-chatbot,200,,
2837,2026-08-30T21:39:28.095184+00:00,src/ingestion.py,https://huggingface.co/spaces/ramusakthivel17/educational-rag-chatbot/resolve/b89add2d635df5b53cc4a0d3fbcfdb237b04efa0/src/ingestion.py,b89add2d635df5b53cc4a0d3fbcfdb237b04efa0,e65ef7a372a06181e974d98d89bcfc9e1870714e0f4c85ac4690931c615ac432,ramusakthivel17/educational-rag-chatbot,200,,
3228,2026-08-30T21:39:28.212322+00:00,src/rag_engine.py,https://huggingface.co/spaces/ramusakthivel17/educational-rag-chatbot/resolve/b89add2d635df5b53cc4a0d3fbcfdb237b04efa0/src/rag_engine.py,b89add2d635df5b53cc4a0d3fbcfdb237b04efa0,e549ab6ba75d3d23dd8cfebbb81309c9b7ffc3e64aa9ce70b6c87f1af6253b3c,ramusakthivel17/educational-rag-chatbot,200,,
1633,2026-08-30T21:39:28.177895+00:00,src/vector_store.py,https://huggingface.co/spaces/ramusakthivel17/educational-rag-chatbot/resolve/b89add2d635df5b53cc4a0d3fbcfdb237b04efa0/src/vector_store.py,b89add2d635df5b53cc4a0d3fbcfdb237b04efa0,276988826f75448f854812a73a6460ba99a6f246591eb5d989a61e31600b77d9,ramusakthivel17/educational-rag-chatbot,200,,
634,2026-08-30T21:39:35.766793+00:00,.env.example,https://huggingface.co/spaces/rcventura108000/Sophia-Ai-english-tutor/resolve/1abab357dba9e0ec92b4c96a738667e51ff704f8/.env.example,1abab357dba9e0ec92b4c96a738667e51ff704f8,f67a34e63b9f1656ef906955eb51fea7bf8af69dde5d8938461ddfd295149d85,rcventura108000/Sophia-Ai-english-tutor,200,,
6575,2026-08-30T21:39:35.228609+00:00,README.md,https://huggingface.co/spaces/rcventura108000/Sophia-Ai-english-tutor/resolve/1abab357dba9e0ec92b4c96a738667e51ff704f8/README.md,1abab357dba9e0ec92b4c96a738667e51ff704f8,97b370f665de64385e1c91890861f6a5413be0e79970f2cc0ede399a141476b8,rcventura108000/Sophia-Ai-english-tutor,200,,
80,2026-08-30T21:39:35.743547+00:00,app.py,https://huggingface.co/spaces/rcventura108000/Sophia-Ai-english-tutor/resolve/1abab357dba9e0ec92b4c96a738667e51ff704f8/app.py,1abab357dba9e0ec92b4c96a738667e51ff704f8,ecbc13de6b82c9449cd43567cf86d11286be8d55abca0aa6fa362fa931d61594,rcventura108000/Sophia-Ai-english-tutor,200,,
240,2026-08-30T21:39:35.723225+00:00,environment.yml,https://huggingface.co/spaces/rcventura108000/Sophia-Ai-english-tutor/resolve/1abab357dba9e0ec92b4c96a738667e51ff704f8/environment.yml,1abab357dba9e0ec92b4c96a738667e51ff704f8,ba84fce36efd057faa24a099368037fab0bab58d7c1d83db6446cd0325772b81,rcventura108000/Sophia-Ai-english-tutor,200,,
63,2026-08-30T21:39:35.714868+00:00,requirements.txt,https://huggingface.co/spaces/rcventura108000/Sophia-Ai-english-tutor/resolve/1abab357dba9e0ec92b4c96a738667e51ff704f8/requirements.txt,1abab357dba9e0ec92b4c96a738667e51ff704f8,82cd81e8532ff719b6bb4e52382d02804e4813ae5c1e696f39881670af505dfa,rcventura108000/Sophia-Ai-english-tutor,200,,
0,2026-08-30T21:39:35.490554+00:00,src/__init__.py,https://huggingface.co/spaces/rcventura108000/Sophia-Ai-english-tutor/resolve/1abab357dba9e0ec92b4c96a738667e51ff704f8/src/__init__.py,1abab357dba9e0ec92b4c96a738667e51ff704f8,e3b0c44298fc1c149afbf4c8996fb92427ae41e4649b934ca495991b7852b855,rcventura108000/Sophia-Ai-english-tutor,200,,
55,2026-08-30T23:33:46.167646+00:00,ui/__init__.py,https://huggingface.co/spaces/rcventura108000/Sophia-Ai-english-tutor/resolve/1abab357dba9e0ec92b4c96a738667e51ff704f8/ui/__init__.py,1abab357dba9e0ec92b4c96a738667e51ff704f8,19a7c225807efc53130220653dca091b1300684cb60985184ed1ecc441496e47,rcventura108000/Sophia-Ai-english-tutor,200,,
9446,2026-08-30T23:33:46.181717+00:00,ui/interfaces.py,https://huggingface.co/spaces/rcventura108000/Sophia-Ai-english-tutor/resolve/1abab357dba9e0ec92b4c96a738667e51ff704f8/ui/interfaces.py,1abab357dba9e0ec92b4c96a738667e51ff704f8,f31a5b926a92fbedf3ae69916cb22895b093987951692a425990a05386990633,rcventura108000/Sophia-Ai-english-tutor,200,,
329,2026-08-30T21:39:37.691832+00:00,README.md,https://huggingface.co/spaces/rexiy/study_assistant/resolve/0f1bfd2766c897443f61caab9d00fa0a3cd225cd/README.md,0f1bfd2766c897443f61caab9d00fa0a3cd225cd,4d3b21eb21bc2fa54b893b2364750fbdc9ed82f9fd7a98faa45b3e979478c004,rexiy/study_assistant,200,,
1731,2026-08-30T21:39:38.201272+00:00,app.py,https://huggingface.co/spaces/rexiy/study_assistant/resolve/0f1bfd2766c897443f61caab9d00fa0a3cd225cd/app.py,0f1bfd2766c897443f61caab9d00fa0a3cd225cd,0655974f3cda1ee2146170625510cf06c18255c8eb5dc701b96f1f788d8c36f5,rexiy/study_assistant,200,,
20,2026-08-30T21:39:38.214274+00:00,requirements.txt,https://huggingface.co/spaces/rexiy/study_assistant/resolve/0f1bfd2766c897443f61caab9d00fa0a3cd225cd/requirements.txt,0f1bfd2766c897443f61caab9d00fa0a3cd225cd,95b4ef97b952c34747ec62bd11226237b56adcd53182fcd706b2f2be09c37c53,rexiy/study_assistant,200,,
249,2026-08-30T21:39:38.727853+00:00,README.md,https://huggingface.co/spaces/rgos20000/Quiz_Generator/resolve/50ea63f50c59b44a655d4ffdd8715e24a4220997/README.md,50ea63f50c59b44a655d4ffdd8715e24a4220997,63bd92e0b511b40a63c375f73c051bd098a7cccdb508eaa91d32a03d6659e9fc,rgos20000/Quiz_Generator,200,,
3154,2026-08-30T21:39:39.233147+00:00,app.py,https://huggingface.co/spaces/rgos20000/Quiz_Generator/resolve/50ea63f50c59b44a655d4ffdd8715e24a4220997/app.py,50ea63f50c59b44a655d4ffdd8715e24a4220997,493c0ca03fe3c573f52d7b7b7a4ed60de25786cbe38c37122683ed37c4d4f328,rgos20000/Quiz_Generator,200,,
15,2026-08-30T21:39:39.233952+00:00,requirements.txt,https://huggingface.co/spaces/rgos20000/Quiz_Generator/resolve/50ea63f50c59b44a655d4ffdd8715e24a4220997/requirements.txt,50ea63f50c59b44a655d4ffdd8715e24a4220997,15cf77b39664b02a2bb5d16580f470e8f476f5d4ca637ac6f8a5fd431b08fbab,rgos20000/Quiz_Generator,200,,
321,2026-08-30T21:39:39.733613+00:00,README.md,https://huggingface.co/spaces/ridgebradley888/Smart-AI-Tutor-APP/resolve/5535dc7bb6870a57687f92f77157582271fa7451/README.md,5535dc7bb6870a57687f92f77157582271fa7451,5e832df49a46ee205a177c84bcd0e50a02bf1827f5e3781bbacdf4128f1b7020,ridgebradley888/Smart-AI-Tutor-APP,200,,
24914,2026-08-30T21:39:40.353856+00:00,app.py,https://huggingface.co/spaces/ridgebradley888/Smart-AI-Tutor-APP/resolve/5535dc7bb6870a57687f92f77157582271fa7451/app.py,5535dc7bb6870a57687f92f77157582271fa7451,3d7c5936b61b4cc3c3527d16c0f4f5fdd32f733b85905f790378b3b66ee28d16,ridgebradley888/Smart-AI-Tutor-APP,200,,
91,2026-08-30T21:39:40.321647+00:00,requirements.txt,https://huggingface.co/spaces/ridgebradley888/Smart-AI-Tutor-APP/resolve/5535dc7bb6870a57687f92f77157582271fa7451/requirements.txt,5535dc7bb6870a57687f92f77157582271fa7451,3e54935ccf32a2d35ec384063d4cec3945a523bd77794f4da509ea158577b430,ridgebradley888/Smart-AI-Tutor-APP,200,,
193,2026-08-30T21:39:42.962350+00:00,README.md,https://huggingface.co/spaces/rishitha-reddy-8/AITutor/resolve/c7b529a9e7bbf25afbba26889a6be9503cae238e/README.md,c7b529a9e7bbf25afbba26889a6be9503cae238e,0d96d073281e19b632bfb9c0125bf1a0b628b37cc4464d8285ac441a70b4fed5,rishitha-reddy-8/AITutor,200,,
1664,2026-08-30T21:39:43.478819+00:00,index.html,https://huggingface.co/spaces/rishitha-reddy-8/AITutor/resolve/c7b529a9e7bbf25afbba26889a6be9503cae238e/index.html,c7b529a9e7bbf25afbba26889a6be9503cae238e,870dca6ad2db4be31e3278dcbe59b8c43c3f02baf1c1e105a7d8e73a68c23d7a,rishitha-reddy-8/AITutor,200,,
201,2026-08-30T21:39:43.986021+00:00,README.md,https://huggingface.co/spaces/ritendub/aitutor-chatbot/resolve/3649987abdf301fc22f0e8ae5dbe6811999b0efe/README.md,3649987abdf301fc22f0e8ae5dbe6811999b0efe,940ef05d4345d2ea1cd6e058496d38f467182b776c62d720f0b846724baea28c,ritendub/aitutor-chatbot,200,,
546,2026-08-30T21:39:44.502669+00:00,index.html,https://huggingface.co/spaces/ritendub/aitutor-chatbot/resolve/3649987abdf301fc22f0e8ae5dbe6811999b0efe/index.html,3649987abdf301fc22f0e8ae5dbe6811999b0efe,1ff7a37ef3627eb001ca4e94802e19de0cd33b263f348f735ec3c79381443e46,ritendub/aitutor-chatbot,200,,
244,2026-08-30T21:39:46.043639+00:00,README.md,https://huggingface.co/spaces/rk803/Data_Science_Tutor_Ai/resolve/0461e914be1d715eacdb58687623b5a3c944d529/README.md,0461e914be1d715eacdb58687623b5a3c944d529,47d4b64f3db6f96e02297c9b350cdebae81cb3ec3869c6d86b6ec4f6be278fb5,rk803/Data_Science_Tutor_Ai,200,,
5077,2026-08-30T21:39:46.534543+00:00,app.py,https://huggingface.co/spaces/rk803/Data_Science_Tutor_Ai/resolve/0461e914be1d715eacdb58687623b5a3c944d529/app.py,0461e914be1d715eacdb58687623b5a3c944d529,ec2a1a8a17b47c78178428b9e136165c89f8eec44ef6f7ca73e4c0e41b34e6ad,rk803/Data_Science_Tutor_Ai,200,,
93,2026-08-30T21:39:46.636809+00:00,requirements.txt,https://huggingface.co/spaces/rk803/Data_Science_Tutor_Ai/resolve/0461e914be1d715eacdb58687623b5a3c944d529/requirements.txt,0461e914be1d715eacdb58687623b5a3c944d529,cab2ffdad9b38f745375fce1280f2d7741dfa09186487881ae3a3f050ac19d4b,rk803/Data_Science_Tutor_Ai,200,,
213,2026-08-30T21:39:47.665675+00:00,README.md,https://huggingface.co/spaces/rohithnagidi12/studyAssistant/resolve/609e15c77152c5deedac64c5a5d9f205dbf6d0cb/README.md,609e15c77152c5deedac64c5a5d9f205dbf6d0cb,71497f9a88a2390d53e7e564d7b9b36acdc50fdeeaac7fc4058b7e83b856f745,rohithnagidi12/studyAssistant,200,,
1664,2026-09-02T19:09:04.494312+00:00,index.html,https://huggingface.co/spaces/rohithnagidi12/studyAssistant/resolve/609e15c77152c5deedac64c5a5d9f205dbf6d0cb/index.html,609e15c77152c5deedac64c5a5d9f205dbf6d0cb,870dca6ad2db4be31e3278dcbe59b8c43c3f02baf1c1e105a7d8e73a68c23d7a,rohithnagidi12/studyAssistant,200,lossless-v2,utf-8
498,2026-08-30T21:39:49.172464+00:00,README.md,https://huggingface.co/spaces/roshandakhore2003/nuron-teaching-assistant/resolve/3060cb98f43e85888ef75d9baf9ead4be7b1add7/README.md,3060cb98f43e85888ef75d9baf9ead4be7b1add7,c419a2c0a551e75d909183a5b123454adce2dc0691ebafe3cf7eb8e145284478,roshandakhore2003/nuron-teaching-assistant,200,,
1807,2026-08-30T21:39:49.678463+00:00,app.py,https://huggingface.co/spaces/roshandakhore2003/nuron-teaching-assistant/resolve/3060cb98f43e85888ef75d9baf9ead4be7b1add7/app.py,3060cb98f43e85888ef75d9baf9ead4be7b1add7,14b641f463b506c7ef4371216f6552e9ff06d97b079ac8b63ad3e3c1e08265a3,roshandakhore2003/nuron-teaching-assistant,200,,
1622,2026-08-30T21:39:49.731408+00:00,requirements (1).txt,https://huggingface.co/spaces/roshandakhore2003/nuron-teaching-assistant/resolve/3060cb98f43e85888ef75d9baf9ead4be7b1add7/requirements%20%281%29.txt,3060cb98f43e85888ef75d9baf9ead4be7b1add7,cace0281503ce2302a0cda57dde95b45f3dc8577f3fdf903aa6dd4405b45cb39,roshandakhore2003/nuron-teaching-assistant,200,,
1482,2026-08-30T21:39:50.249862+00:00,README.md,https://huggingface.co/spaces/roxqtang/ai-teaching-assistant/resolve/9ea16ceb7a305fd6f098fa06f0c65f456e9d234d/README.md,9ea16ceb7a305fd6f098fa06f0c65f456e9d234d,d0c2810c55f92c114b33cdded8294c69d067ffa47076acf9928d6b3801de6044,roxqtang/ai-teaching-assistant,200,,
6607,2026-08-30T21:39:50.745220+00:00,app.py,https://huggingface.co/spaces/roxqtang/ai-teaching-assistant/resolve/9ea16ceb7a305fd6f098fa06f0c65f456e9d234d/app.py,9ea16ceb7a305fd6f098fa06f0c65f456e9d234d,6722c655a17cc0816d0fbfcce6afa22a29a95628e4eb2b2a0c61bded23787aca,roxqtang/ai-teaching-assistant,200,,
43931,2026-08-30T21:39:50.776977+00:00,gemini_chatbot.py,https://huggingface.co/spaces/roxqtang/ai-teaching-assistant/resolve/9ea16ceb7a305fd6f098fa06f0c65f456e9d234d/gemini_chatbot.py,9ea16ceb7a305fd6f098fa06f0c65f456e9d234d,02f7f889b83ae1e67278eb4c3a2e3bd8f24b4f920f965692550aef947c1dfa0f,roxqtang/ai-teaching-assistant,200,,
117,2026-08-30T21:39:50.862853+00:00,requirements.txt,https://huggingface.co/spaces/roxqtang/ai-teaching-assistant/resolve/9ea16ceb7a305fd6f098fa06f0c65f456e9d234d/requirements.txt,9ea16ceb7a305fd6f098fa06f0c65f456e9d234d,39c8da67159a879ca4d7b94aa2dbcaaacd1da0d0b1773076ac360bbbf2d7757f,roxqtang/ai-teaching-assistant,200,,
117,2026-08-30T21:39:50.797991+00:00,requirements_hf.txt,https://huggingface.co/spaces/roxqtang/ai-teaching-assistant/resolve/9ea16ceb7a305fd6f098fa06f0c65f456e9d234d/requirements_hf.txt,9ea16ceb7a305fd6f098fa06f0c65f456e9d234d,ff4e0a12847c91c5c58c1a4934c26e6efdb39a3bb1f79cd402a060bb2004b3ca,roxqtang/ai-teaching-assistant,200,,
11598,2026-08-30T21:39:50.793754+00:00,templates/index.html,https://huggingface.co/spaces/roxqtang/ai-teaching-assistant/resolve/9ea16ceb7a305fd6f098fa06f0c65f456e9d234d/templates/index.html,9ea16ceb7a305fd6f098fa06f0c65f456e9d234d,9e498435fae0e6530b9399115d100342cdc56e4a7035dd9773db0bfd2c3409f9,roxqtang/ai-teaching-assistant,200,,
4191,2026-08-30T21:39:50.805595+00:00,templates/knowledge_map.html,https://huggingface.co/spaces/roxqtang/ai-teaching-assistant/resolve/9ea16ceb7a305fd6f098fa06f0c65f456e9d234d/templates/knowledge_map.html,9ea16ceb7a305fd6f098fa06f0c65f456e9d234d,ab81e30ffda56f0adbb3aed4bacb0087e77a991b372eb9ba4e0fe408ff4701a9,roxqtang/ai-teaching-assistant,200,,
2155,2026-08-30T21:39:50.832204+00:00,templates/settings.html,https://huggingface.co/spaces/roxqtang/ai-teaching-assistant/resolve/9ea16ceb7a305fd6f098fa06f0c65f456e9d234d/templates/settings.html,9ea16ceb7a305fd6f098fa06f0c65f456e9d234d,639b94c8e53910f231701a8239d84cb62298750d8fffc02b66c81436d000c342,roxqtang/ai-teaching-assistant,200,,
7685,2026-08-30T21:39:50.854220+00:00,templates/view_document.html,https://huggingface.co/spaces/roxqtang/ai-teaching-assistant/resolve/9ea16ceb7a305fd6f098fa06f0c65f456e9d234d/templates/view_document.html,9ea16ceb7a305fd6f098fa06f0c65f456e9d234d,29987d406391c83a14db8d7255484d9ca7ca78c6c173c1566789f7c6acf30590,roxqtang/ai-teaching-assistant,200,,
2032,2026-08-30T21:39:51.383575+00:00,README.md,https://huggingface.co/spaces/rugvedaa/Ai-tutorApp/resolve/18e5ea8a6d0fb3bf9d0566d8248b87fc4a69b914/README.md,18e5ea8a6d0fb3bf9d0566d8248b87fc4a69b914,1519afb04fb4464b738ca6727889ea32a7d344023bdfb441712fbe368c77a242,rugvedaa/Ai-tutorApp,200,,
176,2026-08-30T21:39:51.919283+00:00,backend/.env.example,https://huggingface.co/spaces/rugvedaa/Ai-tutorApp/resolve/18e5ea8a6d0fb3bf9d0566d8248b87fc4a69b914/backend/.env.example,18e5ea8a6d0fb3bf9d0566d8248b87fc4a69b914,78261954b79bf91255c7ad2cedfbdcaf0ea01d4254f2fee6b72c949c5b2b1b7c,rugvedaa/Ai-tutorApp,200,,
470,2026-08-30T21:39:51.876059+00:00,backend/config.py,https://huggingface.co/spaces/rugvedaa/Ai-tutorApp/resolve/18e5ea8a6d0fb3bf9d0566d8248b87fc4a69b914/backend/config.py,18e5ea8a6d0fb3bf9d0566d8248b87fc4a69b914,ca40a8c384b26e96c5d96cfd906aea1b52b604460c9cf6258ab5693ad49c6ee2,rugvedaa/Ai-tutorApp,200,,
929,2026-08-30T21:39:51.963021+00:00,backend/database.py,https://huggingface.co/spaces/rugvedaa/Ai-tutorApp/resolve/18e5ea8a6d0fb3bf9d0566d8248b87fc4a69b914/backend/database.py,18e5ea8a6d0fb3bf9d0566d8248b87fc4a69b914,503e5d5e9d2123b401be1671f4d43a71cc07330c09899f09359d32d48a1d57ee,rugvedaa/Ai-tutorApp,200,,
1529,2026-08-30T21:39:51.972712+00:00,backend/main.py,https://huggingface.co/spaces/rugvedaa/Ai-tutorApp/resolve/18e5ea8a6d0fb3bf9d0566d8248b87fc4a69b914/backend/main.py,18e5ea8a6d0fb3bf9d0566d8248b87fc4a69b914,0946dcd2013e36f111a8028fd1cb205b273984b72fc854ab8b1726a06950940d,rugvedaa/Ai-tutorApp,200,,
12442,2026-08-30T21:39:51.881357+00:00,backend/mcp_server.py,https://huggingface.co/spaces/rugvedaa/Ai-tutorApp/resolve/18e5ea8a6d0fb3bf9d0566d8248b87fc4a69b914/backend/mcp_server.py,18e5ea8a6d0fb3bf9d0566d8248b87fc4a69b914,02518022ce74397c72a246fa0f31dc5d6a146b539bab59f215d9d3641706e4ed,rugvedaa/Ai-tutorApp,200,,
360,2026-08-30T21:39:51.890221+00:00,index.html,https://huggingface.co/spaces/rugvedaa/Ai-tutorApp/resolve/18e5ea8a6d0fb3bf9d0566d8248b87fc4a69b914/index.html,18e5ea8a6d0fb3bf9d0566d8248b87fc4a69b914,72e14b4914cab8907761e98dac6d7078bc01d5c966550938aedfea336737c8a6,rugvedaa/Ai-tutorApp,200,,
557,2026-08-30T21:39:51.918013+00:00,package.json,https://huggingface.co/spaces/rugvedaa/Ai-tutorApp/resolve/18e5ea8a6d0fb3bf9d0566d8248b87fc4a69b914/package.json,18e5ea8a6d0fb3bf9d0566d8248b87fc4a69b914,fc1865959949c80c7fd5529767675b7764918c954299130c6bd5a09267d47dbe,rugvedaa/Ai-tutorApp,200,,
2189,2026-08-30T21:39:51.918447+00:00,src/App.jsx,https://huggingface.co/spaces/rugvedaa/Ai-tutorApp/resolve/18e5ea8a6d0fb3bf9d0566d8248b87fc4a69b914/src/App.jsx,18e5ea8a6d0fb3bf9d0566d8248b87fc4a69b914,0a135f4a59f3b2109b97ed88f99ef5ae116029111718302dff8781cfab9edfd6,rugvedaa/Ai-tutorApp,200,,
229,2026-08-30T21:39:52.390431+00:00,src/main.jsx,https://huggingface.co/spaces/rugvedaa/Ai-tutorApp/resolve/18e5ea8a6d0fb3bf9d0566d8248b87fc4a69b914/src/main.jsx,18e5ea8a6d0fb3bf9d0566d8248b87fc4a69b914,4b4b864dbe45253425d0c925337180ec07e204295179f80f59551216f466f618,rugvedaa/Ai-tutorApp,200,,
248,2026-08-30T21:39:56.446489+00:00,README.md,https://huggingface.co/spaces/s1313/Quiz_Generator/resolve/7c9aaa9815a3b9a5dd41d8fcc497065aa684a357/README.md,7c9aaa9815a3b9a5dd41d8fcc497065aa684a357,54beda18f965dd211522eb22daa8952e9e8c96092dc20b470f26e801bf3bd9ec,s1313/Quiz_Generator,200,,
2830,2026-08-30T21:39:56.936746+00:00,app.py,https://huggingface.co/spaces/s1313/Quiz_Generator/resolve/7c9aaa9815a3b9a5dd41d8fcc497065aa684a357/app.py,7c9aaa9815a3b9a5dd41d8fcc497065aa684a357,c026b604b7cf5e358d1b047ebf72cd442456f3fe4eb3d57c873d508f5450e86c,s1313/Quiz_Generator,200,,
15,2026-08-30T21:39:56.971365+00:00,requirements.txt,https://huggingface.co/spaces/s1313/Quiz_Generator/resolve/7c9aaa9815a3b9a5dd41d8fcc497065aa684a357/requirements.txt,7c9aaa9815a3b9a5dd41d8fcc497065aa684a357,15cf77b39664b02a2bb5d16580f470e8f476f5d4ca637ac6f8a5fd431b08fbab,s1313/Quiz_Generator,200,,
294,2026-08-30T21:39:58.502189+00:00,README.md,https://huggingface.co/spaces/sabahat-shakeel/study-assistant/resolve/cc13530d4e3b510ca8f413202922f4e1ea67d883/README.md,cc13530d4e3b510ca8f413202922f4e1ea67d883,344b4ffcd334ecc8fe23f4adec90fd52f6f40d9c26b32d0fe88da1320aa533a9,sabahat-shakeel/study-assistant,200,,
1643,2026-08-30T21:39:59.002117+00:00,app.py,https://huggingface.co/spaces/sabahat-shakeel/study-assistant/resolve/cc13530d4e3b510ca8f413202922f4e1ea67d883/app.py,cc13530d4e3b510ca8f413202922f4e1ea67d883,400ddf7b78274523dbd28dfbd78a369bb04e01e79a0f2c3478f016e13c7e5160,sabahat-shakeel/study-assistant,200,,
28,2026-08-30T21:39:59.067913+00:00,requirements.txt,https://huggingface.co/spaces/sabahat-shakeel/study-assistant/resolve/cc13530d4e3b510ca8f413202922f4e1ea67d883/requirements.txt,cc13530d4e3b510ca8f413202922f4e1ea67d883,611f845c26d0b7e7a0efe3f592aa6d4e25fd58da46cfd3251a4cae12d683cd16,sabahat-shakeel/study-assistant,200,,
435,2026-08-30T21:39:59.565514+00:00,README.md,https://huggingface.co/spaces/sabrineoueslati/quiz-generator/resolve/de3673f40d13d7faf18a0a83186b555a8dee53df/README.md,de3673f40d13d7faf18a0a83186b555a8dee53df,3d95aee9ca77a80f909917d0cecd68b7a0c9b3735d6b9f744cec3ff7f91b460e,sabrineoueslati/quiz-generator,200,,
2065,2026-08-30T21:40:00.129928+00:00,app.py,https://huggingface.co/spaces/sabrineoueslati/quiz-generator/resolve/de3673f40d13d7faf18a0a83186b555a8dee53df/app.py,de3673f40d13d7faf18a0a83186b555a8dee53df,9163f6dc437c7902b2ccd7f14f723ffc188365db596633de0e1b515384470d63,sabrineoueslati/quiz-generator,200,,
85,2026-08-30T21:40:00.068008+00:00,requirements.txt,https://huggingface.co/spaces/sabrineoueslati/quiz-generator/resolve/de3673f40d13d7faf18a0a83186b555a8dee53df/requirements.txt,de3673f40d13d7faf18a0a83186b555a8dee53df,1597e4206231ffd230e776bce8200e651f926f371678ce1541424b0ab024063a,sabrineoueslati/quiz-generator,200,,
311,2026-08-30T21:40:00.646310+00:00,README.md,https://huggingface.co/spaces/sachi2004/ai-study-assistant/resolve/00085906d4c14aa2df367eb9f7d5f6cedf7a3d63/README.md,00085906d4c14aa2df367eb9f7d5f6cedf7a3d63,565b6c9029910941279b487b09fc5696afe2794685d06ec8b8878d23f952ac54,sachi2004/ai-study-assistant,200,,
1637,2026-08-30T21:40:01.199123+00:00,app.py,https://huggingface.co/spaces/sachi2004/ai-study-assistant/resolve/00085906d4c14aa2df367eb9f7d5f6cedf7a3d63/app.py,00085906d4c14aa2df367eb9f7d5f6cedf7a3d63,63b0286a448daefc20e7f224b3c0b2024caa219b406da36fa3aae168e1f7ca45,sachi2004/ai-study-assistant,200,,
21,2026-08-30T21:40:01.164126+00:00,requirements.txt,https://huggingface.co/spaces/sachi2004/ai-study-assistant/resolve/00085906d4c14aa2df367eb9f7d5f6cedf7a3d63/requirements.txt,00085906d4c14aa2df367eb9f7d5f6cedf7a3d63,2d73cceda2f067db912e10ed0c90c40ac544ef5fbf5b1cfdf19a72be214928db,sachi2004/ai-study-assistant,200,,
244,2026-08-30T21:40:02.928601+00:00,README.md,https://huggingface.co/spaces/sagarvc420/Educational_LLM_Chatbot/resolve/14c1ce095f6aa7d135e793fcbacf037eef301dd3/README.md,14c1ce095f6aa7d135e793fcbacf037eef301dd3,5011643316694807ec10d93e86dfe27ec9fbb4dc37c1d666cab75b4876f3a8ee,sagarvc420/Educational_LLM_Chatbot,200,,
4131,2026-08-30T21:40:03.439802+00:00,app.py,https://huggingface.co/spaces/sagarvc420/Educational_LLM_Chatbot/resolve/14c1ce095f6aa7d135e793fcbacf037eef301dd3/app.py,14c1ce095f6aa7d135e793fcbacf037eef301dd3,d83ab9d26cfd3b2a67cae2d3ec2a419d4aa1968c9c1ee7e352fe6d2fdb748d21,sagarvc420/Educational_LLM_Chatbot,200,,
67,2026-08-30T21:40:03.435636+00:00,requirements.txt,https://huggingface.co/spaces/sagarvc420/Educational_LLM_Chatbot/resolve/14c1ce095f6aa7d135e793fcbacf037eef301dd3/requirements.txt,14c1ce095f6aa7d135e793fcbacf037eef301dd3,cac368e8be42b3975c983e71f526e0b43622bab465fd5357396d679adce08a9b,sagarvc420/Educational_LLM_Chatbot,200,,
241,2026-08-30T21:40:05.987042+00:00,README.md,https://huggingface.co/spaces/saicharantej/aitutor/resolve/dbff2e5d004ef7443a33d65e59583c1db7cf20f7/README.md,dbff2e5d004ef7443a33d65e59583c1db7cf20f7,0c04749f65b6bbe283892ffb99ea71626547a9bdf37623dad6aff5c149e3777a,saicharantej/aitutor,200,,
2703,2026-08-30T21:40:06.517625+00:00,app.py,https://huggingface.co/spaces/saicharantej/aitutor/resolve/dbff2e5d004ef7443a33d65e59583c1db7cf20f7/app.py,dbff2e5d004ef7443a33d65e59583c1db7cf20f7,8522968711af3d9fff4c9a3ff259b93f8de051f758202487d89d8b15627d1da9,saicharantej/aitutor,200,,
28,2026-08-30T21:40:06.486507+00:00,requirements.txt,https://huggingface.co/spaces/saicharantej/aitutor/resolve/dbff2e5d004ef7443a33d65e59583c1db7cf20f7/requirements.txt,dbff2e5d004ef7443a33d65e59583c1db7cf20f7,93ad3df307c16b7c293b35e73dcac4f616b7c2ae48c7b9781f5712dbe5e53af6,saicharantej/aitutor,200,,
252,2026-08-30T21:40:07.012557+00:00,README.md,https://huggingface.co/spaces/saikumar27/AI_Powered_Data_Science_Tutor/resolve/ff48373c9295649e9f3835e1ef8e315ab31cf39a/README.md,ff48373c9295649e9f3835e1ef8e315ab31cf39a,897b283f3c0b2dc577a8d94bcfb9d67c598ef1bd2148549611cc9203d8258a4e,saikumar27/AI_Powered_Data_Science_Tutor,200,,
3993,2026-08-30T21:40:07.525479+00:00,app.py,https://huggingface.co/spaces/saikumar27/AI_Powered_Data_Science_Tutor/resolve/ff48373c9295649e9f3835e1ef8e315ab31cf39a/app.py,ff48373c9295649e9f3835e1ef8e315ab31cf39a,9d3ed38d1a464648f5e8d4304bb5ba63e6e94fb801a7d36cd317e0d3264a6801,saikumar27/AI_Powered_Data_Science_Tutor,200,,
80,2026-08-30T21:40:07.521720+00:00,requirements.txt,https://huggingface.co/spaces/saikumar27/AI_Powered_Data_Science_Tutor/resolve/ff48373c9295649e9f3835e1ef8e315ab31cf39a/requirements.txt,ff48373c9295649e9f3835e1ef8e315ab31cf39a,3fcd514748e0b1effa35882298bf6182f56c73fbeff55a4a93f9a1a7ded28011,saikumar27/AI_Powered_Data_Science_Tutor,200,,
329,2026-08-30T21:40:08.071395+00:00,README.md,https://huggingface.co/spaces/saimahashmi/ai-study-assistant/resolve/7d6c9727112f3ea5b1c04e8b3f8ea1bb5e8441ee/README.md,7d6c9727112f3ea5b1c04e8b3f8ea1bb5e8441ee,2aa978c2457ab275b6dd869c5d82e8cf0d2e4040f24fbbcdd01253ab36dd9b54,saimahashmi/ai-study-assistant,200,,
2773,2026-08-30T21:40:08.602436+00:00,app.py,https://huggingface.co/spaces/saimahashmi/ai-study-assistant/resolve/7d6c9727112f3ea5b1c04e8b3f8ea1bb5e8441ee/app.py,7d6c9727112f3ea5b1c04e8b3f8ea1bb5e8441ee,ed9760eeb0d27cdf2f3287e684b227f27178e214ddff946de55fbc8c6f67900d,saimahashmi/ai-study-assistant,200,,
2163,2026-08-30T21:40:08.575453+00:00,requirements.txt,https://huggingface.co/spaces/saimahashmi/ai-study-assistant/resolve/7d6c9727112f3ea5b1c04e8b3f8ea1bb5e8441ee/requirements.txt,7d6c9727112f3ea5b1c04e8b3f8ea1bb5e8441ee,b63b4ae3db6fe065977c1e071518c3950da356bfbc3b7155e7dddd1e78651735,saimahashmi/ai-study-assistant,200,,
228,2026-08-30T21:40:09.112450+00:00,README.md,https://huggingface.co/spaces/sairaarif89/AITutor/resolve/dcc3328553de1759e9a3d77c6b34a8c43d464401/README.md,dcc3328553de1759e9a3d77c6b34a8c43d464401,51cccba0538cd5783c299112243a2141fe9f8e79f99baff286bb21e219eb7d49,sairaarif89/AITutor,200,,
2424,2026-08-30T21:40:09.644476+00:00,app.py,https://huggingface.co/spaces/sairaarif89/AITutor/resolve/dcc3328553de1759e9a3d77c6b34a8c43d464401/app.py,dcc3328553de1759e9a3d77c6b34a8c43d464401,f578a39c3b75fe310426b65baaaa2c05635e9a09e02f2a84cd8d7e3fa3114ead,sairaarif89/AITutor,200,,
109,2026-08-30T21:40:09.608326+00:00,requirements.txt,https://huggingface.co/spaces/sairaarif89/AITutor/resolve/dcc3328553de1759e9a3d77c6b34a8c43d464401/requirements.txt,dcc3328553de1759e9a3d77c6b34a8c43d464401,b3def0775e3a123a649dd1d9dbe9aea24b6ed467432689ab452cdf4bd504e8c3,sairaarif89/AITutor,200,,
444,2026-08-30T21:40:12.342566+00:00,README.md,https://huggingface.co/spaces/salsh093/SEG_StudyAssistant/resolve/8cae43545055ca973fb729bdccbe533dd4a73fda/README.md,8cae43545055ca973fb729bdccbe533dd4a73fda,6ccf31c99ca064a67ccb86e6e878f1c12a631a46099b3e693340bb71df99a81d,salsh093/SEG_StudyAssistant,200,,
26019,2026-08-30T21:40:12.834136+00:00,app.py,https://huggingface.co/spaces/salsh093/SEG_StudyAssistant/resolve/8cae43545055ca973fb729bdccbe533dd4a73fda/app.py,8cae43545055ca973fb729bdccbe533dd4a73fda,fdd0fc4a4bd9fa3ea9c3ca0575659226bcfb5382e8a6822c8deab4bbf45060ed,salsh093/SEG_StudyAssistant,200,,
4256,2026-08-30T21:40:12.842028+00:00,english_assistant.py,https://huggingface.co/spaces/salsh093/SEG_StudyAssistant/resolve/8cae43545055ca973fb729bdccbe533dd4a73fda/english_assistant.py,8cae43545055ca973fb729bdccbe533dd4a73fda,44575308d2e0b9bc0513c2d41847fae68aaea94a3ff45c8d4f542c1ef56c7b4f,salsh093/SEG_StudyAssistant,200,,
4602,2026-08-30T21:40:12.846759+00:00,french_assistant.py,https://huggingface.co/spaces/salsh093/SEG_StudyAssistant/resolve/8cae43545055ca973fb729bdccbe533dd4a73fda/french_assistant.py,8cae43545055ca973fb729bdccbe533dd4a73fda,f69a70d637702bba9fc9d9f1b1e200bb6c18a21fcd65f07710ece2073190114e,salsh093/SEG_StudyAssistant,200,,
199,2026-08-30T21:40:12.842630+00:00,requirements.txt,https://huggingface.co/spaces/salsh093/SEG_StudyAssistant/resolve/8cae43545055ca973fb729bdccbe533dd4a73fda/requirements.txt,8cae43545055ca973fb729bdccbe533dd4a73fda,ed408ee8dd56e9b11fe4d6807a024417ed9cdcec0effd4a01164267dfe2661b1,salsh093/SEG_StudyAssistant,200,,
437,2026-08-30T21:40:13.469535+00:00,README.md,https://huggingface.co/spaces/samadjunejo/ai_study_assistant/resolve/70515db4e10370cd5c9193f13b80f0233793e1da/README.md,70515db4e10370cd5c9193f13b80f0233793e1da,da1e1b0a9703aff0e943e1da7a1962fe55a696b8965e19af4197cd3fa07d39d4,samadjunejo/ai_study_assistant,200,,
216,2026-08-30T21:40:14.039929+00:00,requirements.txt,https://huggingface.co/spaces/samadjunejo/ai_study_assistant/resolve/70515db4e10370cd5c9193f13b80f0233793e1da/requirements.txt,70515db4e10370cd5c9193f13b80f0233793e1da,aef5ce2610d64d3f3f5f8fc90bea3c3d6b66b8ccef463264650d40b5c7edeef7,samadjunejo/ai_study_assistant,200,,
40982,2026-08-30T21:40:14.058685+00:00,src/streamlit_app.py,https://huggingface.co/spaces/samadjunejo/ai_study_assistant/resolve/70515db4e10370cd5c9193f13b80f0233793e1da/src/streamlit_app.py,70515db4e10370cd5c9193f13b80f0233793e1da,61e8f56ebe7dfcd92c13f17bab681afad5b7f0e27ea78acf40c49c55a24f7c0a,samadjunejo/ai_study_assistant,200,,
253,2026-08-30T21:40:14.707971+00:00,README.md,https://huggingface.co/spaces/samakanishkareddy/AI_TUTOR/resolve/9ed2fc3b1095092f26c19a756c06db095ab8da01/README.md,9ed2fc3b1095092f26c19a756c06db095ab8da01,6cfd6986104465f79b4fc09be2573c218be270c7777493bb28bd56d705447c8d,samakanishkareddy/AI_TUTOR,200,,
1691,2026-08-30T21:40:15.217463+00:00,app.py,https://huggingface.co/spaces/samakanishkareddy/AI_TUTOR/resolve/9ed2fc3b1095092f26c19a756c06db095ab8da01/app.py,9ed2fc3b1095092f26c19a756c06db095ab8da01,a6639841a2b4a4e4f5d306f8efead9d03d8a41ac867ca361b27bda59a60d03be,samakanishkareddy/AI_TUTOR,200,,
19,2026-08-30T21:40:15.219735+00:00,requirements.txt,https://huggingface.co/spaces/samakanishkareddy/AI_TUTOR/resolve/9ed2fc3b1095092f26c19a756c06db095ab8da01/requirements.txt,9ed2fc3b1095092f26c19a756c06db095ab8da01,52a53d7bc8faf8ac3da098be359f337016e6bbab6148b7420e87f3131c30cb9c,samakanishkareddy/AI_TUTOR,200,,
318,2026-08-30T21:40:17.788634+00:00,README.md,https://huggingface.co/spaces/sameekghosh/ai-python-teaching-assistant/resolve/354300f8584e39c27ea7f0b52e8e6cb2aa983316/README.md,354300f8584e39c27ea7f0b52e8e6cb2aa983316,6be1c7a46e1efc962f18433bc3dfacc4ee86bdcc2c7d2d8adc848742072df7a9,sameekghosh/ai-python-teaching-assistant,200,,
1228,2026-08-30T21:40:18.287587+00:00,app.py,https://huggingface.co/spaces/sameekghosh/ai-python-teaching-assistant/resolve/354300f8584e39c27ea7f0b52e8e6cb2aa983316/app.py,354300f8584e39c27ea7f0b52e8e6cb2aa983316,3de654e1a92733de6e66dc8718233b1f56c5667e64ad53d5dc98483a5350287b,sameekghosh/ai-python-teaching-assistant,200,,
85,2026-08-30T21:40:18.283649+00:00,requirements.txt,https://huggingface.co/spaces/sameekghosh/ai-python-teaching-assistant/resolve/354300f8584e39c27ea7f0b52e8e6cb2aa983316/requirements.txt,354300f8584e39c27ea7f0b52e8e6cb2aa983316,7c1b1e7ed2a3da4561f99618ae9ea68958047ac252a487335610c5a69fd6a6ad,sameekghosh/ai-python-teaching-assistant,200,,
356,2026-08-30T21:40:18.797709+00:00,README.md,https://huggingface.co/spaces/samekbotfactorycz/aitutor/resolve/3dbdb2794a086d5b83f34385af35903bddeaaa3c/README.md,3dbdb2794a086d5b83f34385af35903bddeaaa3c,a454c2f08120e8d5b8b83d91f7a4d2c616cf18a3e8f55a816f312eba46124830,samekbotfactorycz/aitutor,200,,
5195,2026-08-30T21:40:19.294175+00:00,app.py,https://huggingface.co/spaces/samekbotfactorycz/aitutor/resolve/3dbdb2794a086d5b83f34385af35903bddeaaa3c/app.py,3dbdb2794a086d5b83f34385af35903bddeaaa3c,8a2605cc8c9a56c3f2059b21d71c7b8079804e6475820b5c05e888233bdf239f,samekbotfactorycz/aitutor,200,,
23,2026-08-30T21:40:19.305751+00:00,requirements.txt,https://huggingface.co/spaces/samekbotfactorycz/aitutor/resolve/3dbdb2794a086d5b83f34385af35903bddeaaa3c/requirements.txt,3dbdb2794a086d5b83f34385af35903bddeaaa3c,48293d5aac441f371121b28f1ff76c2495cf372febd85401e0f33f12789b4971,samekbotfactorycz/aitutor,200,,
254,2026-08-30T21:40:24.308831+00:00,README.md,https://huggingface.co/spaces/sanakousar/AI_TUTOR/resolve/3b5136f4f92e0b092d4856910ada443fd442ef74/README.md,3b5136f4f92e0b092d4856910ada443fd442ef74,ca382069d6c54dedce63350d45924035ecdca2cb53aea13b5fea7f2e7ba59fb1,sanakousar/AI_TUTOR,200,,
1689,2026-08-30T21:40:24.968991+00:00,app.py,https://huggingface.co/spaces/sanakousar/AI_TUTOR/resolve/3b5136f4f92e0b092d4856910ada443fd442ef74/app.py,3b5136f4f92e0b092d4856910ada443fd442ef74,a696203df65e62d24ed2b9adca12aa34df1fcce6b70b4ef4573c79c3accea196,sanakousar/AI_TUTOR,200,,
19,2026-08-30T21:40:24.967816+00:00,requirements.txt,https://huggingface.co/spaces/sanakousar/AI_TUTOR/resolve/3b5136f4f92e0b092d4856910ada443fd442ef74/requirements.txt,3b5136f4f92e0b092d4856910ada443fd442ef74,7b8a226e55bb285e1ab07c5ed9320591e97a3aae4c072264d418d1dae77d8228,sanakousar/AI_TUTOR,200,,
252,2026-08-30T21:40:22.182054+00:00,README.md,https://huggingface.co/spaces/sanakousar/ai-tutor/resolve/69e51038cc12a321e0d46e8d9bcc6be7f1d79966/README.md,69e51038cc12a321e0d46e8d9bcc6be7f1d79966,4d2bd9c7c1f82ce14520bff8fd3decc66b61d81e2a081982bfccb9b65d41947d,sanakousar/ai-tutor,200,,
1688,2026-08-30T21:40:22.738835+00:00,app.py,https://huggingface.co/spaces/sanakousar/ai-tutor/resolve/69e51038cc12a321e0d46e8d9bcc6be7f1d79966/app.py,69e51038cc12a321e0d46e8d9bcc6be7f1d79966,9d24c680ee446e9c50bf687dc87e463bcc38d7474148c7bc4b74ea0e24f86022,sanakousar/ai-tutor,200,,
271,2026-08-30T21:40:23.241388+00:00,README.md,https://huggingface.co/spaces/sanakousar/ai.tutor/resolve/2a41719a8659d6b2d4cc81e71eac6dfaf145943d/README.md,2a41719a8659d6b2d4cc81e71eac6dfaf145943d,f0c8e55b48642773fbf8616d73244d724f26368db82020ebd3c77a6e33693ade,sanakousar/ai.tutor,200,,
1688,2026-08-30T21:40:23.793915+00:00,app.py,https://huggingface.co/spaces/sanakousar/ai.tutor/resolve/2a41719a8659d6b2d4cc81e71eac6dfaf145943d/app.py,2a41719a8659d6b2d4cc81e71eac6dfaf145943d,9d24c680ee446e9c50bf687dc87e463bcc38d7474148c7bc4b74ea0e24f86022,sanakousar/ai.tutor,200,,
1688,2026-08-30T21:40:23.770391+00:00,requirements.txt,https://huggingface.co/spaces/sanakousar/ai.tutor/resolve/2a41719a8659d6b2d4cc81e71eac6dfaf145943d/requirements.txt,2a41719a8659d6b2d4cc81e71eac6dfaf145943d,9d24c680ee446e9c50bf687dc87e463bcc38d7474148c7bc4b74ea0e24f86022,sanakousar/ai.tutor,200,,
212,2026-08-30T21:40:25.457824+00:00,README.md,https://huggingface.co/spaces/sanavinarkhede/StudyAssistant/resolve/bd8e288fc86578d29dac11ea9f7643b4a4eb4970/README.md,bd8e288fc86578d29dac11ea9f7643b4a4eb4970,4cb79950479f1899fd52afb16c21f99e1372f254aa7fd67eee345c4eb138b872,sanavinarkhede/StudyAssistant,200,,
546,2026-09-02T19:09:06.814967+00:00,index.html,https://huggingface.co/spaces/sanavinarkhede/StudyAssistant/resolve/bd8e288fc86578d29dac11ea9f7643b4a4eb4970/index.html,bd8e288fc86578d29dac11ea9f7643b4a4eb4970,fef10b4e06879d75c496c1ce3e89410bff1b77bf51220f21570255d1f214580e,sanavinarkhede/StudyAssistant,200,lossless-v2,utf-8
336,2026-08-30T21:40:25.962592+00:00,README.md,https://huggingface.co/spaces/sanchezpaez/speech_to_text_to_speech_language_tutor/resolve/eeadbcabf160488bd01e3d6ed34a8457dbd3c722/README.md,eeadbcabf160488bd01e3d6ed34a8457dbd3c722,c34b361cbb78847870c72b3d168401572e577bf4e938e909817baba62631a6ca,sanchezpaez/speech_to_text_to_speech_language_tutor,200,,
2759,2026-08-30T21:40:26.453951+00:00,app.py,https://huggingface.co/spaces/sanchezpaez/speech_to_text_to_speech_language_tutor/resolve/eeadbcabf160488bd01e3d6ed34a8457dbd3c722/app.py,eeadbcabf160488bd01e3d6ed34a8457dbd3c722,50aacddc3a605b40596206eeb5dc869f00bc7d69f79b7909d464cd73e7c8df19,sanchezpaez/speech_to_text_to_speech_language_tutor,200,,
13,2026-08-30T21:40:26.513004+00:00,requirements.txt,https://huggingface.co/spaces/sanchezpaez/speech_to_text_to_speech_language_tutor/resolve/eeadbcabf160488bd01e3d6ed34a8457dbd3c722/requirements.txt,eeadbcabf160488bd01e3d6ed34a8457dbd3c722,2d71f44fcb2ae634f48abdfb16a059439b0a549e28639f44911140cdc1be3ade,sanchezpaez/speech_to_text_to_speech_language_tutor,200,,
252,2026-08-30T21:40:27.002030+00:00,README.md,https://huggingface.co/spaces/sandariyogitha/AI_TUTOR/resolve/19a1d26d4f5ff8a47d34d72a79ea9ddb23036872/README.md,19a1d26d4f5ff8a47d34d72a79ea9ddb23036872,a661f6c4c5e1ce191cda3b8da82bcf918782b924176c509e7e291798bdb72f6d,sandariyogitha/AI_TUTOR,200,,
1698,2026-08-30T21:40:27.496883+00:00,app.py,https://huggingface.co/spaces/sandariyogitha/AI_TUTOR/resolve/19a1d26d4f5ff8a47d34d72a79ea9ddb23036872/app.py,19a1d26d4f5ff8a47d34d72a79ea9ddb23036872,211a6d19f732e9cd5695839991f128ee2ce6a5fec1a7e7256a8f12028d07841e,sandariyogitha/AI_TUTOR,200,,
19,2026-08-30T21:40:27.517746+00:00,requirements.txt,https://huggingface.co/spaces/sandariyogitha/AI_TUTOR/resolve/19a1d26d4f5ff8a47d34d72a79ea9ddb23036872/requirements.txt,19a1d26d4f5ff8a47d34d72a79ea9ddb23036872,7b8a226e55bb285e1ab07c5ed9320591e97a3aae4c072264d418d1dae77d8228,sandariyogitha/AI_TUTOR,200,,
319,2026-08-30T21:40:28.016163+00:00,README.md,https://huggingface.co/spaces/sangareddijaswanth/study_assistant/resolve/ccdce063b8b6ad36fb714e46e69132da0e832687/README.md,ccdce063b8b6ad36fb714e46e69132da0e832687,5f80d4221d013cfd590189078e5bd466e35bc88d83aa7485eb71190a7215d145,sangareddijaswanth/study_assistant,200,,
1803,2026-08-30T21:40:28.615157+00:00,app.py,https://huggingface.co/spaces/sangareddijaswanth/study_assistant/resolve/ccdce063b8b6ad36fb714e46e69132da0e832687/app.py,ccdce063b8b6ad36fb714e46e69132da0e832687,c55d37a89140e36ecbf7ad22e825db0ba9bed8119eebac233c03c0a3f7740376,sangareddijaswanth/study_assistant,200,,
50,2026-08-30T21:40:28.540938+00:00,requirements.txt,https://huggingface.co/spaces/sangareddijaswanth/study_assistant/resolve/ccdce063b8b6ad36fb714e46e69132da0e832687/requirements.txt,ccdce063b8b6ad36fb714e46e69132da0e832687,a5579509cf64147973690999c5e76c33f871910344b626c956658d39cda27a6e,sangareddijaswanth/study_assistant,200,,
297,2026-08-30T21:40:29.166371+00:00,README.md,https://huggingface.co/spaces/sanjana033/my-study-assistant/resolve/e2162ba14398fe20ce4bc759b8c23ec3f5901939/README.md,e2162ba14398fe20ce4bc759b8c23ec3f5901939,8cd7419b561c60c251825eaa0ac5c169827e270d3053222893663560a98dbf05,sanjana033/my-study-assistant,200,,
1416,2026-08-30T21:40:29.718931+00:00,app.py,https://huggingface.co/spaces/sanjana033/my-study-assistant/resolve/e2162ba14398fe20ce4bc759b8c23ec3f5901939/app.py,e2162ba14398fe20ce4bc759b8c23ec3f5901939,486ddccd28aeca6da6de36d6d8325bf4e62a1fb79bb575abaadda8630b0bbd89,sanjana033/my-study-assistant,200,,
26,2026-08-30T21:40:29.668699+00:00,requirements.txt,https://huggingface.co/spaces/sanjana033/my-study-assistant/resolve/e2162ba14398fe20ce4bc759b8c23ec3f5901939/requirements.txt,e2162ba14398fe20ce4bc759b8c23ec3f5901939,14d634842a508fd25524e638e42df98bef8ecf643d11777dbb35bd8f413f6731,sanjana033/my-study-assistant,200,,
215,2026-08-30T21:40:31.837759+00:00,README.md,https://huggingface.co/spaces/sanju56575657/my-study-assistant/resolve/1f016c03df0a8bc03b153bdfbf0c115d97a9b8ec/README.md,1f016c03df0a8bc03b153bdfbf0c115d97a9b8ec,fa9a7c68ebbb5d6760facda5a105c248f5c75df77ecbd36b87985a32ff9e5de2,sanju56575657/my-study-assistant,200,,
546,2026-08-30T21:40:32.332028+00:00,index.html,https://huggingface.co/spaces/sanju56575657/my-study-assistant/resolve/1f016c03df0a8bc03b153bdfbf0c115d97a9b8ec/index.html,1f016c03df0a8bc03b153bdfbf0c115d97a9b8ec,fef10b4e06879d75c496c1ce3e89410bff1b77bf51220f21570255d1f214580e,sanju56575657/my-study-assistant,200,,
276,2026-08-30T21:40:32.849249+00:00,README.md,https://huggingface.co/spaces/sanketh2334/biology_ai_tutor/resolve/9236885c7d2405fd5473190142693fb5d824bdb9/README.md,9236885c7d2405fd5473190142693fb5d824bdb9,bcbd917d3d12f40ba07cdf7b39b52d35cb350b68f17f3c07becd6c6a25a2c957,sanketh2334/biology_ai_tutor,200,,
3158,2026-08-30T21:40:33.335890+00:00,app.py,https://huggingface.co/spaces/sanketh2334/biology_ai_tutor/resolve/9236885c7d2405fd5473190142693fb5d824bdb9/app.py,9236885c7d2405fd5473190142693fb5d824bdb9,2dd775b7286abe93a2db52d1eb689ad460f5aeaa19456e9eabce5f13e177f414,sanketh2334/biology_ai_tutor,200,,
45,2026-08-30T21:40:33.349118+00:00,requirements.txt,https://huggingface.co/spaces/sanketh2334/biology_ai_tutor/resolve/9236885c7d2405fd5473190142693fb5d824bdb9/requirements.txt,9236885c7d2405fd5473190142693fb5d824bdb9,64c9906e8b6e028ed21fcde527b49ca368852298dd04290676e36c13365507d1,sanketh2334/biology_ai_tutor,200,,
250,2026-08-30T21:40:33.878350+00:00,README.md,https://huggingface.co/spaces/santhoshi-123/AITUTOR/resolve/9fcdada59d4437825b03d428c992ed05cdee650e/README.md,9fcdada59d4437825b03d428c992ed05cdee650e,d1144d16db4247b7daaf09da2ff7ead19797bfdca34a471b7d860b664d133c74,santhoshi-123/AITUTOR,200,,
1719,2026-08-30T21:40:34.373841+00:00,app.py,https://huggingface.co/spaces/santhoshi-123/AITUTOR/resolve/9fcdada59d4437825b03d428c992ed05cdee650e/app.py,9fcdada59d4437825b03d428c992ed05cdee650e,57c01ea4522390e7739ada29fcf254d8ba5d2d3a413b1eb4f476084cd479d1b4,santhoshi-123/AITUTOR,200,,
26,2026-08-30T21:40:34.399859+00:00,requirements.txt,https://huggingface.co/spaces/santhoshi-123/AITUTOR/resolve/9fcdada59d4437825b03d428c992ed05cdee650e/requirements.txt,9fcdada59d4437825b03d428c992ed05cdee650e,f0e68ed0f199a4400a54ea3fd8d39b91050449fc66c48ed2e6b0bb39cdc58706,santhoshi-123/AITUTOR,200,,
341,2026-08-30T21:40:34.900906+00:00,README.md,https://huggingface.co/spaces/santosh7/AI_converstion_Data_Science_Tutor/resolve/e9c2d58a225f89e145dc474a0824e9d161bb3fa6/README.md,e9c2d58a225f89e145dc474a0824e9d161bb3fa6,fd46fd08d299809d7119bb75144ea288ee50aee3c01fae7b6161bdadb51a7b4e,santosh7/AI_converstion_Data_Science_Tutor,200,,
5186,2026-08-30T21:40:35.405438+00:00,app.py,https://huggingface.co/spaces/santosh7/AI_converstion_Data_Science_Tutor/resolve/e9c2d58a225f89e145dc474a0824e9d161bb3fa6/app.py,e9c2d58a225f89e145dc474a0824e9d161bb3fa6,a82579f8b0f0245ff5647d9476525c271ac86c69de80d325f0e0ac2d41945eef,santosh7/AI_converstion_Data_Science_Tutor,200,,
93,2026-08-30T21:40:35.390088+00:00,requirements.txt,https://huggingface.co/spaces/santosh7/AI_converstion_Data_Science_Tutor/resolve/e9c2d58a225f89e145dc474a0824e9d161bb3fa6/requirements.txt,e9c2d58a225f89e145dc474a0824e9d161bb3fa6,cab2ffdad9b38f745375fce1280f2d7741dfa09186487881ae3a3f050ac19d4b,santosh7/AI_converstion_Data_Science_Tutor,200,,
284,2026-08-30T21:40:37.966176+00:00,README.md,https://huggingface.co/spaces/saraHamza/Engli-Tutor-Chatbot/resolve/74772de571b052effa84f2e1de1468d6bd2721d2/README.md,74772de571b052effa84f2e1de1468d6bd2721d2,22ae134e6eca932134262542e632da6a482a88c2bc8cd969fd891144521deae2,saraHamza/Engli-Tutor-Chatbot,200,,
2875,2026-08-30T21:40:38.515711+00:00,app.py,https://huggingface.co/spaces/saraHamza/Engli-Tutor-Chatbot/resolve/74772de571b052effa84f2e1de1468d6bd2721d2/app.py,74772de571b052effa84f2e1de1468d6bd2721d2,89fa60e75e69e26e6da09d9dcff60448fac5e44381c04325c2261e19d6c31af3,saraHamza/Engli-Tutor-Chatbot,200,,
889,2026-08-30T21:40:38.479278+00:00,chat_context.py,https://huggingface.co/spaces/saraHamza/Engli-Tutor-Chatbot/resolve/74772de571b052effa84f2e1de1468d6bd2721d2/chat_context.py,74772de571b052effa84f2e1de1468d6bd2721d2,0acbb691e3e3b248a7c468d2a50086ac44d01cbfa4464361f47ddcb4791e09ee,saraHamza/Engli-Tutor-Chatbot,200,,
1426,2026-08-30T21:40:38.516591+00:00,chat_handler.py,https://huggingface.co/spaces/saraHamza/Engli-Tutor-Chatbot/resolve/74772de571b052effa84f2e1de1468d6bd2721d2/chat_handler.py,74772de571b052effa84f2e1de1468d6bd2721d2,65307becb7d23ed115e7f297d38b509009582f407d36954c220395af1c5027fb,saraHamza/Engli-Tutor-Chatbot,200,,
1787,2026-08-30T21:40:38.521269+00:00,learning_mode_chat_handler.py,https://huggingface.co/spaces/saraHamza/Engli-Tutor-Chatbot/resolve/74772de571b052effa84f2e1de1468d6bd2721d2/learning_mode_chat_handler.py,74772de571b052effa84f2e1de1468d6bd2721d2,6084750021b899a01c51ee13844e49b34e26a987f675169dc8c2f945448cdd48,saraHamza/Engli-Tutor-Chatbot,200,,
719,2026-08-30T21:40:38.613966+00:00,logger.py,https://huggingface.co/spaces/saraHamza/Engli-Tutor-Chatbot/resolve/74772de571b052effa84f2e1de1468d6bd2721d2/logger.py,74772de571b052effa84f2e1de1468d6bd2721d2,3fdca265d6c3435065b8a6dcd5f01168bdadd875bf22052921dbfa12805f1f1e,saraHamza/Engli-Tutor-Chatbot,200,,
1865,2026-08-30T21:40:38.562598+00:00,practising_mode_chat_handler.py,https://huggingface.co/spaces/saraHamza/Engli-Tutor-Chatbot/resolve/74772de571b052effa84f2e1de1468d6bd2721d2/practising_mode_chat_handler.py,74772de571b052effa84f2e1de1468d6bd2721d2,0511c9ec383fcb01076e149f423312d909a1c4f589b80a3f648a9e7e3cc39895,saraHamza/Engli-Tutor-Chatbot,200,,
74,2026-08-30T21:40:38.552614+00:00,requirements.txt,https://huggingface.co/spaces/saraHamza/Engli-Tutor-Chatbot/resolve/74772de571b052effa84f2e1de1468d6bd2721d2/requirements.txt,74772de571b052effa84f2e1de1468d6bd2721d2,db75bb97a8fbb27eae14923d25be3acbddc7b19355dd5f4af87c57f899e8f66d,saraHamza/Engli-Tutor-Chatbot,200,,
213,2026-08-30T21:40:39.142344+00:00,README.md,https://huggingface.co/spaces/sarankumark/StudyAssistant/resolve/bde9e3260a84037487319954899f3d8c7ff5a576/README.md,bde9e3260a84037487319954899f3d8c7ff5a576,71497f9a88a2390d53e7e564d7b9b36acdc50fdeeaac7fc4058b7e83b856f745,sarankumark/StudyAssistant,200,,
1664,2026-09-02T19:09:08.062560+00:00,index.html,https://huggingface.co/spaces/sarankumark/StudyAssistant/resolve/bde9e3260a84037487319954899f3d8c7ff5a576/index.html,bde9e3260a84037487319954899f3d8c7ff5a576,870dca6ad2db4be31e3278dcbe59b8c43c3f02baf1c1e105a7d8e73a68c23d7a,sarankumark/StudyAssistant,200,lossless-v2,utf-8
302,2026-08-30T21:40:40.700097+00:00,README.md,https://huggingface.co/spaces/saru21/study_assistant/resolve/291c24ba636cef6bad697d35db608080e0aa3444/README.md,291c24ba636cef6bad697d35db608080e0aa3444,335df8a667ac945169a4b90e4181292013893f80feb329dcaced474d1167889c,saru21/study_assistant,200,,
1785,2026-08-30T21:40:41.326139+00:00,app.py,https://huggingface.co/spaces/saru21/study_assistant/resolve/291c24ba636cef6bad697d35db608080e0aa3444/app.py,291c24ba636cef6bad697d35db608080e0aa3444,bf14079a30bac06f77a592e4a8d72c4bffbdcd2b3577bc6a251c6d52e4b22a5b,saru21/study_assistant,200,,
22,2026-08-30T21:40:41.205432+00:00,requirements.txt,https://huggingface.co/spaces/saru21/study_assistant/resolve/291c24ba636cef6bad697d35db608080e0aa3444/requirements.txt,291c24ba636cef6bad697d35db608080e0aa3444,98e202d53ab7329d90afabb441fbf378b708f7c791fb6d33242dc8e4ff4c4ea3,saru21/study_assistant,200,,
300,2026-08-30T21:40:41.820888+00:00,README.md,https://huggingface.co/spaces/satvik452007/Study_assistant/resolve/73e19a800415a12e2243e3f99e7361cbc947bbcf/README.md,73e19a800415a12e2243e3f99e7361cbc947bbcf,50581550c80a8d5db6827da168b74960a8d5c0a18a3c28acf5dbf51ac70b2e91,satvik452007/Study_assistant,200,,
4123,2026-08-30T21:40:42.336646+00:00,app.py,https://huggingface.co/spaces/satvik452007/Study_assistant/resolve/73e19a800415a12e2243e3f99e7361cbc947bbcf/app.py,73e19a800415a12e2243e3f99e7361cbc947bbcf,ca1977e6b6bd4e6c53c799126985e47adf6b836a3ceb26fbd3237742400ed245,satvik452007/Study_assistant,200,,
20,2026-08-30T21:40:42.338850+00:00,requirements.txt,https://huggingface.co/spaces/satvik452007/Study_assistant/resolve/73e19a800415a12e2243e3f99e7361cbc947bbcf/requirements.txt,73e19a800415a12e2243e3f99e7361cbc947bbcf,6f1756c6ef672af0d7db4cad79cfc682868d203d904a5b6aa55db9c2017ca5ad,satvik452007/Study_assistant,200,,
308,2026-08-30T21:40:51.099262+00:00,README.md,https://huggingface.co/spaces/sewusida/statistics_study_assistant/resolve/a1492f454b4e48332ec8625b2f6cd3b5ab01f081/README.md,a1492f454b4e48332ec8625b2f6cd3b5ab01f081,76590e8d374cdacab388b170ecfc13aa42dcd59a4c07034485dc1e86055829b8,sewusida/statistics_study_assistant,200,,
14860,2026-08-30T21:40:51.607443+00:00,app.py,https://huggingface.co/spaces/sewusida/statistics_study_assistant/resolve/a1492f454b4e48332ec8625b2f6cd3b5ab01f081/app.py,a1492f454b4e48332ec8625b2f6cd3b5ab01f081,c38c58bc55477fe1131fb0be84051ca61b30f3724bb5245e07ea01a6f900d4c7,sewusida/statistics_study_assistant,200,,
231,2026-08-30T21:40:51.638864+00:00,requirements.txt,https://huggingface.co/spaces/sewusida/statistics_study_assistant/resolve/a1492f454b4e48332ec8625b2f6cd3b5ab01f081/requirements.txt,a1492f454b4e48332ec8625b2f6cd3b5ab01f081,e7588c7491ddb64a865113304e4d356449a1e411ff10d411451b2980706c6c2c,sewusida/statistics_study_assistant,200,,
1604,2026-08-30T21:40:55.386877+00:00,README.md,https://huggingface.co/spaces/shaheerawan3/AI-Teaching-Assistant/resolve/bd52c2677cf3b486e6710a70a1d64994a2f963e7/README.md,bd52c2677cf3b486e6710a70a1d64994a2f963e7,cf0f94c455bd93768a4cbb6473df04379dcd725ac2ae57194c99982b4b3c41cf,shaheerawan3/AI-Teaching-Assistant,200,,
2637,2026-08-30T21:40:55.888251+00:00,app.py,https://huggingface.co/spaces/shaheerawan3/AI-Teaching-Assistant/resolve/bd52c2677cf3b486e6710a70a1d64994a2f963e7/app.py,bd52c2677cf3b486e6710a70a1d64994a2f963e7,45be96d6a174d74109f98c651aa370de7ccb23c0d40c3280e209006b64139321,shaheerawan3/AI-Teaching-Assistant,200,,
4451,2026-08-30T21:40:55.915693+00:00,model.py,https://huggingface.co/spaces/shaheerawan3/AI-Teaching-Assistant/resolve/bd52c2677cf3b486e6710a70a1d64994a2f963e7/model.py,bd52c2677cf3b486e6710a70a1d64994a2f963e7,cd27237b61e763351b51d864fd8c8d0d7048a9343eb80c39de57e7a699d0c769,shaheerawan3/AI-Teaching-Assistant,200,,
139,2026-08-30T21:40:55.916411+00:00,requirements.txt,https://huggingface.co/spaces/shaheerawan3/AI-Teaching-Assistant/resolve/bd52c2677cf3b486e6710a70a1d64994a2f963e7/requirements.txt,bd52c2677cf3b486e6710a70a1d64994a2f963e7,aa6af3329eba8ccb6fc358779326e94f80355dd2469eb419cba682f579553eaf,shaheerawan3/AI-Teaching-Assistant,200,,
1742,2026-08-30T21:40:55.978252+00:00,train.py,https://huggingface.co/spaces/shaheerawan3/AI-Teaching-Assistant/resolve/bd52c2677cf3b486e6710a70a1d64994a2f963e7/train.py,bd52c2677cf3b486e6710a70a1d64994a2f963e7,9b0136ae1769fdbfe499c590e7824930353b3d3179ad7e8172f8d85c37997343,shaheerawan3/AI-Teaching-Assistant,200,,
245,2026-08-30T21:40:56.482319+00:00,README.md,https://huggingface.co/spaces/shahzaib41202/AI_ML_Tutor/resolve/3a698ebd142d7f6ce8e3b4aa49a3981c33d09ceb/README.md,3a698ebd142d7f6ce8e3b4aa49a3981c33d09ceb,75b393ff4a55764ac78cd27a4ba89b3403c629e38aa3a6eb0f4981ca576760ae,shahzaib41202/AI_ML_Tutor,200,,
4251,2026-08-30T21:40:56.984147+00:00,app.py,https://huggingface.co/spaces/shahzaib41202/AI_ML_Tutor/resolve/3a698ebd142d7f6ce8e3b4aa49a3981c33d09ceb/app.py,3a698ebd142d7f6ce8e3b4aa49a3981c33d09ceb,ae60bd12c2627299abaa5ec6a567ede06e71c35ee2813f3786cb2539cfcf35fb,shahzaib41202/AI_ML_Tutor,200,,
127,2026-08-30T21:40:56.997122+00:00,requirements.txt,https://huggingface.co/spaces/shahzaib41202/AI_ML_Tutor/resolve/3a698ebd142d7f6ce8e3b4aa49a3981c33d09ceb/requirements.txt,3a698ebd142d7f6ce8e3b4aa49a3981c33d09ceb,c76564b08eb8b667d8d328e7a726e74f0d49bfb48151654fc4468136555d60d4,shahzaib41202/AI_ML_Tutor,200,,
196,2026-08-30T21:40:57.505080+00:00,README.md,https://huggingface.co/spaces/shankar-dev24/StudyAssistant/resolve/b3f8c07c2e1882d489ff4953f6b0b50f8fccd299/README.md,b3f8c07c2e1882d489ff4953f6b0b50f8fccd299,0a7aa01529f36eeafe4b836848be92dbf086de1b0798b5428dfb067ae1051daa,shankar-dev24/StudyAssistant,200,,
1663,2026-09-02T19:09:09.562511+00:00,app.py,https://huggingface.co/spaces/shankar-dev24/StudyAssistant/resolve/b3f8c07c2e1882d489ff4953f6b0b50f8fccd299/app.py,b3f8c07c2e1882d489ff4953f6b0b50f8fccd299,09468de289dd1f14dfacb9fbfcf2b7103f34ba078660e925c3c74d91ba297d39,shankar-dev24/StudyAssistant,200,lossless-v2,utf-8
546,2026-09-02T19:09:09.617508+00:00,index.html,https://huggingface.co/spaces/shankar-dev24/StudyAssistant/resolve/b3f8c07c2e1882d489ff4953f6b0b50f8fccd299/index.html,b3f8c07c2e1882d489ff4953f6b0b50f8fccd299,fef10b4e06879d75c496c1ce3e89410bff1b77bf51220f21570255d1f214580e,shankar-dev24/StudyAssistant,200,lossless-v2,utf-8
20,2026-09-02T19:09:09.604057+00:00,requirements.txt,https://huggingface.co/spaces/shankar-dev24/StudyAssistant/resolve/b3f8c07c2e1882d489ff4953f6b0b50f8fccd299/requirements.txt,b3f8c07c2e1882d489ff4953f6b0b50f8fccd299,73e993b49d1b7fff68ffa4dda171a35d9aac1fdda6c3d3f2b34809481de38dcd,shankar-dev24/StudyAssistant,200,lossless-v2,utf-8
454,2026-08-30T21:40:58.113905+00:00,README.md,https://huggingface.co/spaces/shawarnaditya121/ai-teaching-assistant/resolve/5448a77be0b78e919303a4b27ce73d20d5032e73/README.md,5448a77be0b78e919303a4b27ce73d20d5032e73,0ee61e88463a5ecac9406fccd76ddea336a968e61f779e79bdad5316b4cb0088,shawarnaditya121/ai-teaching-assistant,200,,
6501,2026-08-30T21:40:58.625080+00:00,app.py,https://huggingface.co/spaces/shawarnaditya121/ai-teaching-assistant/resolve/5448a77be0b78e919303a4b27ce73d20d5032e73/app.py,5448a77be0b78e919303a4b27ce73d20d5032e73,d48b54c4c2d31e9efa334e5a2e1fbddc98e898b36d29911058d0b9c76b1bc14f,shawarnaditya121/ai-teaching-assistant,200,,
69,2026-08-30T21:40:58.746251+00:00,requirements.txt,https://huggingface.co/spaces/shawarnaditya121/ai-teaching-assistant/resolve/5448a77be0b78e919303a4b27ce73d20d5032e73/requirements.txt,5448a77be0b78e919303a4b27ce73d20d5032e73,bc03b9f1e90a07e7dfc2f6a6fe87202f721cb888ae247819476b4a789f9418e8,shawarnaditya121/ai-teaching-assistant,200,,
2941,2026-08-30T21:40:58.625872+00:00,src/streamlit_app.py,https://huggingface.co/spaces/shawarnaditya121/ai-teaching-assistant/resolve/5448a77be0b78e919303a4b27ce73d20d5032e73/src/streamlit_app.py,5448a77be0b78e919303a4b27ce73d20d5032e73,4aafc25b6e412fdcd8536fe7c1e798bc011fb69e77f0ff63618c2714ae5591db,shawarnaditya121/ai-teaching-assistant,200,,
63,2026-08-30T21:40:59.752111+00:00,.env.example,https://huggingface.co/spaces/shb59na/ai-study-tutor/resolve/2e812fb51bc8f046a659621075ed09d3f23b48fd/.env.example,2e812fb51bc8f046a659621075ed09d3f23b48fd,8a5eabe35520ff6c144ae69cd46f1c168d1a99bf406ab70448375388125c03ae,shb59na/ai-study-tutor,200,,
302,2026-08-30T21:40:59.781654+00:00,.pytest_cache/README.md,https://huggingface.co/spaces/shb59na/ai-study-tutor/resolve/2e812fb51bc8f046a659621075ed09d3f23b48fd/.pytest_cache/README.md,2e812fb51bc8f046a659621075ed09d3f23b48fd,73fd6fccdd802c419a6b2d983d6c3173b7da97558ac4b589edec2dfe443db9ad,shb59na/ai-study-tutor,200,,
6901,2026-08-30T21:40:59.253048+00:00,README.md,https://huggingface.co/spaces/shb59na/ai-study-tutor/resolve/2e812fb51bc8f046a659621075ed09d3f23b48fd/README.md,2e812fb51bc8f046a659621075ed09d3f23b48fd,2b8e5620b092d6400ee5a7180d16f193b6924dc0fbdb568c128cee9d27161eaa,shb59na/ai-study-tutor,200,,
63,2026-08-30T21:40:59.771196+00:00,ai-study-tutor/.env.example,https://huggingface.co/spaces/shb59na/ai-study-tutor/resolve/2e812fb51bc8f046a659621075ed09d3f23b48fd/ai-study-tutor/.env.example,2e812fb51bc8f046a659621075ed09d3f23b48fd,8a5eabe35520ff6c144ae69cd46f1c168d1a99bf406ab70448375388125c03ae,shb59na/ai-study-tutor,200,,
4049,2026-08-30T21:40:59.775211+00:00,ai-study-tutor/README.md,https://huggingface.co/spaces/shb59na/ai-study-tutor/resolve/2e812fb51bc8f046a659621075ed09d3f23b48fd/ai-study-tutor/README.md,2e812fb51bc8f046a659621075ed09d3f23b48fd,9c7eecebab02161cfe9a093befae2b1aefff464b5fdc315697857ed5a5cf74f0,shb59na/ai-study-tutor,200,,
87,2026-08-30T21:40:59.793625+00:00,ai-study-tutor/requirements.txt,https://huggingface.co/spaces/shb59na/ai-study-tutor/resolve/2e812fb51bc8f046a659621075ed09d3f23b48fd/ai-study-tutor/requirements.txt,2e812fb51bc8f046a659621075ed09d3f23b48fd,6b30826351544796f4ba3b701a82c8a56971e51beba2064c91f3c98dc1d668b0,shb59na/ai-study-tutor,200,,
464,2026-08-30T21:40:59.806518+00:00,app.py,https://huggingface.co/spaces/shb59na/ai-study-tutor/resolve/2e812fb51bc8f046a659621075ed09d3f23b48fd/app.py,2e812fb51bc8f046a659621075ed09d3f23b48fd,24ae7a015972878aaa8bfb51d87d42ccf095685fb035be9ce0bafccbbdf6b179,shb59na/ai-study-tutor,200,,
0,2026-08-30T21:40:59.542868+00:00,app/__init__.py,https://huggingface.co/spaces/shb59na/ai-study-tutor/resolve/2e812fb51bc8f046a659621075ed09d3f23b48fd/app/__init__.py,2e812fb51bc8f046a659621075ed09d3f23b48fd,e3b0c44298fc1c149afbf4c8996fb92427ae41e4649b934ca495991b7852b855,shb59na/ai-study-tutor,200,,
1756,2026-08-30T21:40:59.832935+00:00,app/learner.py,https://huggingface.co/spaces/shb59na/ai-study-tutor/resolve/2e812fb51bc8f046a659621075ed09d3f23b48fd/app/learner.py,2e812fb51bc8f046a659621075ed09d3f23b48fd,76eefdbe2a9e0f8381da563a5f94d4a5d9ac64210d984ba957dbb38f2b3150c6,shb59na/ai-study-tutor,200,,
94,2026-08-30T21:41:00.033845+00:00,requirements.txt,https://huggingface.co/spaces/shb59na/ai-study-tutor/resolve/2e812fb51bc8f046a659621075ed09d3f23b48fd/requirements.txt,2e812fb51bc8f046a659621075ed09d3f23b48fd,f336e93d8bad2dfafc51afd637510dc681cd7651723ce6914e6d789c3b59ba65,shb59na/ai-study-tutor,200,,
146,2026-08-30T21:41:00.531984+00:00,README.md,https://huggingface.co/spaces/sheraz00/ai-teaching-assistant/resolve/ab851c27656df65815b4a9116997cbdb5943f3ec/README.md,ab851c27656df65815b4a9116997cbdb5943f3ec,cb16b54479bcf848d55c8162bf730972d6e53164724df6adb25eeb0e18648d41,sheraz00/ai-teaching-assistant,200,,
0,2026-08-30T21:41:00.770723+00:00,agents/__init__.py,https://huggingface.co/spaces/sheraz00/ai-teaching-assistant/resolve/ab851c27656df65815b4a9116997cbdb5943f3ec/agents/__init__.py,ab851c27656df65815b4a9116997cbdb5943f3ec,e3b0c44298fc1c149afbf4c8996fb92427ae41e4649b934ca495991b7852b855,sheraz00/ai-teaching-assistant,200,,
541,2026-08-30T21:41:01.056990+00:00,agents/advisor.py,https://huggingface.co/spaces/sheraz00/ai-teaching-assistant/resolve/ab851c27656df65815b4a9116997cbdb5943f3ec/agents/advisor.py,ab851c27656df65815b4a9116997cbdb5943f3ec,48533fe0b147e2c26ee4cd89d6dfdb7db7ffb0c6e3c0d3cf0db9215e30560641,sheraz00/ai-teaching-assistant,200,,
427,2026-08-30T21:41:01.048589+00:00,agents/assistant.py,https://huggingface.co/spaces/sheraz00/ai-teaching-assistant/resolve/ab851c27656df65815b4a9116997cbdb5943f3ec/agents/assistant.py,ab851c27656df65815b4a9116997cbdb5943f3ec,f7135d1a5aee5964dd30ab21b37278c71de7e0afc67064f768173b17a2e48840,sheraz00/ai-teaching-assistant,200,,
425,2026-08-30T21:41:01.034527+00:00,agents/librarian.py,https://huggingface.co/spaces/sheraz00/ai-teaching-assistant/resolve/ab851c27656df65815b4a9116997cbdb5943f3ec/agents/librarian.py,ab851c27656df65815b4a9116997cbdb5943f3ec,1a22e581f3e887a09cdd14800c4c22666a79bb3a26d3e705399e34e5413247c6,sheraz00/ai-teaching-assistant,200,,
548,2026-08-30T21:41:01.053874+00:00,agents/mentor.py,https://huggingface.co/spaces/sheraz00/ai-teaching-assistant/resolve/ab851c27656df65815b4a9116997cbdb5943f3ec/agents/mentor.py,ab851c27656df65815b4a9116997cbdb5943f3ec,a25451f80dc0b0fad07972460c823b56c9c2c940cfb96e95f86b613b20b2679e,sheraz00/ai-teaching-assistant,200,,
560,2026-08-30T21:41:01.045125+00:00,agents/professor.py,https://huggingface.co/spaces/sheraz00/ai-teaching-assistant/resolve/ab851c27656df65815b4a9116997cbdb5943f3ec/agents/professor.py,ab851c27656df65815b4a9116997cbdb5943f3ec,ab3b6c6c5ec7486ebf50bc587c4cfd1ce6370634ca5ed4509f84fdeff9445250,sheraz00/ai-teaching-assistant,200,,
27951,2026-08-30T21:41:01.094290+00:00,app.py,https://huggingface.co/spaces/sheraz00/ai-teaching-assistant/resolve/ab851c27656df65815b4a9116997cbdb5943f3ec/app.py,ab851c27656df65815b4a9116997cbdb5943f3ec,d4bd52a03a0fafa5edb391c404bbfce6dca554c3fd73922841c81b9f5c07d66e,sheraz00/ai-teaching-assistant,200,,
0,2026-08-30T21:41:00.799395+00:00,rag/__init__.py,https://huggingface.co/spaces/sheraz00/ai-teaching-assistant/resolve/ab851c27656df65815b4a9116997cbdb5943f3ec/rag/__init__.py,ab851c27656df65815b4a9116997cbdb5943f3ec,e3b0c44298fc1c149afbf4c8996fb92427ae41e4649b934ca495991b7852b855,sheraz00/ai-teaching-assistant,200,,
101,2026-08-30T21:41:01.277548+00:00,requirements.txt,https://huggingface.co/spaces/sheraz00/ai-teaching-assistant/resolve/ab851c27656df65815b4a9116997cbdb5943f3ec/requirements.txt,ab851c27656df65815b4a9116997cbdb5943f3ec,a09297f22a9f1099bde1f5068334a4bd4fea3dd7740c48637a5c5521055600c8,sheraz00/ai-teaching-assistant,200,,
258,2026-08-30T21:41:02.944104+00:00,README.md,https://huggingface.co/spaces/shikhahaljmili/ai-quiz-generator/resolve/30e0c3f4d1f2be6ae3213551e0a850993dd2c5d5/README.md,30e0c3f4d1f2be6ae3213551e0a850993dd2c5d5,91b36c0dc8770b483e281376fad4def23ae6ff1740492de2cb31719ab76b905f,shikhahaljmili/ai-quiz-generator,200,,
2532,2026-08-30T21:41:03.440660+00:00,app.py,https://huggingface.co/spaces/shikhahaljmili/ai-quiz-generator/resolve/30e0c3f4d1f2be6ae3213551e0a850993dd2c5d5/app.py,30e0c3f4d1f2be6ae3213551e0a850993dd2c5d5,391ec5b8487c6a0cae51e030f5be5dfa588ebd43e9dca1d8b65ce3460f3fabac,shikhahaljmili/ai-quiz-generator,200,,
76,2026-08-30T21:41:03.445296+00:00,requirements.txt,https://huggingface.co/spaces/shikhahaljmili/ai-quiz-generator/resolve/30e0c3f4d1f2be6ae3213551e0a850993dd2c5d5/requirements.txt,30e0c3f4d1f2be6ae3213551e0a850993dd2c5d5,621e8b3d168e58ab14f3e5ab4c7fcdb32c8197a3488f37bf6429c8ba8551beb5,shikhahaljmili/ai-quiz-generator,200,,
230,2026-08-30T21:41:04.950843+00:00,README.md,https://huggingface.co/spaces/shirosh/ai-tutor/resolve/be0a48735f65222edfabee2457a2b8e0e1b406da/README.md,be0a48735f65222edfabee2457a2b8e0e1b406da,bed950aa2df0b03a0053719253c0cc36ae879f74963240caf2d8db235b4a538c,shirosh/ai-tutor,200,,
3640,2026-08-30T21:41:05.454477+00:00,app.py,https://huggingface.co/spaces/shirosh/ai-tutor/resolve/be0a48735f65222edfabee2457a2b8e0e1b406da/app.py,be0a48735f65222edfabee2457a2b8e0e1b406da,16d26bff6ddb4dfb548b5f84f33de32ee1725139bd6e413a14b825fa3a8e12fc,shirosh/ai-tutor,200,,
72,2026-08-30T21:41:05.476234+00:00,requirements.txt,https://huggingface.co/spaces/shirosh/ai-tutor/resolve/be0a48735f65222edfabee2457a2b8e0e1b406da/requirements.txt,be0a48735f65222edfabee2457a2b8e0e1b406da,7f7a5cb2ec197042ff7f2f40f19ed41bc63227ae841fc7f154e85f9b4af804c2,shirosh/ai-tutor,200,,
323,2026-08-30T21:41:07.605843+00:00,README.md,https://huggingface.co/spaces/shivasai02/StudyAssistant/resolve/aa1e4176ae9fee9c6d893a823382f20c5236ef86/README.md,aa1e4176ae9fee9c6d893a823382f20c5236ef86,4172c76146d2e69655bd7edfb9a739ec577592dabe71f94281c030f1de9120a2,shivasai02/StudyAssistant,200,,
1606,2026-08-30T21:41:08.124292+00:00,app.py,https://huggingface.co/spaces/shivasai02/StudyAssistant/resolve/aa1e4176ae9fee9c6d893a823382f20c5236ef86/app.py,aa1e4176ae9fee9c6d893a823382f20c5236ef86,4138758e5c16fe6f99820f108ba7a7e271bb72465b9a852b54ab9808859042be,shivasai02/StudyAssistant,200,,
20,2026-08-30T21:41:08.110662+00:00,requirements.txt,https://huggingface.co/spaces/shivasai02/StudyAssistant/resolve/aa1e4176ae9fee9c6d893a823382f20c5236ef86/requirements.txt,aa1e4176ae9fee9c6d893a823382f20c5236ef86,6f1756c6ef672af0d7db4cad79cfc682868d203d904a5b6aa55db9c2017ca5ad,shivasai02/StudyAssistant,200,,
184,2026-08-30T21:41:11.706594+00:00,README.md,https://huggingface.co/spaces/shroukelnagdy/quiz-generator/resolve/eb51aa9b110e53b400e9a32d3fd5e4eecaf759b7/README.md,eb51aa9b110e53b400e9a32d3fd5e4eecaf759b7,ed5debab9651a5da6bd65863d87e9bbab87ec8e7b114bf4f9c1b664727522c13,shroukelnagdy/quiz-generator,200,,
9163,2026-08-30T21:41:12.220373+00:00,main.py,https://huggingface.co/spaces/shroukelnagdy/quiz-generator/resolve/eb51aa9b110e53b400e9a32d3fd5e4eecaf759b7/main.py,eb51aa9b110e53b400e9a32d3fd5e4eecaf759b7,7ab73510fe846fb0ec7b29e786619b081b1ea4f2d33a4357e743e73de9dcd341,shroukelnagdy/quiz-generator,200,,
319,2026-08-30T21:41:12.302573+00:00,requirements.txt,https://huggingface.co/spaces/shroukelnagdy/quiz-generator/resolve/eb51aa9b110e53b400e9a32d3fd5e4eecaf759b7/requirements.txt,eb51aa9b110e53b400e9a32d3fd5e4eecaf759b7,67840a15acbbd1fded359984dbb4cf77fb086517845a2165d230bb3156e7bd7c,shroukelnagdy/quiz-generator,200,,
1228,2026-08-30T21:41:12.201651+00:00,run.py,https://huggingface.co/spaces/shroukelnagdy/quiz-generator/resolve/eb51aa9b110e53b400e9a32d3fd5e4eecaf759b7/run.py,eb51aa9b110e53b400e9a32d3fd5e4eecaf759b7,0a018065b48e4791fec11694415ddf102191c6cdad8f19be5bcc294125b35e7b,shroukelnagdy/quiz-generator,200,,
310,2026-08-30T21:41:13.871258+00:00,README.md,https://huggingface.co/spaces/shukdevdatta123/Language-Learning-Companion/resolve/7d4219722b2ee2be61d961b6966a79777ddfcec9/README.md,7d4219722b2ee2be61d961b6966a79777ddfcec9,50e00ae120e5a411d8819e062ca59d82bc430bb7f6f92731a9f0008a8d684f4c,shukdevdatta123/Language-Learning-Companion,200,,
10131,2026-08-30T21:41:14.374538+00:00,app.py,https://huggingface.co/spaces/shukdevdatta123/Language-Learning-Companion/resolve/7d4219722b2ee2be61d961b6966a79777ddfcec9/app.py,7d4219722b2ee2be61d961b6966a79777ddfcec9,3bb5c3af1718c886ecd7ec4d0c2a7325f14daed87cc4c114c424c0d58a25ba0b,shukdevdatta123/Language-Learning-Companion,200,,
6,2026-08-30T21:41:14.375560+00:00,requirements.txt,https://huggingface.co/spaces/shukdevdatta123/Language-Learning-Companion/resolve/7d4219722b2ee2be61d961b6966a79777ddfcec9/requirements.txt,7d4219722b2ee2be61d961b6966a79777ddfcec9,7d3194f79e645c42e4396dda38be04766810ec6a00d00aced3ffc2a0a1f1a9ef,shukdevdatta123/Language-Learning-Companion,200,,
321,2026-08-30T21:41:14.898220+00:00,README.md,https://huggingface.co/spaces/shukdevdatta123/Smart-AI-Tutor-APP/resolve/8b6b9e237d079fc4b43c2c8348aaf161b0ceb712/README.md,8b6b9e237d079fc4b43c2c8348aaf161b0ceb712,5e832df49a46ee205a177c84bcd0e50a02bf1827f5e3781bbacdf4128f1b7020,shukdevdatta123/Smart-AI-Tutor-APP,200,,
26586,2026-08-30T21:41:15.492350+00:00,app.py,https://huggingface.co/spaces/shukdevdatta123/Smart-AI-Tutor-APP/resolve/8b6b9e237d079fc4b43c2c8348aaf161b0ceb712/app.py,8b6b9e237d079fc4b43c2c8348aaf161b0ceb712,d464db5f0fc80284bde2a8b21ebad08f4b6c261a4f7f63a281766932010dcb3a,shukdevdatta123/Smart-AI-Tutor-APP,200,,
91,2026-08-30T21:41:15.489342+00:00,requirements.txt,https://huggingface.co/spaces/shukdevdatta123/Smart-AI-Tutor-APP/resolve/8b6b9e237d079fc4b43c2c8348aaf161b0ceb712/requirements.txt,8b6b9e237d079fc4b43c2c8348aaf161b0ceb712,3e54935ccf32a2d35ec384063d4cec3945a523bd77794f4da509ea158577b430,shukdevdatta123/Smart-AI-Tutor-APP,200,,
349,2026-08-30T21:41:16.002581+00:00,README.md,https://huggingface.co/spaces/shuklavartika/AI_Study_Assistant/resolve/cdd58e4643df868cc9d67b19635bb869ddbf512d/README.md,cdd58e4643df868cc9d67b19635bb869ddbf512d,70af151015349de91adc43389ebf454b61c41ef9e8265ccc7610181951e90c48,shuklavartika/AI_Study_Assistant,200,,
837,2026-08-30T21:41:16.495884+00:00,agents/qa.py,https://huggingface.co/spaces/shuklavartika/AI_Study_Assistant/resolve/cdd58e4643df868cc9d67b19635bb869ddbf512d/agents/qa.py,cdd58e4643df868cc9d67b19635bb869ddbf512d,779f5670149d39a8f490cb723b6b8261cabda23047960642fcaafb6b7f96444b,shuklavartika/AI_Study_Assistant,200,,
967,2026-08-30T21:41:16.509139+00:00,agents/quiz.py,https://huggingface.co/spaces/shuklavartika/AI_Study_Assistant/resolve/cdd58e4643df868cc9d67b19635bb869ddbf512d/agents/quiz.py,cdd58e4643df868cc9d67b19635bb869ddbf512d,a1bf4f6137407fc0f285bdd3bb3473f304f382e4ddc4d2b5822e488181363678,shuklavartika/AI_Study_Assistant,200,,
0,2026-08-30T21:41:16.337707+00:00,agents/retriever.py,https://huggingface.co/spaces/shuklavartika/AI_Study_Assistant/resolve/cdd58e4643df868cc9d67b19635bb869ddbf512d/agents/retriever.py,cdd58e4643df868cc9d67b19635bb869ddbf512d,e3b0c44298fc1c149afbf4c8996fb92427ae41e4649b934ca495991b7852b855,shuklavartika/AI_Study_Assistant,200,,
802,2026-08-30T21:41:16.576541+00:00,agents/summarizer.py,https://huggingface.co/spaces/shuklavartika/AI_Study_Assistant/resolve/cdd58e4643df868cc9d67b19635bb869ddbf512d/agents/summarizer.py,cdd58e4643df868cc9d67b19635bb869ddbf512d,9890796042033edcbf8051178f22ee4cadf6f1eb8b601529ea32d39903bb5e22,shuklavartika/AI_Study_Assistant,200,,
992,2026-08-30T21:41:16.587167+00:00,app.py,https://huggingface.co/spaces/shuklavartika/AI_Study_Assistant/resolve/cdd58e4643df868cc9d67b19635bb869ddbf512d/app.py,cdd58e4643df868cc9d67b19635bb869ddbf512d,6963ec980d09ed6ec68121ee61413393157fca171723e4e4940530735c0d68ef,shuklavartika/AI_Study_Assistant,200,,
859,2026-08-30T21:41:16.581864+00:00,langgraph_pipeline.py,https://huggingface.co/spaces/shuklavartika/AI_Study_Assistant/resolve/cdd58e4643df868cc9d67b19635bb869ddbf512d/langgraph_pipeline.py,cdd58e4643df868cc9d67b19635bb869ddbf512d,65208b5890c178d8d3c29d3fc21936c01f0681e81bacdae74ea537a794623d0e,shuklavartika/AI_Study_Assistant,200,,
137,2026-08-30T21:41:16.530805+00:00,requirements.txt,https://huggingface.co/spaces/shuklavartika/AI_Study_Assistant/resolve/cdd58e4643df868cc9d67b19635bb869ddbf512d/requirements.txt,cdd58e4643df868cc9d67b19635bb869ddbf512d,421a77b09709091da9da737c99714d80652d737a50ee13f49c817976185db7d0,shuklavartika/AI_Study_Assistant,200,,
346,2026-08-30T21:41:16.544466+00:00,utils/pdf_loader.py,https://huggingface.co/spaces/shuklavartika/AI_Study_Assistant/resolve/cdd58e4643df868cc9d67b19635bb869ddbf512d/utils/pdf_loader.py,cdd58e4643df868cc9d67b19635bb869ddbf512d,1ca0087d67b6a278dbb1b2382465274800170bc3a322c7db3acc72b84ff315e1,shuklavartika/AI_Study_Assistant,200,,
0,2026-08-30T21:41:16.591817+00:00,utils/vector_store.py,https://huggingface.co/spaces/shuklavartika/AI_Study_Assistant/resolve/cdd58e4643df868cc9d67b19635bb869ddbf512d/utils/vector_store.py,cdd58e4643df868cc9d67b19635bb869ddbf512d,e3b0c44298fc1c149afbf4c8996fb92427ae41e4649b934ca495991b7852b855,shuklavartika/AI_Study_Assistant,200,,
275,2026-08-30T21:41:19.205967+00:00,README.md,https://huggingface.co/spaces/siphiwesibisi/quiz-and-study-guide-generator/resolve/4a8848c7c718b9e1d278a0c17b0d6a26a70e8ecd/README.md,4a8848c7c718b9e1d278a0c17b0d6a26a70e8ecd,a4aff15226b99d541939f023c7f984f9027aff236c2f2a2d8acde60acd937372,siphiwesibisi/quiz-and-study-guide-generator,200,,
0,2026-08-30T21:41:19.471880+00:00,app.py,https://huggingface.co/spaces/siphiwesibisi/quiz-and-study-guide-generator/resolve/4a8848c7c718b9e1d278a0c17b0d6a26a70e8ecd/app.py,4a8848c7c718b9e1d278a0c17b0d6a26a70e8ecd,e3b0c44298fc1c149afbf4c8996fb92427ae41e4649b934ca495991b7852b855,siphiwesibisi/quiz-and-study-guide-generator,200,,
29,2026-08-30T21:41:19.707447+00:00,requirements.txt,https://huggingface.co/spaces/siphiwesibisi/quiz-and-study-guide-generator/resolve/4a8848c7c718b9e1d278a0c17b0d6a26a70e8ecd/requirements.txt,4a8848c7c718b9e1d278a0c17b0d6a26a70e8ecd,fb2fd6cf670fe3b6ad7b7f42a0631351169eea46c3bd6279ba44aba28d5deed0,siphiwesibisi/quiz-and-study-guide-generator,200,,
259,2026-08-30T21:41:20.216236+00:00,README.md,https://huggingface.co/spaces/siphiwesibisi/quiz-generator/resolve/e472361fb70e7b9a48dcf997bcf8e98e42d34e84/README.md,e472361fb70e7b9a48dcf997bcf8e98e42d34e84,4e07d1fc97c92698efe874ed45612c87555a75817649f86e402968f0130fb80b,siphiwesibisi/quiz-generator,200,,
827,2026-08-30T21:41:20.706181+00:00,app.py,https://huggingface.co/spaces/siphiwesibisi/quiz-generator/resolve/e472361fb70e7b9a48dcf997bcf8e98e42d34e84/app.py,e472361fb70e7b9a48dcf997bcf8e98e42d34e84,97b7078059010031691d15eaaaa05c060342c75bd4fdab4cfb7e706a3793e6b8,siphiwesibisi/quiz-generator,200,,
29,2026-08-30T21:41:20.801854+00:00,requirements.txt,https://huggingface.co/spaces/siphiwesibisi/quiz-generator/resolve/e472361fb70e7b9a48dcf997bcf8e98e42d34e84/requirements.txt,e472361fb70e7b9a48dcf997bcf8e98e42d34e84,fb2fd6cf670fe3b6ad7b7f42a0631351169eea46c3bd6279ba44aba28d5deed0,siphiwesibisi/quiz-generator,200,,
438,2026-08-30T21:41:23.573327+00:00,README.md,https://huggingface.co/spaces/siriItis/pdf-study-assistant/resolve/773ae2478fdc6fd6bf86463b9df2d1db0dfa1668/README.md,773ae2478fdc6fd6bf86463b9df2d1db0dfa1668,c5d9e377c4c98bc812422c6ed97b1c79381b6b8ec21ddff2189881ddb8aeec46,siriItis/pdf-study-assistant,200,,
11987,2026-08-30T21:41:24.146332+00:00,app.py,https://huggingface.co/spaces/siriItis/pdf-study-assistant/resolve/773ae2478fdc6fd6bf86463b9df2d1db0dfa1668/app.py,773ae2478fdc6fd6bf86463b9df2d1db0dfa1668,b6d7298dc0dd7fc2d09b440113ef4dc8a02e19c9ee2d4e2e3ff6314eea712f69,siriItis/pdf-study-assistant,200,,
349,2026-08-30T21:41:24.073177+00:00,requirements.txt,https://huggingface.co/spaces/siriItis/pdf-study-assistant/resolve/773ae2478fdc6fd6bf86463b9df2d1db0dfa1668/requirements.txt,773ae2478fdc6fd6bf86463b9df2d1db0dfa1668,e344c0d8562cc606a2dc43a5bf1dc3ed6cec1d20f2fbf5d7177373e8a21cc24d,siriItis/pdf-study-assistant,200,,
0,2026-08-30T21:41:23.838976+00:00,src/__init__.py,https://huggingface.co/spaces/siriItis/pdf-study-assistant/resolve/773ae2478fdc6fd6bf86463b9df2d1db0dfa1668/src/__init__.py,773ae2478fdc6fd6bf86463b9df2d1db0dfa1668,e3b0c44298fc1c149afbf4c8996fb92427ae41e4649b934ca495991b7852b855,siriItis/pdf-study-assistant,200,,
1739,2026-08-30T21:41:24.095693+00:00,src/embeddings.py,https://huggingface.co/spaces/siriItis/pdf-study-assistant/resolve/773ae2478fdc6fd6bf86463b9df2d1db0dfa1668/src/embeddings.py,773ae2478fdc6fd6bf86463b9df2d1db0dfa1668,a93685ab57059bb8ad19ba461eb3c009e667989e827f0e51d31f4535223567a0,siriItis/pdf-study-assistant,200,,
0,2026-08-30T21:41:23.824255+00:00,src/memory.py,https://huggingface.co/spaces/siriItis/pdf-study-assistant/resolve/773ae2478fdc6fd6bf86463b9df2d1db0dfa1668/src/memory.py,773ae2478fdc6fd6bf86463b9df2d1db0dfa1668,e3b0c44298fc1c149afbf4c8996fb92427ae41e4649b934ca495991b7852b855,siriItis/pdf-study-assistant,200,,
4246,2026-08-30T21:41:24.091423+00:00,src/pdf_processor.py,https://huggingface.co/spaces/siriItis/pdf-study-assistant/resolve/773ae2478fdc6fd6bf86463b9df2d1db0dfa1668/src/pdf_processor.py,773ae2478fdc6fd6bf86463b9df2d1db0dfa1668,c73a73ade26d16f68eb44cf96afcab2881bce566ad28615f8b580c8019a89e4e,siriItis/pdf-study-assistant,200,,
7872,2026-08-30T21:41:24.149394+00:00,src/rag_chain.py,https://huggingface.co/spaces/siriItis/pdf-study-assistant/resolve/773ae2478fdc6fd6bf86463b9df2d1db0dfa1668/src/rag_chain.py,773ae2478fdc6fd6bf86463b9df2d1db0dfa1668,d4a14a0a7d39087cdf8ead872b622b7bdf5291293b16629d31f1fa5914bf08d7,siriItis/pdf-study-assistant,200,,
4750,2026-08-30T21:41:24.153234+00:00,src/vector_store.py,https://huggingface.co/spaces/siriItis/pdf-study-assistant/resolve/773ae2478fdc6fd6bf86463b9df2d1db0dfa1668/src/vector_store.py,773ae2478fdc6fd6bf86463b9df2d1db0dfa1668,e3a59cf864f1cc0b5e36942b0a320f24c2c716d44ac30867e0166c1d24c7b224,siriItis/pdf-study-assistant,200,,
0,2026-08-30T21:41:24.133571+00:00,utils/__init__.py,https://huggingface.co/spaces/siriItis/pdf-study-assistant/resolve/773ae2478fdc6fd6bf86463b9df2d1db0dfa1668/utils/__init__.py,773ae2478fdc6fd6bf86463b9df2d1db0dfa1668,e3b0c44298fc1c149afbf4c8996fb92427ae41e4649b934ca495991b7852b855,siriItis/pdf-study-assistant,200,,
308,2026-08-30T21:41:24.668291+00:00,README.md,https://huggingface.co/spaces/sk-12/EDUBUDDY-AI-TUTOR/resolve/4972c7d944aff02ea5e6c5f95622425e0ed25498/README.md,4972c7d944aff02ea5e6c5f95622425e0ed25498,554ad7295580e060374a9f74c01f0f40807424e6b7d59b5e684db7be3173a774,sk-12/EDUBUDDY-AI-TUTOR,200,,
9635,2026-08-30T21:41:25.200651+00:00,app.py,https://huggingface.co/spaces/sk-12/EDUBUDDY-AI-TUTOR/resolve/4972c7d944aff02ea5e6c5f95622425e0ed25498/app.py,4972c7d944aff02ea5e6c5f95622425e0ed25498,88e3d32059b7f2259ba665e76019e1b4b92162c3d6fbbc429a46004875c3d793,sk-12/EDUBUDDY-AI-TUTOR,200,,
25,2026-08-30T21:41:25.182345+00:00,requirements.txt,https://huggingface.co/spaces/sk-12/EDUBUDDY-AI-TUTOR/resolve/4972c7d944aff02ea5e6c5f95622425e0ed25498/requirements.txt,4972c7d944aff02ea5e6c5f95622425e0ed25498,c822630f19d1056fd03697963a563dd5c882e21e8d8b65904eb57a89f9c187bc,sk-12/EDUBUDDY-AI-TUTOR,200,,
213,2026-08-30T21:41:25.793545+00:00,README.md,https://huggingface.co/spaces/smartteacher2026/aitutor/resolve/dcadd6a742ad2e8c499d3107f5856e61dbb288c1/README.md,dcadd6a742ad2e8c499d3107f5856e61dbb288c1,d80b9c7575d17614a71b9eb196ff8d1cb619ba58aa2c21caaacdbfc4b446d7c8,smartteacher2026/aitutor,200,,
357,2026-08-30T21:41:26.380788+00:00,index.html,https://huggingface.co/spaces/smartteacher2026/aitutor/resolve/dcadd6a742ad2e8c499d3107f5856e61dbb288c1/index.html,dcadd6a742ad2e8c499d3107f5856e61dbb288c1,aa1e94b4a44ded511db097fd853a84d6acaf5c464d9079290475cce1329e6275,smartteacher2026/aitutor,200,,
241,2026-08-30T21:41:29.509203+00:00,README.md,https://huggingface.co/spaces/sravani30/AI_QUIZ_GENERATOR/resolve/0138fd6b19db74a9003eafce0c90c5bd805186b5/README.md,0138fd6b19db74a9003eafce0c90c5bd805186b5,82d98db554a872161bf81f0f7a179e536a0f543a451207832db4b1e5185cd783,sravani30/AI_QUIZ_GENERATOR,200,,
5262,2026-08-30T21:41:30.173097+00:00,app.py,https://huggingface.co/spaces/sravani30/AI_QUIZ_GENERATOR/resolve/0138fd6b19db74a9003eafce0c90c5bd805186b5/app.py,0138fd6b19db74a9003eafce0c90c5bd805186b5,57d914821b904008001ac2817a810fc4e93baa718ec565cb2ea5b7a36453355f,sravani30/AI_QUIZ_GENERATOR,200,,
335,2026-08-30T21:41:30.026006+00:00,model.py,https://huggingface.co/spaces/sravani30/AI_QUIZ_GENERATOR/resolve/0138fd6b19db74a9003eafce0c90c5bd805186b5/model.py,0138fd6b19db74a9003eafce0c90c5bd805186b5,909e9f25e83dda14f9feeefc7ff40a0a5ec1274e3b88f89c41d0e7b683682a06,sravani30/AI_QUIZ_GENERATOR,200,,
96,2026-08-30T21:41:30.038186+00:00,requirements.txt,https://huggingface.co/spaces/sravani30/AI_QUIZ_GENERATOR/resolve/0138fd6b19db74a9003eafce0c90c5bd805186b5/requirements.txt,0138fd6b19db74a9003eafce0c90c5bd805186b5,2819b1492c1cb1d0e3a0d427cf1c3f7f22f20ed9c3aacacd3d26ac70dfbe5cf1,sravani30/AI_QUIZ_GENERATOR,200,,
255,2026-08-30T21:41:32.808892+00:00,README.md,https://huggingface.co/spaces/sreejamanthena/StudyAssistant/resolve/41045ca1fd3144a960e28980cf6cddebeec6b6b9/README.md,41045ca1fd3144a960e28980cf6cddebeec6b6b9,6ae4fb91acd74f63fb75cbd42fb7dc03c5a60ab32f49716bea13d9eb461d7e53,sreejamanthena/StudyAssistant,200,,
1798,2026-09-02T19:09:11.393523+00:00,app.py,https://huggingface.co/spaces/sreejamanthena/StudyAssistant/resolve/41045ca1fd3144a960e28980cf6cddebeec6b6b9/app.py,41045ca1fd3144a960e28980cf6cddebeec6b6b9,399a0b57397ced8c64d97125ce72ae8f813a822163d01165abd5bd60f8983d00,sreejamanthena/StudyAssistant,200,lossless-v2,utf-8
546,2026-09-02T19:09:11.427863+00:00,index.html,https://huggingface.co/spaces/sreejamanthena/StudyAssistant/resolve/41045ca1fd3144a960e28980cf6cddebeec6b6b9/index.html,41045ca1fd3144a960e28980cf6cddebeec6b6b9,fef10b4e06879d75c496c1ce3e89410bff1b77bf51220f21570255d1f214580e,sreejamanthena/StudyAssistant,200,lossless-v2,utf-8
12,2026-09-02T19:09:11.382319+00:00,requirements.txt,https://huggingface.co/spaces/sreejamanthena/StudyAssistant/resolve/41045ca1fd3144a960e28980cf6cddebeec6b6b9/requirements.txt,41045ca1fd3144a960e28980cf6cddebeec6b6b9,bcbb0bde2be3d84b0477765fbe5fad324546e9fda356a3a1e3f57cff99c9918d,sreejamanthena/StudyAssistant,200,lossless-v2,utf-8
346,2026-08-30T21:41:33.330700+00:00,README.md,https://huggingface.co/spaces/sreenivasulaReddy/StudyAssistant/resolve/da3720d86a73f92d4bb6d3d9dbca4587cceddf47/README.md,da3720d86a73f92d4bb6d3d9dbca4587cceddf47,ff8773002ea2fdc0974d25ed0b7e936a5934e5d29f49d425f613c8ff371e3d75,sreenivasulaReddy/StudyAssistant,200,,
1738,2026-09-02T19:09:11.983273+00:00,app.py,https://huggingface.co/spaces/sreenivasulaReddy/StudyAssistant/resolve/da3720d86a73f92d4bb6d3d9dbca4587cceddf47/app.py,da3720d86a73f92d4bb6d3d9dbca4587cceddf47,1b6d1aa4c7e3cd69de232e8e779543784020b5fef5eee58d019dd26f934108ee,sreenivasulaReddy/StudyAssistant,200,lossless-v2,utf-8
20,2026-09-02T19:09:12.153975+00:00,requirements.txt,https://huggingface.co/spaces/sreenivasulaReddy/StudyAssistant/resolve/da3720d86a73f92d4bb6d3d9dbca4587cceddf47/requirements.txt,da3720d86a73f92d4bb6d3d9dbca4587cceddf47,95b4ef97b952c34747ec62bd11226237b56adcd53182fcd706b2f2be09c37c53,sreenivasulaReddy/StudyAssistant,200,lossless-v2,utf-8
2640,2026-08-30T21:41:35.919222+00:00,README.md,https://huggingface.co/spaces/srinivas25046/ai-study-assistant/resolve/2ac3d749b44ea4156dcd3bce93a423075dadcd09/README.md,2ac3d749b44ea4156dcd3bce93a423075dadcd09,70306bc657556dd9c98e937d9e41acbb0d6bd74fa74e48d8dd0fd1d6377a8374,srinivas25046/ai-study-assistant,200,,
29,2026-08-30T21:41:36.415618+00:00,requirements.txt,https://huggingface.co/spaces/srinivas25046/ai-study-assistant/resolve/2ac3d749b44ea4156dcd3bce93a423075dadcd09/requirements.txt,2ac3d749b44ea4156dcd3bce93a423075dadcd09,608bf32513ca990bac7380715b760531e3e62b287da5e5a044e2dc6b9f8c6322,srinivas25046/ai-study-assistant,200,,
2591,2026-08-30T21:41:36.427894+00:00,src/streamlit_app.py,https://huggingface.co/spaces/srinivas25046/ai-study-assistant/resolve/2ac3d749b44ea4156dcd3bce93a423075dadcd09/src/streamlit_app.py,2ac3d749b44ea4156dcd3bce93a423075dadcd09,2edfe5319447147f827cfb3b4d3a3d4cf585de07b74f320e7396f6c5c5074123,srinivas25046/ai-study-assistant,200,,
228,2026-08-30T21:41:37.965304+00:00,README.md,https://huggingface.co/spaces/starkbyte45896/Quiz_Generator/resolve/a0307db7e70556980a577dcaa535b9bee7ec7143/README.md,a0307db7e70556980a577dcaa535b9bee7ec7143,d8f3c77608cf2d321c9b5f2e7e19ec4f961dd297cc84d84f53972984fd30d97b,starkbyte45896/Quiz_Generator,200,,
3798,2026-08-30T21:41:38.492197+00:00,app.py,https://huggingface.co/spaces/starkbyte45896/Quiz_Generator/resolve/a0307db7e70556980a577dcaa535b9bee7ec7143/app.py,a0307db7e70556980a577dcaa535b9bee7ec7143,1f4178f83c3795abb05b44329c298c7840896b59f5fc85905ae4add045ee86d1,starkbyte45896/Quiz_Generator,200,,
34,2026-08-30T21:41:38.499511+00:00,requirements.txt,https://huggingface.co/spaces/starkbyte45896/Quiz_Generator/resolve/a0307db7e70556980a577dcaa535b9bee7ec7143/requirements.txt,a0307db7e70556980a577dcaa535b9bee7ec7143,5ef5bf0d463996d4b8b8fa823b9ce36cb6abb5d45da401a66b651b302ed9d6d3,starkbyte45896/Quiz_Generator,200,,
264,2026-08-30T21:41:40.071903+00:00,README.md,https://huggingface.co/spaces/subhalakshmia06/studyassistant/resolve/d9cdd63259dc8c675009b7fb1a31ba09832e9f8c/README.md,d9cdd63259dc8c675009b7fb1a31ba09832e9f8c,3edce2f6f4c61f26f458fa515cfb6d168d26d6acf8acb173fe0b61dc90cd274d,subhalakshmia06/studyassistant,200,,
4005,2026-08-30T21:41:40.559312+00:00,index.html,https://huggingface.co/spaces/subhalakshmia06/studyassistant/resolve/d9cdd63259dc8c675009b7fb1a31ba09832e9f8c/index.html,d9cdd63259dc8c675009b7fb1a31ba09832e9f8c,f8880d7b7b2e062697ffeaeb0d487e734723093b9b03db6d6a31fe3009227098,subhalakshmia06/studyassistant,200,,
248,2026-08-30T21:41:41.071537+00:00,README.md,https://huggingface.co/spaces/sudeepthitellapally/AITutor/resolve/b8106d90240889514ed1266b1bd741c767cc7eb6/README.md,b8106d90240889514ed1266b1bd741c767cc7eb6,aacd56f8c2adea856ec806621e5f0a2d3afd5721b879c593a9f7e622ca03ca2c,sudeepthitellapally/AITutor,200,,
1719,2026-08-30T21:41:41.572004+00:00,app.py,https://huggingface.co/spaces/sudeepthitellapally/AITutor/resolve/b8106d90240889514ed1266b1bd741c767cc7eb6/app.py,b8106d90240889514ed1266b1bd741c767cc7eb6,57c01ea4522390e7739ada29fcf254d8ba5d2d3a413b1eb4f476084cd479d1b4,sudeepthitellapally/AITutor,200,,
26,2026-08-30T21:41:41.587776+00:00,requirements.txt,https://huggingface.co/spaces/sudeepthitellapally/AITutor/resolve/b8106d90240889514ed1266b1bd741c767cc7eb6/requirements.txt,b8106d90240889514ed1266b1bd741c767cc7eb6,f0e68ed0f199a4400a54ea3fd8d39b91050449fc66c48ed2e6b0bb39cdc58706,sudeepthitellapally/AITutor,200,,
248,2026-08-30T21:41:42.090585+00:00,README.md,https://huggingface.co/spaces/sudipta26889/Quiz-Generator/resolve/94ef37d28168ed8ff54aba08c474231b4e4216c5/README.md,94ef37d28168ed8ff54aba08c474231b4e4216c5,3a44ab224e610bdc3e781a23171afb850f0cb7d2dae690bfefa3d7c711c827c7,sudipta26889/Quiz-Generator,200,,
15853,2026-08-30T21:41:42.679505+00:00,app.py,https://huggingface.co/spaces/sudipta26889/Quiz-Generator/resolve/94ef37d28168ed8ff54aba08c474231b4e4216c5/app.py,94ef37d28168ed8ff54aba08c474231b4e4216c5,95c8c9c079571404d9c12e8226a402e481c8cc65104af0024007413a76b44580,sudipta26889/Quiz-Generator,200,,
16463,2026-08-30T21:41:42.792723+00:00,chatbot_models.py,https://huggingface.co/spaces/sudipta26889/Quiz-Generator/resolve/94ef37d28168ed8ff54aba08c474231b4e4216c5/chatbot_models.py,94ef37d28168ed8ff54aba08c474231b4e4216c5,6861455a83cf3d66d404fd44b7966069940f5dcf409fbc0ea64dc82ceb81b493,sudipta26889/Quiz-Generator,200,,
2638,2026-08-30T21:41:42.676544+00:00,chatbot_openrouter.py,https://huggingface.co/spaces/sudipta26889/Quiz-Generator/resolve/94ef37d28168ed8ff54aba08c474231b4e4216c5/chatbot_openrouter.py,94ef37d28168ed8ff54aba08c474231b4e4216c5,b44bcc9e329d6691c639567b0e420bf9a58cc188130bef41b50f78369380577e,sudipta26889/Quiz-Generator,200,,
4660,2026-08-30T21:41:42.742415+00:00,quiz_generator.py,https://huggingface.co/spaces/sudipta26889/Quiz-Generator/resolve/94ef37d28168ed8ff54aba08c474231b4e4216c5/quiz_generator.py,94ef37d28168ed8ff54aba08c474231b4e4216c5,fddd191991a29200348b29ef7ef72f9f198b87e94c5a3c9ff4e3f4eb20659ca0,sudipta26889/Quiz-Generator,200,,
80,2026-08-30T21:41:42.741186+00:00,requirements.txt,https://huggingface.co/spaces/sudipta26889/Quiz-Generator/resolve/94ef37d28168ed8ff54aba08c474231b4e4216c5/requirements.txt,94ef37d28168ed8ff54aba08c474231b4e4216c5,836ddb78981ee6bcf005c1ad367f5f292f8b5b5f3d8c1e4420c8b7fdee1a0aff,sudipta26889/Quiz-Generator,200,,
251,2026-08-30T21:41:44.359684+00:00,README.md,https://huggingface.co/spaces/sujalsharma008/studyassistant/resolve/27185ac19b01a9ddc8e8705f82d87f6ee5815f43/README.md,27185ac19b01a9ddc8e8705f82d87f6ee5815f43,2134f84a671ad3996776441f3e1dca0927bca388883c143daebef40914f6b3d2,sujalsharma008/studyassistant,200,,
546,2026-08-30T21:41:44.850358+00:00,index.html,https://huggingface.co/spaces/sujalsharma008/studyassistant/resolve/27185ac19b01a9ddc8e8705f82d87f6ee5815f43/index.html,27185ac19b01a9ddc8e8705f82d87f6ee5815f43,fef10b4e06879d75c496c1ce3e89410bff1b77bf51220f21570255d1f214580e,sujalsharma008/studyassistant,200,,
242,2026-08-30T21:41:46.400334+00:00,README.md,https://huggingface.co/spaces/sultan-hassan/adaptive_language_tutor/resolve/bb0cac50eabd340607aca97a3c1869d62459d53b/README.md,bb0cac50eabd340607aca97a3c1869d62459d53b,c8da9931e31220e0feb60206604361a3e9406f5e614ff1d481c6604f3b853b82,sultan-hassan/adaptive_language_tutor,200,,
7131,2026-08-30T21:41:46.890081+00:00,app.py,https://huggingface.co/spaces/sultan-hassan/adaptive_language_tutor/resolve/bb0cac50eabd340607aca97a3c1869d62459d53b/app.py,bb0cac50eabd340607aca97a3c1869d62459d53b,e91b16c6c179c52178739930fafde48deb0ad8e9e0e9ec5ba68b0504839d9e26,sultan-hassan/adaptive_language_tutor,200,,
119,2026-08-30T21:41:47.032236+00:00,requirements.txt,https://huggingface.co/spaces/sultan-hassan/adaptive_language_tutor/resolve/bb0cac50eabd340607aca97a3c1869d62459d53b/requirements.txt,bb0cac50eabd340607aca97a3c1869d62459d53b,25ac6e20434f32a60e44b3d9f35aed99cd7bac13dae13fc36bae44226f1fd11a,sultan-hassan/adaptive_language_tutor,200,,
216,2026-08-30T21:41:47.518956+00:00,README.md,https://huggingface.co/spaces/swaroopkola/study-assistant/resolve/544cb2dd3747d487eef44eb77fa7f071814eb7cb/README.md,544cb2dd3747d487eef44eb77fa7f071814eb7cb,71c006fd1e5e43b6b4d19a5337241285f44c1cda4c6c48f6630e6e8d52638af1,swaroopkola/study-assistant,200,,
1664,2026-08-30T21:41:48.018089+00:00,index.html,https://huggingface.co/spaces/swaroopkola/study-assistant/resolve/544cb2dd3747d487eef44eb77fa7f071814eb7cb/index.html,544cb2dd3747d487eef44eb77fa7f071814eb7cb,870dca6ad2db4be31e3278dcbe59b8c43c3f02baf1c1e105a7d8e73a68c23d7a,swaroopkola/study-assistant,200,,
403,2026-08-30T21:41:49.013322+00:00,README.md,https://huggingface.co/spaces/tanmayhadke/socratic-ml-tutor/resolve/e26cc33c41d7ce649b2aafffafa4de8cf4f1ee57/README.md,e26cc33c41d7ce649b2aafffafa4de8cf4f1ee57,ffcfc0ab94d46235595fb7159d637d1a0021c87511802586b121e13b78a71b27,tanmayhadke/socratic-ml-tutor,200,,
5930,2026-08-30T21:41:49.517266+00:00,app.py,https://huggingface.co/spaces/tanmayhadke/socratic-ml-tutor/resolve/e26cc33c41d7ce649b2aafffafa4de8cf4f1ee57/app.py,e26cc33c41d7ce649b2aafffafa4de8cf4f1ee57,296782cc1aedf71d1d0dcd02fafd7926a2a94fce957f2227781223f2e2c75132,tanmayhadke/socratic-ml-tutor,200,,
123,2026-08-30T21:41:49.522187+00:00,requirements.txt,https://huggingface.co/spaces/tanmayhadke/socratic-ml-tutor/resolve/e26cc33c41d7ce649b2aafffafa4de8cf4f1ee57/requirements.txt,e26cc33c41d7ce649b2aafffafa4de8cf4f1ee57,7578199e43fe8cf82e76442e510eb099d825a6448255833d3bca9a1175a7f92d,tanmayhadke/socratic-ml-tutor,200,,
281,2026-08-30T21:41:51.129553+00:00,README.md,https://huggingface.co/spaces/tariqm603/study-assistant/resolve/ad5857615fda8df4f53c1534d122cde379ef203d/README.md,ad5857615fda8df4f53c1534d122cde379ef203d,f42bf85c11dba3001948c482966b4efa67101b77f863e7e07bdd29d732ede752,tariqm603/study-assistant,200,,
4083,2026-08-30T21:41:51.632810+00:00,app.py,https://huggingface.co/spaces/tariqm603/study-assistant/resolve/ad5857615fda8df4f53c1534d122cde379ef203d/app.py,ad5857615fda8df4f53c1534d122cde379ef203d,a084493d40dad6103688386096bd63ff8a1887a14321ae05c60ea3f83c26f3fd,tariqm603/study-assistant,200,,
29,2026-08-30T21:41:51.624069+00:00,requirements.txt,https://huggingface.co/spaces/tariqm603/study-assistant/resolve/ad5857615fda8df4f53c1534d122cde379ef203d/requirements.txt,ad5857615fda8df4f53c1534d122cde379ef203d,503ef4a7421ba64b093ca6d430eca9326f004515660c95245bf0f153f1a5351f,tariqm603/study-assistant,200,,
213,2026-08-30T21:41:52.146155+00:00,README.md,https://huggingface.co/spaces/tarunkanugu/study_Assistant/resolve/cc4515783645a8d6e48a254507306d00bf4fcf1b/README.md,cc4515783645a8d6e48a254507306d00bf4fcf1b,9697306ec46c31e3982ee45ed01d871cab03f32e346442f8a6e4c7843ec8e601,tarunkanugu/study_Assistant,200,,
1693,2026-08-30T21:41:52.663157+00:00,app.py,https://huggingface.co/spaces/tarunkanugu/study_Assistant/resolve/cc4515783645a8d6e48a254507306d00bf4fcf1b/app.py,cc4515783645a8d6e48a254507306d00bf4fcf1b,a313d8d73a72e5d3caf4d322e67874f188e0692c1ffb2b376cfaca7233b20e0d,tarunkanugu/study_Assistant,200,,
6845,2026-08-30T21:41:52.745275+00:00,index.html,https://huggingface.co/spaces/tarunkanugu/study_Assistant/resolve/cc4515783645a8d6e48a254507306d00bf4fcf1b/index.html,cc4515783645a8d6e48a254507306d00bf4fcf1b,b5c3cb8532d83c85fbaa89ffe5d415dfcd8247d82124c93aa4e918786b33a636,tarunkanugu/study_Assistant,200,,
21,2026-08-30T21:41:52.746983+00:00,requirements.txt,https://huggingface.co/spaces/tarunkanugu/study_Assistant/resolve/cc4515783645a8d6e48a254507306d00bf4fcf1b/requirements.txt,cc4515783645a8d6e48a254507306d00bf4fcf1b,a16d0dc029a6c9bb7cbf2be248e443422f8d9cd850e03c0df446c32e79740906,tarunkanugu/study_Assistant,200,,
394,2026-08-30T21:41:54.353440+00:00,README.md,https://huggingface.co/spaces/tayy786/Ai_Tutor_App/resolve/2ada90c38a8d446aa1dfd3a057286b81fc260439/README.md,2ada90c38a8d446aa1dfd3a057286b81fc260439,1e256133c1bdb9108b92ccc17f06232c6ab09c9e8ce97eea740a12e1a9eace0f,tayy786/Ai_Tutor_App,200,,
8047,2026-08-30T21:41:54.864829+00:00,app.py,https://huggingface.co/spaces/tayy786/Ai_Tutor_App/resolve/2ada90c38a8d446aa1dfd3a057286b81fc260439/app.py,2ada90c38a8d446aa1dfd3a057286b81fc260439,694a544dd61610d520567a47b931e8d0777112db82f88a9659d77558fc029731,tayy786/Ai_Tutor_App,200,,
300,2026-08-30T21:41:54.857743+00:00,requirements.txt,https://huggingface.co/spaces/tayy786/Ai_Tutor_App/resolve/2ada90c38a8d446aa1dfd3a057286b81fc260439/requirements.txt,2ada90c38a8d446aa1dfd3a057286b81fc260439,fbcf349b3ee5db7a6a2f81636f7dca27285c0871385270059591b370937ebacb,tayy786/Ai_Tutor_App,200,,
257,2026-08-30T21:41:55.363470+00:00,README.md,https://huggingface.co/spaces/tburr/Clinical-Education-Chatbot/resolve/1e84f9138aa3a25449f49703e5e06a65a344b493/README.md,1e84f9138aa3a25449f49703e5e06a65a344b493,681d6ad97491b18a3f2564c36357f4efc9cb0bcd4faa8d9bc986212c209a22d5,tburr/Clinical-Education-Chatbot,200,,
817,2026-08-30T21:41:55.860030+00:00,app.py,https://huggingface.co/spaces/tburr/Clinical-Education-Chatbot/resolve/1e84f9138aa3a25449f49703e5e06a65a344b493/app.py,1e84f9138aa3a25449f49703e5e06a65a344b493,40505ca95e256ba95cc7a5fe4764252a792ce9b1ca0098f28c1cb4aaae328a54,tburr/Clinical-Education-Chatbot,200,,
46,2026-08-30T21:41:55.862935+00:00,requirements.txt,https://huggingface.co/spaces/tburr/Clinical-Education-Chatbot/resolve/1e84f9138aa3a25449f49703e5e06a65a344b493/requirements.txt,1e84f9138aa3a25449f49703e5e06a65a344b493,dc5b02c968a757501eb9b1ea5fb14848179436810dfb9abbde36a995aec683b6,tburr/Clinical-Education-Chatbot,200,,
405,2026-08-30T21:41:59.694037+00:00,README.md,https://huggingface.co/spaces/tejuu23/ai-tutor/resolve/bb605986652b2d2ac51a6b762ce0ed50ba904f53/README.md,bb605986652b2d2ac51a6b762ce0ed50ba904f53,7df9c19393b5f7c3e325f8bc4aaf464b9463c32048e7b765ee9c449957f2d713,tejuu23/ai-tutor,200,,
1807,2026-08-30T21:42:00.214255+00:00,app.py,https://huggingface.co/spaces/tejuu23/ai-tutor/resolve/bb605986652b2d2ac51a6b762ce0ed50ba904f53/app.py,bb605986652b2d2ac51a6b762ce0ed50ba904f53,14b641f463b506c7ef4371216f6552e9ff06d97b079ac8b63ad3e3c1e08265a3,tejuu23/ai-tutor,200,,
406,2026-08-30T21:42:00.733180+00:00,README.md,https://huggingface.co/spaces/tejuu23/ai_tutor1/resolve/778ce129676f5262e34069978d07a2da442ff3ee/README.md,778ce129676f5262e34069978d07a2da442ff3ee,4ec3881b2bfadbf35031a38353d869b1764eecbd4da416e2efcceb82ca551579,tejuu23/ai_tutor1,200,,
258,2026-08-30T21:42:01.236348+00:00,README.md,https://huggingface.co/spaces/tfitzge134/gemini-learning-companion/resolve/e361e8e9574918f01697b306cd1691f3c32da178/README.md,e361e8e9574918f01697b306cd1691f3c32da178,768e5fc8ffc3eaba25e64b89f617c4121540c061236b89a2a742067865e60e3e,tfitzge134/gemini-learning-companion,200,,
2779,2026-08-31T01:25:44.331146+00:00,app.py,https://huggingface.co/spaces/tfitzge134/gemini-learning-companion/resolve/e361e8e9574918f01697b306cd1691f3c32da178/app.py,e361e8e9574918f01697b306cd1691f3c32da178,c31378d36459ee6069903a7d8ad0fc50c16a5c64fa4172d000d62d9c077e7a6c,tfitzge134/gemini-learning-companion,200,,utf-8-sig
32,2026-08-30T21:42:01.739997+00:00,requirements.txt,https://huggingface.co/spaces/tfitzge134/gemini-learning-companion/resolve/e361e8e9574918f01697b306cd1691f3c32da178/requirements.txt,e361e8e9574918f01697b306cd1691f3c32da178,cafa4715e1868c6756dd9099063f1c476e07be8af302b0d58b927d0c3119d0ce,tfitzge134/gemini-learning-companion,200,,
405,2026-08-30T21:42:02.353790+00:00,README.md,https://huggingface.co/spaces/thabassum9/ai_tutor/resolve/fc8d7896d54de03e0b6831a62bbcf2e085107ce3/README.md,fc8d7896d54de03e0b6831a62bbcf2e085107ce3,7df9c19393b5f7c3e325f8bc4aaf464b9463c32048e7b765ee9c449957f2d713,thabassum9/ai_tutor,200,,
1380,2026-08-30T21:42:03.009317+00:00,app.py,https://huggingface.co/spaces/thabassum9/ai_tutor/resolve/fc8d7896d54de03e0b6831a62bbcf2e085107ce3/app.py,fc8d7896d54de03e0b6831a62bbcf2e085107ce3,569be983a1069dff10175c622132d2d297fc290645c2b1f2526deffadcb8d001,thabassum9/ai_tutor,200,,
20,2026-08-30T21:42:02.904704+00:00,requirements.txt,https://huggingface.co/spaces/thabassum9/ai_tutor/resolve/fc8d7896d54de03e0b6831a62bbcf2e085107ce3/requirements.txt,fc8d7896d54de03e0b6831a62bbcf2e085107ce3,755c5c87ef50d721d8d9e92bd31aa9d90ba3e78415bf3b7f4b8a574908300c8f,thabassum9/ai_tutor,200,,
213,2026-08-30T21:42:06.707172+00:00,README.md,https://huggingface.co/spaces/theSriram/StudyAssistant/resolve/8c41ee7b2d71a525ee8c553fa8ecc9272c922fac/README.md,8c41ee7b2d71a525ee8c553fa8ecc9272c922fac,81a1744c522395797cd969afb66196fe7b0c70e76e56d565ec713ea37128ed56,theSriram/StudyAssistant,200,,
1708,2026-09-02T19:09:14.559198+00:00,app (2).py,https://huggingface.co/spaces/theSriram/StudyAssistant/resolve/8c41ee7b2d71a525ee8c553fa8ecc9272c922fac/app%20%282%29.py,8c41ee7b2d71a525ee8c553fa8ecc9272c922fac,a43eaace674bb03e50ec0d6f18e4927e94821ff40a60b03ee3c319d24bdb19e1,theSriram/StudyAssistant,200,lossless-v2,utf-8
546,2026-09-02T19:09:14.686431+00:00,index.html,https://huggingface.co/spaces/theSriram/StudyAssistant/resolve/8c41ee7b2d71a525ee8c553fa8ecc9272c922fac/index.html,8c41ee7b2d71a525ee8c553fa8ecc9272c922fac,fef10b4e06879d75c496c1ce3e89410bff1b77bf51220f21570255d1f214580e,theSriram/StudyAssistant,200,lossless-v2,utf-8
20,2026-09-02T19:09:14.547362+00:00,requirements.txt,https://huggingface.co/spaces/theSriram/StudyAssistant/resolve/8c41ee7b2d71a525ee8c553fa8ecc9272c922fac/requirements.txt,8c41ee7b2d71a525ee8c553fa8ecc9272c922fac,6f1756c6ef672af0d7db4cad79cfc682868d203d904a5b6aa55db9c2017ca5ad,theSriram/StudyAssistant,200,lossless-v2,utf-8
309,2026-08-30T21:42:07.208435+00:00,README.md,https://huggingface.co/spaces/thilak1/RAG-BASED-AI-TEACHING-ASSISTANT/resolve/22f1f60e237e458443112cc01263ab620a030ba5/README.md,22f1f60e237e458443112cc01263ab620a030ba5,51865face5d6dbdf4acbb917ef14b9bfe5a2450a34dcc8205c792093cce23f1a,thilak1/RAG-BASED-AI-TEACHING-ASSISTANT,200,,
22963,2026-08-30T21:42:07.725527+00:00,app.py,https://huggingface.co/spaces/thilak1/RAG-BASED-AI-TEACHING-ASSISTANT/resolve/22f1f60e237e458443112cc01263ab620a030ba5/app.py,22f1f60e237e458443112cc01263ab620a030ba5,9bf15d74735284e2f6f52d1769e67b7544325dc91240043dbfa1e823595027d2,thilak1/RAG-BASED-AI-TEACHING-ASSISTANT,200,,
168,2026-08-30T21:42:07.759257+00:00,requirements.txt,https://huggingface.co/spaces/thilak1/RAG-BASED-AI-TEACHING-ASSISTANT/resolve/22f1f60e237e458443112cc01263ab620a030ba5/requirements.txt,22f1f60e237e458443112cc01263ab620a030ba5,95a05cb5d7a73b9062e82f5bb8b32443eac15f000f55c9153d53b30274d87beb,thilak1/RAG-BASED-AI-TEACHING-ASSISTANT,200,,
272,2026-08-30T21:42:08.317004+00:00,README.md,https://huggingface.co/spaces/tobydane/lessoncraft-pro-adaptive-lesson-plan-generator/resolve/e32863ee7815453fb073eb6d960c59f47178a0cd/README.md,e32863ee7815453fb073eb6d960c59f47178a0cd,6e02639ab8bbc697e1115b1cba4d0dc1f547b664b2e6feb6fc52c2662bd01353,tobydane/lessoncraft-pro-adaptive-lesson-plan-generator,200,,
28392,2026-08-30T21:42:08.845851+00:00,index.html,https://huggingface.co/spaces/tobydane/lessoncraft-pro-adaptive-lesson-plan-generator/resolve/e32863ee7815453fb073eb6d960c59f47178a0cd/index.html,e32863ee7815453fb073eb6d960c59f47178a0cd,00e5502bf4314b434db7412a9773b78e168bd40d2318dee260da32101d52da59,tobydane/lessoncraft-pro-adaptive-lesson-plan-generator,200,,
268,2026-08-30T21:42:09.351272+00:00,README.md,https://huggingface.co/spaces/tomasanbw/hangul-heroine-korean-learning-companion/resolve/13bba8a38c996d2c7668dfca92d28087e06ab5df/README.md,13bba8a38c996d2c7668dfca92d28087e06ab5df,a7733055a5ce969d27a7da9b0f3225c8902873eb31e1fe77c457efa0f067f476,tomasanbw/hangul-heroine-korean-learning-companion,200,,
5252,2026-08-30T21:42:09.879923+00:00,components/footer.js,https://huggingface.co/spaces/tomasanbw/hangul-heroine-korean-learning-companion/resolve/13bba8a38c996d2c7668dfca92d28087e06ab5df/components/footer.js,13bba8a38c996d2c7668dfca92d28087e06ab5df,d5fde888d666f6aeed4032e559c98be88be7d390831df388e6c67a44bde9d4d4,tomasanbw/hangul-heroine-korean-learning-companion,200,,
4392,2026-08-30T21:42:09.863371+00:00,components/navbar.js,https://huggingface.co/spaces/tomasanbw/hangul-heroine-korean-learning-companion/resolve/13bba8a38c996d2c7668dfca92d28087e06ab5df/components/navbar.js,13bba8a38c996d2c7668dfca92d28087e06ab5df,d86df8149ed2c21429075482669c50c5822d589662cb4889fbd45050a53510c5,tomasanbw/hangul-heroine-korean-learning-companion,200,,
13802,2026-08-30T21:42:09.929602+00:00,index.html,https://huggingface.co/spaces/tomasanbw/hangul-heroine-korean-learning-companion/resolve/13bba8a38c996d2c7668dfca92d28087e06ab5df/index.html,13bba8a38c996d2c7668dfca92d28087e06ab5df,46dee01a97d8ce9dc1b0f5844beba41964489f2bb3b37fdf54304213ede76c4c,tomasanbw/hangul-heroine-korean-learning-companion,200,,
2397,2026-08-30T21:42:09.905575+00:00,script.js,https://huggingface.co/spaces/tomasanbw/hangul-heroine-korean-learning-companion/resolve/13bba8a38c996d2c7668dfca92d28087e06ab5df/script.js,13bba8a38c996d2c7668dfca92d28087e06ab5df,48925ec8580f24601c45b961b80d301b777f0ea8bf8cd9030ca7b20d20b415e7,tomasanbw/hangul-heroine-korean-learning-companion,200,,
3271,2026-08-30T21:42:12.485893+00:00,README.md,https://huggingface.co/spaces/tools4ds/ai_tutor/resolve/96ec12a8da53bd1c60ac8cec2b854bdc81f734b1/README.md,96ec12a8da53bd1c60ac8cec2b854bdc81f734b1,b695ea97b883f37caa0910e4e997cbe2c29497e21b2d898ad73b6464a4469c9f,tools4ds/ai_tutor,200,,
267,2026-08-30T21:42:13.021669+00:00,apps/ai_tutor/.env.example,https://huggingface.co/spaces/tools4ds/ai_tutor/resolve/96ec12a8da53bd1c60ac8cec2b854bdc81f734b1/apps/ai_tutor/.env.example,96ec12a8da53bd1c60ac8cec2b854bdc81f734b1,5d3a392e4e94f7f3e053be729cea2601d4ca761a82d4656727d951e1cb87b8ac,tools4ds/ai_tutor,200,,
462,2026-08-30T21:42:13.032546+00:00,apps/ai_tutor/README.md,https://huggingface.co/spaces/tools4ds/ai_tutor/resolve/96ec12a8da53bd1c60ac8cec2b854bdc81f734b1/apps/ai_tutor/README.md,96ec12a8da53bd1c60ac8cec2b854bdc81f734b1,4f8a3ab6563c83d4a9ec337c026aebfca89adff1c5fbf87a21fae2b33a24d7e7,tools4ds/ai_tutor,200,,
30,2026-08-30T21:42:12.985933+00:00,pyproject.toml,https://huggingface.co/spaces/tools4ds/ai_tutor/resolve/96ec12a8da53bd1c60ac8cec2b854bdc81f734b1/pyproject.toml,96ec12a8da53bd1c60ac8cec2b854bdc81f734b1,f5444123402df779d3ba683b575b2b7b25f2b148ec950231f393b4e902964169,tools4ds/ai_tutor,200,,
1719,2026-08-30T21:42:14.022537+00:00,.env.example,https://huggingface.co/spaces/towardsai-tutors/ai-tutor-chatbot/resolve/1b7fbe09d79e0809a9674df4892e998ce808cb61/.env.example,1b7fbe09d79e0809a9674df4892e998ce808cb61,651b2fd1a50c3610216ed7c437da42026edc8646416d237bc094c5a5c0873f1c,towardsai-tutors/ai-tutor-chatbot,200,,
11386,2026-08-30T21:42:14.024799+00:00,LICENSE,https://huggingface.co/spaces/towardsai-tutors/ai-tutor-chatbot/resolve/1b7fbe09d79e0809a9674df4892e998ce808cb61/LICENSE,1b7fbe09d79e0809a9674df4892e998ce808cb61,7dc0f2a45a9e21d1b05511d17f08a860e4f82da42635cdc790c66c39eed995d4,towardsai-tutors/ai-tutor-chatbot,200,,
8336,2026-08-30T21:42:13.518472+00:00,README.md,https://huggingface.co/spaces/towardsai-tutors/ai-tutor-chatbot/resolve/1b7fbe09d79e0809a9674df4892e998ce808cb61/README.md,1b7fbe09d79e0809a9674df4892e998ce808cb61,75dda45e75986866188c59f3ad4a0a987c3e9ff2835f29bd76d311c2c465a42d,towardsai-tutors/ai-tutor-chatbot,200,,
1730,2026-08-30T21:42:14.028093+00:00,app/agent_tracing.py,https://huggingface.co/spaces/towardsai-tutors/ai-tutor-chatbot/resolve/1b7fbe09d79e0809a9674df4892e998ce808cb61/app/agent_tracing.py,1b7fbe09d79e0809a9674df4892e998ce808cb61,520c7a94c37c299e50f025fff8075a9dfc40cafe096514458728a4285199efdd,towardsai-tutors/ai-tutor-chatbot,200,,
2079,2026-08-30T21:42:14.028829+00:00,app/alerts.py,https://huggingface.co/spaces/towardsai-tutors/ai-tutor-chatbot/resolve/1b7fbe09d79e0809a9674df4892e998ce808cb61/app/alerts.py,1b7fbe09d79e0809a9674df4892e998ce808cb61,3d2fa71e8e03b5950fb3403baaf00a756b19503adfe5d6656a45b741daf3c12b,towardsai-tutors/ai-tutor-chatbot,200,,
19252,2026-08-30T21:42:14.071221+00:00,data/eval/README.md,https://huggingface.co/spaces/towardsai-tutors/ai-tutor-chatbot/resolve/1b7fbe09d79e0809a9674df4892e998ce808cb61/data/eval/README.md,1b7fbe09d79e0809a9674df4892e998ce808cb61,ccad2d22f02e0daf58a66ddb8e9b2085fc74a01bbb7d5b482d13e13b5df48472,towardsai-tutors/ai-tutor-chatbot,200,,
19651,2026-08-30T21:42:14.063290+00:00,data/scraping_scripts/README.md,https://huggingface.co/spaces/towardsai-tutors/ai-tutor-chatbot/resolve/1b7fbe09d79e0809a9674df4892e998ce808cb61/data/scraping_scripts/README.md,1b7fbe09d79e0809a9674df4892e998ce808cb61,eef88e5c4f372995b37396f24b52e2549e26a8d48b1b9a7459c8b16a5037917d,towardsai-tutors/ai-tutor-chatbot,200,,
56,2026-08-30T21:42:14.073370+00:00,frontend/.env.example,https://huggingface.co/spaces/towardsai-tutors/ai-tutor-chatbot/resolve/1b7fbe09d79e0809a9674df4892e998ce808cb61/frontend/.env.example,1b7fbe09d79e0809a9674df4892e998ce808cb61,671d113e09732c298357b0a4adafbb8cc0b9768b320020ef5a486ee4421989b3,towardsai-tutors/ai-tutor-chatbot,200,,
1321,2026-08-30T21:42:14.078421+00:00,frontend/package.json,https://huggingface.co/spaces/towardsai-tutors/ai-tutor-chatbot/resolve/1b7fbe09d79e0809a9674df4892e998ce808cb61/frontend/package.json,1b7fbe09d79e0809a9674df4892e998ce808cb61,5c513ea71372902d860ad0ababe7d6ac84f50a4c5e43eac7dba7c375b16c0701,towardsai-tutors/ai-tutor-chatbot,200,,
1213,2026-08-30T21:42:14.509520+00:00,pyproject.toml,https://huggingface.co/spaces/towardsai-tutors/ai-tutor-chatbot/resolve/1b7fbe09d79e0809a9674df4892e998ce808cb61/pyproject.toml,1b7fbe09d79e0809a9674df4892e998ce808cb61,b45e1fe13cc1d31ee4df2ae76e793de12c1ae3abb8cbc73d7f25b92722d3e712,towardsai-tutors/ai-tutor-chatbot,200,,
495,2026-08-30T21:42:25.176928+00:00,README.md,https://huggingface.co/spaces/tyapab/ai-study-assistant/resolve/fab727a57567b693a009ae31ba71efe2e175caa6/README.md,fab727a57567b693a009ae31ba71efe2e175caa6,ff18edc844edf4700da12faf7fd247aa784d55c6337784c9f130459d3ece1cc5,tyapab/ai-study-assistant,200,,
2474,2026-08-30T21:42:25.687684+00:00,app.py,https://huggingface.co/spaces/tyapab/ai-study-assistant/resolve/fab727a57567b693a009ae31ba71efe2e175caa6/app.py,fab727a57567b693a009ae31ba71efe2e175caa6,04e86f1bdfa6869a827589edf57b877fcd6f5fe9f8d190f2ceadb183f9e4021f,tyapab/ai-study-assistant,200,,
450,2026-08-30T21:42:26.252626+00:00,README.md,https://huggingface.co/spaces/uc-msai631-2025-spring/group2_study_assistant/resolve/5abad61d9934125d70efa83c79010ad65b4fab1a/README.md,5abad61d9934125d70efa83c79010ad65b4fab1a,72081e2bab65e5cf439a09e5dd85306e027f1025dd8242d792112cd053a19cc9,uc-msai631-2025-spring/group2_study_assistant,200,,
1711,2026-08-30T21:42:26.744859+00:00,app.py,https://huggingface.co/spaces/uc-msai631-2025-spring/group2_study_assistant/resolve/5abad61d9934125d70efa83c79010ad65b4fab1a/app.py,5abad61d9934125d70efa83c79010ad65b4fab1a,c1f82802eea90339633ac3e8953ef85038ae8f939d94ec9f2685219b0fdf6bb6,uc-msai631-2025-spring/group2_study_assistant,200,,
23,2026-08-30T21:42:26.801878+00:00,requirements.txt,https://huggingface.co/spaces/uc-msai631-2025-spring/group2_study_assistant/resolve/5abad61d9934125d70efa83c79010ad65b4fab1a/requirements.txt,5abad61d9934125d70efa83c79010ad65b4fab1a,48293d5aac441f371121b28f1ff76c2495cf372febd85401e0f33f12789b4971,uc-msai631-2025-spring/group2_study_assistant,200,,
331,2026-08-30T21:42:33.124738+00:00,README.md,https://huggingface.co/spaces/umerforsure/AI-Study-Assistant/resolve/eccbfd89b2b5fbddefa1180d99c6933b5d320111/README.md,eccbfd89b2b5fbddefa1180d99c6933b5d320111,3f327de1c635084028d4bc14e9d51a8dd88ed53907359b579a88ce4c8e1e3727,umerforsure/AI-Study-Assistant,200,,
7564,2026-08-30T21:42:33.699373+00:00,app.py,https://huggingface.co/spaces/umerforsure/AI-Study-Assistant/resolve/eccbfd89b2b5fbddefa1180d99c6933b5d320111/app.py,eccbfd89b2b5fbddefa1180d99c6933b5d320111,177712c20de4f0e8067f69efbb43e47eb98d09d39063f25cb500a77b83115450,umerforsure/AI-Study-Assistant,200,,
130,2026-08-30T21:42:33.790951+00:00,requirements.txt,https://huggingface.co/spaces/umerforsure/AI-Study-Assistant/resolve/eccbfd89b2b5fbddefa1180d99c6933b5d320111/requirements.txt,eccbfd89b2b5fbddefa1180d99c6933b5d320111,3206a2d7527d2153cc056c684f4151fe84d2201461f1fe8d6e5c0d37d3449a2b,umerforsure/AI-Study-Assistant,200,,
252,2026-08-30T21:42:37.950031+00:00,README.md,https://huggingface.co/spaces/varshiniemmadi/ai_tutor/resolve/f51c90695229a2005840f3130a8da7fffdd27f47/README.md,f51c90695229a2005840f3130a8da7fffdd27f47,a7f50e89f6db68ec96bef5f8688232de804fd2a4bb6f531b6b82aeccc83bb1fc,varshiniemmadi/ai_tutor,200,,
1734,2026-08-30T21:42:38.450497+00:00,app.py,https://huggingface.co/spaces/varshiniemmadi/ai_tutor/resolve/f51c90695229a2005840f3130a8da7fffdd27f47/app.py,f51c90695229a2005840f3130a8da7fffdd27f47,b2d00d63a208e6c7d6c4a4040bed87e5cf6133fdfa4c733a4617e09ceb58873c,varshiniemmadi/ai_tutor,200,,
200,2026-08-30T21:42:38.933283+00:00,README.md,https://huggingface.co/spaces/varun7lucky/StudyAssistant/resolve/c5092b4a40e1edefa21192bc595027d0efe574ab/README.md,c5092b4a40e1edefa21192bc595027d0efe574ab,8f967d40c364e0223616497bc04e9902e40c969b7ecf36a0e8dd094d4321a913,varun7lucky/StudyAssistant,200,,
546,2026-09-02T19:09:16.923826+00:00,index.html,https://huggingface.co/spaces/varun7lucky/StudyAssistant/resolve/c5092b4a40e1edefa21192bc595027d0efe574ab/index.html,c5092b4a40e1edefa21192bc595027d0efe574ab,fef10b4e06879d75c496c1ce3e89410bff1b77bf51220f21570255d1f214580e,varun7lucky/StudyAssistant,200,lossless-v2,utf-8
1074,2026-08-30T21:42:41.931883+00:00,LICENSE,https://huggingface.co/spaces/vidbha214/ai-course-generator/resolve/2fdefe0626c820f18ca7c7ec834f3c03d0f25ff6/LICENSE,2fdefe0626c820f18ca7c7ec834f3c03d0f25ff6,edf4fc3eff470e718d9f8b5371cf86cc073b06fb59318fc551484f24b49fa958,vidbha214/ai-course-generator,200,,
1922,2026-08-30T21:42:41.424467+00:00,README.md,https://huggingface.co/spaces/vidbha214/ai-course-generator/resolve/2fdefe0626c820f18ca7c7ec834f3c03d0f25ff6/README.md,2fdefe0626c820f18ca7c7ec834f3c03d0f25ff6,509999f15d3616783a653f745fb8997bcf951d5187a7e93b59d7038c650a516d,vidbha214/ai-course-generator,200,,
856,2026-08-30T21:42:41.983967+00:00,client/README.md,https://huggingface.co/spaces/vidbha214/ai-course-generator/resolve/2fdefe0626c820f18ca7c7ec834f3c03d0f25ff6/client/README.md,2fdefe0626c820f18ca7c7ec834f3c03d0f25ff6,dc576d2430d9d991f075d5a35fc2198b15f72ef5ca2e4695161e7b0cd62b163f,vidbha214/ai-course-generator,200,,
763,2026-08-30T21:42:41.979207+00:00,client/eslint.config.js,https://huggingface.co/spaces/vidbha214/ai-course-generator/resolve/2fdefe0626c820f18ca7c7ec834f3c03d0f25ff6/client/eslint.config.js,2fdefe0626c820f18ca7c7ec834f3c03d0f25ff6,38c6066c62e803f0b512c2e18297c36cdeaccd6a1190c1cc19cc59c96c74bbc1,vidbha214/ai-course-generator,200,,
259,2026-08-30T21:42:41.969045+00:00,client/index.html,https://huggingface.co/spaces/vidbha214/ai-course-generator/resolve/2fdefe0626c820f18ca7c7ec834f3c03d0f25ff6/client/index.html,2fdefe0626c820f18ca7c7ec834f3c03d0f25ff6,0bf79353afa73ecaa7c840a2f59b2f671da20fee383503c3e63203b68fb0313f,vidbha214/ai-course-generator,200,,
1093,2026-08-30T21:42:41.945724+00:00,client/package.json,https://huggingface.co/spaces/vidbha214/ai-course-generator/resolve/2fdefe0626c820f18ca7c7ec834f3c03d0f25ff6/client/package.json,2fdefe0626c820f18ca7c7ec834f3c03d0f25ff6,b864d3da6672a949b9d0c9ffb770e4c8a8a917ecc4326cb6c4c91e3fdd8de9f0,vidbha214/ai-course-generator,200,,
80,2026-08-30T21:42:42.002197+00:00,client/postcss.config.js,https://huggingface.co/spaces/vidbha214/ai-course-generator/resolve/2fdefe0626c820f18ca7c7ec834f3c03d0f25ff6/client/postcss.config.js,2fdefe0626c820f18ca7c7ec834f3c03d0f25ff6,190c877db466995bf1482f4a16abd06e04a89ede3119341e2a86ff96e1737b27,vidbha214/ai-course-generator,200,,
131,2026-08-30T21:42:42.001666+00:00,client/tailwind.config.js,https://huggingface.co/spaces/vidbha214/ai-course-generator/resolve/2fdefe0626c820f18ca7c7ec834f3c03d0f25ff6/client/tailwind.config.js,2fdefe0626c820f18ca7c7ec834f3c03d0f25ff6,da03cadd2636dc2cba012aea652adb40c0b843f06ec9c5eacba712cab3a167d4,vidbha214/ai-course-generator,200,,
380,2026-08-30T21:42:42.010511+00:00,package.json,https://huggingface.co/spaces/vidbha214/ai-course-generator/resolve/2fdefe0626c820f18ca7c7ec834f3c03d0f25ff6/package.json,2fdefe0626c820f18ca7c7ec834f3c03d0f25ff6,05f3a90c08d5ff0364adf0c8d809ba818c0749788a587144a89ba106b622271c,vidbha214/ai-course-generator,200,,
379,2026-08-30T21:42:42.423715+00:00,server/package.json,https://huggingface.co/spaces/vidbha214/ai-course-generator/resolve/2fdefe0626c820f18ca7c7ec834f3c03d0f25ff6/server/package.json,2fdefe0626c820f18ca7c7ec834f3c03d0f25ff6,6cbf8e2be2b0c38e41256dbec5a03831c84777b9c73a7039584e3bf727ad5e8c,vidbha214/ai-course-generator,200,,
299,2026-08-30T21:42:42.918523+00:00,README.md,https://huggingface.co/spaces/vihaal/quizgenerator898/resolve/e89c529f374b9eded961194c4179fd9a0877a00e/README.md,e89c529f374b9eded961194c4179fd9a0877a00e,be6cbfa00885dcc1b75096e98aca3bae67028f665f18eccb366ab17d6ef73f78,vihaal/quizgenerator898,200,,
98,2026-08-30T21:42:43.435246+00:00,README.md,https://huggingface.co/spaces/vijayarayapati/student-study-assistant/resolve/712a1e5b5fb6a67f6ae03d585783def8facbea5f/README.md,712a1e5b5fb6a67f6ae03d585783def8facbea5f,359b551b566804011dbf99c4783a6049e3ec2544a1efe6d31c5a87c5ae5f6217,vijayarayapati/student-study-assistant,200,,
5807,2026-08-30T21:42:43.929220+00:00,a2a_protocol.py,https://huggingface.co/spaces/vijayarayapati/student-study-assistant/resolve/712a1e5b5fb6a67f6ae03d585783def8facbea5f/a2a_protocol.py,712a1e5b5fb6a67f6ae03d585783def8facbea5f,706b4af414521db2be87d787379ee0d4acc02c5f5907c43bf33c6e4b93047580,vijayarayapati/student-study-assistant,200,,
76,2026-08-30T21:42:43.960516+00:00,app.py,https://huggingface.co/spaces/vijayarayapati/student-study-assistant/resolve/712a1e5b5fb6a67f6ae03d585783def8facbea5f/app.py,712a1e5b5fb6a67f6ae03d585783def8facbea5f,20c9c60a49c40e1940547a6a830c0cc12681fbf729702edee38768a2ae6e56ab,vijayarayapati/student-study-assistant,200,,
977,2026-08-30T21:42:43.940887+00:00,context_engineering.py,https://huggingface.co/spaces/vijayarayapati/student-study-assistant/resolve/712a1e5b5fb6a67f6ae03d585783def8facbea5f/context_engineering.py,712a1e5b5fb6a67f6ae03d585783def8facbea5f,1d1cdb7cb8209ae547a393fbb5ff53c473f3489a30ab6176a3457d9492c728bc,vijayarayapati/student-study-assistant,200,,
1181,2026-08-30T21:42:44.026319+00:00,evaluator.py,https://huggingface.co/spaces/vijayarayapati/student-study-assistant/resolve/712a1e5b5fb6a67f6ae03d585783def8facbea5f/evaluator.py,712a1e5b5fb6a67f6ae03d585783def8facbea5f,e21a97c2eb9831d47ab71847b50692352a66f01fd2737b00408c1695a6fed364,vijayarayapati/student-study-assistant,200,,
454,2026-08-30T21:42:43.967436+00:00,main_agent.py,https://huggingface.co/spaces/vijayarayapati/student-study-assistant/resolve/712a1e5b5fb6a67f6ae03d585783def8facbea5f/main_agent.py,712a1e5b5fb6a67f6ae03d585783def8facbea5f,e37fd053b70a1b551d4dea11372f7ce510915c85b054e955d667dfbd547de130,vijayarayapati/student-study-assistant,200,,
811,2026-08-30T21:42:43.991784+00:00,observability.py,https://huggingface.co/spaces/vijayarayapati/student-study-assistant/resolve/712a1e5b5fb6a67f6ae03d585783def8facbea5f/observability.py,712a1e5b5fb6a67f6ae03d585783def8facbea5f,15bccc7249e04b1522120995d39e12eeae84dd90c066ffead28808abd2bde62f,vijayarayapati/student-study-assistant,200,,
2033,2026-08-30T21:42:44.047431+00:00,planner.py,https://huggingface.co/spaces/vijayarayapati/student-study-assistant/resolve/712a1e5b5fb6a67f6ae03d585783def8facbea5f/planner.py,712a1e5b5fb6a67f6ae03d585783def8facbea5f,93cf2cc905ebee7d43c94d4abf7208b7ce9f9492d6dbc97b4ea7ce96e3dd7e98,vijayarayapati/student-study-assistant,200,,
20,2026-08-30T21:42:43.929688+00:00,requirements.txt,https://huggingface.co/spaces/vijayarayapati/student-study-assistant/resolve/712a1e5b5fb6a67f6ae03d585783def8facbea5f/requirements.txt,712a1e5b5fb6a67f6ae03d585783def8facbea5f,b9d25740deb011f83467a9f35d9870463e6d04cac5bb01fcec387261f5360925,vijayarayapati/student-study-assistant,200,,
211,2026-08-30T21:42:44.431053+00:00,run_demo.py,https://huggingface.co/spaces/vijayarayapati/student-study-assistant/resolve/712a1e5b5fb6a67f6ae03d585783def8facbea5f/run_demo.py,712a1e5b5fb6a67f6ae03d585783def8facbea5f,5d5941853dff0a45f6156547a90bb55ec29b9b4740ccefb8a19f2352c903704c,vijayarayapati/student-study-assistant,200,,
239,2026-08-30T21:42:47.008370+00:00,README.md,https://huggingface.co/spaces/vinitwaghmare/ai-study-assistant/resolve/b0938cee23323d007aa8503efd41343badf077a5/README.md,b0938cee23323d007aa8503efd41343badf077a5,c1254c64c5cf9907fe7ce2688a03cbc1f66fff9b642515e78e120c55527cc5a7,vinitwaghmare/ai-study-assistant,200,,
6587,2026-08-30T21:42:47.722301+00:00,app.py,https://huggingface.co/spaces/vinitwaghmare/ai-study-assistant/resolve/b0938cee23323d007aa8503efd41343badf077a5/app.py,b0938cee23323d007aa8503efd41343badf077a5,71eb1f55bbb553a947593a5d3b73fcf815aac7dc810f4800cff99e9b0b7716d0,vinitwaghmare/ai-study-assistant,200,,
60,2026-08-30T21:42:47.558752+00:00,requirements.txt,https://huggingface.co/spaces/vinitwaghmare/ai-study-assistant/resolve/b0938cee23323d007aa8503efd41343badf077a5/requirements.txt,b0938cee23323d007aa8503efd41343badf077a5,076e396eac3dafba0288962d794cbae058a81f389fc755579cb5d9b7890f9014,vinitwaghmare/ai-study-assistant,200,,
427,2026-08-30T21:42:48.238356+00:00,README.md,https://huggingface.co/spaces/vinitwaghmare/bilingual-ai-study-assistant/resolve/25b09f9006b6b10e96e11b5693899c26e25909bb/README.md,25b09f9006b6b10e96e11b5693899c26e25909bb,d5df34f3dc93087b55822b9f120805a1de2fe55e4da77175d73c8de3a5cee9ec,vinitwaghmare/bilingual-ai-study-assistant,200,,
5307,2026-08-30T21:42:48.718794+00:00,app.py,https://huggingface.co/spaces/vinitwaghmare/bilingual-ai-study-assistant/resolve/25b09f9006b6b10e96e11b5693899c26e25909bb/app.py,25b09f9006b6b10e96e11b5693899c26e25909bb,0315195e079402659060b651738226b5b2532fd252366db9ca3b9f36258b0abd,vinitwaghmare/bilingual-ai-study-assistant,200,,
22,2026-08-30T21:42:48.738018+00:00,requirements.txt,https://huggingface.co/spaces/vinitwaghmare/bilingual-ai-study-assistant/resolve/25b09f9006b6b10e96e11b5693899c26e25909bb/requirements.txt,25b09f9006b6b10e96e11b5693899c26e25909bb,d7032e984f21aebf4d940615e519c78bb0af9a114a5bceee30fc643ac1b461af,vinitwaghmare/bilingual-ai-study-assistant,200,,
1466,2026-08-30T21:42:49.744157+00:00,.env.example,https://huggingface.co/spaces/vipin1143/eva-teaching-assistant/resolve/cabe01837d9935f799b3e9504a5f28d7e874ab64/.env.example,cabe01837d9935f799b3e9504a5f28d7e874ab64,34751481a7e50e7abfdf3988c4c4d81d6cc4ee63911f01db99ea41f2dda39051,vipin1143/eva-teaching-assistant,200,,
2570,2026-08-30T21:42:49.240866+00:00,README.md,https://huggingface.co/spaces/vipin1143/eva-teaching-assistant/resolve/cabe01837d9935f799b3e9504a5f28d7e874ab64/README.md,cabe01837d9935f799b3e9504a5f28d7e874ab64,03e3704131de7049c85d52ac0f8daa36ef764f1628ac869717805fe74c6aa9f8,vipin1143/eva-teaching-assistant,200,,
889,2026-08-30T21:42:49.906069+00:00,app.py,https://huggingface.co/spaces/vipin1143/eva-teaching-assistant/resolve/cabe01837d9935f799b3e9504a5f28d7e874ab64/app.py,cabe01837d9935f799b3e9504a5f28d7e874ab64,db7deb97f40b95c90c52e97dabcee5615d6393e2c6e387c5c4f9571563a38de3,vipin1143/eva-teaching-assistant,200,,
640,2026-08-30T21:42:49.764078+00:00,app_hf.py,https://huggingface.co/spaces/vipin1143/eva-teaching-assistant/resolve/cabe01837d9935f799b3e9504a5f28d7e874ab64/app_hf.py,cabe01837d9935f799b3e9504a5f28d7e874ab64,998036b0d6ed47c13ad84bee5c8b0a96864ed3cebb69ec6786c2b7ec476ad15e,vipin1143/eva-teaching-assistant,200,,
81,2026-08-30T21:42:49.811734+00:00,backend/__init__.py,https://huggingface.co/spaces/vipin1143/eva-teaching-assistant/resolve/cabe01837d9935f799b3e9504a5f28d7e874ab64/backend/__init__.py,cabe01837d9935f799b3e9504a5f28d7e874ab64,4b4ec3531a0d0308eef97df09243ff4f474ab4b1b62ef0b50e4859612e751e27,vipin1143/eva-teaching-assistant,200,,
32651,2026-08-30T21:42:49.798654+00:00,backend/server.py,https://huggingface.co/spaces/vipin1143/eva-teaching-assistant/resolve/cabe01837d9935f799b3e9504a5f28d7e874ab64/backend/server.py,cabe01837d9935f799b3e9504a5f28d7e874ab64,26ae782d977a23dc9dcb7af35dda8d04a40b9449f9d8f34da0d6285f17cfa219,vipin1143/eva-teaching-assistant,200,,
7815,2026-08-30T21:42:49.809022+00:00,backend/zoom_setup.py,https://huggingface.co/spaces/vipin1143/eva-teaching-assistant/resolve/cabe01837d9935f799b3e9504a5f28d7e874ab64/backend/zoom_setup.py,cabe01837d9935f799b3e9504a5f28d7e874ab64,83f015e2d5e2cd2c5bf20b020e35b61380b317fd3e436513fc7e5e5363dac5ef,vipin1143/eva-teaching-assistant,200,,
97,2026-08-30T21:42:49.842941+00:00,database/__init__.py,https://huggingface.co/spaces/vipin1143/eva-teaching-assistant/resolve/cabe01837d9935f799b3e9504a5f28d7e874ab64/database/__init__.py,cabe01837d9935f799b3e9504a5f28d7e874ab64,d7defc88f5a61c22a89ed47df32a2151d9c5f034fdcec2f7d49afe5524301f8d,vipin1143/eva-teaching-assistant,200,,
11291,2026-08-30T21:42:49.837074+00:00,database/db_manager.py,https://huggingface.co/spaces/vipin1143/eva-teaching-assistant/resolve/cabe01837d9935f799b3e9504a5f28d7e874ab64/database/db_manager.py,cabe01837d9935f799b3e9504a5f28d7e874ab64,92d54f0b8ec0a30dbfe715866c9d5108e33cee46a17828ce05ad4e8785333387,vipin1143/eva-teaching-assistant,200,,
3292,2026-08-30T21:42:50.256795+00:00,requirements.txt,https://huggingface.co/spaces/vipin1143/eva-teaching-assistant/resolve/cabe01837d9935f799b3e9504a5f28d7e874ab64/requirements.txt,cabe01837d9935f799b3e9504a5f28d7e874ab64,f55b6685950e12658fcaaec42fd5fbeebefd23ac6e0e7cc59765d536c30e1aa2,vipin1143/eva-teaching-assistant,200,,
273,2026-08-30T21:42:50.780063+00:00,README.md,https://huggingface.co/spaces/viraja1/AI-Quiz-Generator/resolve/1993f58f0bf7c409bcbea2c66e817602960ea175/README.md,1993f58f0bf7c409bcbea2c66e817602960ea175,226d2691df5d6a576548d3bee120b17c3a47fd539f26c68040076cd9aae0f8e9,viraja1/AI-Quiz-Generator,200,,
2514,2026-08-30T21:42:51.403144+00:00,app.py,https://huggingface.co/spaces/viraja1/AI-Quiz-Generator/resolve/1993f58f0bf7c409bcbea2c66e817602960ea175/app.py,1993f58f0bf7c409bcbea2c66e817602960ea175,249f64423144c28e033f6fe44b193d0d039be49afe475ae6beb54b2f53b301a1,viraja1/AI-Quiz-Generator,200,,
64,2026-08-30T21:42:51.300780+00:00,requirements.txt,https://huggingface.co/spaces/viraja1/AI-Quiz-Generator/resolve/1993f58f0bf7c409bcbea2c66e817602960ea175/requirements.txt,1993f58f0bf7c409bcbea2c66e817602960ea175,898d90ca0702113c3551a0f4f229af02c14a476dde5e88d5b5440664c3a53630,viraja1/AI-Quiz-Generator,200,,
286,2026-08-30T21:42:51.916158+00:00,README.md,https://huggingface.co/spaces/vishalraaj1/AI-STUDY_ASSISTANT/resolve/35bf6bfdd4bb66a7f0b5f7558a1031ef080c06e0/README.md,35bf6bfdd4bb66a7f0b5f7558a1031ef080c06e0,8796dbd531b9b8aca3bbc665c5bbe83339a5c78076c28f3ec6a9a91ba6f2286d,vishalraaj1/AI-STUDY_ASSISTANT,200,,
1665,2026-08-30T21:42:52.419209+00:00,app.py,https://huggingface.co/spaces/vishalraaj1/AI-STUDY_ASSISTANT/resolve/35bf6bfdd4bb66a7f0b5f7558a1031ef080c06e0/app.py,35bf6bfdd4bb66a7f0b5f7558a1031ef080c06e0,645ab3735322ee6bec93b90e8c14aab20cd77f204ebe8d7310721b861b540de1,vishalraaj1/AI-STUDY_ASSISTANT,200,,
20,2026-08-30T21:42:52.442868+00:00,requirements.txt,https://huggingface.co/spaces/vishalraaj1/AI-STUDY_ASSISTANT/resolve/35bf6bfdd4bb66a7f0b5f7558a1031ef080c06e0/requirements.txt,35bf6bfdd4bb66a7f0b5f7558a1031ef080c06e0,6f1756c6ef672af0d7db4cad79cfc682868d203d904a5b6aa55db9c2017ca5ad,vishalraaj1/AI-STUDY_ASSISTANT,200,,
615,2026-08-30T21:42:54.568574+00:00,README.md,https://huggingface.co/spaces/vivicake666/math-tutor-chatbot/resolve/ed0bf011c4b9a9ca96acde8ae3b48cd52ce1e9e0/README.md,ed0bf011c4b9a9ca96acde8ae3b48cd52ce1e9e0,aec50769909beee26465326e628308515ef1723b636c38f6b960eb44e7fff713,vivicake666/math-tutor-chatbot,200,,
22612,2026-08-30T21:42:55.072997+00:00,app.py,https://huggingface.co/spaces/vivicake666/math-tutor-chatbot/resolve/ed0bf011c4b9a9ca96acde8ae3b48cd52ce1e9e0/app.py,ed0bf011c4b9a9ca96acde8ae3b48cd52ce1e9e0,2288f3ef0a03e19003bf773181ef378d343f6d12282ef0e924c9184da68f1c63,vivicake666/math-tutor-chatbot,200,,
152,2026-08-30T21:42:55.077611+00:00,requirements.txt,https://huggingface.co/spaces/vivicake666/math-tutor-chatbot/resolve/ed0bf011c4b9a9ca96acde8ae3b48cd52ce1e9e0/requirements.txt,ed0bf011c4b9a9ca96acde8ae3b48cd52ce1e9e0,c73e414c88219ca89ab5434e1965bdd4ecab4ded3dcf0d51bcb9a295e567f506,vivicake666/math-tutor-chatbot,200,,
253,2026-08-30T21:42:55.574446+00:00,README.md,https://huggingface.co/spaces/vmanash/eonic-learning-companion/resolve/7ea214b7438dd9bce2e8ded4b40d49dcf607c1d5/README.md,7ea214b7438dd9bce2e8ded4b40d49dcf607c1d5,fe504e91556ecd0fd63a1d432e072abf7ac423cf335c453bf22fcf606c7ef254,vmanash/eonic-learning-companion,200,,
2519,2026-08-30T21:42:56.061369+00:00,age-gate.html,https://huggingface.co/spaces/vmanash/eonic-learning-companion/resolve/7ea214b7438dd9bce2e8ded4b40d49dcf607c1d5/age-gate.html,7ea214b7438dd9bce2e8ded4b40d49dcf607c1d5,7d77c2a08ea3a7e1b565d97f3265c8306697f48663f02b5e98f38dadd3e3d77a,vmanash/eonic-learning-companion,200,,
11927,2026-08-30T21:42:56.061679+00:00,ai-tutor.html,https://huggingface.co/spaces/vmanash/eonic-learning-companion/resolve/7ea214b7438dd9bce2e8ded4b40d49dcf607c1d5/ai-tutor.html,7ea214b7438dd9bce2e8ded4b40d49dcf607c1d5,46f245a23d37ca6b7f8da7cac233fd6d9f0919f81f7f3880cf20ec5db6989a19,vmanash/eonic-learning-companion,200,,
5960,2026-08-30T21:42:56.088392+00:00,components/footer.js,https://huggingface.co/spaces/vmanash/eonic-learning-companion/resolve/7ea214b7438dd9bce2e8ded4b40d49dcf607c1d5/components/footer.js,7ea214b7438dd9bce2e8ded4b40d49dcf607c1d5,c5eb3ddf2c40b0fdfb4aecb2074a6a548103028f4d0aa870fd14348c93daab41,vmanash/eonic-learning-companion,200,,
4727,2026-08-30T21:42:56.113595+00:00,components/navbar.js,https://huggingface.co/spaces/vmanash/eonic-learning-companion/resolve/7ea214b7438dd9bce2e8ded4b40d49dcf607c1d5/components/navbar.js,7ea214b7438dd9bce2e8ded4b40d49dcf607c1d5,a55994b38112a054f6eaf9170e57d8ea4a57d7f9bc14054e6124277c10c5c6b6,vmanash/eonic-learning-companion,200,,
7231,2026-08-30T21:42:56.132758+00:00,dashboard.html,https://huggingface.co/spaces/vmanash/eonic-learning-companion/resolve/7ea214b7438dd9bce2e8ded4b40d49dcf607c1d5/dashboard.html,7ea214b7438dd9bce2e8ded4b40d49dcf607c1d5,77dbc0ca54bbc5558460a36811c559a9b023f55a4fbe762132e9e9d3107a9789,vmanash/eonic-learning-companion,200,,
8345,2026-08-30T21:42:56.158409+00:00,index.html,https://huggingface.co/spaces/vmanash/eonic-learning-companion/resolve/7ea214b7438dd9bce2e8ded4b40d49dcf607c1d5/index.html,7ea214b7438dd9bce2e8ded4b40d49dcf607c1d5,8fc6c1345d32e22792f2719714250b7186ced55a2986588a246fd74b334b711b,vmanash/eonic-learning-companion,200,,
3094,2026-08-30T21:42:56.135870+00:00,login.html,https://huggingface.co/spaces/vmanash/eonic-learning-companion/resolve/7ea214b7438dd9bce2e8ded4b40d49dcf607c1d5/login.html,7ea214b7438dd9bce2e8ded4b40d49dcf607c1d5,cbf2a0fc8462ec96fe5ef35c9e6d47c3252d3aa2bcf53e16613d9aca1435d403,vmanash/eonic-learning-companion,200,,
2882,2026-08-30T21:42:56.180421+00:00,script.js,https://huggingface.co/spaces/vmanash/eonic-learning-companion/resolve/7ea214b7438dd9bce2e8ded4b40d49dcf607c1d5/script.js,7ea214b7438dd9bce2e8ded4b40d49dcf607c1d5,fed3c2a3a5b1b40ae6abb848ca9f454e3efb7ef8cf858f4f80c0e097a372b50c,vmanash/eonic-learning-companion,200,,
3827,2026-08-30T21:42:56.534245+00:00,signup.html,https://huggingface.co/spaces/vmanash/eonic-learning-companion/resolve/7ea214b7438dd9bce2e8ded4b40d49dcf607c1d5/signup.html,7ea214b7438dd9bce2e8ded4b40d49dcf607c1d5,cea50ae2d412bb3affd619ac86730a8b032f58fa41b7c384af36e7c60d0f0216,vmanash/eonic-learning-companion,200,,
167,2026-08-30T21:42:57.933311+00:00,.env.example,https://huggingface.co/spaces/vornit/educational-data-ai-dashboard/resolve/fd2457f25c33e8adfab36868ecbd9138b5312aea/.env.example,fd2457f25c33e8adfab36868ecbd9138b5312aea,2ef39ed34f323e9af18961016ad8b2b03bce3cb991469ab643dba678857cd7c7,vornit/educational-data-ai-dashboard,200,,
1332,2026-08-30T21:42:57.354067+00:00,README.md,https://huggingface.co/spaces/vornit/educational-data-ai-dashboard/resolve/fd2457f25c33e8adfab36868ecbd9138b5312aea/README.md,fd2457f25c33e8adfab36868ecbd9138b5312aea,619cb14d71050c1dfc489a70202fc34486946f44c2f2e47b435b821bcb157a14,vornit/educational-data-ai-dashboard,200,,
7009,2026-08-30T21:42:57.959408+00:00,app.py,https://huggingface.co/spaces/vornit/educational-data-ai-dashboard/resolve/fd2457f25c33e8adfab36868ecbd9138b5312aea/app.py,fd2457f25c33e8adfab36868ecbd9138b5312aea,c0d2044710c32cde11c7983dc3c587338f5152c767e4bc8a9ffd213abf79652f,vornit/educational-data-ai-dashboard,200,,
980,2026-08-30T21:42:57.958462+00:00,fetch_data.py,https://huggingface.co/spaces/vornit/educational-data-ai-dashboard/resolve/fd2457f25c33e8adfab36868ecbd9138b5312aea/fetch_data.py,fd2457f25c33e8adfab36868ecbd9138b5312aea,4c778f4f4cefa5b9ba869ec2426889c48b38a2d3b562c2e1effb3cba4f681024,vornit/educational-data-ai-dashboard,200,,
59,2026-08-30T21:42:57.960676+00:00,requirements.txt,https://huggingface.co/spaces/vornit/educational-data-ai-dashboard/resolve/fd2457f25c33e8adfab36868ecbd9138b5312aea/requirements.txt,fd2457f25c33e8adfab36868ecbd9138b5312aea,8d6b50f5b07e41c62041cf5b87673d7f556f644f2cbda22bf2614535b62401e7,vornit/educational-data-ai-dashboard,200,,
232,2026-08-30T21:42:59.492804+00:00,README.md,https://huggingface.co/spaces/wajahatkhan/AI_tutor/resolve/7f7cfca7b4ccfe732fadcf39b8447f625e6831a9/README.md,7f7cfca7b4ccfe732fadcf39b8447f625e6831a9,b9fb81d267d8342f5818725fe08f9dc31dcfbd71b0e2a30374ee731d86684d82,wajahatkhan/AI_tutor,200,,
969,2026-08-30T21:43:00.080660+00:00,app.py,https://huggingface.co/spaces/wajahatkhan/AI_tutor/resolve/7f7cfca7b4ccfe732fadcf39b8447f625e6831a9/app.py,7f7cfca7b4ccfe732fadcf39b8447f625e6831a9,00e1fde1526d63772d30f8034e13bc215bd748a4eb136117261dcc885241d536,wajahatkhan/AI_tutor,200,,
44,2026-08-30T21:42:59.991456+00:00,requirements.txt,https://huggingface.co/spaces/wajahatkhan/AI_tutor/resolve/7f7cfca7b4ccfe732fadcf39b8447f625e6831a9/requirements.txt,7f7cfca7b4ccfe732fadcf39b8447f625e6831a9,dd0db1a85f9ceae5181a801c5a9495767f4cbbdc8d57bfdf5f0bc2055b22ef47,wajahatkhan/AI_tutor,200,,
364,2026-08-30T21:43:00.596020+00:00,README.md,https://huggingface.co/spaces/wangzy217/Teaching_Assistant/resolve/00090bdaea0daa5b12764dc9233d89d3b18c75a2/README.md,00090bdaea0daa5b12764dc9233d89d3b18c75a2,c1674d1f6bd8804d4fc0751379e113b9af93d27ada057d1df031f450965402a1,wangzy217/Teaching_Assistant,200,,
1709,2026-08-30T21:43:01.141682+00:00,app.py,https://huggingface.co/spaces/wangzy217/Teaching_Assistant/resolve/00090bdaea0daa5b12764dc9233d89d3b18c75a2/app.py,00090bdaea0daa5b12764dc9233d89d3b18c75a2,e9acabf89476595d0b79f769582064bdd87c5bad1e77ecb5554d31f8eccf1ede,wangzy217/Teaching_Assistant,200,,
23,2026-08-30T21:43:01.142538+00:00,requirements.txt,https://huggingface.co/spaces/wangzy217/Teaching_Assistant/resolve/00090bdaea0daa5b12764dc9233d89d3b18c75a2/requirements.txt,00090bdaea0daa5b12764dc9233d89d3b18c75a2,bb7a63543dbe9ea614c9eaa31adb468281484fd37176d36f3bb5f2433ea8c496,wangzy217/Teaching_Assistant,200,,
237,2026-08-30T21:43:01.653136+00:00,README.md,https://huggingface.co/spaces/wimida/socratic-tutor-bot/resolve/c2196b4a9fb21fa380473339f17bd7d6f001f187/README.md,c2196b4a9fb21fa380473339f17bd7d6f001f187,e9728a128a19d70a981a7985b1bf420ed58d310579e1b277964bb47073868843,wimida/socratic-tutor-bot,200,,
585,2026-08-30T21:43:02.144835+00:00,app.py,https://huggingface.co/spaces/wimida/socratic-tutor-bot/resolve/c2196b4a9fb21fa380473339f17bd7d6f001f187/app.py,c2196b4a9fb21fa380473339f17bd7d6f001f187,9281b4e0e7e3c87475bd9718a25527b9d68859a53a1a5ce99bd68caf995e5a16,wimida/socratic-tutor-bot,200,,
427,2026-08-30T21:43:02.729236+00:00,README.md,https://huggingface.co/spaces/windsoldier/ai-teaching-assistant/resolve/7824ba21ad9e0a7d68501eebab77127e41050e20/README.md,7824ba21ad9e0a7d68501eebab77127e41050e20,36565d4d47a16275f9c95d1dde7a32c8e8d40fe5667f94c95f443aafa0a586d4,windsoldier/ai-teaching-assistant,200,,
28,2026-08-30T21:43:03.234625+00:00,requirements.txt,https://huggingface.co/spaces/windsoldier/ai-teaching-assistant/resolve/7824ba21ad9e0a7d68501eebab77127e41050e20/requirements.txt,7824ba21ad9e0a7d68501eebab77127e41050e20,d61861d6f38a118f108b974cadbd30c2a933b30d93753cf327efb87047014331,windsoldier/ai-teaching-assistant,200,,
7477,2026-08-30T21:43:03.235956+00:00,src/streamlit_app.py,https://huggingface.co/spaces/windsoldier/ai-teaching-assistant/resolve/7824ba21ad9e0a7d68501eebab77127e41050e20/src/streamlit_app.py,7824ba21ad9e0a7d68501eebab77127e41050e20,7241f19f8092b3b4cf1d1fea8034fe7cd18ecb720e63900adef7d20e6d388906,windsoldier/ai-teaching-assistant,200,,
10767,2026-08-30T21:43:04.280348+00:00,LICENSE,https://huggingface.co/spaces/wupeiwen2001/reachy-mini-language-tutor/resolve/b290909d0e7dabe46bd608ab1dee6e58a4c7a865/LICENSE,b290909d0e7dabe46bd608ab1dee6e58a4c7a865,0d8f1dad9d764b2b5845adfcab1fc594a3d47a1b3dd9704c91ebbccfa0bf866d,wupeiwen2001/reachy-mini-language-tutor,200,,
10851,2026-08-30T21:43:03.761648+00:00,README.md,https://huggingface.co/spaces/wupeiwen2001/reachy-mini-language-tutor/resolve/b290909d0e7dabe46bd608ab1dee6e58a4c7a865/README.md,b290909d0e7dabe46bd608ab1dee6e58a4c7a865,78666f2aeef96eae8da1c9b600301518c7f01339fc38d32a5ac773f15eab76b5,wupeiwen2001/reachy-mini-language-tutor,200,,
17234,2026-08-30T21:43:04.275834+00:00,index.html,https://huggingface.co/spaces/wupeiwen2001/reachy-mini-language-tutor/resolve/b290909d0e7dabe46bd608ab1dee6e58a4c7a865/index.html,b290909d0e7dabe46bd608ab1dee6e58a4c7a865,7dd35aecaca8685672db416cc89945924372070375ece0f0c9150f48df2470b9,wupeiwen2001/reachy-mini-language-tutor,200,,
66,2026-08-30T21:43:04.306168+00:00,language_tutor/__init__.py,https://huggingface.co/spaces/wupeiwen2001/reachy-mini-language-tutor/resolve/b290909d0e7dabe46bd608ab1dee6e58a4c7a865/language_tutor/__init__.py,b290909d0e7dabe46bd608ab1dee6e58a4c7a865,c962a45189cae4e44814e99fa399297088dce50e10a403c651be66f19c01dd5c,wupeiwen2001/reachy-mini-language-tutor,200,,
608,2026-08-30T21:43:04.344054+00:00,language_tutor/__main__.py,https://huggingface.co/spaces/wupeiwen2001/reachy-mini-language-tutor/resolve/b290909d0e7dabe46bd608ab1dee6e58a4c7a865/language_tutor/__main__.py,b290909d0e7dabe46bd608ab1dee6e58a4c7a865,6a062976609f37aa57d8edf876bec109159c5989b9d4411c1c56994d102f7a16,wupeiwen2001/reachy-mini-language-tutor,200,,
15833,2026-08-30T21:43:04.347440+00:00,language_tutor/app.py,https://huggingface.co/spaces/wupeiwen2001/reachy-mini-language-tutor/resolve/b290909d0e7dabe46bd608ab1dee6e58a4c7a865/language_tutor/app.py,b290909d0e7dabe46bd608ab1dee6e58a4c7a865,2265122572cf037efa1b7028a9e84590fb8bea1e443a69e9fb45961d94321c22,wupeiwen2001/reachy-mini-language-tutor,200,,
11156,2026-08-30T21:43:04.345699+00:00,language_tutor/audio_pipeline.py,https://huggingface.co/spaces/wupeiwen2001/reachy-mini-language-tutor/resolve/b290909d0e7dabe46bd608ab1dee6e58a4c7a865/language_tutor/audio_pipeline.py,b290909d0e7dabe46bd608ab1dee6e58a4c7a865,251d23ad81de1ee29b84a4901cf76119bd19f89bb96682f1ba4f54d9771dd26a,wupeiwen2001/reachy-mini-language-tutor,200,,
13778,2026-08-30T21:43:04.349220+00:00,language_tutor/config.py,https://huggingface.co/spaces/wupeiwen2001/reachy-mini-language-tutor/resolve/b290909d0e7dabe46bd608ab1dee6e58a4c7a865/language_tutor/config.py,b290909d0e7dabe46bd608ab1dee6e58a4c7a865,3bd4d3e1ca114ebff01e049227ca9a3c1123521d64467ed9352af18bbd138ab9,wupeiwen2001/reachy-mini-language-tutor,200,,
91,2026-08-30T21:43:04.346843+00:00,language_tutor/requirements.txt,https://huggingface.co/spaces/wupeiwen2001/reachy-mini-language-tutor/resolve/b290909d0e7dabe46bd608ab1dee6e58a4c7a865/language_tutor/requirements.txt,b290909d0e7dabe46bd608ab1dee6e58a4c7a865,323818d5c383d47e6e82b331dae29cf74725d44aba685bde8dc1ee75a818e0ac,wupeiwen2001/reachy-mini-language-tutor,200,,
1860,2026-08-30T21:43:04.884326+00:00,pyproject.toml,https://huggingface.co/spaces/wupeiwen2001/reachy-mini-language-tutor/resolve/b290909d0e7dabe46bd608ab1dee6e58a4c7a865/pyproject.toml,b290909d0e7dabe46bd608ab1dee6e58a4c7a865,ca316340d2e8e65c6ebf80375a0fdfcfb46796dffdb3c7ef3f750105b5f6be81,wupeiwen2001/reachy-mini-language-tutor,200,,
239,2026-08-30T21:43:06.458351+00:00,README.md,https://huggingface.co/spaces/yadavnirmal002/CBSE10-AI-Tutor/resolve/239cc056a118c3decc5cd5f6e037dfe60d45f5df/README.md,239cc056a118c3decc5cd5f6e037dfe60d45f5df,5e66b64acac0f4f69555dce49ada9b98a36752c8aec9a332003662e0ab0f231b,yadavnirmal002/CBSE10-AI-Tutor,200,,
777,2026-08-30T21:43:06.979002+00:00,app.py,https://huggingface.co/spaces/yadavnirmal002/CBSE10-AI-Tutor/resolve/239cc056a118c3decc5cd5f6e037dfe60d45f5df/app.py,239cc056a118c3decc5cd5f6e037dfe60d45f5df,04482f7525ad646c705f090cf786ed60b3326d7bade3f585aed5e2e4767dc5d8,yadavnirmal002/CBSE10-AI-Tutor,200,,
22,2026-08-30T21:43:07.018929+00:00,requirements.txt,https://huggingface.co/spaces/yadavnirmal002/CBSE10-AI-Tutor/resolve/239cc056a118c3decc5cd5f6e037dfe60d45f5df/requirements.txt,239cc056a118c3decc5cd5f6e037dfe60d45f5df,50d54218f6fde2f2ae14f51e8bd389c85eb4d764ab79ab44e2c37f7935f5e39e,yadavnirmal002/CBSE10-AI-Tutor,200,,
267,2026-08-30T21:43:07.522382+00:00,README.md,https://huggingface.co/spaces/yahiaxc/smartstudy-buddy-your-ai-powered-study-assistant/resolve/f49c9b0e3762ae61fa6898e6a6e43e2e5d941872/README.md,f49c9b0e3762ae61fa6898e6a6e43e2e5d941872,5f9f7b91fde2b08287e12225abb7d8dd78d83259161dbd64511a59860aacb98e,yahiaxc/smartstudy-buddy-your-ai-powered-study-assistant,200,,
12153,2026-08-30T21:43:08.027474+00:00,app.html,https://huggingface.co/spaces/yahiaxc/smartstudy-buddy-your-ai-powered-study-assistant/resolve/f49c9b0e3762ae61fa6898e6a6e43e2e5d941872/app.html,f49c9b0e3762ae61fa6898e6a6e43e2e5d941872,c00ba70459a66610966c975c91fa2a50b4ff78be2bce059d9f4e6100a33286f7,yahiaxc/smartstudy-buddy-your-ai-powered-study-assistant,200,,
32120,2026-08-30T21:43:08.040905+00:00,index.html,https://huggingface.co/spaces/yahiaxc/smartstudy-buddy-your-ai-powered-study-assistant/resolve/f49c9b0e3762ae61fa6898e6a6e43e2e5d941872/index.html,f49c9b0e3762ae61fa6898e6a6e43e2e5d941872,047fe09d7045c586f18f7bd98d8603ef2a3677bca3fe904ab50bc449dd1af313,yahiaxc/smartstudy-buddy-your-ai-powered-study-assistant,200,,
332,2026-08-30T21:43:11.994527+00:00,README.md,https://huggingface.co/spaces/yasvanthkumar/quiz-video-generator/resolve/a9a4755b50963d10b809c5580df9f71bfe913059/README.md,a9a4755b50963d10b809c5580df9f71bfe913059,952d0a4652e7f917e9789d13f0ea517d49471a987728fe022b7ec121feef4d47,yasvanthkumar/quiz-video-generator,200,,
7115,2026-08-30T21:43:12.553197+00:00,app.py,https://huggingface.co/spaces/yasvanthkumar/quiz-video-generator/resolve/a9a4755b50963d10b809c5580df9f71bfe913059/app.py,a9a4755b50963d10b809c5580df9f71bfe913059,08d99295e213e4f0e40e53f53569b273b318f3311d6f734a8233ae6144d2a72f,yasvanthkumar/quiz-video-generator,200,,
664,2026-08-30T21:43:12.640666+00:00,create_templates.py,https://huggingface.co/spaces/yasvanthkumar/quiz-video-generator/resolve/a9a4755b50963d10b809c5580df9f71bfe913059/create_templates.py,a9a4755b50963d10b809c5580df9f71bfe913059,cbb48c2372f237d04544799d399f8545b02ec457113f0f035e20f513bc6204ab,yasvanthkumar/quiz-video-generator,200,,
118,2026-08-30T21:43:12.644390+00:00,requirements.txt,https://huggingface.co/spaces/yasvanthkumar/quiz-video-generator/resolve/a9a4755b50963d10b809c5580df9f71bfe913059/requirements.txt,a9a4755b50963d10b809c5580df9f71bfe913059,3ea3fc3d60b2f8d5f4ab01c751a53fc0e6ef8faa1070d66c4237bae58bfc4e93,yasvanthkumar/quiz-video-generator,200,,
325,2026-08-30T21:43:14.150813+00:00,README.md,https://huggingface.co/spaces/yiyiyi999/ai-tutor-classroom/resolve/09b466d97349c8a91619ec757954ead3bb80c48d/README.md,09b466d97349c8a91619ec757954ead3bb80c48d,260c6d909b0fe531cc94129d740d3f0ec37afcfae494f6d076aa48a0419641cc,yiyiyi999/ai-tutor-classroom,200,,
29458,2026-08-30T21:43:14.665471+00:00,app.py,https://huggingface.co/spaces/yiyiyi999/ai-tutor-classroom/resolve/09b466d97349c8a91619ec757954ead3bb80c48d/app.py,09b466d97349c8a91619ec757954ead3bb80c48d,57ff3fc89a68c8a96dbf8cc1eed662c44cc73e7dfca128c9e26bc23eb4ab8449,yiyiyi999/ai-tutor-classroom,200,,
428,2026-08-30T21:43:14.723410+00:00,index.html,https://huggingface.co/spaces/yiyiyi999/ai-tutor-classroom/resolve/09b466d97349c8a91619ec757954ead3bb80c48d/index.html,09b466d97349c8a91619ec757954ead3bb80c48d,a99177622524fd9f126c3a6df50c0949ea299ef12290aaaae25a6acf4e545be3,yiyiyi999/ai-tutor-classroom,200,,
39,2026-08-30T21:43:14.661848+00:00,requirements.txt,https://huggingface.co/spaces/yiyiyi999/ai-tutor-classroom/resolve/09b466d97349c8a91619ec757954ead3bb80c48d/requirements.txt,09b466d97349c8a91619ec757954ead3bb80c48d,7cc14bb514d5211a6d644a6aaefdbad62f40f36c3f7208f95676045b4953e6f7,yiyiyi999/ai-tutor-classroom,200,,
26236,2026-08-30T21:43:14.762441+00:00,static/app.js,https://huggingface.co/spaces/yiyiyi999/ai-tutor-classroom/resolve/09b466d97349c8a91619ec757954ead3bb80c48d/static/app.js,09b466d97349c8a91619ec757954ead3bb80c48d,61baf65716f8debbb61c46dde258b14fa3ca696a4ae1b8815971ea793fda8db1,yiyiyi999/ai-tutor-classroom,200,,
728,2026-08-30T21:43:15.789990+00:00,README.md,https://huggingface.co/spaces/ymubarak/educational-tutor-chatbot/resolve/fc1d17ec3e7d17242806d48741bc46f1a5153a2a/README.md,fc1d17ec3e7d17242806d48741bc46f1a5153a2a,0112645fd8e0189a23554e1fa7fb730f3514d0209cc52e5484d85b4d24eeb7fc,ymubarak/educational-tutor-chatbot,200,,
16535,2026-08-30T21:43:16.299037+00:00,app.py,https://huggingface.co/spaces/ymubarak/educational-tutor-chatbot/resolve/fc1d17ec3e7d17242806d48741bc46f1a5153a2a/app.py,fc1d17ec3e7d17242806d48741bc46f1a5153a2a,790129177582e50af9ec6b4482610441826db2e8bcf0990b0b65058fe1ed7c28,ymubarak/educational-tutor-chatbot,200,,
267,2026-08-30T21:43:16.798155+00:00,README.md,https://huggingface.co/spaces/younesALEM/eduzy-ai-learning-companion-for-algeria/resolve/b87afd71f11d752e0952857ce969de4c4cafd0e3/README.md,b87afd71f11d752e0952857ce969de4c4cafd0e3,d6a2dff158e45d43ec3669368c47cc7d000bc3ed7f0639a7f11819a4f23c62e7,younesALEM/eduzy-ai-learning-companion-for-algeria,200,,
3604,2026-08-30T21:43:17.281848+00:00,admin/ai-answers.html,https://huggingface.co/spaces/younesALEM/eduzy-ai-learning-companion-for-algeria/resolve/b87afd71f11d752e0952857ce969de4c4cafd0e3/admin/ai-answers.html,b87afd71f11d752e0952857ce969de4c4cafd0e3,45c4087ac0c3e71a5606666c97f4439f4ebb8835fc35c1e27a2cc5f740e4e8c8,younesALEM/eduzy-ai-learning-companion-for-algeria,200,,
2719,2026-08-30T21:43:17.284035+00:00,components/footer.js,https://huggingface.co/spaces/younesALEM/eduzy-ai-learning-companion-for-algeria/resolve/b87afd71f11d752e0952857ce969de4c4cafd0e3/components/footer.js,b87afd71f11d752e0952857ce969de4c4cafd0e3,671ef9834c9e59132f3591031c739dc2f7ee0bca05b30ad4e8f3d85f04b37e12,younesALEM/eduzy-ai-learning-companion-for-algeria,200,,
3732,2026-08-30T21:43:17.298779+00:00,components/navbar.js,https://huggingface.co/spaces/younesALEM/eduzy-ai-learning-companion-for-algeria/resolve/b87afd71f11d752e0952857ce969de4c4cafd0e3/components/navbar.js,b87afd71f11d752e0952857ce969de4c4cafd0e3,14a14298f274fc060f6ba5cdf7720b3843d4880808b0ffbf448c689433bb18df,younesALEM/eduzy-ai-learning-companion-for-algeria,200,,
991,2026-08-30T21:43:17.286269+00:00,components/vip-badge.js,https://huggingface.co/spaces/younesALEM/eduzy-ai-learning-companion-for-algeria/resolve/b87afd71f11d752e0952857ce969de4c4cafd0e3/components/vip-badge.js,b87afd71f11d752e0952857ce969de4c4cafd0e3,b3618ac7ee4e3ee50c80fb803aa2fcd744da6944909589409e5131f9d3c9979d,younesALEM/eduzy-ai-learning-companion-for-algeria,200,,
6115,2026-08-30T21:43:17.327130+00:00,index.html,https://huggingface.co/spaces/younesALEM/eduzy-ai-learning-companion-for-algeria/resolve/b87afd71f11d752e0952857ce969de4c4cafd0e3/index.html,b87afd71f11d752e0952857ce969de4c4cafd0e3,30be9cfef2c9536a1682564614c28242e498c47c644bb274af4ad1abf6c5b94d,younesALEM/eduzy-ai-learning-companion-for-algeria,200,,
6591,2026-08-30T21:43:17.376084+00:00,learning-game.html,https://huggingface.co/spaces/younesALEM/eduzy-ai-learning-companion-for-algeria/resolve/b87afd71f11d752e0952857ce969de4c4cafd0e3/learning-game.html,b87afd71f11d752e0952857ce969de4c4cafd0e3,0999d20cd26639b64f3bce92fa91efe02608275943fe24daa729b0f09775df93,younesALEM/eduzy-ai-learning-companion-for-algeria,200,,
1643,2026-08-30T21:43:17.373827+00:00,script.js,https://huggingface.co/spaces/younesALEM/eduzy-ai-learning-companion-for-algeria/resolve/b87afd71f11d752e0952857ce969de4c4cafd0e3/script.js,b87afd71f11d752e0952857ce969de4c4cafd0e3,78b90ed32d9b8ec20383b9e5067f11933b569f267407a39e626320e5cabd7390,younesALEM/eduzy-ai-learning-companion-for-algeria,200,,
219,2026-08-30T21:43:18.964886+00:00,README.md,https://huggingface.co/spaces/yuringgg/thinkfirst-mindful-learning-companion/resolve/62d83510df0558e162821c28291331f74752a057/README.md,62d83510df0558e162821c28291331f74752a057,b76ecd8498abbe19777765dd290a6f60df3c9d2c9d3cbf82ccd7a82691d7ccb8,yuringgg/thinkfirst-mindful-learning-companion,200,,
546,2026-08-30T21:43:19.489481+00:00,index.html,https://huggingface.co/spaces/yuringgg/thinkfirst-mindful-learning-companion/resolve/62d83510df0558e162821c28291331f74752a057/index.html,62d83510df0558e162821c28291331f74752a057,fef10b4e06879d75c496c1ce3e89410bff1b77bf51220f21570255d1f214580e,yuringgg/thinkfirst-mindful-learning-companion,200,,
230,2026-08-30T21:43:20.004194+00:00,README.md,https://huggingface.co/spaces/yuvabe-ai/AI-Tutor/resolve/58b6e6985ecf093a41bcf8c68f4c16c14f5887c7/README.md,58b6e6985ecf093a41bcf8c68f4c16c14f5887c7,c4dc2b5feada08abf03b65426b627b3ea10f9bc06f8be171717f1663e3700ab7,yuvabe-ai/AI-Tutor,200,,
6350,2026-08-30T21:43:20.510680+00:00,app.py,https://huggingface.co/spaces/yuvabe-ai/AI-Tutor/resolve/58b6e6985ecf093a41bcf8c68f4c16c14f5887c7/app.py,58b6e6985ecf093a41bcf8c68f4c16c14f5887c7,332df31efdd4ff6b34b5fd439ce7182d33e98de7480b9e8395dd571d01ec4cd2,yuvabe-ai/AI-Tutor,200,,
1924,2026-08-31T01:25:46.241633+00:00,requirements.txt,https://huggingface.co/spaces/yuvabe-ai/AI-Tutor/resolve/58b6e6985ecf093a41bcf8c68f4c16c14f5887c7/requirements.txt,58b6e6985ecf093a41bcf8c68f4c16c14f5887c7,ab84688e00d5a8de3baf69d9c94f813e91f00d0eb252d073264fb237db616d9f,yuvabe-ai/AI-Tutor,200,,utf-16-le-bom
8798,2026-08-30T21:43:20.529284+00:00,utility.py,https://huggingface.co/spaces/yuvabe-ai/AI-Tutor/resolve/58b6e6985ecf093a41bcf8c68f4c16c14f5887c7/utility.py,58b6e6985ecf093a41bcf8c68f4c16c14f5887c7,57144cf83d9de268dc450c6b2ce349e21e59ce9be2c69bb38b9141d10a00b8ce,yuvabe-ai/AI-Tutor,200,,
203,2026-08-30T21:43:22.079636+00:00,README.md,https://huggingface.co/spaces/zaini1234/pdf-quiz-generator/resolve/adb6f5be03f431fc96723d079a1463c161bb6fa5/README.md,adb6f5be03f431fc96723d079a1463c161bb6fa5,8e5ffd7ca65824e219ee174af88b08872732656a88069a503293f582771b9965,zaini1234/pdf-quiz-generator,200,,
3225,2026-08-30T21:43:22.697739+00:00,app.py,https://huggingface.co/spaces/zaini1234/pdf-quiz-generator/resolve/adb6f5be03f431fc96723d079a1463c161bb6fa5/app.py,adb6f5be03f431fc96723d079a1463c161bb6fa5,c97f7c49ea2bc42697ebe51fa5cdedc13733f8fd39755bd9f3bfa1071491629d,zaini1234/pdf-quiz-generator,200,,
2819,2026-08-30T21:43:22.570928+00:00,quiz_generator.py,https://huggingface.co/spaces/zaini1234/pdf-quiz-generator/resolve/adb6f5be03f431fc96723d079a1463c161bb6fa5/quiz_generator.py,adb6f5be03f431fc96723d079a1463c161bb6fa5,fc9e49194c01c9e0a0ebada74b8a2c845f5cc5c37752a31726a9400223b94b50,zaini1234/pdf-quiz-generator,200,,
103,2026-08-30T21:43:22.609125+00:00,requirements.txt,https://huggingface.co/spaces/zaini1234/pdf-quiz-generator/resolve/adb6f5be03f431fc96723d079a1463c161bb6fa5/requirements.txt,adb6f5be03f431fc96723d079a1463c161bb6fa5,dddbb11a59d20e18331f8bfe51b1d15f1935bdbc2c7275ab08bff5efbdc87efb,zaini1234/pdf-quiz-generator,200,,
256,2026-08-30T21:43:23.225868+00:00,README.md,https://huggingface.co/spaces/zara65724/AI-Vocabulary-Tutor/resolve/3fa3d56a9942f34658fd71eaa343d86f61cad902/README.md,3fa3d56a9942f34658fd71eaa343d86f61cad902,0f7ab5a1853f68755131f9a688b4a1071a59a96097772d1344469924d280471e,zara65724/AI-Vocabulary-Tutor,200,,
12935,2026-08-30T21:43:23.730844+00:00,app.py,https://huggingface.co/spaces/zara65724/AI-Vocabulary-Tutor/resolve/3fa3d56a9942f34658fd71eaa343d86f61cad902/app.py,3fa3d56a9942f34658fd71eaa343d86f61cad902,92230306016ebbb69f23e5d72bbf017797653b52dcbe71d75c70fd4303d9f8b4,zara65724/AI-Vocabulary-Tutor,200,,
29,2026-08-30T21:43:23.725036+00:00,requirements.txt,https://huggingface.co/spaces/zara65724/AI-Vocabulary-Tutor/resolve/3fa3d56a9942f34658fd71eaa343d86f61cad902/requirements.txt,3fa3d56a9942f34658fd71eaa343d86f61cad902,d4c7799905f6270111b9408ce1e48847a2e62f79ba61fe18d5d7893163b90948,zara65724/AI-Vocabulary-Tutor,200,,
228,2026-08-30T21:43:24.280597+00:00,README.md,https://huggingface.co/spaces/zayn1116/studybuddyai-the-ultimate-learning-companion/resolve/127f7bb482ffd00f6824f17bde28128f85839c94/README.md,127f7bb482ffd00f6824f17bde28128f85839c94,325a2f2b0951049fd24da8cd84eda45b63b325489637f9ca802dafebef8a81e9,zayn1116/studybuddyai-the-ultimate-learning-companion,200,,
546,2026-08-30T21:43:24.793478+00:00,index.html,https://huggingface.co/spaces/zayn1116/studybuddyai-the-ultimate-learning-companion/resolve/127f7bb482ffd00f6824f17bde28128f85839c94/index.html,127f7bb482ffd00f6824f17bde28128f85839c94,fef10b4e06879d75c496c1ce3e89410bff1b77bf51220f21570255d1f214580e,zayn1116/studybuddyai-the-ultimate-learning-companion,200,,
384,2026-08-30T21:43:25.310343+00:00,README.md,https://huggingface.co/spaces/zizo66/AI-Language-Tutor/resolve/6905010dbc3093af805e64ac825129968b963b50/README.md,6905010dbc3093af805e64ac825129968b963b50,40091d3637be91edb47ad832d2a07801f4421e96ef1b4ade982fa83ea66bf766,zizo66/AI-Language-Tutor,200,,
3742,2026-08-30T21:43:25.837167+00:00,app.py,https://huggingface.co/spaces/zizo66/AI-Language-Tutor/resolve/6905010dbc3093af805e64ac825129968b963b50/app.py,6905010dbc3093af805e64ac825129968b963b50,8d07485d8b7a284c39dca2aab4fa197ac49a3d4f387bf4435413b18b9761013d,zizo66/AI-Language-Tutor,200,,
23,2026-08-30T21:43:25.832729+00:00,requirements.txt,https://huggingface.co/spaces/zizo66/AI-Language-Tutor/resolve/6905010dbc3093af805e64ac825129968b963b50/requirements.txt,6905010dbc3093af805e64ac825129968b963b50,48293d5aac441f371121b28f1ff76c2495cf372febd85401e0f33f12789b4971,zizo66/AI-Language-Tutor,200,,
