space_id,current_revision,history_status_code,history_pages,commit_count_through_snapshot,first_commit_date,last_commit_date,initial_revision,initial_revision_date,initial_revision_rank,initial_tree_status_code,initial_selected_file_count,initial_dependency_signal_count,initial_state_status,current_revision_in_history,history_span_days
10805j/aitutor,1bdd4feb1b68faabf304510349772b5ea992e773,200,1,8,2025-05-31T02:31:15.000Z,2025-05-31T02:43:31.000Z,f6f9f52edebbbf2fa65f143c87cc55b4884675c1,2025-05-31T02:31:15.000Z,1,200,3,0,RESOLVED,True,0.008518518518518519
13yashjadhav11/study_assistant,6589f7ddbb9b9744e1524f876c4862b57caa2d87,200,1,2,2026-01-16T07:22:47.000Z,2026-01-16T07:26:13.000Z,6589f7ddbb9b9744e1524f876c4862b57caa2d87,2026-01-16T07:26:13.000Z,2,200,3,2,RESOLVED,True,0.002384259259259259
24-cka-ML/quiz-generator,e8dc54c226ca5d21680cbf10b31e2ba35389a911,200,1,27,2025-03-16T12:40:53.000Z,2025-03-20T08:55:47.000Z,6be03b43ad2a3e3acee82eee435955f11e605020,2025-03-16T12:46:42.000Z,2,200,3,1,RESOLVED,True,3.8436805555555558
3atar/Study-assistant,490a69c38dd64c78387fd6f35ebfb0cc522cd732,200,1,4,2025-11-26T02:21:59.000Z,2025-11-26T02:41:40.000Z,1ca40786b0d1e48f68c24021c661cc79f067ed26,2025-11-26T02:27:51.000Z,2,200,3,2,RESOLVED,True,0.013668981481481482
77skaul/edu-tutor-chatbot,d74a6ce328f17ffbe7564bc0a707f57c6972ef8e,200,1,12,2026-02-04T10:26:31.000Z,2026-02-04T11:41:26.000Z,37a849db52ce5cd50479f43662e8fdc320950741,2026-02-04T10:35:42.000Z,2,200,2,0,RESOLVED,True,0.05202546296296296
ABRB0917/StudyAssistant,b737af742bc0a809878b394755d9bc04567798b6,200,1,2,2026-06-18T14:09:00.000Z,2026-06-18T14:14:45.000Z,b737af742bc0a809878b394755d9bc04567798b6,2026-06-18T14:14:45.000Z,2,200,3,2,RESOLVED,True,0.003993055555555555
ARNABMAJI1234/interactive-study-assistant-demo,06cfe85fc9bd4b21d387d82029a3545bc0213429,200,1,2,2026-08-01T14:17:21.000Z,2026-08-01T14:19:36.000Z,06cfe85fc9bd4b21d387d82029a3545bc0213429,2026-08-01T14:19:36.000Z,2,200,3,2,RESOLVED,True,0.0015625
Aasher/Flexx_Your_Homework_Assistant,3fd5d64c8eb1638d95490d9f6c19dda420f27ba5,200,1,9,2025-09-04T15:09:42.000Z,2025-09-05T08:14:16.000Z,a9af6e5d916ca329d606d6b69908548828b88aad,2025-09-04T15:09:42.000Z,1,200,10,0,RESOLVED,True,0.7115046296296297
Abdalaziz2026/Syria-ai-tutor,6f7dee2e21e3c466111ee22c7ff72a393acb675d,200,1,7,2026-06-03T22:24:58.000Z,2026-06-03T23:24:49.000Z,39edbf284bbd050994ec244daa9eba535436c9de,2026-06-03T22:53:07.000Z,2,200,2,1,RESOLVED,True,0.0415625
Abde1ra7man/Quiz_Generator,015f0f9fb8dd60575502411c41ebfabc653635ea,200,1,4,2026-04-23T14:21:51.000Z,2026-04-23T14:28:49.000Z,c116f7b59f55ed1d8120c65b3182561990936957,2026-04-23T14:22:13.000Z,2,200,3,0,RESOLVED,True,0.004837962962962963
Abdelrahman04/egyptian-educational-chatbot-demo,c959a848ff51f36474e455baadf234831fd1f7f2,200,1,8,2025-12-16T05:40:59.000Z,2025-12-16T07:07:29.000Z,c2b9164ad99080b333e4cde109b9cdd9b201cf86,2025-12-16T05:40:59.000Z,1,200,2,1,RESOLVED,True,0.060069444444444446
AbhiReddy1/AI_datascince_Tutor,49e68b6f30a01110a29f2852e4535ff7bd1be144,200,1,10,2025-03-21T07:51:06.000Z,2025-03-21T09:54:45.000Z,57491263c95155a5f406741d9e1db642cdcedb73,2025-03-21T07:54:58.000Z,2,200,3,2,RESOLVED,True,0.08586805555555556
Abhinaychatla/language_voice_tutor,1864296c0286ee3575a6ddf362e4aaa7568f8007,200,1,8,2026-06-21T16:42:17.000Z,2026-06-21T17:08:03.000Z,89473f9740ace94e9fa06ab5561807d284e33876,2026-06-21T16:55:24.000Z,2,200,10,2,RESOLVED,True,0.017893518518518517
Achyutar/Engross-Educational-AI,12b242517239b07b2e968862ac37bfcca12e7996,200,1,2,2025-02-17T16:28:54.000Z,2025-02-17T16:28:55.000Z,570550a2576f7db4df8af8ea543b369ea912faad,2025-02-17T16:28:54.000Z,1,200,3,1,RESOLVED,True,1.1574074074074073e-05
Aditya1546/ai-study-assistant,e77f5ea413f717b4b0c2bff120cbd81e61c41382,200,1,11,2026-07-07T09:49:23.000Z,2026-07-08T10:55:32.000Z,e7e47e5b8f326abc3b71ff3451cb327f63f533cd,2026-07-07T09:49:23.000Z,1,200,3,2,RESOLVED,True,1.0459375
AdityaKokate/StudyAssistant,36597ebd9d89c0695aea6daa4c44d33680f03a50,200,1,3,2026-07-30T14:32:46.000Z,2026-07-30T14:45:02.000Z,bf7c4c4f935cb8abfad4c3a8326b02f1513f47d1,2026-07-30T14:34:11.000Z,2,200,3,2,RESOLVED,True,0.008518518518518519
Agents-MCP-Hackathon/AI-Quiz-Generator,d57400021ec3f6cbb3b53f2686075f536a96ff53,200,1,3,2025-06-07T10:28:09.000Z,2025-06-07T10:29:52.000Z,2369f7426f81c41567fc7c553f8b605a8811d9da,2025-06-07T10:29:16.000Z,2,200,2,0,RESOLVED,True,0.0011921296296296296
Agents-MCP-Hackathon/AI-Tutor-and-Syllabus-Planner,0b9fe734333e4c4228176db099be216a5d520ba5,200,1,33,2025-06-09T04:55:09.000Z,2025-08-27T15:21:35.000Z,3a7aabb588815d9de771c9ae5dccbe4377197fc9,2025-06-09T05:09:27.000Z,2,200,2,0,RESOLVED,True,79.43502314814815
Agents-MCP-Hackathon/AI_tutor,be9948b805c9256d50100efd40d9e5565ddb7e28,200,1,11,2025-06-10T04:49:07.000Z,2025-06-10T22:34:10.000Z,1d956004b44e783bd76abd2bdd43e3ef94d7f57e,2025-06-10T04:50:17.000Z,2,200,10,3,RESOLVED,True,0.7396180555555556
Akash035/my_study_assistant,cf8ce1019d02405129a26d4003b4b83ba54b77f8,200,1,2,2026-03-07T10:30:31.000Z,2026-03-07T10:33:41.000Z,cf8ce1019d02405129a26d4003b4b83ba54b77f8,2026-03-07T10:33:41.000Z,2,200,3,2,RESOLVED,True,0.002199074074074074
Aleesha29/socratic_tutor,8ee693fcac3e99f264d0bca5dcc9b3460bc8f33a,200,1,18,2026-02-20T16:27:20.000Z,2026-05-09T11:54:56.000Z,417992f5821dda08d59ab340a4db01b0dab73311,2026-02-20T16:28:13.000Z,2,200,2,1,RESOLVED,True,77.81083333333333
AneelaFatima/AI_Friendly_Study_Tutor,4f67d2d2dcacd2c1598a95fe64366c4f951f194a,200,1,27,2025-08-19T03:08:29.000Z,2025-08-21T06:05:19.000Z,271a28e2dc1dba25f02a0b03ff4e703bae9ccd3d,2025-08-19T03:12:25.000Z,4,200,2,1,RESOLVED,True,2.122800925925926
Anil3920/StudyAssistant,b49e049f1bd13d1592dc7c165789125c9a077c68,200,1,4,2026-07-31T06:08:20.000Z,2026-07-31T06:46:24.000Z,fd3b79a592d2ed321441e3de5393571627e577e1,2026-07-31T06:08:20.000Z,1,200,2,0,RESOLVED,True,0.026435185185185187
Anilkumar12/StudyAssistant,490d529a6052fffbf28bd784ec68cfce9f84ab69,200,1,4,2026-07-31T06:18:03.000Z,2026-07-31T06:30:35.000Z,8d2d4174adb41a22bfba88e5b6ca3c6a4b74dddd,2026-07-31T06:19:35.000Z,2,200,3,2,RESOLVED,True,0.008703703703703703
AnishaG0201/maths_quiz_generator,719aaf3fea1333f543537390d583ce4d15aeaacc,200,1,37,2024-05-31T08:53:43.000Z,2024-05-31T12:45:56.000Z,6ff1a5ae43861841a6081100c36ffac8bb3aaf3f,2024-05-31T09:16:51.000Z,2,200,2,0,RESOLVED,True,0.16126157407407407
Anmol2006/AI_Study_Assistant,14ba597ebdcd9dc9d77a3358348f9d30b1598f82,200,1,2,2026-02-09T11:29:20.000Z,2026-02-09T11:36:32.000Z,14ba597ebdcd9dc9d77a3358348f9d30b1598f82,2026-02-09T11:36:32.000Z,2,200,3,2,RESOLVED,True,0.005
Anupam251272/Education-Chatbot-Anupam,3f2e3d404b9be110a032a8e4b1a1c8d96cdc12ec,200,1,14,2025-01-24T11:21:59.000Z,2025-01-24T14:03:29.000Z,8ccc56337366064885d7c40f09f8786d53a8081e,2025-01-24T11:40:54.000Z,2,200,2,1,RESOLVED,True,0.11215277777777778
Apoorvahu/my-study-assistant,62e5d6528063f371eff792a8c7a93895afcbdc84,200,1,2,2026-07-04T03:33:42.000Z,2026-07-04T03:40:23.000Z,62e5d6528063f371eff792a8c7a93895afcbdc84,2026-07-04T03:40:23.000Z,2,200,3,2,RESOLVED,True,0.004641203703703704
Archimagos/ai_tutor,de74687273d2dd0b0fe90bc7699e20fd2226b3ec,200,1,4,2024-11-25T03:34:05.000Z,2024-11-25T12:55:04.000Z,05c007450d5d561f366c36779bbb98ab9b1e28b3,2024-11-25T03:34:05.000Z,1,200,2,0,RESOLVED,True,0.38957175925925924
Archimagos/ai_tutor_3.2,b4136662144530a01fe64d3ec2d6a8a15b67a480,200,1,13,2024-07-29T01:45:50.000Z,2024-11-25T19:16:52.000Z,8c029ff099689e278c0118e5f37738d9efef2d9d,2024-07-29T01:49:20.000Z,2,200,3,2,RESOLVED,True,119.72988425925926
Arko3910/Study_Assistant,262ef2f22f2c31167bb57faf2ad46dd4147515e8,200,1,22,2025-11-29T14:06:52.000Z,2025-11-29T16:06:08.000Z,5af234872fc188ad4b6709fddad0cdd9f7f7eb0d,2025-11-29T14:08:25.000Z,2,200,3,1,RESOLVED,True,0.08282407407407408
Armour-12/Quiz-generator-t5base,5ed1c85b68ddb2dbe923ca8498c749b83f1cee64,200,1,19,2026-03-11T12:41:06.000Z,2026-03-12T10:41:33.000Z,24134eb07d3d15d96e5b3705595042a2ec8ecc97,2026-03-11T12:41:34.000Z,2,200,2,1,RESOLVED,True,0.9169791666666667
Armour-12/Quiz_Generator,653fd052690ddee05525c5a244c371a3a98bf887,200,1,11,2024-02-20T04:48:51.000Z,2024-03-14T08:16:11.000Z,faa1a3c800b52fd8afb253c08b91e457b617ac32,2024-02-20T04:49:20.000Z,2,200,2,1,RESOLVED,True,23.143981481481482
Artykun/Ai-Quiz-Generator,e40da7249db66dd16515b006d5b5fe9179b4d660,200,1,65,2026-05-04T03:52:08.000Z,2026-05-11T15:20:28.000Z,12ee7a800cb6738c4b71b5e18402caf83a0cb494,2026-05-04T03:52:08.000Z,1,200,9,3,RESOLVED,True,7.4780092592592595
Ashwand5/AI_Educational_Assistant,d166555bc5cc51e04d0cba17b3cc9d2280051219,200,1,4,2025-09-03T10:24:08.000Z,2025-09-03T10:28:21.000Z,9c9434d2c91e130fcd7258756e4c1ec02efa167b,2025-09-03T10:24:08.000Z,1,200,3,0,RESOLVED,True,0.002928240740740741
Asif1karim/Study_Assistant,941d6c983e0122bc7fffc8170a2e21c360c5c6f9,200,1,107,2025-08-02T14:28:51.000Z,2025-08-04T07:58:00.000Z,6f226e99fd6c6e985cc33a9315abce260e593648,2025-08-02T17:54:09.000Z,2,200,6,2,RESOLVED,True,1.728576388888889
Axiosingular/ai-tutor,07a7531bb4c33c5f44529ea26b453b4117303d75,200,1,7,2026-07-13T14:43:44.000Z,2026-07-13T15:30:27.000Z,1abe92930301eb8a2673864e1c0ebf7845b304d4,2026-07-13T14:47:24.000Z,2,200,2,0,RESOLVED,True,0.032442129629629626
AyeshaMasood/quiz-generator,2317fdacb4fd791da0f6bcc52610f629c71a10dd,200,1,6,2025-04-15T08:02:31.000Z,2025-04-15T08:23:46.000Z,8715f3d4fb8fe054576cc91af7910c2ce9015e45,2025-04-15T08:12:15.000Z,2,200,2,0,RESOLVED,True,0.014756944444444444
BRH-Burhanudin/kimia-ai-tutor,a8c5c70d196d3ff0600045331526dbd410bb4164,200,1,27,2026-06-21T12:59:21.000Z,2026-06-24T07:56:10.000Z,d98aa21dc1fb4224e32e3421178b24dcdf5a462a,2026-06-21T12:59:21.000Z,1,200,7,5,RESOLVED,True,2.7894560185185187
BUNNY95R/AI_study_assistant,f598fc514d86c3c21a6846b9f25778fd414f9865,200,1,15,2026-08-11T16:30:48.000Z,2026-08-17T12:30:55.000Z,467b612023e95a4f8c9a7edd0938afb6fe2cd874,2026-08-11T16:44:38.000Z,2,200,3,2,RESOLVED,True,5.833414351851852
BadaPoojitha/StudyAssistant,e2b093757dddb86c87601018bc2c96fa2495e306,200,1,10,2026-07-04T16:48:36.000Z,2026-07-04T17:25:30.000Z,4d29b7bdcb720d75d61c1aa70b1a185edf7a46ec,2026-07-04T16:55:13.000Z,2,200,3,2,RESOLVED,True,0.025625
Bahauddin01/language-tutor-ai,66c0c14928e44bf9ec0ebd0473e9432f24396859,200,1,9,2026-04-20T11:00:50.000Z,2026-04-20T11:42:28.000Z,29ad891f0d56922c6d05421353a2fdc63ef7211f,2026-04-20T11:05:01.000Z,2,200,2,1,RESOLVED,True,0.028912037037037038
Belliar666/english-tutor-chatbot,d0c4f2c503f7e0ff3184172c7a183806e3f25350,200,1,20,2025-10-09T19:33:08.000Z,2025-10-11T17:28:58.000Z,61ab119d38e71a0b7e46a7248fab5132e5a726dc,2025-10-09T19:33:08.000Z,1,200,2,1,RESOLVED,True,1.9137731481481481
Bhargavi-31/Ai_tutor,ecb8073259c725c77993caa6d8adb2e2eec17a63,200,1,4,2026-07-06T13:07:12.000Z,2026-07-06T13:12:36.000Z,266ac2e4a0505600578eec6f4b0f3204d9212fe7,2026-07-06T13:07:48.000Z,2,200,2,0,RESOLVED,True,0.00375
Bhuvana908/StudyAssistant,6c1b60fad3fd179de9224b587aaeeff3988764ab,200,1,4,2026-08-02T06:21:56.000Z,2026-08-02T06:34:06.000Z,40c4f1b6669f6786ea80544897ae798e679266e6,2026-08-02T06:24:11.000Z,2,200,3,2,RESOLVED,True,0.008449074074074074
Boyston/reachy_mini_language_tutor,7309d37e73cd4100646e457bc2233da47ef4777e,200,1,411,2025-09-01T12:13:39.000Z,2026-05-11T16:04:39.000Z,3131859670c1b5f8b84f28a8b0bcb20b95efb228,2025-09-01T12:13:39.000Z,1,200,2,0,RESOLVED,True,252.16041666666666
Brisha124/AI_TUTOR,eee4c35842d75e9d88e815a39ed12003fc9a88c9,200,1,7,2026-07-03T09:21:31.000Z,2026-07-03T10:02:32.000Z,575285b190ab3aec8093ba5cec3198c9b224c763,2026-07-03T09:23:33.000Z,2,200,2,1,RESOLVED,True,0.028483796296296295
CT-AITUTOR/AITUTOR,a066775695f3d6d5fa1b2efc6429661b7f3d6436,200,1,7,2024-05-18T01:33:30.000Z,2025-03-18T04:20:58.000Z,da6d0520c7dc2e1f676909ba6653f4019bb75f89,2024-05-18T01:40:13.000Z,2,200,2,1,RESOLVED,True,304.1162962962963
ChandiniSiri/AI_TUTOR,2b2a06e631cfcf09000518bb793019517b2d6f31,200,1,8,2026-07-02T09:40:08.000Z,2026-07-02T09:55:42.000Z,08b7e7335e806ca20f1343c92b9ea5c2900cf74b,2026-07-02T09:40:30.000Z,2,200,2,0,RESOLVED,True,0.010810185185185185
Charan-27-10/AI_TUTOR,e374f7e82076b0fbe0f1a43caf6fd6337f69df9b,200,1,5,2026-07-01T16:10:40.000Z,2026-07-01T16:25:05.000Z,c655c2de1187a635e135737676705d39eac40118,2026-07-01T16:17:32.000Z,2,200,2,1,RESOLVED,True,0.010011574074074074
Chidvilash3/socratic-tutor,dd5aa66a59e47826f135a1dcaa78894cd7470d81,200,1,5,2026-06-28T11:43:13.000Z,2026-06-28T11:50:07.000Z,312b419843ae894f628d4e389abfeee3c84cc835,2026-06-28T11:43:13.000Z,1,200,2,1,RESOLVED,True,0.004791666666666666
CodeDiva42/study-assistant,b564817ecc8a685fe092dc85770935005209017e,200,1,2,2026-07-09T12:36:05.000Z,2026-07-09T12:49:43.000Z,6f8ec3142dfee55284d82fdfeaf4ccab4ce63be5,2026-07-09T12:36:05.000Z,1,200,2,0,RESOLVED,True,0.009467592592592593
Cyfer-ap/AI-Coding-Tutor,1c15bbabaad198bc434fcf05d2d3940a502ff2c8,200,1,2,2025-05-23T10:58:26.000Z,2025-05-23T11:19:04.000Z,1c15bbabaad198bc434fcf05d2d3940a502ff2c8,2025-05-23T11:19:04.000Z,2,200,10,1,RESOLVED,True,0.014328703703703703
DakshSadotra/my-study-assistant,e2e1102977fa92a376d1a566ed495ce6af179c41,200,1,5,2026-04-25T19:20:08.000Z,2026-04-25T19:40:20.000Z,f1d658a4d2acf0f2d6b86960ad4d930a0662d374,2026-04-25T19:27:52.000Z,2,200,2,0,RESOLVED,True,0.014027777777777778
Danny2311/Quiz-Generator,c3594967b10c0c89dbbd3d11b0d18486f9a99008,200,1,16,2026-03-03T15:11:16.000Z,2026-03-03T16:14:24.000Z,35d8bc1588c177e5dd4cc2ca72882b7319e3dcef,2026-03-03T15:16:57.000Z,2,200,2,0,RESOLVED,True,0.04384259259259259
DataRebels/chatbot_language_tutor,60c1642262d20abe69a8c2005d5375fe6c2d2f0c,200,1,22,2024-05-22T03:07:17.000Z,2024-07-07T20:50:17.000Z,ad1c93b15d20dcaab641d543467a872d3f562eed,2024-05-22T03:09:11.000Z,2,200,4,1,RESOLVED,True,46.738194444444446
DataWizard9742/LessonPlanGenerator,23162eb1a7db210f798db2fa5a954057e4a323b3,200,1,4,2023-06-09T05:21:17.000Z,2023-06-09T06:59:44.000Z,37c96ca976d00ed2e5e52d83851fc8dc2505641e,2023-06-09T05:21:40.000Z,2,200,2,0,RESOLVED,True,0.06836805555555556
DeepLearningAI/quiz-generator-v3,b848ebdb7f87b9d08b3a6e323c8fa3b00b615b76,200,1,7,2026-02-23T23:47:30.000Z,2026-03-02T01:08:04.000Z,217abc39de157397a9e05af6578e3c3bda879992,2026-02-23T23:47:30.000Z,1,200,10,2,RESOLVED,True,6.055949074074074
DheerajKausik/RAG_BASED_AI_TEACHING_ASSISTANT,5a8be2657f0b156cdf01ef0103fb17d44739685a,200,1,3,2025-10-10T12:32:02.000Z,2025-10-10T14:06:48.000Z,87d51deb631483a9faaa944158e5d678ae2195a5,2025-10-10T12:32:02.000Z,1,200,2,1,RESOLVED,True,0.06581018518518518
Diid12rt/AITUTOR,4ae29b6cbeab0f35db0a83a13cc9ea81dabfe65e,200,1,7,2025-05-31T02:05:13.000Z,2025-05-31T02:44:00.000Z,aaa521a0e915a459cc5e46bfa5b2a2939f09ef70,2025-05-31T02:05:13.000Z,1,200,3,0,RESOLVED,True,0.02693287037037037
DipakBundheliya/flask_ai_tutor,b9b91cfc31af8bf751d361d624448127892f8df7,200,1,12,2024-06-26T09:19:45.000Z,2024-06-26T11:13:28.000Z,684e77a80ae52a620f58c5f17458e67d5dc444e2,2024-06-26T09:42:15.000Z,2,200,5,2,RESOLVED,True,0.0789699074074074
DoctorHolly/BIO_Tutor_Chatbot,9c19f000e69ef068fff41b86308b9c1b9970e070,200,1,21,2024-12-17T20:27:02.000Z,2025-04-12T17:30:11.000Z,ad6d2ba384ea83a922349e07a94a999674891e5c,2024-12-17T20:28:32.000Z,2,200,2,1,RESOLVED,True,115.8771875
DroolingPanda/teachingAssistant,97938cc5da8630335c522b9ed1ad8497a9044f3a,200,1,160,2025-01-25T22:21:53.000Z,2025-10-06T01:25:09.000Z,cd1309db363a599274b6b2d6f3c05cbe667c8804,2025-01-25T22:40:12.000Z,2,200,7,3,RESOLVED,True,253.12726851851852
Ehtisham-84/Study-Assistant,df1186ba88ed84cc96948cba7d1fe6b40dbc9a6d,200,1,13,2025-11-22T17:05:54.000Z,2025-11-22T17:49:34.000Z,ce30aa809ec2d064f4bb032648b32cafab8e78f1,2025-11-22T17:09:37.000Z,2,200,2,1,RESOLVED,True,0.030324074074074073
Faiz3399/Ai-tutor-assistant,a0b0576248f0a0fdcbad4af0fb2379a6b4786b9a,200,1,4,2025-02-23T15:38:43.000Z,2025-02-24T09:11:24.000Z,77e0b26dc87f401e47fae6088a2856dc82e49082,2025-02-23T15:38:43.000Z,1,200,3,1,RESOLVED,True,0.7310300925925926
Fatma033/Educational-Chatbot,384f0b4b45c915b697de8c45a9b439dc001b478f,200,1,13,2025-10-14T21:35:52.000Z,2025-10-15T11:39:46.000Z,ca6e904e6388d5387ca5a23ea249b647dda970a9,2025-10-14T21:35:52.000Z,1,200,2,1,RESOLVED,True,0.5860416666666667
Felrose/trisem-lesson-plan-generator,5c4b5e7fbb56fee9009752ef29784a3cd18fd184,200,1,75,2026-05-10T04:41:11.000Z,2026-05-22T00:50:28.000Z,2d3d4162a059401d21ec438fb84f6d55c69060df,2026-05-10T04:43:53.000Z,2,200,2,1,RESOLVED,True,11.839780092592592
Felrose/trisem-lesson-plan-generator-ENGLISH-LINK2,5c4b5e7fbb56fee9009752ef29784a3cd18fd184,200,1,75,2026-05-10T04:41:11.000Z,2026-05-22T00:50:28.000Z,2d3d4162a059401d21ec438fb84f6d55c69060df,2026-05-10T04:43:53.000Z,2,200,2,1,RESOLVED,True,11.839780092592592
Gimgaru/finalproject_aitutor,67cd96d0565b05fd053d7d6b04091a17a91bb88d,200,1,17,2026-06-08T12:12:51.000Z,2026-06-08T23:51:37.000Z,c680bf43ebd6be00d8a6a800ab70c74e10a41972,2026-06-08T12:13:42.000Z,2,200,2,1,RESOLVED,True,0.4852546296296296
GoIpKrIsHnA/studyAssistantAI,ca8acf69f5ccb5a836cafe04b1797aca0761d5e4,200,1,2,2026-07-04T05:29:18.000Z,2026-07-04T05:33:18.000Z,ca8acf69f5ccb5a836cafe04b1797aca0761d5e4,2026-07-04T05:33:18.000Z,2,200,3,2,RESOLVED,True,0.002777777777777778
Gungz/quiz-generator-baidu-ernie,1f031479b09f90bce692b494188338db827c92ac,200,1,21,2025-12-23T12:16:42.000Z,2025-12-30T17:52:10.000Z,68a5d757974df016ad4c98f0a96d67d460f29ad5,2025-12-23T12:38:46.000Z,2,200,2,0,RESOLVED,True,7.232962962962963
Hafeezaqsa01/Quiz_generator,af349936cf0251936e19e40d47e1ad62e8fbc167,200,1,4,2026-03-08T17:06:09.000Z,2026-03-10T18:23:27.000Z,b0a147056e2fbdc3d005c998d2b4f5ac55c3a0c3,2026-03-08T17:06:09.000Z,1,200,2,1,RESOLVED,True,2.0536805555555557
Hafsah-Fatima/Programming_Tutor_Chatbot,edb788ec4bcb0db3f54fac085f7fadba5babf7de,200,1,38,2025-12-24T08:14:49.000Z,2025-12-25T15:49:29.000Z,9f88b6b1154a9d7f310802713eebdb1d34c32125,2025-12-24T08:16:35.000Z,2,200,3,1,RESOLVED,True,1.3157407407407407
Hafsah-Fatima/Programming_Tutor_Chatbot_0.2,207f72686ba9d2a2c933b9d1c6618123309cd112,200,1,39,2025-12-24T17:16:29.000Z,2025-12-25T19:05:06.000Z,d50502bbeca570b1e4334a0673bb06329a393105,2025-12-24T17:20:26.000Z,2,200,3,0,RESOLVED,True,1.0754282407407407
Hardik2704/Teaching_Assistant,f90b8f7d97ff37ed1cc73c27f4a8791f7b299efb,200,1,11,2024-12-13T10:34:39.000Z,2024-12-18T05:34:25.000Z,6d32081ca2e77679ad07b938b689eca12f1d4c5c,2024-12-13T10:35:00.000Z,2,200,2,1,RESOLVED,True,4.79150462962963
Hareesh221/30-day-course-generator,88efe1046aaf1f96a2d4d0c714146b0f5c462235,200,1,3,2025-12-04T07:57:08.000Z,2025-12-04T07:59:52.000Z,68ffc072eb27032da97c2726a0829d76024098b7,2025-12-04T07:58:50.000Z,2,200,2,1,RESOLVED,True,0.0018981481481481482
Harika06/AI_TUTOR,823c5b21406fd72637027af536a417009ca1e5be,200,1,5,2026-07-03T09:33:37.000Z,2026-07-03T09:40:10.000Z,655678be1e79d27fb615727bdd7f535d59bd3a1d,2026-07-03T09:35:20.000Z,2,200,2,0,RESOLVED,True,0.004548611111111111
Hariprasaadh/QuizGenerator,e750d1e615b476d44e831d5f6a4a82d0a0a7f635,200,1,3,2024-12-23T08:44:03.000Z,2024-12-23T08:47:20.000Z,e291fcf23e9c01d5c928f4a89ce3d946f3fcbfe2,2024-12-23T08:46:32.000Z,2,200,2,0,RESOLVED,True,0.0022800925925925927
HarryPotter1o1/Study_Assistant,2cf2159b1329e3255b180643ca46efe616b30dab,200,1,7,2025-07-30T11:45:41.000Z,2025-07-30T12:02:25.000Z,86f8c7089c4aeb37a123efa55c62413f794cb583,2025-07-30T11:46:11.000Z,2,200,2,1,RESOLVED,True,0.011620370370370371
Harsha855/StudyAssistant,6ec458afc73eb435f19eaa917d38bc580851bba9,200,1,4,2026-02-27T06:13:49.000Z,2026-02-27T06:38:35.000Z,713ac79b4ba77ac82c5ca1cc2621892049774290,2026-02-27T06:21:41.000Z,2,200,3,2,RESOLVED,True,0.017199074074074075
HemanthRaj/Socratic-AI-Tutor-Model,ede565a4ab8b516e632478b15149b15a48e358ff,200,1,7,2025-06-30T13:39:16.000Z,2025-06-30T15:44:19.000Z,b56053e296e08d1ac0347c67447a67572af21491,2025-06-30T13:48:17.000Z,2,200,9,2,RESOLVED,True,0.08684027777777778
HemanthRaj/socratic-tutor-embedder,ec97095f48cd2615023deea19c656cb3388c7e52,200,1,6,2025-07-13T16:59:10.000Z,2025-07-13T17:35:11.000Z,feff02f80cca13167a9bd3d3cee4629920f3cbff,2025-07-13T17:00:57.000Z,2,200,3,1,RESOLVED,True,0.025011574074074075
HumeraAI/lesson-plan-generator,59af7945c040d7e957c675056ebb4c9f4fada196,200,1,3,2026-05-04T05:50:29.000Z,2026-05-04T05:52:55.000Z,6fa73dc42ff779b8fb52f0aebf5d2f6cb1a6a626,2026-05-04T05:51:59.000Z,2,200,2,1,RESOLVED,True,0.0016898148148148148
HumeraAI/quiz-generator-from-PDF,c6454e934d2535a0f3780f60b43b1b28109ce534,200,1,19,2026-04-16T06:29:43.000Z,2026-04-20T02:56:49.000Z,ef6a78b224836b127d98a18b37607e783c944a63,2026-04-16T06:30:40.000Z,2,200,2,1,RESOLVED,True,3.852152777777778
Imsachinsingh00/education_chatbot,6d313cf846c20f95388fc26584881f4ce4169b08,200,1,17,2025-05-21T11:44:50.000Z,2025-05-21T17:35:53.000Z,6ddeb4ac76f07232f02bca31ca69e9c13994a856,2025-05-21T11:44:50.000Z,1,200,2,0,RESOLVED,True,0.24378472222222222
JPPD/Tutor-fisica-abp-chatbot,afeaf267a7b43e43aee4a902cb2ea3bab85ea07a,200,1,31,2025-04-16T04:32:06.000Z,2025-04-16T06:40:53.000Z,a9681127e76cf18d95d7799d962ab9351dded4e4,2025-04-16T04:51:11.000Z,4,200,2,1,RESOLVED,True,0.08943287037037037
Jainish210705/Quiz_Generator,993e2f705fd3995bbf1eb5276f4871dce62f6755,200,1,17,2025-09-21T08:33:31.000Z,2025-09-27T12:12:13.000Z,1aee94d411ac2bcb6a8e51ea4cacbf4127e3a011,2025-09-21T08:34:47.000Z,2,200,3,1,RESOLVED,True,6.151875
Janakimeena/RAG-Base-Educational-Chatbot,fefb0d34d412eb28e13e76f96e7c74ca963a3ffa,200,1,5,2026-05-12T09:19:32.000Z,2026-05-12T09:48:59.000Z,eca8311c023206ed3d02c6ccc2af16918ed64a04,2026-05-12T09:33:03.000Z,2,200,6,3,RESOLVED,True,0.02045138888888889
Jangasathwika/ai.tutor,80aaa1f53b77cb9ae74a238de3edd0252f1ec679,200,1,4,2026-07-08T08:39:43.000Z,2026-07-08T08:52:54.000Z,d647fee522f93007884ca8ee74989846ddd7d45a,2026-07-08T08:39:43.000Z,1,200,3,0,RESOLVED,True,0.009155092592592593
Jangasathwika/aitutor,8b2d0b2cdfb036c88aaed42f3ca2f52f40778a3e,200,1,3,2026-07-09T09:10:52.000Z,2026-07-09T09:15:08.000Z,df5c48b71fc3845f865b58cfb7819d92a659a84e,2026-07-09T09:10:52.000Z,1,200,2,0,RESOLVED,True,0.002962962962962963
Jayadityasahu/my-study-assistant,2d1ce5a7d4041ec74fc57c9265c80b1bd29b6b3e,200,1,4,2026-08-29T08:58:54.000Z,2026-08-29T09:06:26.000Z,8320b1eea0974addf8d6eb88c56810ea04831df5,2026-08-29T09:03:15.000Z,2,200,3,2,RESOLVED,True,0.005231481481481481
Josebert/JR_Quiz_Generator,3d371148f5f7bb214957bbbc814cce9b16f0bcf4,200,1,25,2025-02-16T18:09:35.000Z,2025-02-22T15:12:25.000Z,2eb6cd8fdad80e3769d734d807e5e549f51e01ad,2025-02-20T01:24:03.000Z,2,200,2,1,RESOLVED,True,5.876967592592592
JulsdL/AI-Notebook-Tutor,9dbcde068786dd52e4c4ce8585bda5472741909e,200,1,24,2024-05-12T13:07:48.000Z,2024-05-16T22:29:43.000Z,14c0e588573989c1bb003fd47af37e0eda276fb4,2024-05-13T08:59:22.000Z,2,200,3,1,RESOLVED,True,4.390219907407407
Junaidblr/lesson-plan-generator,59af7945c040d7e957c675056ebb4c9f4fada196,200,1,3,2026-05-04T05:50:29.000Z,2026-05-04T05:52:55.000Z,6fa73dc42ff779b8fb52f0aebf5d2f6cb1a6a626,2026-05-04T05:51:59.000Z,2,200,2,1,RESOLVED,True,0.0016898148148148148
KSaiManikanta/Ai_Data-Science_Tutor,1d884e420436fc3dded6f8f08b7bcf60fe0e9a67,200,1,9,2025-03-19T04:38:10.000Z,2025-03-19T05:42:24.000Z,d53bb22144585d0fb96cf780dd77d98a6b0ba4d2,2025-03-19T04:39:16.000Z,2,200,2,0,RESOLVED,True,0.04460648148148148
KaifKohari/ai-math-tutor,ad5a4255ccf296ddc99d8efdd655845b7c9c8fd6,200,1,12,2025-02-28T19:38:49.000Z,2025-03-10T12:23:41.000Z,ab432812d1d70cf0687604a6a4aa8bb616ee68ff,2025-02-28T19:57:33.000Z,2,200,3,1,RESOLVED,True,9.697824074074074
Kanharamgurjar/Study_assistant_model,40fac235b868c8d8f07ca6a5d583ab5f19ee8f00,200,1,8,2026-08-24T03:49:00.000Z,2026-08-24T04:16:38.000Z,55cb8334a40375f5a190e8c0cede44761b640dfe,2026-08-24T03:49:00.000Z,1,200,2,0,RESOLVED,True,0.019189814814814816
Karishma-19/AI-Tutor,7e698cd298d975a393c2d7ac3a41a3ca0d4443a4,200,1,8,2026-07-02T05:30:11.000Z,2026-07-06T06:11:48.000Z,c8d894f5d0b97bf94ba0c3200178d0dad71cd7e4,2026-07-02T05:35:42.000Z,2,200,2,0,RESOLVED,True,4.028900462962963
KashTheDev123/Accounting-Tutor-AI,4e34567d62953d08f7f62aeaaa6802180f803e7d,200,1,4,2026-03-02T18:22:37.000Z,2026-03-02T18:36:21.000Z,9bb7e015fab980ad051057380b3a802c4282b9a7,2026-03-02T18:22:37.000Z,1,200,2,1,RESOLVED,True,0.009537037037037037
KashishM/study_assistant,929356b88b23c04563f30e311dc2d9578151978d,200,1,62,2025-11-20T06:03:04.000Z,2026-07-26T16:18:08.000Z,d0270b403e6f155529ac63e96eb06966543c9626,2025-11-20T06:35:45.000Z,2,200,9,1,RESOLVED,True,248.42712962962963
Kaveri2109/rag-teaching-assistant,902e674c989a595c8464bc5d33db94609a13933b,200,1,7,2026-03-28T04:20:29.000Z,2026-03-31T04:21:36.000Z,0e7045cf72389d7543dcc4711bc26c5bef80f4c3,2026-03-28T04:20:29.000Z,1,200,2,1,RESOLVED,True,3.000775462962963
Kavya-Thakar/ai-teaching-assistant-v2,7fd5493972a9a7050f25e81785dbb438309b69d8,200,1,36,2026-05-27T10:31:29.000Z,2026-05-29T12:47:26.000Z,af38d44f0f35584685ff0f0d84250bd93940c320,2026-05-27T10:31:29.000Z,1,200,3,0,RESOLVED,True,2.094409722222222
Keerthana96/bridge_course_generator,3f658934cb6182da36380e6b9889162bbd3afcb9,200,1,4,2026-02-24T09:06:04.000Z,2026-02-24T09:14:57.000Z,32ffd41032da5b56b80b3efbc35763b11eea0665,2026-02-24T09:06:50.000Z,2,200,2,1,RESOLVED,True,0.006168981481481482
Khanmx99/Pak-Angels-AI-Tutor,785b4e273b939eab06e2e5685f80916ffbaeccbb,200,1,5,2026-07-11T06:54:12.000Z,2026-07-11T08:16:31.000Z,cebd780c2f666a1a5ebc138160db755ecf4e143d,2026-07-11T07:46:16.000Z,2,200,8,5,RESOLVED,True,0.057164351851851855
KhansaAQureshi/AI_Tutor,d0a25cd9b3f7db4c1865336e687e59588754a8cb,200,1,3,2025-02-13T19:28:39.000Z,2025-02-13T19:33:11.000Z,eda1b4fe6690bcfb602c1b55a838a7bbbd080b66,2025-02-13T19:31:53.000Z,2,200,2,1,RESOLVED,True,0.003148148148148148
Krishna-108/study-assistant,337108269a9f9141ba7ef5b99eb1800f7b2d9e7b,200,1,2,2026-07-27T14:44:09.000Z,2026-07-27T16:17:26.000Z,337108269a9f9141ba7ef5b99eb1800f7b2d9e7b,2026-07-27T16:17:26.000Z,2,200,3,2,RESOLVED,True,0.0647800925925926
Krishnajha18/StudyAssistant,efaea77d7f1bca0365da082f6bd75cd850e3bd4b,200,1,4,2026-07-31T10:24:34.000Z,2026-07-31T10:28:12.000Z,b3f3f0c6f2470d79becaa6cafee8c3f006a7170e,2026-07-31T10:24:34.000Z,1,200,2,0,RESOLVED,True,0.002523148148148148
KunalGupta1212/Quiz-generator,d3fdefb3b944a02dd74a361c6fae5016870bb36b,200,1,11,2025-08-16T17:37:10.000Z,2025-08-16T18:04:12.000Z,7462e5c276efc8e007aa19cc415f7b79248fb326,2025-08-16T17:38:19.000Z,2,200,2,1,RESOLVED,True,0.018773148148148146
LSATAdaptiveTutor/chatbot_tutor,2d8c4137eef64ea56c19213348d93f23dc1c8ff4,200,1,31,2025-04-08T23:38:42.000Z,2025-04-25T18:04:46.000Z,b66710c4b42643e46efdfdf9205bdf33072cebe1,2025-04-08T23:39:28.000Z,2,200,2,1,RESOLVED,True,16.768101851851853
Lesterchia1/FPOC2_AI-Tutor_Chatbot,57497387a6d087a9113685053b5c9991cd69e029,200,1,108,2025-04-09T03:42:27.000Z,2025-11-23T04:37:06.000Z,0ff6f8a4a38cc112472f32fed39032dbc39eef22,2025-04-09T03:55:26.000Z,2,200,3,5,RESOLVED,True,228.0379513888889
Lipely/FYP-lesson-plan-generator,671ecfe8d2f93d61e28ccff829af400693abe96b,200,1,77,2026-04-14T17:01:05.000Z,2026-08-24T16:06:01.000Z,a244767ade18cfc3722a815ac3bdba85b4ad510f,2026-04-14T17:01:05.000Z,1,200,3,0,RESOLVED,True,131.96175925925925
LoveJesus/biblical-language-tutor-chirho,83f56b9a7dbcbf4e659eabf45b21d93683caa785,200,1,3,2026-02-14T12:28:32.000Z,2026-02-14T12:28:33.000Z,83f56b9a7dbcbf4e659eabf45b21d93683caa785,2026-02-14T12:28:33.000Z,2,200,3,2,RESOLVED,True,1.1574074074074073e-05
MMustafa313/RAG_Study_Assistant,58788dd4b37f5ab2a3c335078e1d788f953d4794,200,1,8,2025-07-14T02:42:58.000Z,2025-07-14T03:53:58.000Z,7206876446533a1c5bafc97f9f9dfd75ea0869d8,2025-07-14T02:43:30.000Z,2,200,2,1,RESOLVED,True,0.049305555555555554
MOrgan27/AI-study-assistant,9cf671a168f4d31c2c137bcbf9464101ad25e19f,200,1,12,2025-05-17T19:34:48.000Z,2025-05-17T20:00:51.000Z,7fe23d6dd9c6f64ed0abe9986ec91a641b466a7c,2025-05-17T19:44:09.000Z,3,200,2,1,RESOLVED,True,0.018090277777777778
Madni2025/MDCAT-AI-TUTOR,ee1cefb373a0c4d032579fe467dad7ad17a5b7a9,200,1,12,2026-06-19T17:11:31.000Z,2026-06-20T17:39:47.000Z,04577391896906a47d64f11adb671254ddd2b5da,2026-06-19T17:14:11.000Z,2,200,2,1,RESOLVED,True,1.0196296296296297
Madni2025/MDCAT_AI_TUTOR,5ff32338743550685cc5191145c992262ffc614b,200,1,64,2026-06-21T17:21:41.000Z,2026-07-05T07:00:45.000Z,edd115cd7ffaee928dc4767f9b7ac5ef8609026b,2026-06-21T17:23:46.000Z,2,200,2,1,RESOLVED,True,13.568796296296297
ManarMagdy6/Professional-Quiz-Generator,61dbb271358d027e7845c8568ccb21c7dbe9196f,200,1,21,2026-03-23T10:01:43.000Z,2026-03-26T14:26:34.000Z,bdf7808953f98c137dac77ce6b31d50ab5af61fe,2026-03-23T10:04:37.000Z,2,200,2,0,RESOLVED,True,3.183923611111111
Mani-krishna/StudyAssistant,196c4c297c7ce25315377ceb1e2519ee8635491a,200,1,2,2026-07-12T16:07:07.000Z,2026-07-12T16:09:35.000Z,e6f9f4081660743f83c807006791799bac74f325,2026-07-12T16:07:07.000Z,1,200,2,0,RESOLVED,True,0.001712962962962963
Manikanta2793/my-study-assistant,faa38f10168490115b2d890f08a4a551afd871d8,200,1,4,2026-04-20T06:29:16.000Z,2026-04-20T06:37:51.000Z,faa38f10168490115b2d890f08a4a551afd871d8,2026-04-20T06:37:51.000Z,4,200,3,1,RESOLVED,True,0.005960648148148148
Maram-almasary/AI_Study_Assistant,f20805d64f0b55f7b240af38394225fa0615be60,200,1,16,2025-02-26T18:31:39.000Z,2025-02-27T08:06:26.000Z,17e4cef44f68c85c09bb6c7f18c3b4ee490ce82f,2025-02-26T18:32:47.000Z,2,200,2,1,RESOLVED,True,0.5658217592592593
Masterlew/math-tutor-chatbot,75c0f32f9624c2fcd78f83ba1ef190edcdf048c0,200,1,37,2026-02-03T12:01:11.000Z,2026-02-11T15:26:08.000Z,dfaa963965ae2ae69374905b540ffcaa45ad6812,2026-02-03T12:37:52.000Z,2,200,5,1,RESOLVED,True,8.14232638888889
MeetThakkar/quiz-generator,cee567f53cec7c6fd3314f658983507f496ec72c,200,1,3,2026-01-16T05:44:37.000Z,2026-01-16T05:49:46.000Z,98439e2e737835a0d2015ff936948c8caf9efd18,2026-01-16T05:45:26.000Z,2,200,2,1,RESOLVED,True,0.003576388888888889
Megana10/ai_study_assistant,11ecc77d27940c3fd8030264f4b5a3d78578dc1a,200,1,2,2026-02-25T06:45:42.000Z,2026-02-25T06:53:06.000Z,11ecc77d27940c3fd8030264f4b5a3d78578dc1a,2026-02-25T06:53:06.000Z,2,200,3,2,RESOLVED,True,0.005138888888888889
Mehak0711/AI_TUTOR,de050778e9c02cd2f76b38564cde91f6e89a19e6,200,1,6,2026-07-02T09:25:02.000Z,2026-07-02T09:43:24.000Z,0bbfe3b23f3e9f6ef2aa23a97c8d824f13c3312c,2026-07-02T09:25:02.000Z,1,200,2,1,RESOLVED,True,0.01275462962962963
Mehrann123/AI-tutor,8c35256a4436dfed78822e3414f4f606f5614bd5,200,1,5,2024-12-10T08:54:16.000Z,2024-12-10T08:56:59.000Z,2acd20a18a5469d75a9c831e8aed42405e60abae,2024-12-10T08:55:08.000Z,2,200,2,0,RESOLVED,True,0.0018865740740740742
Mehrann123/MMB-Quiz-Generator,b1937996f278aa1f8ac4955ed1f6e3d732a821b3,200,1,6,2026-08-19T18:59:10.000Z,2026-08-19T19:20:09.000Z,fd45da7874411f347e668354a1246def0ec51b87,2026-08-19T19:04:16.000Z,2,200,2,1,RESOLVED,True,0.01457175925925926
MohammadYaseen/personalized-study-assistant-chatbot,43d4e9dd2a4d30cc4ec3a0293681e95d5cef72d5,200,1,3,2024-11-16T02:58:10.000Z,2024-11-16T03:01:06.000Z,0377ea6ba2bad759df387a291c68dbfe3fb5ebd0,2024-11-16T02:58:54.000Z,2,200,2,1,RESOLVED,True,0.002037037037037037
Mohd-Dilshan/ai-quiz-generator,9d45c6f974fc207f13437ea76176348382f9e698,200,1,5,2026-03-13T14:29:34.000Z,2026-03-13T15:02:28.000Z,a70ef985338f93d1ce87a48489dceb5f96a122be,2026-03-13T14:34:24.000Z,2,200,5,2,RESOLVED,True,0.022847222222222224
Mohit99Chand/EducationalAIChatbot,43317b5fccc4125c2d7772090421db6d337ba1bf,200,1,3,2024-01-26T18:55:26.000Z,2024-01-27T07:27:34.000Z,5873e1e63be2bd6ca343b849759c57869625bf8f,2024-01-26T22:48:57.000Z,2,200,2,1,RESOLVED,True,0.5223148148148148
Mohitha/Conversational_AI_Data_Science_Tutor,fb260a0648f4ec12d22f218f2e0fe5da4c893737,200,1,12,2025-03-09T16:57:10.000Z,2025-03-09T17:28:36.000Z,aee2bf481604b11c765632544758141e9209943f,2025-03-09T16:57:55.000Z,2,200,2,0,RESOLVED,True,0.021828703703703704
Moon33/linda-quiz-generator,298c13b1eaf7d9d734f210f3eeb025a5e1e87240,200,1,15,2025-06-10T12:43:34.000Z,2025-06-10T14:03:29.000Z,9b364f57ba7847f51d4c2ad3c37e89eaaa803992,2025-06-10T12:43:34.000Z,1,200,3,0,RESOLVED,True,0.055497685185185185
Mpavan45/Ai_Data-Science_Tutor,25184619a5ff46d1f4df9c176b3a39f8d305a940,200,1,32,2025-03-14T13:10:44.000Z,2025-03-14T17:44:55.000Z,09b69a330a42ecfdb5b14503971f7dba6f283b06,2025-03-14T13:12:23.000Z,2,200,2,1,RESOLVED,True,0.19040509259259258
MrSimple01/QuizGenerator,207315901d454d06aa70c12d546f0e8026f72990,200,1,27,2025-03-15T19:10:37.000Z,2025-04-08T09:21:22.000Z,b29c0f7881cde74a9c627f5f3245edab158bbfb3,2025-03-15T19:10:53.000Z,2,200,2,1,RESOLVED,True,23.59079861111111
Mujahid1122/AI-Based-Quiz-Generator,989fa1a1406494bea3e7e1b3b2966b030d20b8ea,200,1,21,2024-11-09T09:44:23.000Z,2024-11-09T11:20:21.000Z,f8c7b743c5d676c0a4bea8b4c7775ed0853d3dc5,2024-11-09T09:45:17.000Z,2,200,2,1,RESOLVED,True,0.06664351851851852
Murtaza249/Text_to_Quiz_Generator,258745fa070a643429a1dd39dfe996771aa03579,200,1,13,2025-04-21T17:10:17.000Z,2025-04-21T18:08:01.000Z,4104208a0ca523d648cce0ebef1fe7ed21aea168,2025-04-21T17:13:10.000Z,2,200,2,1,RESOLVED,True,0.04009259259259259
N-Mothish/personalized-study-assistant,db4c88f05400f00b7a3ce5b2010e398ff985e93c,200,1,36,2025-04-16T11:56:49.000Z,2025-04-18T17:16:10.000Z,bcb51109b5c1863d3e2cd682769e60dc0c9abb6c,2025-04-16T11:57:36.000Z,2,200,2,0,RESOLVED,True,2.2217708333333333
NIKHITHA913/aitutor,37d0ae107f6fe3fc1dee4224075761fb895cf346,200,1,4,2026-07-03T09:46:38.000Z,2026-07-03T09:48:50.000Z,99efbf3a151ed343080f2b6694701e11fb7a4967,2026-07-03T09:46:38.000Z,1,200,2,1,RESOLVED,True,0.0015277777777777779
NavenTheRaven/Quiz_Generator,26eeb69b01fdf59975bbe7d0bac3d8e8b9b57455,200,1,4,2026-03-16T01:11:53.000Z,2026-03-16T01:16:53.000Z,f439effdb97064b0de176236d9b1427f15c46374,2026-03-16T01:12:58.000Z,2,200,2,1,RESOLVED,True,0.003472222222222222
Nijanth/teaching-assistant-backend,569849055e112248a3260a1caf1330e2f3d84d04,200,1,11,2026-04-08T15:18:28.000Z,2026-04-15T05:37:13.000Z,4df825a7aad7f342e32dba08041d1ec83a7ece2e,2026-04-08T15:33:05.000Z,2,200,10,1,RESOLVED,True,6.596354166666667
Nishanthan02/quiz-generator,5286a2471cef43ac65e5bb78e70bc4a39add9f56,200,1,19,2025-11-28T06:03:58.000Z,2026-08-07T16:09:12.000Z,7ff72010c968f3545bd0fb6c3d4ec0fa1565dd7b,2025-11-28T06:12:55.000Z,2,200,2,0,RESOLVED,True,252.42030092592591
Nitinane/StudyAssistant,0efb34dde93c550b2e1417c31d3a748c8b7f27cd,200,1,3,2026-02-24T06:37:28.000Z,2026-02-24T06:50:05.000Z,87f862837a9fde55720f1e904498c4a034288462,2026-02-24T06:42:49.000Z,2,200,3,2,RESOLVED,True,0.008761574074074074
Nullpointer-KK/ai-tutor-chatbot_KK,ad366ddb55650432b989d18924f61aed45840fa1,200,1,23,2025-01-30T18:58:20.000Z,2025-08-30T12:25:26.000Z,5ddcfe572f80394c5559eec4c959a3c176a91c6f,2025-01-30T18:58:20.000Z,1,200,9,11,RESOLVED,True,211.72715277777777
One2SkipAfew/tutormina-ai,440c3f55ac6e1a7ab889159ece30f99a15935679,200,1,10,2026-07-20T18:00:27.000Z,2026-08-30T09:59:35.000Z,bf8ae7eb04ed8c9fa8c93d1f99ad82dcf9474fff,2026-07-26T21:39:10.000Z,2,200,3,3,RESOLVED,True,40.66606481481482
Pavan-Kumar23/quiz-generator,0ec8e7cd772ae23b296625f96df0e3c150aa1c66,200,1,4,2026-06-28T09:06:03.000Z,2026-06-28T10:20:31.000Z,3e3f813b400acf7a32f479b96d4de464f03f66f8,2026-06-28T10:11:07.000Z,2,200,9,3,RESOLVED,True,0.05171296296296296
Phoenix3274/AI-Quiz-Generator,6f7197180554eefd52a524ded6184da6539320c4,200,1,18,2025-10-12T07:45:13.000Z,2025-10-12T08:29:02.000Z,9b30bbd78bda08e1e385f771a70073264ba949de,2025-10-12T07:45:13.000Z,1,200,3,0,RESOLVED,True,0.030428240740740742
Pooja1218/ai-quiz-generator,f8636ec1c0c3a343894d4abb55dbf812b2372725,200,1,24,2025-05-02T05:22:25.000Z,2025-05-02T09:51:59.000Z,e07f8a1f5cbb4c7aa998b5192c6a5717f8b1b270,2025-05-02T05:26:13.000Z,2,200,4,2,RESOLVED,True,0.18719907407407407
Prak2005/AI-Powered-Personal-Study-Assistant,d722215114423beec8ec781a196cbeee4f2d5976,200,1,8,2025-03-01T18:37:37.000Z,2025-03-01T19:08:04.000Z,87982eddd299e15f32954d20f055b5750799cd51,2025-03-01T18:39:08.000Z,2,200,2,0,RESOLVED,True,0.021145833333333332
Pranshuu/educational-chatbot,3e37970285da1d5bf760a4c8c4bc8d094aa414bf,200,1,12,2025-04-28T16:58:39.000Z,2025-04-28T20:35:33.000Z,bd107a6c35e73f3ff70fc274cca179507df8addc,2025-04-28T17:12:18.000Z,2,200,2,0,RESOLVED,True,0.150625
Pratap1928/AI_Teaching_Assistant,4c7580e485871f2f2e4a6e7216bb9dc238217f3f,200,1,20,2024-11-19T17:01:58.000Z,2024-11-19T21:52:45.000Z,f40c0c1acfdc535e8bd059d3dbc64d4936088a85,2024-11-19T17:02:39.000Z,2,200,2,0,RESOLVED,True,0.20193287037037036
Premsp2005/StudyAssistant,474d88f19bb0e133153e5b59b91d80b12b0b5025,200,1,15,2026-08-01T08:01:05.000Z,2026-08-01T11:26:04.000Z,44b0f31669473cb5390a27cbd712316bf9b9e542,2026-08-01T10:08:21.000Z,2,200,2,1,RESOLVED,True,0.14234953703703704
RAHYDV/teaching-assistant,f24d87c9e3a891a5bb07344f6cdfec6ee6cc3b36,200,1,4,2024-11-20T10:44:37.000Z,2024-11-20T12:15:31.000Z,38e8c87eab7518b89467d277ee09d48d40df4d73,2024-11-20T10:45:16.000Z,2,200,2,1,RESOLVED,True,0.063125
RAJKUMAR2504/AI-Study-Assistant,867fb972407964f6830864950008d2a6b0adfdb1,200,1,22,2026-08-20T18:24:58.000Z,2026-08-20T19:31:38.000Z,60650080542d9d033b42610ce4afcccdd44b42fa,2026-08-20T18:29:11.000Z,2,200,2,0,RESOLVED,True,0.046296296296296294
RabiaAbsar/genai-tutor-chatbot,e5a994a662de700c4e13912a074a2302ba435dc7,200,1,20,2026-06-23T02:26:24.000Z,2026-06-23T05:29:55.000Z,2a06224499a87dc9ec9461e22fc9e2b67f197421,2026-06-23T02:38:09.000Z,3,200,2,1,RESOLVED,True,0.12744212962962964
Rahul2298/QuizGenerator,e904b43d428a6fc0787edc41c95daab55c453ccb,200,1,4,2025-09-05T13:57:44.000Z,2025-09-05T14:01:33.000Z,e7075d854ed4c6c6b6c35fb198d645b5d8fc6178,2025-09-05T13:57:44.000Z,1,200,3,0,RESOLVED,True,0.002650462962962963
Raja02424/education-chatbot,209f88c5fcd27c927e2ade7675f3d17eeafe133c,200,1,7,2026-04-30T11:22:57.000Z,2026-04-30T11:37:46.000Z,92e3e87a367a8615afc2d811603568c20f70c96d,2026-04-30T11:25:39.000Z,2,200,2,1,RESOLVED,True,0.010289351851851852
Rajeev0102/StudyAssistant,2a011459ab95e79045cadff26ed18aa17e107d91,200,1,4,2026-08-23T18:50:04.000Z,2026-08-23T19:37:50.000Z,1dd72bb241eafda38dc2b8448e74f3016513e6ca,2026-08-23T18:57:50.000Z,2,200,3,2,RESOLVED,True,0.033171296296296296
Rajesh20/AI_Tutor,869d6824f72f57bd5e3e9a6f939f29d1c3dcfaec,200,1,4,2025-03-10T10:21:41.000Z,2025-03-10T10:23:22.000Z,83829b100a7141c8ada8e3e1759765a438ef9d26,2025-03-10T10:22:30.000Z,2,200,2,1,RESOLVED,True,0.0011689814814814816
Ram05saran/ai-language-tutor,fa1ba9066f1c764316b1f32d1c25be7be208c60b,200,1,6,2025-09-22T17:17:52.000Z,2025-09-22T17:29:54.000Z,2dc26376eedafb1acca6bbc64a02978ed16cc470,2025-09-22T17:18:19.000Z,2,200,2,1,RESOLVED,True,0.008356481481481482
Ramya8637/quiz-generator,d1c56e23f350514e3400c6702a9f29949bebaf4f,200,1,3,2025-09-21T09:54:41.000Z,2025-09-21T09:56:34.000Z,6e9c03c8b1ada1d52d1839dfd9a7ccc8ac2bb90a,2025-09-21T09:55:41.000Z,2,200,2,1,RESOLVED,True,0.0013078703703703703
RamyaKammari/jee_ai_tutor,74f7340c5ef27381ff21f62540d95bd213c96a6e,200,1,7,2024-07-09T20:52:10.000Z,2024-07-09T21:28:38.000Z,e2edd9030a9fb410fc14fbcdb785ad0df8791199,2024-07-09T21:08:32.000Z,2,200,7,2,RESOLVED,True,0.025324074074074075
Rashpinder/RAG-based-Agentic-AI-tutor,37815ce72f51db71e0db7926604fae6d1bbb916e,200,1,37,2026-01-13T09:03:50.000Z,2026-01-13T14:03:18.000Z,db3b226b4e445b6971f74053900c410497f232d5,2026-01-13T09:03:50.000Z,1,200,8,1,RESOLVED,True,0.20796296296296296
RayaRam11/Study-assistant,e2f317baa22a520da4208dcb23b0d4e4164b893d,200,1,3,2026-07-13T01:42:36.000Z,2026-07-13T01:49:37.000Z,d8ec0f60d077b461ca1046b6f7aa6ac35c9fa4b5,2026-07-13T01:42:36.000Z,1,200,2,0,RESOLVED,True,0.004872685185185185
Rayi-ss/AI-Powered-Study-Assistant,0ccf0f4dee010eac51d395c53d54c222c71ae4a5,200,1,7,2025-10-27T11:41:09.000Z,2025-10-28T10:21:05.000Z,b15a6dfea7199ac475007f51210240a82cc37bef,2025-10-27T11:43:47.000Z,2,200,2,1,RESOLVED,True,0.9443981481481482
Razzaqi3143/Engineering_Quiz_Generator,fb42cdb8defe0579ded9fb21cdf295c0e41cc446,200,1,5,2024-11-10T04:51:09.000Z,2024-11-10T05:07:35.000Z,ac774985c09be081fd945a8c7214cd1d084d6493,2024-11-10T04:52:05.000Z,2,200,2,1,RESOLVED,True,0.011412037037037037
Rishabh12j/AI_Powered_Teaching_Assistant,c49a23fa9aad7cae8139ad362feb004fc491fd52,200,1,55,2024-04-27T03:34:53.000Z,2024-05-15T08:01:30.000Z,9c6536f8a830d55956dd4d2b5d738999d6c6c398,2024-04-27T03:35:47.000Z,2,200,2,1,RESOLVED,True,18.185150462962962
Rishabh12j/Teaching_Assistant_AI,f454ff59549ddfda2ad24e668c4ca7ce4379fe1c,200,1,16,2024-09-28T10:11:04.000Z,2024-09-29T02:40:01.000Z,14dd2583fa8e242345f23e8480f6ea76fcde6089,2024-09-28T10:11:39.000Z,2,200,2,1,RESOLVED,True,0.6867708333333333
Riya00/quiz_generator,53447f4b69bc778215eb1464c78d5e319354bd8e,200,1,7,2025-08-16T19:41:53.000Z,2025-08-16T20:13:15.000Z,57e6e878797c3e04bf90d6a1bdcb1e5d319a4a28,2025-08-16T19:48:01.000Z,2,200,2,0,RESOLVED,True,0.021782407407407407
Rohit8827/StudyAssistant,f7a5535d26c5bef179ae91e77ebdc3e480eaae9c,200,1,2,2026-06-13T12:26:41.000Z,2026-06-13T12:40:41.000Z,f7a5535d26c5bef179ae91e77ebdc3e480eaae9c,2026-06-13T12:40:41.000Z,2,200,3,2,RESOLVED,True,0.009722222222222222
Rosh-2/physics_tutor_chatbot,086884648e695aec60fc192aa85848dc08e880bd,200,1,12,2025-05-23T14:59:21.000Z,2025-05-24T09:46:59.000Z,2e86b79517352c6fb722056d352128e0afdc26e6,2025-05-23T15:02:29.000Z,2,200,3,2,RESOLVED,True,0.7830787037037037
Rupesx007/quiz_generator,b69329e22f8456be6526971e8af35db92f3de999,200,1,4,2025-03-03T23:33:39.000Z,2025-03-03T23:40:21.000Z,7936e2f46cc6c26b6ac6b06f06010fe70da128e1,2025-03-03T23:34:11.000Z,2,200,2,1,RESOLVED,True,0.004652777777777777
Rushi420/StudyAssistant,62b4b608208cd0ee429205063c6c821365f8fcc2,200,1,3,2026-08-29T12:46:56.000Z,2026-08-29T12:55:45.000Z,c97394d4f5f0ac8f729647d15e3496477f4e6ca7,2026-08-29T12:52:33.000Z,2,200,3,2,RESOLVED,True,0.006122685185185185
SBDeploy/Study_Assistant,edc833ca09c6a846faa6f84da6f70ead30d94749,200,1,2,2025-11-26T11:38:15.000Z,2025-11-26T11:38:19.000Z,edc833ca09c6a846faa6f84da6f70ead30d94749,2025-11-26T11:38:19.000Z,2,200,4,2,RESOLVED,True,4.6296296296296294e-05
SH1VAM-2027/studyAssistant,b572d305244b8d407b9f06dd9d846222b3b9b75e,200,1,8,2026-07-15T07:57:18.000Z,2026-07-15T08:26:05.000Z,5ad2bfc64fda0a14ff55069da6535ed47c7c253e,2026-07-15T07:59:27.000Z,2,200,3,2,RESOLVED,True,0.019988425925925927
SaanviWatrana/saanvi-ai-study-tutor,2594f9c2e4d69921265a027159bd017540224d06,200,1,15,2026-08-17T17:09:55.000Z,2026-08-19T18:48:33.000Z,158d60b6635397831b57d96f96f6eb95b158c4fe,2026-08-17T17:09:55.000Z,1,200,3,0,RESOLVED,True,2.0684953703703703
Sadem-12/AI_Study_Assistant,6eefe717a3df057e07f1de228c6ed60a321f5406,200,1,7,2025-02-25T13:12:37.000Z,2025-02-25T13:38:24.000Z,2e1c7d84212ad36833d9abd232e9523ec9a68b12,2025-02-25T13:15:36.000Z,2,200,2,1,RESOLVED,True,0.017905092592592594
SahilGupta4/Study_Assistant,38f9ee2c8ae6ff9b91992c3894c973c310ddd060,200,1,2,2026-04-23T08:41:20.000Z,2026-04-23T08:50:55.000Z,38f9ee2c8ae6ff9b91992c3894c973c310ddd060,2026-04-23T08:50:55.000Z,2,200,3,2,RESOLVED,True,0.006655092592592593
SaiAbhiYaswanth/study_assistant,ded14ec7d79b008a053f5133d711cb1eb3a28f07,200,1,2,2026-07-14T16:26:17.000Z,2026-07-14T16:35:44.000Z,af5bbaf9329c6dc2ac6acdcbcb9bb8954803a2ac,2026-07-14T16:26:17.000Z,1,200,2,0,RESOLVED,True,0.0065625
SaiRithwik2004/StudyAssistant,78012280c1142b71f09bb5a491aa0b62ac5a1016,200,1,3,2026-07-06T07:25:35.000Z,2026-07-06T07:35:55.000Z,6577004e8e9b185e557875beb35eb1c39e2c4ca5,2026-07-06T07:35:03.000Z,2,200,3,2,RESOLVED,True,0.007175925925925926
Sajid1974/Socratic_QA_GenAI_Tutor,617048d710dda015842a91e08bb0408b488f67c7,200,1,44,2026-02-18T07:20:27.000Z,2026-02-18T10:55:04.000Z,02428b1883ee4cbb62a406b849c10c5c2f676157,2026-02-18T07:22:32.000Z,2,200,2,0,RESOLVED,True,0.14903935185185185
Samanfatima563474/tutor-ai,4181f8f6f2efe378d7cde20670051422924c94bd,200,1,12,2025-07-14T10:59:12.000Z,2025-07-14T12:04:06.000Z,fb9ec0a06db2e49fc1b2384be1e963ec5bc66839,2025-07-14T11:05:50.000Z,2,200,2,0,RESOLVED,True,0.04506944444444445
SambaReshma/AI_TUTOR,6797e83d5bf059078f8eb21a152cb7e461395bc1,200,1,11,2026-07-02T09:47:16.000Z,2026-07-03T09:21:55.000Z,703ac0ebd9b7704bcbf047d251011539ff3ac5ad,2026-07-02T09:47:56.000Z,2,200,2,0,RESOLVED,True,0.9823958333333334
Samyakj69/Study_Assistant,3f68cd4a77341710736672bf9311bf362ae2f7a5,200,1,9,2026-04-26T04:52:48.000Z,2026-04-27T14:52:12.000Z,9323a7744d61e8e389cb73083591875a1401dfee,2026-04-26T04:56:38.000Z,2,200,3,2,RESOLVED,True,1.41625
SanaBegum23/AI_tutor,5caa2e0134e9c32eda6f6d9929ab31426fcb2b7b,200,1,2,2026-07-03T09:47:25.000Z,2026-07-03T09:52:38.000Z,5caa2e0134e9c32eda6f6d9929ab31426fcb2b7b,2026-07-03T09:52:38.000Z,2,200,3,1,RESOLVED,True,0.0036226851851851854
Sanjay-Ai/AI-Powered-Socratic-Teaching-Assistant,16544e2d9600e170289cf10e002562e41fd7799f,200,1,4,2024-10-01T20:03:05.000Z,2024-10-01T20:45:56.000Z,08d966e6e3eec38432386846be28c88169ee0fd4,2024-10-01T20:05:04.000Z,2,200,3,2,RESOLVED,True,0.029756944444444444
Sanjay0102/StudyAssistant,584fcb46079df3bcd3fa54a5c5a8b7bb577fe6f8,200,1,6,2026-05-02T03:04:59.000Z,2026-05-02T03:33:54.000Z,bd6ef27b88668f0d448dc7625d09fd00aae0b18c,2026-05-02T03:08:03.000Z,2,200,3,1,RESOLVED,True,0.02008101851851852
Santoshtambe/ai-study-assistant,ee9ef4699abfa5bc2925a0a7f20a7465e12544c2,200,1,7,2026-07-16T17:10:09.000Z,2026-07-16T18:59:53.000Z,5667d714606ea6e8682d6c398a0eced66c249b9d,2026-07-16T18:38:28.000Z,2,200,3,2,RESOLVED,True,0.0762037037037037
Santoshtambe/study_Assistant,c4e6f1326bd4c164cd3bd206b0337b77a3c9c71f,200,1,4,2026-07-16T19:04:18.000Z,2026-07-16T19:14:48.000Z,af94f1e1da791f22c76fb1aaf004658947896002,2026-07-16T19:09:08.000Z,2,200,3,2,RESOLVED,True,0.007291666666666667
Saravana-Saro14/Educational-chatbot,cab971e3edd79453570c023635d91555596f3057,200,1,2,2026-01-31T15:07:00.000Z,2026-01-31T15:07:01.000Z,ae57ae7fda4ea4a7823aa41bd3355b28eb421c0c,2026-01-31T15:07:00.000Z,1,200,2,1,RESOLVED,True,1.1574074074074073e-05
Sayan21/Video-Tutor-AI,6503112107b4d953391939b0b79df03c9a2f6a3c,200,1,2,2026-03-21T20:07:36.000Z,2026-03-21T20:17:45.000Z,5db49a721c1312d7c79451b91b83ae3e669492e5,2026-03-21T20:07:36.000Z,1,200,10,3,RESOLVED,True,0.007048611111111111
Selenophile786/physics-ai-tutor,b5a6c38f2f77abd42ee43bb566e29b8d8d54784e,200,1,7,2026-08-16T09:24:09.000Z,2026-08-16T13:11:38.000Z,0ac546cf8a064a8036a745153d99002f22e99f20,2026-08-16T09:24:09.000Z,1,200,2,0,RESOLVED,True,0.15797453703703704
SerotoninRonin/Quiz-Generator,9ccf303a24bcd36cb671367a1fb71b0180b88ca8,200,1,9,2025-08-16T23:31:58.000Z,2025-08-18T23:19:40.000Z,7e947e210bf3d7226316025148a00ac65e078e6e,2025-08-17T00:04:36.000Z,2,200,2,1,RESOLVED,True,1.9914583333333333
Shahbazakbar/AI-Tutor,e5e90d1a008175c12ae083244f0c7027015172e5,200,1,29,2025-02-22T11:23:13.000Z,2025-02-23T06:41:09.000Z,04b53e558e22a406e216d0e25a2bfd95b31753e0,2025-02-22T11:23:51.000Z,2,200,2,1,RESOLVED,True,0.8041203703703703
Shahbazakbar/RAG-AI-Tutor,73698d14848f1f51b0507677f450d87bf7d1e004,200,1,8,2025-02-23T08:06:19.000Z,2025-02-23T08:37:56.000Z,4bf2d92e4291ed3a5d3f064f8bd07794ab897086,2025-02-23T08:06:57.000Z,2,200,2,1,RESOLVED,True,0.021956018518518517
Shivam10lm/ai-teaching-assistant,16e04a07493b39d670d84201cb0c5c550340fa83,200,1,14,2024-09-21T00:35:21.000Z,2024-09-21T01:42:18.000Z,ebe08b2e91649dee48a61f3d68823dfe4ac70f05,2024-09-21T00:35:40.000Z,2,200,2,0,RESOLVED,True,0.04649305555555556
Shivateja23/DS_AI_TUTOR,c159926a298c23fb3e01c1cec9dd3a609c02df96,200,1,10,2025-03-21T06:19:29.000Z,2025-03-21T10:09:55.000Z,28cc07c99a5271c34dc341cccb9a59abebe83662,2025-03-21T07:15:42.000Z,2,200,2,0,RESOLVED,True,0.16002314814814814
Shlok1005/Voice_chatbot_tutor,e7085717667715c787c44a1646ff993335859476,200,1,13,2025-12-17T11:57:55.000Z,2025-12-17T12:24:17.000Z,fca4c7612ebd6360275af1128e0b67443aaef2f8,2025-12-17T12:00:23.000Z,2,200,4,1,RESOLVED,True,0.018310185185185186
Siddhisapkal/AI_Tutor,243b051f366dfa4fe11725725c891a23f85e6cbe,200,1,68,2025-02-16T12:33:42.000Z,2025-03-14T11:45:46.000Z,a958d458339c98600a646f6fcd002e9a305a0685,2025-02-16T12:34:07.000Z,2,200,2,1,RESOLVED,True,25.966712962962962
Sindu31/IntelliGent-AI-Tutor-System,963dabb2d55955d62db962903082b23be31d2852,200,1,13,2026-05-28T15:23:25.000Z,2026-05-29T04:56:21.000Z,281cf5b766e0d5782af840b58047a883f3cb450d,2026-05-28T15:23:25.000Z,1,200,3,0,RESOLVED,True,0.5645370370370371
Sirichandanasamala/AI_TUTOR,7f947ced7337a9e81614c61ebcc3ea73f401e113,200,1,13,2026-07-02T09:49:43.000Z,2026-07-03T09:52:04.000Z,8eeb4463b6708bf551650158f3ea6573cb6cbc0e,2026-07-02T09:50:18.000Z,2,200,2,0,RESOLVED,True,1.0016319444444444
SirigajjeDurga/AI-Personal-Tutor,75421bb367a59bd0b9973f18d1298abf42983979,200,1,107,2026-06-17T05:23:07.000Z,2026-06-28T14:44:50.000Z,0580565e96d79a32db1cc19598519c44b9293378,2026-06-18T16:55:24.000Z,4,200,6,0,RESOLVED,True,11.390081018518519
Solkyash/Ai-study-assistant,6a95d7355c3e1e062781d760cc100cdac3907465,200,1,3,2025-09-28T07:45:15.000Z,2025-09-28T08:00:10.000Z,edb9a5ba88da6e24dc5ceddfd27ec2bcc17bd00e,2025-09-28T07:53:10.000Z,2,200,2,1,RESOLVED,True,0.010358796296296297
Sree1216/AI_tutor,5084eaa4def15a63351db8e1dbb90d1d5caded32,200,1,2,2026-07-03T05:57:26.000Z,2026-07-03T05:57:27.000Z,6884af2d01af953341c9069e48bdda32dd598690,2026-07-03T05:57:26.000Z,1,200,2,1,RESOLVED,True,1.1574074074074073e-05
Sri921980/Ai_Tutor,1081550dfce5ea26914ce16e3af2b0da457f36ee,200,1,7,2026-07-02T09:39:48.000Z,2026-07-02T09:51:06.000Z,11309f87e2f71799efa00515d2e27d38a83f2e2b,2026-07-02T09:40:23.000Z,2,200,2,0,RESOLVED,True,0.007847222222222222
SrihithaReddy123/AI_TUTOR,00cd399608e52521ca288b68d44ec99f164fe7f0,200,1,11,2026-07-03T10:14:06.000Z,2026-07-06T08:46:56.000Z,d7546df5a08d01f99b21d679ec1999264662abf9,2026-07-06T07:51:55.000Z,2,200,2,1,RESOLVED,True,2.9394675925925924
Srushtii-13/Study_Assistant,8002aa8303146ca9cae02c52437bc46510966c98,200,1,2,2026-02-13T03:44:24.000Z,2026-02-13T03:52:56.000Z,8002aa8303146ca9cae02c52437bc46510966c98,2026-02-13T03:52:56.000Z,2,200,3,2,RESOLVED,True,0.005925925925925926
SujithRaam07/StudyAssistant,9ad82d41f1a3185dab4ab3327c33091c3bd67c18,200,1,3,2026-07-24T07:22:15.000Z,2026-07-24T07:25:39.000Z,b0b214704f17aaf5ba50195d87843baa3845adb7,2026-07-24T07:22:15.000Z,1,200,2,0,RESOLVED,True,0.002361111111111111
Sujithraam/StudyAssistant,8dbc18cbe2668ff0b165d46b6ea302bfde6c7865,200,1,2,2026-07-24T06:10:14.000Z,2026-07-24T06:23:33.000Z,9eb9d1129f7fa65340a8d677cf28e41d5974780e,2026-07-24T06:10:14.000Z,1,200,2,0,RESOLVED,True,0.009247685185185185
TeerthPurohit/RAG-TradingWithML-Teaching-Assistant,aaf4363d59e83e91b76161a489367ad4653131eb,200,1,30,2026-05-26T18:30:06.000Z,2026-06-08T04:08:13.000Z,0ab20f494a5ae3b02ab7bfe0df3c0a36fa706135,2026-05-26T18:30:06.000Z,1,200,4,2,RESOLVED,True,12.401469907407407
Thepatelsuraj12/Rag-based-AI-Teaching-Assistant,97238282b6260dcfcef5f703bd045523cc4b3133,200,1,23,2026-02-13T16:02:05.000Z,2026-02-13T16:33:11.000Z,6e8eb1b7753feb905ee9e0e4af95d24c0fc4accb,2026-02-13T16:02:05.000Z,1,200,3,0,RESOLVED,True,0.021597222222222223
Tomjedo/Education_Chatbot,445f38a1f364be62d4c2072f4596fd6a37ce1744,200,1,9,2025-03-12T16:11:10.000Z,2025-03-12T16:33:01.000Z,f7189d16134a45e0aa0199b6c4d038822ba5b646,2025-03-12T16:11:10.000Z,1,200,3,1,RESOLVED,True,0.015173611111111112
Tonic/open-gpt-Lesson-Plan-Generator,d6a3c34643802759dbc415116489914f9c7d6267,200,1,6,2023-11-27T18:23:29.000Z,2023-11-28T23:12:21.000Z,0715919505946d33fe17fd4abb9524e8062cd90f,2023-11-27T18:23:30.000Z,2,200,2,0,RESOLVED,True,1.2006018518518518
Trinesh16/StudyAssistant,60db2f206a8a000db96f2eb253b6b3218b956110,200,1,5,2026-03-03T06:08:45.000Z,2026-03-03T06:49:51.000Z,9d2fd6e97138d816d351cb2b8e23a18925926cb0,2026-03-03T06:18:40.000Z,2,200,3,2,RESOLVED,True,0.028541666666666667
Trivikrama/Physics_Lesson_Plan_Generator,4ffa177a9dd1cdf9f666fb44f8d0f0eb79c82fc2,200,1,3,2024-10-18T14:24:45.000Z,2024-10-18T14:33:05.000Z,9c5dd3df6175d4c386a8cd97b2578477629313df,2024-10-18T14:30:00.000Z,2,200,3,2,RESOLVED,True,0.005787037037037037
Troy88/Quiz-Generator,d3f6c929bbdf552dcdbc9b53199bd1cc0c57b913,200,1,10,2024-10-18T06:19:18.000Z,2024-11-04T08:10:23.000Z,5454c59e1e39924756c45174319857c63f4283ef,2024-10-18T06:19:18.000Z,1,200,3,1,RESOLVED,True,17.077141203703704
Turbiling/Backward-Design-Lesson-Plan-Generator,63c3776794ccc3b7b5dcffa7133e676d0d6f4a18,200,1,3,2025-10-07T20:37:52.000Z,2025-10-07T20:39:21.000Z,96252bf8b0028e8fab5140fe4e8ae53f01d108c8,2025-10-07T20:38:31.000Z,2,200,2,1,RESOLVED,True,0.0010300925925925926
Turbiling/GB_Education_Chatbot,989c68f8de2bd1a51740f4995e283bfb460dc5c8,200,1,31,2025-06-11T19:28:53.000Z,2025-06-11T20:51:45.000Z,1a6960369c84d50a0a541a1bfae9a89bd216e9f9,2025-06-11T19:34:47.000Z,2,200,2,1,RESOLVED,True,0.0575462962962963
Turbiling/Lesson_Plan_Generator,4a87d12033a171adedac0b897499c9f2b3c0ed49,200,1,29,2025-10-05T07:27:56.000Z,2025-10-08T17:38:02.000Z,5a15d4f6c1653fbeb14e72650069836aee62d15b,2025-10-05T07:29:13.000Z,2,200,2,1,RESOLVED,True,3.4236805555555554
Turbiling/Sharqi_Education_Chatbot,85a850b5895cbf56cb4c605b6ee953894216f7d7,200,1,14,2025-06-01T07:48:31.000Z,2025-06-01T09:51:06.000Z,53566f567bac3e3799e812f25f32d6aace3993bd,2025-06-01T07:48:31.000Z,1,200,3,0,RESOLVED,True,0.08512731481481481
Tutor-Ai-100/AI_Tutor_Chatbot,bcdb291fe37d432a0d64f38782e3fe2cd4ea4a8e,200,1,3,2024-11-15T15:39:07.000Z,2024-11-15T15:44:12.000Z,568035135633afad4ddef9826c543de15e2eb31c,2024-11-15T15:41:56.000Z,2,200,2,1,RESOLVED,True,0.0035300925925925925
Udayveer1990/Language_tutor,ab23bd8cdc2375d72532469fae5f63515bc92620,200,1,7,2026-06-05T09:08:44.000Z,2026-06-05T10:06:04.000Z,8bf1ee5d6023c133a04fda295ef9e26546974843,2026-06-05T09:09:58.000Z,2,200,3,1,RESOLVED,True,0.03981481481481482
Ukhanyo/quiz-generator-ai,3a6cfd1486b311ab5436c51de0ec0d8c2815031a,200,1,2,2025-08-04T08:53:16.000Z,2025-08-04T08:56:35.000Z,3a6cfd1486b311ab5436c51de0ec0d8c2815031a,2025-08-04T08:56:35.000Z,2,200,2,1,RESOLVED,True,0.0023032407407407407
UlliInduSree/AI_Tutor_Chatbot,e5818c95da5fea23391bb2181e2d58e77d465ae4,200,1,33,2025-08-01T06:09:02.000Z,2025-08-01T15:28:29.000Z,6802992421c0256313f31d097a597308431ec69e,2025-08-01T06:09:02.000Z,1,200,3,1,RESOLVED,True,0.38850694444444445
UmarIqbal000/quiz-generator-ai,2ebb6fa18c9ed684aa0676187d3804296340d1ab,200,1,12,2026-02-09T19:16:56.000Z,2026-02-09T21:12:27.000Z,74fcb1299f120093e76cec8ed8de427d4b4553ac,2026-02-09T19:18:04.000Z,2,200,2,0,RESOLVED,True,0.0802199074074074
Us-er-na-me/QuizGenerator,724750841d8714daf7b4c8bb0d9169109466b5c7,200,1,38,2025-03-18T05:44:21.000Z,2025-03-18T12:36:51.000Z,6d29632802b5af38ce8695539480c2b051cb2304,2025-03-18T05:52:22.000Z,2,200,2,0,RESOLVED,True,0.2864583333333333
VSrilekha/AI-Tutor,5cd51c3298c4ce842d21c9f4a7a78544d0dccc0d,200,1,6,2026-07-03T05:45:35.000Z,2026-07-03T06:05:21.000Z,7cf9147f0d6fd1895ddde308da17ed6f46710c16,2026-07-03T05:45:35.000Z,1,200,2,1,RESOLVED,True,0.013726851851851851
Vaibhava24/my-study-assistant,8cc4c80aaa592ad7c687081e581a7d9a6ee3ea96,200,1,9,2026-08-13T09:39:02.000Z,2026-08-13T10:01:57.000Z,66169970ca4963f1df357ae16c098eb8477e999c,2026-08-13T09:39:02.000Z,1,200,2,0,RESOLVED,True,0.015914351851851853
Vaishnav-00299/my-study-assistant,d0970951d4d046f5b58e2c809e737379855da06a,200,1,5,2026-06-13T16:20:03.000Z,2026-06-23T04:32:06.000Z,f6a3e40810e489cd45661b7ccab3625c05cc1fbc,2026-06-13T16:34:19.000Z,2,200,3,2,RESOLVED,True,9.508368055555556
Varshareddy1106/AI_TUTOR,b64445abcefef215e4fd2a556c9bd38c58aadc29,200,1,5,2026-07-03T09:32:51.000Z,2026-07-06T09:28:03.000Z,80d5722c7e35554de61a9ea0cd187466317fb2d3,2026-07-03T09:40:13.000Z,2,200,2,1,RESOLVED,True,2.9966666666666666
VarunGoud314/Study_assistant,c3d8b0cff5fb0f8985da0e5b1de4cdf0cdef0572,200,1,2,2026-03-16T05:14:26.000Z,2026-03-16T05:34:37.000Z,c3d8b0cff5fb0f8985da0e5b1de4cdf0cdef0572,2026-03-16T05:34:37.000Z,2,200,3,2,RESOLVED,True,0.014016203703703704
VinayKarthik800/ai-tutor,255d25b5c085d57b3d71166ec75b88a19c9f97ef,200,1,2,2026-08-23T07:44:01.000Z,2026-08-23T07:44:28.000Z,61bd0871461b0cc6534a201c654ce8f0dc046dc8,2026-08-23T07:44:01.000Z,1,200,2,0,RESOLVED,True,0.0003125
VishnuSai05/Study_Assistant,b97a7a360d6f48cd4cab598f26272d677b2a296c,200,1,3,2026-07-16T17:53:12.000Z,2026-07-16T18:04:27.000Z,523021b4540a298b66e1ba3b9943336ca30b2602,2026-07-16T17:57:29.000Z,2,200,3,2,RESOLVED,True,0.0078125
YKDep/StudyAssistant,6b31ff5bd94ffe9da5082b7aedef696a57e92a2e,200,1,5,2025-11-28T11:22:04.000Z,2025-12-04T10:58:11.000Z,d18ba14312f29eb9c0c0ad60c32a79582b7f13f2,2025-12-04T10:51:08.000Z,3,200,3,2,RESOLVED,True,5.983414351851851
Yasir-Bhatti/Education_tutor_chatbot,77ced7168cc8cc96ba42053958a60542c6f64d9a,200,1,7,2025-12-24T15:12:06.000Z,2025-12-24T16:57:49.000Z,82384bf124d5baf1145226b35c58dc90d7ea52e2,2025-12-24T15:12:06.000Z,1,200,2,1,RESOLVED,True,0.07341435185185186
YasirAnsari/AI_tutor,31a944fb71541299b8a6061d6d51db4f0e57a63d,200,1,3,2026-02-27T10:47:50.000Z,2026-02-27T10:50:32.000Z,3761ecd7b66514a9adb0096bf39c543e1de5fb93,2026-02-27T10:49:12.000Z,2,200,2,1,RESOLVED,True,0.001875
Yasirkhalil12/ai-quiz-generator,dc286f1219c2fd65b220358701e848939dce165c,200,1,31,2026-02-16T16:14:52.000Z,2026-02-17T07:43:39.000Z,99bbc95aa98329eeb39f3827d7786677921bab73,2026-02-16T16:16:44.000Z,2,200,2,0,RESOLVED,True,0.644988425925926
Yenuli-Bimanya-404/ai-study-assistant-multilang,81384eda4e32451156d6a6495e33d228626c0320,200,1,11,2025-06-29T17:09:46.000Z,2025-06-29T19:11:00.000Z,9efc68d2e6119da0442c07c509ab3f41c10d7555,2025-06-29T17:19:34.000Z,2,200,2,1,RESOLVED,True,0.08418981481481481
Younis123/Education_Assistant_chatbot,0c0ae62401521e76834cf0f48983cc328bf058f4,200,1,4,2025-02-20T09:52:56.000Z,2025-02-20T10:05:47.000Z,0734d37a2324d5714d43eabf22bcc1f22c49f2f7,2025-02-20T09:55:46.000Z,2,200,2,1,RESOLVED,True,0.008923611111111111
Yuvasriiii/personalized_study_assistant,7e9d10e167ea0d3a5699da59b5b7398f7a114671,200,1,3,2025-09-22T12:27:40.000Z,2025-09-22T12:28:50.000Z,8587aabc394620d3dfb02daeaceed7daa93ea54a,2025-09-22T12:28:03.000Z,2,200,2,0,RESOLVED,True,0.0008101851851851852
aakashdevdat/Quiz_generator_1,fe7d758e27b6357027a2190fdf0f611961b6fdfe,200,1,4,2025-05-11T05:06:01.000Z,2025-05-11T05:11:52.000Z,6ef5f0ee3df26b8be1831ab5e604713ddbb7d988,2025-05-11T05:10:53.000Z,3,200,2,1,RESOLVED,True,0.0040625
aazankhanYousafzai/Ai_Study_Assistant,119b244adc65a99669d4593fdadd269a32094c9f,200,1,24,2026-01-30T19:49:01.000Z,2026-04-23T18:30:55.000Z,08f7586bd5459b14a5a0bca7b5769cc4ce7809ce,2026-01-30T19:50:03.000Z,2,200,2,0,RESOLVED,True,82.94576388888889
abai-cn/linux-teaching-assistant,2c5cdc927db7e90dac5bd2bca90f646630729b15,200,1,10,2026-06-25T03:25:19.000Z,2026-06-26T02:00:36.000Z,b6c2e2029e2aa82c997b923ff3fb365feabfef83,2026-06-25T03:25:19.000Z,1,200,7,1,RESOLVED,True,0.9411689814814815
abdullahkhankakar/quiz-generator,0705f93969b0a9d834ff682822fb0f7e60186214,200,1,8,2026-07-27T11:41:07.000Z,2026-07-28T19:38:36.000Z,9263690ff1e1c5af9044a7c011ef55ce683a6929,2026-07-27T11:41:07.000Z,1,200,7,2,RESOLVED,True,1.331585648148148
abhey-patel/quiz-generator-space,d65b1f43dfc148f3f611dec00fc44d39973bcd1d,200,1,5,2025-09-03T12:23:20.000Z,2025-09-03T12:47:49.000Z,a5171cc5eb5a4e424af6111ccd8533a1578f21a7,2025-09-03T12:34:13.000Z,2,200,2,0,RESOLVED,True,0.017002314814814814
abubakaraabi786/programming-tutor-chatbot,c97f95eae58216802f075e2c8648f421e9222e91,200,1,21,2025-12-20T11:41:16.000Z,2025-12-20T13:53:18.000Z,4bad81bca833baf372e4fe5861dc15a177536d78,2025-12-20T11:47:40.000Z,2,200,2,1,RESOLVED,True,0.09168981481481482
adil1598/edubot-ai-latex-learning-companion,2054f3e818ac9d472e7f27e423a67c995d9df28f,200,1,2,2025-10-26T10:49:42.000Z,2025-10-26T10:49:43.000Z,9a46083c20c4aa0cccb7745f94265a498850ccfd,2025-10-26T10:49:42.000Z,1,200,2,0,RESOLVED,True,1.1574074074074073e-05
adriiita/TeachingAssistant,c17054af4484fa766835c7f4285b80e9f01ea3ac,200,1,10,2024-11-20T17:48:37.000Z,2024-11-20T18:57:57.000Z,c347d26be1be897fc80fc73ee468a7bcaefb777a,2024-11-20T18:03:30.000Z,2,200,6,4,RESOLVED,True,0.04814814814814815
ajmalllllllll/loksewaai-pal-your-study-buddy-assistant,9f71148e71d285cf616822c227b436c6d9983623,200,1,6,2025-10-26T06:08:45.000Z,2025-10-26T06:23:31.000Z,12879adbca1b3ae0c3fbee93d8b876c779e5c5a6,2025-10-26T06:08:45.000Z,1,200,2,0,RESOLVED,True,0.01025462962962963
akhileshjethi/Study-assistant-ai,2b5616b9a7d4c4f58d35423c8ea13410b27e3c45,200,1,3,2025-09-30T06:26:58.000Z,2025-09-30T06:31:52.000Z,1500d840a5f47ae6696119165019fda7864f6b41,2025-09-30T06:28:20.000Z,2,200,2,1,RESOLVED,True,0.0034027777777777776
akshay0149/TeachingAssistant,27a59fb47f09e2b5b365e8e71495dd92615e4a37,200,1,4,2026-07-03T18:35:59.000Z,2026-07-04T08:18:38.000Z,4c6cf7f54ec0d466c753299af933881eb6bdc39b,2026-07-03T18:35:59.000Z,1,200,2,1,RESOLVED,True,0.5712847222222223
alusinebarrie/ai-teaching-assistant,099f56ad7a5eb79a8aeaee1b49187ac67919dc26,200,1,2,2024-07-20T20:21:27.000Z,2024-07-20T20:21:28.000Z,e66bff77679c7746914d2536a7c0201e9464cbec,2024-07-20T20:21:27.000Z,1,200,3,1,RESOLVED,True,1.1574074074074073e-05
alusinebarrie/your-ai-teaching-assistant,05802c561cc68c2864bc4f323c0b3b28b84632f3,200,1,13,2024-07-20T20:58:25.000Z,2024-07-22T10:32:31.000Z,9a65dcb022a8fbe9d1076e2bbf5d1ede74b5ec93,2024-07-21T22:57:17.000Z,2,200,2,0,RESOLVED,True,1.5653472222222222
amalrajmp/StudyAssistant,b0aaae6ac7af22041b8a31c16f6a921ed5bc6f36,200,1,13,2026-08-16T13:04:27.000Z,2026-08-17T05:36:26.000Z,15b5b50283b8612dc3988f3a93732abed61c5acd,2026-08-16T13:15:08.000Z,2,200,3,2,RESOLVED,True,0.6888773148148148
aman7935/Quiz_generator,f03b77f4faf930a9da4bfb47ad983925f71b3060,200,1,2,2025-11-04T09:02:25.000Z,2025-11-04T09:02:26.000Z,8d08b439a4953396f6a11d5b6115f7b061b4d05e,2025-11-04T09:02:25.000Z,1,200,2,1,RESOLVED,True,1.1574074074074073e-05
anir-1995/AI_Quiz_Generator,a59156b5f59c5379e980e299ae0e602f3b9cbe9d,200,1,8,2026-03-05T12:26:22.000Z,2026-03-06T11:54:30.000Z,e2ef65321a398147b676d5b617d7baadaa380815,2026-03-05T12:26:22.000Z,1,200,3,0,RESOLVED,True,0.9778703703703704
ankittumu/Ace-Study-Assistant,7992f9260f8282502959db8948d12911ce031fb7,200,1,12,2025-09-25T18:02:26.000Z,2025-09-25T20:09:07.000Z,447c392a68a5d820bfabd82707f38e4617a3e36e,2025-09-25T18:08:00.000Z,2,200,2,1,RESOLVED,True,0.08797453703703703
antedotee/teachingAssistant,c4b77ca2a12c8baf307ebd516ccaa9b00971baa1,200,1,24,2024-02-21T21:19:31.000Z,2024-02-23T18:29:22.000Z,c545324ad118de35a529dd19fa61b3cbe72e4ad0,2024-02-21T21:21:17.000Z,2,200,5,3,RESOLVED,True,1.8818402777777778
appcreator199/studyassistant,7b67c1eb3000e31a3ff8c0971fd3f6e27be7d97a,200,1,2,2025-06-19T03:00:04.000Z,2025-06-19T03:00:05.000Z,8f8ac0a1f19434f66063ebe81011c79753e7f79f,2025-06-19T03:00:04.000Z,1,200,3,1,RESOLVED,True,1.1574074074074073e-05
arjunjuneja/socratic-tutor,dfcde75cb17f5d3835e6d6d2e30293b7479094d2,200,1,9,2026-04-08T17:41:39.000Z,2026-04-08T20:01:36.000Z,5c7b7cb1fbba25b545064f59d9216fbe4244f64e,2026-04-08T17:41:39.000Z,1,200,10,3,RESOLVED,True,0.0971875
arjunnnnn0720/StudyAssistant,9e33e8c8591235d503d35518a6b80b2b1617e6c8,200,1,3,2026-08-24T11:20:51.000Z,2026-08-24T11:24:32.000Z,47c5a1dd38bf8ea2c408350eab1162b238958202,2026-08-24T11:22:41.000Z,2,200,3,2,RESOLVED,True,0.0025578703703703705
arkiitkgp/AITutor,136ff58abaab8d6576dcd9ba60792095fc2fb9a1,200,1,3,2024-02-07T10:14:23.000Z,2024-02-08T02:29:09.000Z,055a3f7b6e3a6590baa0db09824f07ba26502bcc,2024-02-07T10:53:57.000Z,2,200,3,0,RESOLVED,True,0.6769212962962963
arsalan16/Quiz-Generator-App,1e72595f37ecd16dd57818c8ce73bbf333279d68,200,1,12,2024-12-15T18:52:37.000Z,2024-12-16T18:07:26.000Z,7daf37b5a3ebdca76b1278cf4468483af0e4822c,2024-12-15T18:53:18.000Z,2,200,2,1,RESOLVED,True,0.9686226851851852
arumugam-rockstar/Myfirst-AITutor,8b8505f04de021faabe02d62b00209a146b5f840,200,1,12,2026-08-03T10:09:54.000Z,2026-08-03T11:41:21.000Z,a8ecc01b04655dbdbbdcc1c88590a9af28036f72,2026-08-03T10:09:54.000Z,1,200,2,0,RESOLVED,True,0.06350694444444445
asad9641/AI-Study-Assistant-Ragbase,4a46dea2dc581b038124182814eb815a1cd32b2d,200,1,6,2025-11-17T15:31:39.000Z,2025-11-18T17:42:21.000Z,cdad639f93d8081ecc3ea263b44ecd634d45ff9c,2025-11-17T15:40:06.000Z,3,200,2,1,RESOLVED,True,1.0907638888888889
aviatrix/Ai_Powered_Study_Assistant,79108dad1f685b63f1778ec167e3d1926cbd56b6,200,1,9,2026-07-11T05:15:25.000Z,2026-07-11T08:22:14.000Z,d116527b5fcf290b57052adf0d72599b9acbc73b,2026-07-11T05:18:13.000Z,2,200,3,2,RESOLVED,True,0.1297337962962963
ay3shaa/ai-study-assistant,4109cbf4903c5bf326cc6bba86b111ba1b5f32ee,200,1,3,2025-07-23T11:04:27.000Z,2025-07-23T11:31:24.000Z,8d15e0b78e55acda21e073fd79351c92a6bceffa,2025-07-23T11:04:27.000Z,1,200,3,0,RESOLVED,True,0.01871527777777778
ayudellastuti/rag-quiz-generator,9971fdfb4e15b1efc92a57bccfc07c034c6e21dc,200,1,21,2026-06-28T11:21:21.000Z,2026-06-28T12:03:23.000Z,eca43eb2f0075f1ae448d62ecee0b1fe527804b6,2026-06-28T11:21:21.000Z,1,200,3,0,RESOLVED,True,0.029189814814814814
ayushsainime/socratic_maths_tutor.ai,915d0af2503b3989d7b6d8107f8db5650b41eb32,200,1,17,2026-04-09T08:14:31.000Z,2026-04-10T10:43:48.000Z,1cab945b2a6700835a92d9ac5a408041a3fb8b6b,2026-04-09T08:14:31.000Z,1,200,4,2,RESOLVED,True,1.1036689814814815
bhaskarreddy2006/my-study-assistant,99dfe30bfdd3b4f8211a6279d26f23f85dbc68aa,200,1,3,2026-08-05T06:28:48.000Z,2026-08-05T09:48:15.000Z,6016c8fe0252c14edd113e99858b208cecc6f244,2026-08-05T06:31:07.000Z,2,200,3,2,RESOLVED,True,0.13850694444444445
bielik-chatbot-devteam/english_tutor_bielik_ai,530f39b3ba234636912fa922d28d22006b1d68a8,200,1,69,2026-01-11T16:24:46.000Z,2026-01-21T01:02:02.000Z,4c7e5a938e838a1af3590dc9f613cc4771057e60,2026-01-11T16:24:46.000Z,1,200,2,1,RESOLVED,True,9.359212962962962
bimboawo2026/AI-Tutor,5fca2527ad086dfc525860cf979b3ecbcd866c8a,200,1,3,2026-08-26T18:11:43.000Z,2026-08-26T18:13:04.000Z,9ee535e8e50ce69862bdcafecdee21fc49ca7a88,2026-08-26T18:12:27.000Z,2,200,2,1,RESOLVED,True,0.0009375
bobo0000/PDF-Quiz-Generator,a9dd6eb37e76cfb92d1392655357e21acef78c18,200,1,21,2025-06-10T23:23:22.000Z,2025-06-11T20:29:19.000Z,85950388dfd6e436bf63d3702bea2c3cacf08c33,2025-06-10T23:44:01.000Z,2,200,3,2,RESOLVED,True,0.8791319444444444
brcew/ai-engineering-tutor,a45f8a1cd0f2262adf7d954abfd8a6c482e5d1af,200,1,8,2026-05-15T12:31:15.000Z,2026-06-21T09:09:48.000Z,6e79586061b9d6c8c4fa1944255aa6a9ad92e066,2026-05-15T12:31:15.000Z,1,200,3,1,RESOLVED,True,36.860104166666666
build-small-hackathon/tutordesk-ai,b95aa8e6d021bf5eed1e0124476462776f0600cf,200,1,30,2026-06-11T11:07:28.000Z,2026-06-15T19:01:56.000Z,04faa3348c7a03e57b004d49520c097c014bfcc0,2026-06-11T11:07:28.000Z,1,200,10,3,RESOLVED,True,4.329490740740741
chandanareddy1234/AITutor,09fa98e1523f690f2cc5a1b6143d8a6d75844bf4,200,1,7,2026-07-03T07:57:41.000Z,2026-07-03T09:27:23.000Z,d0b8bc9b6f411922a9a75ab9ee0f28ec22a8efab,2026-07-03T08:07:41.000Z,2,200,2,0,RESOLVED,True,0.06229166666666667
chandrakireeti/StudyAssistant,f435aa2d8d78d72eccc55163a49bee038f704881,200,1,4,2026-07-13T16:31:35.000Z,2026-07-13T17:09:36.000Z,8ce4d6321ea4d240e09fcce906e67c2c52d4acb5,2026-07-13T16:34:51.000Z,2,200,3,2,RESOLVED,True,0.026400462962962962
chapeljj/PISA-Teaching-Assistant-Chatbot,2c6137def2f25e0943b473149c66c071165eb24f,200,1,12,2025-09-11T09:29:49.000Z,2025-09-12T03:38:07.000Z,05d1363e3ff8cc7b440f10875353a07fe72cd808,2025-09-11T09:37:49.000Z,2,200,2,0,RESOLVED,True,0.7557638888888889
cheriftassii/my-ai-tutor,f466c77fc4c97a27889150045a39e7cab439ae0d,200,1,5,2025-03-24T22:24:21.000Z,2025-03-24T22:50:51.000Z,64115309839b5449e0b5cef3d1b7a7247ca0775c,2025-03-24T22:24:21.000Z,1,200,3,1,RESOLVED,True,0.01840277777777778
chsubhasis/AI_Tutor,ba0e04c83eff077af62cef2ba95f204c194ceb0c,200,1,7,2024-11-23T14:55:09.000Z,2024-11-28T06:13:30.000Z,a21db6eb382de90a94bf3ab59c31ac262a6a0a24,2024-11-23T15:06:41.000Z,2,200,3,1,RESOLVED,True,4.637743055555555
cipher2150/Study-Assistant,4301aacff458dbed89eecaf2ebbae7868262f972,200,1,2,2026-04-14T04:40:22.000Z,2026-04-14T04:48:06.000Z,4301aacff458dbed89eecaf2ebbae7868262f972,2026-04-14T04:48:06.000Z,2,200,3,2,RESOLVED,True,0.00537037037037037
clugg25/cluggos-ai-quiz-generator,0eb700088f3b12de1bc740f545f68e347e1b3234,200,1,14,2025-11-28T17:14:46.000Z,2025-11-29T16:17:36.000Z,00b2f41d8b84c3b99bb5b6e0a7587a7a1755a5e0,2025-11-28T17:18:43.000Z,2,200,2,1,RESOLVED,True,0.960300925925926
codewithchaitanya15/StudyAssistant,fadb26e5192c8a6d3caa49107b397531874eb9e8,200,1,10,2026-07-23T17:54:22.000Z,2026-07-23T18:23:58.000Z,6930a0d27e9eeb0d6791f5e21b3457e13af04225,2026-07-23T17:59:03.000Z,2,200,3,2,RESOLVED,True,0.020555555555555556
cosmoEagle/DSA-Teaching-Assistant,10c68990d7be9c03e8f35cac6f4f3bb5841c57b7,200,1,14,2025-02-28T13:57:47.000Z,2025-07-09T07:32:54.000Z,503fb4d8705cc0cd9aa4f53ea577f0490bb5a86f,2025-02-28T13:57:47.000Z,1,200,6,2,RESOLVED,True,130.73271990740741
crystallizedcrust/quiz-generator,7ce43d103f98523db849988fa5ad216cb89860ee,200,1,23,2025-09-10T16:01:39.000Z,2025-10-13T15:03:45.000Z,41d37a812709d10751f1c64a8e607b5eba7bb233,2025-09-10T16:07:46.000Z,2,200,3,1,RESOLVED,True,32.95979166666667
curalearning/lesson_plan_generator,81f3f6f8bee5abc2d82abe3696fe0c240a60a1fb,200,1,8,2025-06-12T23:57:11.000Z,2025-06-18T03:51:25.000Z,90b9708522df3b66872d238da6c9672b8e5fe466,2025-06-12T23:57:11.000Z,1,200,3,0,RESOLVED,True,5.162662037037037
danielspba/Chatbot-Tutor-IA,91c1358e3d25efdd48a740eef972a9cfd0ba45df,200,1,4,2025-04-24T13:14:44.000Z,2025-04-24T13:25:59.000Z,ee5ba74699df607a76e42d4899d8e9ca7bfca1a5,2025-04-24T13:15:29.000Z,2,200,2,0,RESOLVED,True,0.0078125
danielspba/Chatbot_prof_tutor,b0c228589155357b8531aca1a45a17fda3afc1f8,200,1,6,2025-04-23T17:37:27.000Z,2025-04-23T18:23:07.000Z,6f09332e1e042b1999808015c6e7836d46ada217,2025-04-23T17:38:09.000Z,2,200,2,2,RESOLVED,True,0.031712962962962964
danrdoran/ai_tutor_flan_base,5904ac50742922b44f1b2432bf433c40c3c34afe,200,1,8,2024-10-13T17:32:03.000Z,2024-10-14T18:36:43.000Z,d5ce1e00e750b2a92fba8d1651b0ea05e9c21a48,2024-10-13T17:33:41.000Z,2,200,2,1,RESOLVED,True,1.0449074074074074
danrdoran/ai_tutor_flan_t5_large,18bb91be83523a64d241c469b7d5b54be00fb3c5,200,1,10,2024-10-13T17:47:19.000Z,2024-10-16T15:00:22.000Z,8f9273986397e3b54b075c03f3e3572053c5c853,2024-10-13T17:47:59.000Z,2,200,2,1,RESOLVED,True,2.8840625
danrdoran/ai_tutor_gpt_neox,f86b63ad2ae372fc7eab4caca6edf4ed1489ab30,200,1,6,2024-10-14T18:13:33.000Z,2024-10-14T18:24:35.000Z,0ecec4b23d654c6daebdb139572a948804920d37,2024-10-14T18:15:41.000Z,2,200,2,1,RESOLVED,True,0.007662037037037037
danrdoran/ai_tutor_llama,bdad49d8d29ccd2c3ad8708451ff99cf78926d64,200,1,8,2024-10-14T18:03:39.000Z,2024-10-16T14:17:23.000Z,e58cfee6272c4aadc001a672b1f75ecffa1e7ce4,2024-10-14T18:04:06.000Z,2,200,2,1,RESOLVED,True,1.8428703703703704
danrdoran/ai_tutor_v2,61312d28f03ec3cc32fb8d8f05754aa121b5fa8a,200,1,22,2024-10-11T16:14:58.000Z,2024-10-11T19:30:21.000Z,1d9a7ea0fe70904fb8fa2220d2c4efa45c869203,2024-10-11T16:16:25.000Z,2,200,2,1,RESOLVED,True,0.13568287037037038
david280010195/Teaching_Assistant_AI,e6760c2c8261b24eec3af873793ca961e1dbb5bc,200,1,17,2024-09-28T10:11:04.000Z,2024-12-09T20:42:32.000Z,14dd2583fa8e242345f23e8480f6ea76fcde6089,2024-09-28T10:11:39.000Z,2,200,2,1,RESOLVED,True,72.43851851851852
deepang1902/quiz-generator-api,dc35908ca3e81eeb21d297e877950e59cea6ebcb,200,1,10,2025-10-14T18:34:26.000Z,2025-11-08T16:29:10.000Z,77093121cea41299234cdaf434d1f55651082d31,2025-10-14T18:35:23.000Z,2,200,2,1,RESOLVED,True,24.91300925925926
deepthi8518/StudyAssistantApp,d429720a2e08e63d274224779a2960eecee58e1c,200,1,17,2025-10-31T08:04:33.000Z,2025-10-31T09:12:31.000Z,65e7ccaa6aeee24b9f8b387e9b20a9968a24b7b1,2025-10-31T08:11:50.000Z,2,200,2,0,RESOLVED,True,0.047199074074074074
deneve07/pharma-quiz-generator,b30d7cb75092adc149d9a99195fd9ef612cc3c4d,200,1,107,2026-03-11T00:44:32.000Z,2026-06-17T06:24:48.000Z,ecb21cb170a68952cff1f73d2979033feda51b74,2026-03-11T00:45:04.000Z,2,200,2,1,RESOLVED,True,98.2362962962963
dhanushshenoyh/study_assistant,0513114506179364a73e9da565031e554a43b9ea,200,1,3,2026-05-10T12:02:26.000Z,2026-05-10T12:15:51.000Z,94c2e6fe859e23de674d2be63c88632d23084755,2026-05-10T12:15:18.000Z,2,200,3,2,RESOLVED,True,0.00931712962962963
dhivakar/my-study-assistant,3db94ad687ab258fb914cbe49995f7299ea481d8,200,1,5,2026-07-21T10:57:19.000Z,2026-07-21T11:21:02.000Z,8d791ce02c7f9ae4bfaff6bd244950f7ce86c3fa,2026-07-21T11:00:30.000Z,2,200,2,1,RESOLVED,True,0.01646990740740741
dikshita0503/pdf-to-quiz-generator,1715db5bdd7637f83b78e6ca102437e4e36111a3,200,1,16,2026-03-24T05:42:51.000Z,2026-03-25T02:45:22.000Z,d00e76aea55ab32d3385c3344b94e772df2fa070,2026-03-24T05:42:51.000Z,1,200,3,0,RESOLVED,True,0.8767476851851852
dineshstark7/StudyAssistant,083fc88a7a2b74f65ceab84c5f322969dcec0238,200,1,3,2026-07-20T18:32:33.000Z,2026-07-20T18:33:32.000Z,6ba4eca00cefb73c8730d4f5c49c035bc4b7410f,2026-07-20T18:32:33.000Z,1,200,2,0,RESOLVED,True,0.0006828703703703704
dinu143/Study-Assistant,d2bd3f21f2b14cfcd4367eae6e6a74b63587bfe7,200,1,2,2026-07-05T08:11:32.000Z,2026-07-05T08:17:05.000Z,d2bd3f21f2b14cfcd4367eae6e6a74b63587bfe7,2026-07-05T08:17:05.000Z,2,200,3,2,RESOLVED,True,0.0038541666666666668
djaber15/ai_tutor,35414228090c890e0b44eb0e279fec1b70d2847f,200,1,12,2024-07-04T11:09:39.000Z,2024-07-05T20:44:47.000Z,d0443db216f920042c07e0473ccaf2fc3c8244cd,2024-07-04T11:09:50.000Z,2,200,10,0,RESOLVED,True,1.3993981481481481
doudoug1/educational-chatbot,56d524541bd010ab93ad4ef1825411b9be61b4f4,200,1,11,2025-02-27T18:35:34.000Z,2025-03-20T04:03:39.000Z,2f221dc98ff4a53dfb220bc512703ed34f43ef14,2025-02-27T18:40:13.000Z,2,200,2,1,RESOLVED,True,20.394502314814815
echarif/education_chatbot,270d7630d819cba92331f5f4c2a8b1afa8e9835d,200,1,14,2025-05-23T13:58:04.000Z,2025-07-01T09:46:45.000Z,3846fcf92e48d1fedf0543819175ab7fc71d44e6,2025-05-23T14:00:05.000Z,2,200,2,1,RESOLVED,True,38.82547453703704
educationAI/education-ai-study-assistant,e08a01458de6852be186dd599f47190fb1202730,200,1,2,2025-09-03T12:55:52.000Z,2025-09-03T12:55:53.000Z,fe0f1d81d7b5add5f70580ff2fdf9e65122474ba,2025-09-03T12:55:52.000Z,1,200,2,1,RESOLVED,True,1.1574074074074073e-05
ekantabanik/Tutor_Ai,324b6dbbbfe00c393de768abf4d3b49a0be41ecb,200,1,2,2026-07-21T09:04:03.000Z,2026-07-21T10:35:15.000Z,324b6dbbbfe00c393de768abf4d3b49a0be41ecb,2026-07-21T10:35:15.000Z,2,200,10,1,RESOLVED,True,0.06333333333333334
ekerin/german-tutor-chatbot,e00a1ed1ce60bce2c5a18e7e03a83b468dc46746,200,1,2,2025-09-02T13:46:24.000Z,2025-09-02T13:46:25.000Z,bfbc55f0fc12e3a73e60d9a6fd2ca79c74dfa01b,2025-09-02T13:46:24.000Z,1,200,2,1,RESOLVED,True,1.1574074074074073e-05
ekerin/german-tutor-chatbot-v2,02ffe82e7c72b47c5da475b4ed0f47c85f6e5eff,200,1,5,2025-09-02T13:57:06.000Z,2025-09-02T14:53:32.000Z,7eb42fa4c1d9f8355498d629f31c7b01c33d588f,2025-09-02T14:30:33.000Z,2,200,3,2,RESOLVED,True,0.039189814814814816
elsi29/Quiz-Generator-NLP,3879097259e168ca8f516a1f968d1901dd206015,200,1,14,2026-06-27T12:11:42.000Z,2026-06-27T13:36:26.000Z,8084d7e011c6ecf0062f132631e46fa4dc444d98,2026-06-27T12:26:54.000Z,2,200,3,0,RESOLVED,True,0.05884259259259259
elsi29/Quiz-Generator-TextPy,68be0177ee87807bff35cc140ce582cf8d128a6d,200,1,15,2026-06-28T14:42:44.000Z,2026-06-28T15:53:11.000Z,6225483595ae4232e128798450fe9784e1682db5,2026-06-28T14:47:54.000Z,2,200,3,1,RESOLVED,True,0.04892361111111111
emanramadan/Tutor_Chatbot,ea45a8e2616ed0ef7b7c0a05ad2ba7fd20600e4f,200,1,22,2024-12-15T18:16:51.000Z,2026-02-10T15:56:59.000Z,3f7f6ec42746e010e87be1c5277a01d3005b2fc9,2024-12-15T18:17:44.000Z,2,200,2,1,RESOLVED,True,421.90287037037035
emanramadan/Tutor_Chatbot_,bd351a298e84c838c4cda5a0d006c63a6b774d35,200,1,27,2024-12-15T18:16:51.000Z,2026-02-10T17:28:10.000Z,3f7f6ec42746e010e87be1c5277a01d3005b2fc9,2024-12-15T18:17:44.000Z,2,200,2,1,RESOLVED,True,421.96619212962963
emashahzad/StudyAssistant,f2506996d3a2d1022de0a6869d8607b98184bf0c,200,1,4,2026-02-12T08:33:25.000Z,2026-02-12T09:27:43.000Z,2d0083507ed9a782e73a3d5685bba8f2381109b3,2026-02-12T08:33:49.000Z,2,200,3,2,RESOLVED,True,0.03770833333333334
engrsalman/Educational-AI-Chatbot,15f338cee54ee31319cdf7bf1710f0b59cc16bfa,200,1,8,2024-11-20T09:48:30.000Z,2024-11-21T09:51:47.000Z,4e85d4a07ff7c7168b3f9c48d3e4e09c88aabac0,2024-11-20T09:49:37.000Z,2,200,2,1,RESOLVED,True,1.0022800925925925
eoinmcg/ai_tutor,fdab0e7164447c062526cd3e2c96c7d58832ec72,200,1,4,2025-02-18T07:51:35.000Z,2025-02-18T09:38:38.000Z,869b0569cba57f5fddb2cb60c1bc8cdea93d411e,2025-02-18T07:51:35.000Z,1,200,3,1,RESOLVED,True,0.07434027777777778
fabeha-raheel/ai_study_assistant,a621d07bc91a9a435f27745abe6c1ed0db52d360,200,1,4,2025-11-14T15:37:46.000Z,2025-11-14T15:41:18.000Z,ff4c42ffbabe8bc3a55fa7a91fb408f4825ce748,2025-11-14T15:38:30.000Z,2,200,2,1,RESOLVED,True,0.0024537037037037036
fahadsiddiqui337/AI-education-chatbot,e7459a7be7e35afd13eaf5c8a74ccd81b36a8d5f,200,1,11,2025-02-24T08:53:09.000Z,2025-02-24T10:05:50.000Z,ab7b5e1c992c8244fcbc911f2decdd344f4fc74a,2025-02-24T09:47:19.000Z,2,200,3,2,RESOLVED,True,0.05047453703703704
fatymah12/AI_Quiz_Generator,a4d26ce2fff7c6ef3e0c20dc31251b43715b0804,200,1,6,2026-04-10T10:50:51.000Z,2026-04-10T10:59:01.000Z,865e0b080af8d0e792dd8ba73d114d430714a16c,2026-04-10T10:53:39.000Z,4,200,2,1,RESOLVED,True,0.005671296296296297
firobeid/AI_Tutor,1fc0f9c5c2307a22e61269960826bd6cae5b257d,200,1,9,2025-02-12T01:49:16.000Z,2025-02-12T05:55:13.000Z,593d600ff767f4b4352452325265d016b3eb5b2f,2025-02-12T02:14:48.000Z,2,200,2,1,RESOLVED,True,0.1707986111111111
fizailyas783/smart-study-assistant,010a835f56ac3056ec2472f03fd81ef1a7f4b398,200,1,3,2026-04-23T07:48:41.000Z,2026-04-23T07:59:37.000Z,2526e3416d61b885e2efffde6bbbce4028fa8b3f,2026-04-23T07:53:19.000Z,2,200,3,2,RESOLVED,True,0.007592592592592593
flexfitfury9/Ai_educational_platform,71e023b1f75bdb7ec983df475b856aae9d6fb197,200,1,16,2026-01-05T17:59:18.000Z,2026-01-05T19:28:59.000Z,8d05cec7f9a912d6c3c1722e5730356db71017e7,2026-01-05T18:00:15.000Z,2,200,10,0,RESOLVED,True,0.062280092592592595
flexfitfury9/ai-educational-platform,77b07802071359bb0390cf760c2521316453921c,200,1,6,2026-01-05T16:04:16.000Z,2026-01-05T17:52:22.000Z,3d1ee5c4a7004fed969c99cf79a73821d770eb9c,2026-01-05T17:39:58.000Z,2,200,2,1,RESOLVED,True,0.07506944444444444
forWard666/AL_TEACHING_ASSISTANT,b869c878be4c0c2da8ea71b5998b976470550665,200,1,2,2024-07-16T08:06:32.000Z,2024-07-16T08:06:32.000Z,b869c878be4c0c2da8ea71b5998b976470550665,2024-07-16T08:06:32.000Z,1,200,3,1,RESOLVED,True,0.0
gaurav9821/AI-language-Tutor,317eb6727de39aa118cad93285b1c8afb931c689,200,1,9,2026-01-29T15:22:45.000Z,2026-01-31T06:11:54.000Z,48424d055a8a32ed163c4197a068ea4647903ab2,2026-01-29T15:28:32.000Z,3,200,2,0,RESOLVED,True,1.6174652777777778
geekaijosh/Agent_AI_Tutor,1f36f0f95d443c554275b5eff782c4f218d1e7cf,200,1,79,2025-06-22T16:00:32.000Z,2025-06-24T03:12:03.000Z,84ffd356db2ed3098d73a026c853d9e409e8b043,2025-06-22T16:00:32.000Z,1,200,3,1,RESOLVED,True,1.4663310185185185
gneya/educational_chatbot,903da8feeb36bfd4358f208f24829cd57678f564,200,1,4,2024-05-29T08:59:01.000Z,2024-05-29T09:11:36.000Z,e322dc397ca355590ecf14e0158626585c699e79,2024-05-29T08:59:32.000Z,2,200,2,1,RESOLVED,True,0.008738425925925926
gobikrishna87/TechBytz-AI-Tutor,c4a3d1ac72e86376bff764f11bfa64809be1a142,200,1,8,2026-06-22T12:44:04.000Z,2026-06-22T13:06:19.000Z,be7eb90c335d733d406368df60f72e7af32edb1e,2026-06-22T12:46:07.000Z,2,200,2,0,RESOLVED,True,0.01545138888888889
google/rad_learning_companion,98f7a3cbd27935b8111b5551ca7deb0c7d784fcf,200,1,6,2025-07-09T13:02:49.000Z,2025-12-26T10:25:24.000Z,81cdd5ffdcecd1ce5522821c69897082d7b8ad72,2025-07-28T15:45:04.000Z,2,200,10,1,RESOLVED,True,169.89068287037037
gopichand55k/StudyAssistant,4b4c73d6db2021e3073df753c869c3c2f106cec4,200,1,2,2026-04-18T05:26:48.000Z,2026-04-18T05:41:28.000Z,4b4c73d6db2021e3073df753c869c3c2f106cec4,2026-04-18T05:41:28.000Z,2,200,3,2,RESOLVED,True,0.010185185185185186
gouravbathla/Language_Tutor,83d0da5560e6c63d63a8e21047985863bd7602a2,200,1,7,2026-06-05T09:06:48.000Z,2026-06-05T09:53:46.000Z,aa48c8572aaee06ad17fedd1eecda2fdf623c855,2026-06-05T09:41:52.000Z,2,200,5,3,RESOLVED,True,0.032615740740740744
gr3g0r-i/quiz-generator,5c306726a3754c029c6d80da5e5fe63d69192bb8,200,1,7,2025-05-31T13:41:03.000Z,2025-05-31T14:47:50.000Z,3cf612b1e2f2363ab774e66e5cfdd36be2fd4573,2025-05-31T13:52:38.000Z,2,200,2,1,RESOLVED,True,0.046377314814814816
guddolla/AI_TUTOR,efe1bc0b0cf14d1e49c5499f7a875f342bdcc6f8,200,1,3,2026-07-08T07:50:15.000Z,2026-07-08T08:14:52.000Z,62aa704e4843fed394c66be32443409052f11024,2026-07-08T07:50:15.000Z,1,200,3,0,RESOLVED,True,0.017094907407407406
guddolla/ai.tutor,ebf7b57ff0347bef39d1c9a14ccbd978f5ce2b76,200,1,4,2026-07-08T08:24:05.000Z,2026-07-08T08:28:11.000Z,4bdec07efc241873a1d5ffd0f60ce4fbbbc2b3ea,2026-07-08T08:24:05.000Z,1,200,3,0,RESOLVED,True,0.0028472222222222223
habiba-elshrkawy/quiz-generator,7edc5b5e5ef45baa07d80a6ab61b1cdfee49d13a,200,1,18,2026-06-11T10:05:44.000Z,2026-07-05T12:53:34.000Z,ecb83d43c6af5d5270c78136db661ff80710d872,2026-06-11T10:16:11.000Z,3,200,4,1,RESOLVED,True,24.116550925925925
hackmisty123/hack-misty-ai-tutor,d770c800009f2ac2a90476a1c2551e5ccdc7d223,200,1,25,2026-06-18T23:44:49.000Z,2026-06-19T01:03:31.000Z,0bcde7c8587a32b5f8dd41e619787b40b3c8c40e,2026-06-18T23:45:26.000Z,2,200,2,0,RESOLVED,True,0.05465277777777778
haiderijaz/mock-quiz-generator,8505110bfeacdab1fbbd651407701fa2fe0676a6,200,1,33,2025-07-23T17:36:48.000Z,2025-07-23T19:33:27.000Z,153471f7461e12283952563db039deb0508e28ad,2025-07-23T17:37:12.000Z,2,200,2,0,RESOLVED,True,0.08100694444444445
harika-donthula/my-study-assistant,76c5491507c9368617749706f1c70509d933902b,200,1,3,2026-07-04T20:22:21.000Z,2026-07-04T20:28:28.000Z,98e5081cab8a538e1496dc6d2264958606f42a17,2026-07-04T20:26:44.000Z,2,200,3,2,RESOLVED,True,0.004247685185185185
harikagajjala/AI_TUTOR,249e053244a938dad16a24c5f849a1efee152def,200,1,4,2026-07-06T08:01:03.000Z,2026-07-06T09:50:39.000Z,bf558537c21db78215d1a2f1fa710564fd95daac,2026-07-06T08:03:01.000Z,2,200,2,1,RESOLVED,True,0.07611111111111112
harsha17v/StudyAssistant,dbe77f9f750b747460f5024e011abe12efa72397,200,1,2,2026-07-20T11:37:25.000Z,2026-07-20T11:44:22.000Z,e9c52c1d953d7680bd29b02309cc3ca0b1ad0d07,2026-07-20T11:37:25.000Z,1,200,2,0,RESOLVED,True,0.004826388888888889
harshj0506/teachingAssistant,d54a6613f66ca87780254c1b38663a9fee8a3d6d,200,1,9,2024-06-14T08:58:47.000Z,2024-06-25T16:15:03.000Z,d4690aa57cae31fe7651d61152f30685bb0b2594,2024-06-14T09:00:13.000Z,3,200,2,0,RESOLVED,True,11.302962962962964
harshu07/ai_tutor,a3748da889d7ef5549f051cd55d4476a19afc343,200,1,2,2025-02-08T04:33:17.000Z,2025-02-08T04:33:17.000Z,a3748da889d7ef5549f051cd55d4476a19afc343,2025-02-08T04:33:17.000Z,1,200,3,1,RESOLVED,True,0.0
hasithmutha/quiz-generator-ai,12a6edd4b88f58604e33f259d7d0bc7e9da2ee9f,200,1,2,2025-04-19T13:24:13.000Z,2025-04-19T13:24:14.000Z,70e769cd8a6788931a34d7a2f00b644bbe83fb3a,2025-04-19T13:24:13.000Z,1,200,3,1,RESOLVED,True,1.1574074074074073e-05
hussainzaidi/AI-Teaching-Assistant,536f7baea3d842679032a167269c56fe2c8770e0,200,1,2,2025-09-22T08:54:46.000Z,2025-09-22T08:58:15.000Z,536f7baea3d842679032a167269c56fe2c8770e0,2025-09-22T08:58:15.000Z,2,200,3,2,RESOLVED,True,0.0024189814814814816
husseinhug321/Study-Buddy-AI-Learning-Assistant,fd9a04a64870e87f991ec5f94485642b2e739933,200,1,16,2025-02-24T18:08:49.000Z,2025-04-01T03:20:32.000Z,6f5ce4c1debca80db6011deeb054678128bc7b2e,2025-02-24T18:12:08.000Z,2,200,5,1,RESOLVED,True,35.38313657407407
hyder-ali/ai_tutor,e0ee12642c148b751be54349563d6720b3a3bee0,200,1,6,2024-12-27T12:56:31.000Z,2024-12-27T14:07:12.000Z,330cdbeeb92424b2a6b19b2bc73cb1afb9c3a627,2024-12-27T12:57:20.000Z,2,200,2,1,RESOLVED,True,0.04908564814814815
iamyash222/studyAssistant,9aae886b43ecddb443ea7621ca1cdd170c74fa38,200,1,2,2026-07-07T08:05:23.000Z,2026-07-07T08:06:09.000Z,9aae886b43ecddb443ea7621ca1cdd170c74fa38,2026-07-07T08:06:09.000Z,2,200,3,2,RESOLVED,True,0.0005324074074074074
ifaundezf/estudiapp-quiz-generator,a1d468c6cbf4bb884c21bde6103b4606d3124697,200,1,5,2025-04-30T01:37:34.000Z,2025-04-30T01:44:42.000Z,4b8736bba1a8480749c04618ab1dd32e72e421d4,2025-04-30T01:40:32.000Z,2,200,2,1,RESOLVED,True,0.004953703703703704
iju123/Quiz_Generator,b07d36ab3082ac3618b67fbe58fe97781964c710,200,1,5,2025-08-25T06:44:13.000Z,2025-08-25T07:14:10.000Z,98e7b1d39241957521bebeffdac50c447c95f91c,2025-08-25T06:46:13.000Z,2,200,2,1,RESOLVED,True,0.02079861111111111
ilangs/AI_Math_Tutor,8dfc0bc33a192962967b115bf8a0e04852d8ecf9,200,1,9,2026-03-13T07:04:12.000Z,2026-03-14T03:58:07.000Z,627b67b25eea6f7ea3733cc74d3a142d7027b692,2026-03-13T07:04:12.000Z,1,200,10,2,RESOLVED,True,0.8707754629629629
ilsa15/educational_chatbot,8eebb1abc47fd9dfaaf1c13b157502d9e0252725,200,1,7,2025-07-11T19:57:37.000Z,2025-07-11T20:18:08.000Z,fd48d70c81ab48fb2efa2cc5d8d655545ed47846,2025-07-11T19:58:18.000Z,2,200,2,0,RESOLVED,True,0.014247685185185184
ishanmm0410/rag-quiz-generator,b3cd2a212f56b0acbf641a0700c437f9dc9b1b7d,200,1,8,2026-04-27T01:54:19.000Z,2026-04-27T02:23:51.000Z,e7e6d3d08012560a4c2eacb57bf6164a8e60beb9,2026-04-27T01:54:19.000Z,1,200,6,2,RESOLVED,True,0.02050925925925926
isreyas/Study_Assistant,4a0bfe3328f445b633eb4bf3b797bd155aa0c591,200,1,17,2026-07-05T05:54:05.000Z,2026-07-05T06:37:28.000Z,29656ba06d7441cf8c3bcabcdca523a826e32c68,2026-07-05T05:56:09.000Z,2,200,2,1,RESOLVED,True,0.030127314814814815
itsh4r01/AI-Quiz-Generator,c560a85b2c890efbaf8cbe1c397e2e7d0e9957c0,200,1,15,2026-07-21T09:47:05.000Z,2026-07-22T01:47:20.000Z,a98fbe42a8e9aa38ce45fab2c3850e907c1a2050,2026-07-21T09:55:29.000Z,2,200,2,1,RESOLVED,True,0.6668402777777778
jakeeeeeeee/my-study-assistant,5f492483f000c061d43572bdb09a728224690451,200,1,3,2026-08-02T10:35:24.000Z,2026-08-02T10:52:14.000Z,c3e1259394fc6d83699cf0a477f8358627871e1d,2026-08-02T10:40:48.000Z,2,200,3,2,RESOLVED,True,0.011689814814814814
jayeshjachak/Study_Assistant,f604f53a79973e6b458d9b3a837605258669ce1d,200,1,12,2026-04-13T09:25:30.000Z,2026-04-13T15:08:09.000Z,7cf792cf66d8d3fc0b44d03f4e4bd386d791bac9,2026-04-13T09:29:51.000Z,2,200,3,2,RESOLVED,True,0.2379513888888889
jdbolter/language-tutor,6683a3a530436b493c9bc352552d5b01e8a8fec0,200,1,12,2025-06-20T01:20:03.000Z,2025-06-25T18:01:35.000Z,244b8f2fc6907b5f14180426505072f061b0bc20,2025-06-20T01:28:34.000Z,2,200,3,1,RESOLVED,True,5.695509259259259
jee-ai-tutor/jee-ai-tutor-app,55f05f630ba280cf3585f5c65df883d9af0ccd63,200,1,4,2026-06-10T08:25:00.000Z,2026-06-10T08:39:25.000Z,8f9a8bb78bcd0ac1f2560369adbe0591900680f7,2026-06-10T08:27:23.000Z,2,200,2,0,RESOLVED,True,0.010011574074074074
jenny-yuu/english-teaching-assistant,d521f605d4f77e20363b454f43e369a41ac63295,200,1,5,2025-10-19T17:59:34.000Z,2025-10-19T18:35:13.000Z,718ba4c7d552ba58324f88f86d826b3ca3de734c,2025-10-19T18:04:51.000Z,2,200,3,2,RESOLVED,True,0.024756944444444446
jeyabala2905/12th-biology-ai-tutor,0513871024e80aedf79a2fe51c9e81299af393bd,200,1,5,2026-06-25T15:12:00.000Z,2026-06-25T16:02:45.000Z,877bcd39ed45aa4ceac9b417c89a7e71e5022346,2026-06-25T15:20:08.000Z,2,200,2,1,RESOLVED,True,0.035243055555555555
jimmyyzz/Quiz_Generator,2c8d274f0ee792c827d886acc4b0dc133d106c99,200,1,14,2026-02-07T10:05:27.000Z,2026-06-23T03:35:59.000Z,69fca7ab09c3fefaf9e3c6c23f30169a3c63b06f,2026-02-07T10:29:32.000Z,2,200,6,1,RESOLVED,True,135.72953703703703
jlazoflores/Language_Tutor,99280c86e75619b7ff9a7004d0801b461f329fbc,200,1,18,2025-11-18T15:27:57.000Z,2026-07-06T09:44:24.000Z,4b9febd5949cb2b2902ff989f304036e78744b5e,2025-11-18T16:53:13.000Z,2,200,5,2,RESOLVED,True,229.7614236111111
john-supplychain/cpim-ai-tutor,94291b6839b643496a8d84d99cc2d8d551c60807,200,1,18,2026-06-01T07:08:35.000Z,2026-06-27T15:36:48.000Z,2ad88eceae69647262977116492debfc5767be95,2026-06-01T07:08:35.000Z,1,200,3,0,RESOLVED,True,26.35292824074074
jonowrenn/cs-study-assistant,adb0a2fb2e4dffc1350bcc17a78f412316a0e5db,200,1,7,2025-08-12T22:22:03.000Z,2026-03-24T22:02:37.000Z,2149ac3dc9ca24b31a32c50ad3082e3ebceeabad,2025-08-12T22:33:26.000Z,2,200,3,1,RESOLVED,True,223.98650462962962
jsilbersky/AI-language-tutor,45481300487d07641fa624d460992f48c0ca3fee,200,1,14,2025-04-28T18:37:54.000Z,2025-04-28T21:20:16.000Z,9a408def473ad1500328c6fcac9bc9fd3aa93f3b,2025-04-28T18:45:05.000Z,2,200,2,0,RESOLVED,True,0.11275462962962964
jyoti210303/quiz-question-generator,4a0f52b7f1b24af957993fd8bb7ef2b460ebd7c9,200,1,2,2025-08-18T17:30:40.000Z,2025-08-18T17:33:03.000Z,4a0f52b7f1b24af957993fd8bb7ef2b460ebd7c9,2025-08-18T17:33:03.000Z,2,200,2,1,RESOLVED,True,0.0016550925925925926
kalai1915/AI-Tutor-Image-Gen,788a018a194353207177065597a472e4c6ecd08b,200,1,3,2025-03-04T04:20:44.000Z,2025-03-04T05:09:49.000Z,10114eceba167dd83183a2974edff4b1f65e1e60,2025-03-04T04:30:05.000Z,2,200,2,0,RESOLVED,True,0.03408564814814815
kanagaraj/StudyAssistant,2350a3807d930d19677ea8b86a04ae7a9a3630b6,200,1,9,2026-08-07T05:55:25.000Z,2026-08-07T06:29:54.000Z,49dab4917f675b65105bfd49000c36d7429dfb74,2026-08-07T06:06:57.000Z,2,200,3,2,RESOLVED,True,0.023946759259259258
karibubybsf/ai_tutor,dcf5304fe7927ae4feae39963e8126cc2e9be866,200,1,28,2024-12-18T12:50:56.000Z,2025-08-25T10:30:24.000Z,c450a86aab85dfd6665d3d076eefb09cb2688ebc,2024-12-18T13:06:20.000Z,2,200,4,1,RESOLVED,True,249.9024074074074
karibubybsf/ai_tutor_v2,90783743dd9f47b4879d75ae20e8e344ed024b20,200,1,58,2024-12-18T12:50:56.000Z,2025-03-10T17:16:44.000Z,c450a86aab85dfd6665d3d076eefb09cb2688ebc,2024-12-18T13:06:20.000Z,2,200,4,1,RESOLVED,True,82.18458333333334
karibubybsf/ai_tutor_v3,b8b01f861549b8dc6f524c5edca7b98170fb4c5b,200,1,64,2024-12-18T12:50:56.000Z,2025-03-12T14:28:08.000Z,c450a86aab85dfd6665d3d076eefb09cb2688ebc,2024-12-18T13:06:20.000Z,2,200,4,1,RESOLVED,True,84.0675
kastan/ai-teaching-assistant,bfad9ae262c5b80b0281c5b04ca30068fcabbe53,200,1,19,2023-03-31T02:19:49.000Z,2023-04-07T17:45:26.000Z,36cfe46281a7ec1c6fd9430bfaafdb587d6926e4,2023-03-31T02:21:41.000Z,2,200,2,0,RESOLVED,True,7.642789351851852
kastan/ai-teaching-assistant-beta,6903e33c10053bc9e2457718c84b133ccdd88f36,200,1,10,2023-03-31T16:00:59.000Z,2023-03-31T17:18:02.000Z,493fae21cd9ed47b0f7da0329f520e2b2cc8f47d,2023-03-31T16:03:46.000Z,2,200,4,0,RESOLVED,True,0.05350694444444445
kavyasri0821/AI_Converstational_Data_Science_Tutor,d744122871c40542b9bc8c641b337c004257a9e0,200,1,5,2025-03-23T12:51:02.000Z,2025-03-23T13:32:26.000Z,c7da853994abfaa84aa8d71522c157cd0297a831,2025-03-23T12:57:42.000Z,2,200,2,0,RESOLVED,True,0.02875
ke955/smm2-course-generator,667d62c15935550f40bc31ca4dc9b77728649e82,200,1,5,2026-04-13T10:48:15.000Z,2026-04-16T09:57:33.000Z,dadec55a4f6d0b7cb2e699013de4fc8645a5433e,2026-04-13T10:51:30.000Z,2,200,2,1,RESOLVED,True,2.9647916666666667
khankashif/education_assistant_chatbot,38a2f02de7bb3c8a9c011c9f9708f2927b94dc8b,200,1,4,2025-02-18T11:32:11.000Z,2025-02-18T11:35:47.000Z,70a0e1f8339fd542cb8a97beed03827803f53f70,2025-02-18T11:33:05.000Z,2,200,2,1,RESOLVED,True,0.0025
kinely/Study-Assistant,36325cc57ec0c033d2336981d37439a864f89d80,200,1,7,2024-11-25T05:06:42.000Z,2024-11-25T06:37:26.000Z,f4947f0576279ed67e7df8e95ee7d45e1d3a6950,2024-11-25T05:15:35.000Z,2,200,2,1,RESOLVED,True,0.06300925925925926
king011/AI-quiz-generator,16aaa0ef245f5463fe427767e434a3f4d1917222,200,1,3,2025-02-27T09:39:01.000Z,2025-02-27T09:42:44.000Z,a1366ba1b8e617dd70f17561c276e328d613cc53,2025-02-27T09:39:01.000Z,1,200,3,1,RESOLVED,True,0.0025810185185185185
kodamkarthik281/AI_Conversational_Tutor,c961811a4c604f36f8eeebe47b3d852643e2d054,200,1,10,2025-03-24T18:15:56.000Z,2025-05-13T07:38:50.000Z,8f1bfb7ea10098a2be3144f135d815685f67ba03,2025-03-24T18:18:15.000Z,2,200,3,1,RESOLVED,True,49.55756944444445
kollalekhan/StudyAssistant,3b9c18485094d324b82ffc4a3a4e71828cc2ff39,200,1,5,2026-08-13T17:03:13.000Z,2026-08-13T17:16:40.000Z,4771738c9a1e7799af34fc5644dea7c69bca614c,2026-08-13T17:03:13.000Z,1,200,2,0,RESOLVED,True,0.009340277777777777
kousarshaik/AI_TUTOR,ddf0d5c29b62753d45c06c0f7868279b71ba4119,200,1,4,2026-07-03T08:14:11.000Z,2026-07-03T10:06:05.000Z,e69e4b60e27e6108598742edce259927db05db8d,2026-07-03T09:36:59.000Z,2,200,2,0,RESOLVED,True,0.07770833333333334
kr1shnasharma/academic-tutor-ai,377ee313cf5b0a9ef7661549a5fb23da0af02e24,200,1,6,2026-06-23T13:14:53.000Z,2026-07-08T16:12:51.000Z,2a18e19e9f55893add07b90743694f0a9a87d21d,2026-06-23T13:14:53.000Z,1,200,10,2,RESOLVED,True,15.123587962962963
kr1shnasharma/swp1-academic-ai-tutor,1d237950cda1aeab4f32310edca55e5aa2427a1e,200,1,41,2026-04-12T11:17:20.000Z,2026-04-13T17:20:13.000Z,8a1093332f1335febb7eb17e59dedfff2bba17b0,2026-04-12T11:17:22.000Z,2,200,5,2,RESOLVED,True,1.2520023148148147
krishala/TutorChatbot,a5510bc44b20f7ca3266c93d53e916616da7366d,200,1,10,2025-12-09T07:51:07.000Z,2025-12-09T08:05:23.000Z,5d44e425d9a7955f4974426bc10a96d38570251d,2025-12-09T07:51:07.000Z,1,200,3,0,RESOLVED,True,0.009907407407407408
krishnachaithanya26/StudyAssistant,e1646cdbe837e938ae39d13dd1bf64702dd90cc3,200,1,7,2026-02-25T08:33:18.000Z,2026-02-25T08:50:42.000Z,3130ae9c21eef7bfc29c3bb159506c0f8c5c14d7,2026-02-25T08:39:57.000Z,2,200,3,2,RESOLVED,True,0.012083333333333333
kunalhugface/Football_Tutor_Chatbot,521ff99d1f024eda41ae16004951ac7d343589e7,200,1,14,2026-05-19T12:11:50.000Z,2026-05-19T13:32:11.000Z,e84299280aed2ea347a0d8b7f770dcba63aaf2d1,2026-05-19T12:11:50.000Z,1,200,3,0,RESOLVED,True,0.05579861111111111
kundan857/StudyAssistant,72394b54b77aeccafe18269aa0634bf30f964c23,200,1,5,2026-05-08T04:55:38.000Z,2026-05-08T05:25:17.000Z,ef41d22aeecb2f71fe8efd02e1c73a78293f917e,2026-05-08T05:00:42.000Z,2,200,3,2,RESOLVED,True,0.020590277777777777
lekhankolla/StudyAssistant,e26c709e9b254928ac32d9524c8d9fbc91ec10d2,200,1,4,2026-08-13T17:31:56.000Z,2026-08-13T17:38:34.000Z,3d608aeadd3d4650d6e1abe64c330216057d75ff,2026-08-13T17:31:56.000Z,1,200,2,0,RESOLVED,True,0.004606481481481481
louiecerv/problem_solving_ai_tutor,4a228f8b45069491067516f2df8c5b53ca1a576b,200,1,14,2025-02-28T07:07:42.000Z,2025-03-10T02:25:16.000Z,f28ca6486181dfcef504bc5047e0a8c428612867,2025-02-28T08:32:35.000Z,2,200,3,2,RESOLVED,True,9.80386574074074
lynnnnrz/ai-teaching-assistant,9ea16ceb7a305fd6f098fa06f0c65f456e9d234d,200,1,10,2025-04-25T23:35:10.000Z,2025-04-26T01:32:57.000Z,8fe50ee1144e7770398710848711332b25a71c3a,2025-04-25T23:41:04.000Z,2,200,7,2,RESOLVED,True,0.08179398148148148
lynnnnrz/ai_teaching_assistant,eb4cabe9f328d17f81ba8181b70f7110c89b109c,200,1,2,2025-04-25T21:07:09.000Z,2025-04-25T21:44:11.000Z,eb4cabe9f328d17f81ba8181b70f7110c89b109c,2025-04-25T21:44:11.000Z,2,200,6,1,RESOLVED,True,0.025717592592592594
maheshj90/StudyAssistant,88de989f9ba8da6fb741c81cfd8fbc18d0a3e8b3,200,1,2,2025-12-09T14:58:28.000Z,2025-12-09T15:03:25.000Z,88de989f9ba8da6fb741c81cfd8fbc18d0a3e8b3,2025-12-09T15:03:25.000Z,2,200,3,2,RESOLVED,True,0.0034375
maria355/Ai_teaching_assistant,e84528c430fccf87b0de1c4727d89a525729975b,200,1,51,2025-04-30T18:28:41.000Z,2026-03-27T20:38:19.000Z,3a62c951aec8a9b155534c11cb07d189fc9e5be3,2025-04-30T18:29:27.000Z,2,200,2,1,RESOLVED,True,331.09002314814813
maria355/Quiz-Generator,ce9d006894fa756f854d6c59a90beb77b0db1af6,200,1,9,2025-04-26T18:12:30.000Z,2026-03-27T20:41:38.000Z,dff3d2210202c14f579860ef2d3692a92cdca9da,2025-04-26T18:12:57.000Z,2,200,3,0,RESOLVED,True,335.10356481481483
marty331/AI_Tutor,e1cbad0923781f6d17d16770a3a962694fe766ee,200,1,14,2024-11-09T09:29:15.000Z,2025-01-08T17:57:04.000Z,db28e1f5177b1bc2e81edff4b976fc8ae50600d2,2024-11-09T09:29:15.000Z,1,200,3,2,RESOLVED,True,60.35265046296296
mashetti-17varshitha/AI_tutor,9b35acc1e2b465c522a980ef6cde7865514be1a2,200,1,4,2026-07-06T08:00:23.000Z,2026-07-06T08:10:15.000Z,701a9ef7486350ccb44a98d7c80523712c100667,2026-07-06T08:06:40.000Z,2,200,2,0,RESOLVED,True,0.006851851851851852
mattdotvaughn/reachy_mini_language_tutor,be6f97fb904b64288472f059a1a158a234e8e459,200,1,410,2025-09-01T12:13:39.000Z,2026-01-05T13:05:48.000Z,3131859670c1b5f8b84f28a8b0bcb20b95efb228,2025-09-01T12:13:39.000Z,1,200,2,0,RESOLVED,True,126.03621527777777
mayankjen/AI-Powered_Teaching-Assistant,71d25d0bccb332ac9c79aecb64d0e96f05f232a9,200,1,6,2024-06-30T01:10:23.000Z,2024-07-21T05:23:55.000Z,0d33e3e2eb13c311184d5731036a921162b3644d,2024-06-30T01:10:58.000Z,2,200,3,1,RESOLVED,True,21.176064814814815
mehakkhan/Kaggle_Study_Assistant,12d44b9b1fde2e8296cd205e5fc3cddbbbe31bd3,200,1,20,2025-05-07T13:19:15.000Z,2025-05-08T15:18:14.000Z,6b1e99e5fdbb6ac279313d2329cc0afcee46caef,2025-05-07T13:23:01.000Z,2,200,2,1,RESOLVED,True,1.082627314814815
mehwishafsa/education_chatbot,fb79756cd1f7d85143704ad4997751f922d38065,200,1,16,2026-06-25T05:28:22.000Z,2026-06-25T06:12:18.000Z,f89cead9cd95acd5c46c8a7ef40ae8be265eec0f,2026-06-25T05:30:04.000Z,2,200,2,1,RESOLVED,True,0.03050925925925926
mercLH44/new-ai-tutor,f1b1699e16fe077f8a2dcfe5555cdf033c8facb7,200,1,3,2024-10-02T15:48:02.000Z,2024-10-02T15:52:25.000Z,189440f1ac0d443586181974f768ecd82f595a06,2024-10-02T15:51:33.000Z,2,200,2,1,RESOLVED,True,0.0030439814814814813
midlajvalappil/AI-Powered-YouTube-Transcript-Tutor,8ea7b7abb907223885cac08f1659c9d60a0e1e90,200,1,6,2025-07-17T19:50:37.000Z,2025-07-17T19:57:38.000Z,d8b23b0b8ac6c4ed9670c3ce560ee88456e50e84,2025-07-17T19:50:37.000Z,1,200,3,0,RESOLVED,True,0.004872685185185185
mithilesh22/StudyAssistant,5656315bd2268677130d09019cb7dbddc930408f,200,1,6,2026-06-14T04:21:45.000Z,2026-06-15T13:52:38.000Z,a063d9e1ceb2efc7d96521a520eb0a893f6dc8a6,2026-06-14T04:24:11.000Z,2,200,3,2,RESOLVED,True,1.3964467592592593
mkT83303/spanish-tutor-chatbot,bfea96517b6c8a1d52cc4d9394cbc59f2bf8f21d,200,1,7,2025-06-10T14:31:25.000Z,2025-06-10T15:30:04.000Z,59b50a2fb66bda07c1d47e05331775f469ca0180,2025-06-10T14:31:25.000Z,1,200,3,1,RESOLVED,True,0.040729166666666664
mogbuehi/LO_AI_Tutor,4b58a567602f1dc7fdb5a4076e6a7c839cc1f6f4,200,1,5,2023-08-29T05:38:05.000Z,2023-09-26T08:47:00.000Z,fdb2b4a8e13c7c8c7d9afaece32d45aa908334e8,2023-08-29T05:39:28.000Z,2,200,3,1,RESOLVED,True,28.13119212962963
mogbuehi/YT_Language_Tutor,6c41827fdde2ab80c7967656d56f62bd40e1b653,200,1,19,2023-09-28T03:59:28.000Z,2023-09-29T00:48:29.000Z,7e2faeb13ff074634b9cfeff32fefde1fd79f868,2023-09-28T04:08:40.000Z,2,200,4,2,RESOLVED,True,0.8673726851851852
mogbuehi/YT_Language_Tutor_2,6c41827fdde2ab80c7967656d56f62bd40e1b653,200,1,19,2023-09-28T03:59:28.000Z,2023-09-29T00:48:29.000Z,7e2faeb13ff074634b9cfeff32fefde1fd79f868,2023-09-28T04:08:40.000Z,2,200,4,2,RESOLVED,True,0.8673726851851852
mohammednouman/CB-Quiz-Generator,653fd052690ddee05525c5a244c371a3a98bf887,200,1,11,2024-02-20T04:48:51.000Z,2024-03-14T08:16:11.000Z,faa1a3c800b52fd8afb253c08b91e457b617ac32,2024-02-20T04:49:20.000Z,2,200,2,1,RESOLVED,True,23.143981481481482
montue/Teaching_Assistant,20b540fc982a9f375e91011c00a2b2abcb269204,200,1,2,2024-10-02T17:54:46.000Z,2024-10-02T17:54:47.000Z,9b289145f759e3fca8b3157d4730acc7dbe30814,2024-10-02T17:54:46.000Z,1,200,3,1,RESOLVED,True,1.1574074074074073e-05
motsimaslam/Afri-AI-Tutor,f1a95239675a54a43ece848aac21e26b008cf268,200,1,4,2025-03-02T14:40:07.000Z,2025-03-02T15:05:34.000Z,80ace653b1ca793338893e66d12375c1c0b3edf1,2025-03-02T14:46:54.000Z,2,200,2,1,RESOLVED,True,0.017673611111111112
mounikathatikonda/AI_TUTOR,c6372c7806affef64d856d3270ab8712c933fff2,200,1,5,2026-07-02T09:55:34.000Z,2026-07-02T10:15:28.000Z,dc2feb196714e9edb4b90428191cd57596396c4e,2026-07-02T10:03:06.000Z,3,200,2,0,RESOLVED,True,0.013819444444444445
mrhamxa/Gradio-based-RAG-study-assistant,afd93dfed419cc71ee741ec348886a2b40d221f9,200,1,6,2025-07-28T10:15:33.000Z,2025-07-28T10:34:24.000Z,24b11e8f4010a689e51bbeeddf8266a8d315ac0b,2025-07-28T10:16:42.000Z,2,200,2,0,RESOLVED,True,0.013090277777777777
muhammadHassan123/quiz-generator-ai,58ca5d13a33ac01dd6afeae60aa9562d6c3d9723,200,1,3,2026-06-10T06:46:07.000Z,2026-06-10T06:50:07.000Z,f3e8aa19bd3a6372f53551f369843e817710bb97,2026-06-10T06:48:20.000Z,2,200,2,1,RESOLVED,True,0.002777777777777778
mukeshpatel1006/Study_Assistant,b9f44506ee1c86d6d062303250d9d472702edbbb,200,1,2,2026-08-13T07:06:00.000Z,2026-08-13T07:08:01.000Z,b9f44506ee1c86d6d062303250d9d472702edbbb,2026-08-13T07:08:01.000Z,2,200,3,2,RESOLVED,True,0.001400462962962963
nakshatravuppula25/AI_TUTOR,c0c3a3896fa8cf5e5b665e38391748974527da64,200,1,3,2026-07-16T15:10:58.000Z,2026-07-16T15:13:06.000Z,5ebddca7882bc4cfcc54db4dbf75fdfa40500093,2026-07-16T15:10:58.000Z,1,200,2,0,RESOLVED,True,0.0014814814814814814
nandigamavamshi/StudyAssistant,ec92410231b0838285d8af3d8b57fd1ab0de43f5,200,1,2,2026-08-09T10:54:34.000Z,2026-08-09T11:06:57.000Z,84b68323eedbc2169e88d9536cd29671f96f1677,2026-08-09T10:54:34.000Z,1,200,2,0,RESOLVED,True,0.008599537037037037
nandini1810/AI_TUTOR,6f92f9832cbb4772eacdf2d02b1149e775b863ee,200,1,12,2026-07-06T08:03:29.000Z,2026-07-06T09:41:26.000Z,8eb1a20b49c31f77effe1c040d66e2dbd1a4c99b,2026-07-06T08:05:01.000Z,2,200,2,1,RESOLVED,True,0.06802083333333334
naveensngc/AI-Tutor,531e98d28cc1c427883294be358cb92ba6720d97,200,1,2,2026-07-03T07:31:59.000Z,2026-07-03T07:32:00.000Z,6ff59c10ef41dfb731661515ceb501b304a6b4f9,2026-07-03T07:31:59.000Z,1,200,2,1,RESOLVED,True,1.1574074074074073e-05
nersyan/quiz-generator,6cecdff4dc48a1b09cb6808b58bdd396659e71d8,200,1,4,2026-03-24T18:56:34.000Z,2026-03-24T20:55:45.000Z,970262b98e19b2cb91d863e825fb7600779f9ac1,2026-03-24T19:00:53.000Z,2,200,2,0,RESOLVED,True,0.0827662037037037
nhu445/ai-english-tutor,254c0af7913e767ba167e77665b4b448ff86f70b,200,1,9,2026-03-25T18:03:49.000Z,2026-03-25T19:51:56.000Z,1264ea7634e7a45a0e444249905495869e845133,2026-03-25T18:03:49.000Z,1,200,9,4,RESOLVED,True,0.07508101851851852
nishayaseen001/StudyAssistant,210f7c27bac1ec34d73efc3129b1fca87f46d967,200,1,88,2025-11-25T10:41:20.000Z,2025-11-26T07:27:27.000Z,e563f4ae211c791e1978302ce9fa29106d4cc9a8,2025-11-25T10:44:53.000Z,2,200,2,1,RESOLVED,True,0.8653587962962963
nohitha05/AI-TUTOR,79e4d486178e5945fe56cd0c008463bc67533c4e,200,1,7,2026-07-03T05:47:54.000Z,2026-07-06T13:12:26.000Z,def325477d6034ec4165762e6177bb02b0b1f14a,2026-07-06T12:33:10.000Z,2,200,2,0,RESOLVED,True,3.3087037037037037
npinar/quiz-generator,1a5f5f13c4fea3b89ad7e113df314a821f8e8627,200,1,2,2025-08-17T03:11:09.000Z,2025-08-17T03:22:56.000Z,1a5f5f13c4fea3b89ad7e113df314a821f8e8627,2025-08-17T03:22:56.000Z,2,200,4,0,RESOLVED,True,0.00818287037037037
nruhh/Ai_tutor,de309b93493ba7d44f89428c6f91c4acf7c9378d,200,1,6,2026-07-02T09:39:14.000Z,2026-07-02T09:50:05.000Z,8ba5abe56a7a496bd2a7950f03bafb4439d5dcb7,2026-07-02T09:39:14.000Z,1,200,2,1,RESOLVED,True,0.007534722222222222
nublelouch/study-assistant,dfaf8092dee22f38bf7ece8a00d431606a37dadd,200,1,9,2026-06-14T15:36:06.000Z,2026-06-14T16:16:27.000Z,c0326087ccfe9798825a8e37a523fdbbf682bf26,2026-06-14T15:47:38.000Z,2,200,3,1,RESOLVED,True,0.02802083333333333
oluinioluwa814/Ai-tutor,ae4babb0501318f59854437982a0fad7d760b9ee,200,1,14,2025-12-23T21:40:49.000Z,2025-12-23T22:22:42.000Z,7208ceb28ec18e2c67804ee9ac82fe0a5f9aa036,2025-12-23T21:42:37.000Z,3,200,2,1,RESOLVED,True,0.02908564814814815
omprasadmahapatra/Ai_Math_Tutor,a3de3e554b59cf564fb6c14333c617945aa59c7e,200,1,5,2025-02-19T04:39:55.000Z,2025-02-19T05:09:17.000Z,11be2914849e1b6aac9f1e6e901ba00a3b60eada,2025-02-19T04:42:58.000Z,2,200,2,1,RESOLVED,True,0.02039351851851852
patilyash22/Python-tutor-chatbot,e066e5d5c461b1d74572f8cbade0d41d24b4f4f3,200,1,4,2025-01-31T12:21:01.000Z,2025-01-31T12:22:27.000Z,36029551c2335583c3ac1e4ebe853bff6c50ca39,2025-01-31T12:21:01.000Z,1,200,3,1,RESOLVED,True,0.0009953703703703704
pattato1/language-tutor,05c383f1d23d0d28e3407334bdc524aecd407e46,200,1,2,2026-02-15T22:05:50.000Z,2026-02-15T22:09:58.000Z,05c383f1d23d0d28e3407334bdc524aecd407e46,2026-02-15T22:09:58.000Z,2,200,6,4,RESOLVED,True,0.0028703703703703703
pattato1/languagetutor,53b20346493e9740729dee904998fe11409314a0,200,1,8,2026-02-15T22:19:13.000Z,2026-02-16T20:42:47.000Z,3a1871f3f188320c8aa344dcda668ecd816e6631,2026-02-15T22:20:08.000Z,2,200,4,2,RESOLVED,True,0.9330324074074074
phanisrigandla/AI_Tutor,0d18d3464b668fe7ad44c25509cae11281590391,200,1,5,2026-07-07T14:09:29.000Z,2026-07-07T14:26:44.000Z,b33cd07387c4f8aa1806273452cf064964efbf40,2026-07-07T14:09:29.000Z,1,200,3,0,RESOLVED,True,0.011979166666666667
philipobiorah/socratic-tutor,184a7abe9dbb0025465353bcfe072b7766949617,200,1,16,2026-08-26T10:40:20.000Z,2026-08-27T15:30:02.000Z,a5373bf5d57e22424638381a511cb5a407fdeb41,2026-08-26T16:14:52.000Z,2,200,3,2,RESOLVED,True,1.2011805555555555
poojithathalla/AI_TUTOR,bf0fe35c4fca7b2dec742b76cc3bdd2e4a267809,200,1,5,2026-07-03T09:52:58.000Z,2026-07-06T10:10:34.000Z,6b8cbecdc74b3d237f1be5d05df376abb124d0e6,2026-07-03T10:01:55.000Z,2,200,2,0,RESOLVED,True,3.0122222222222224
pradeepodela/AI-tech-tutor,c2ed44015bf75d197fb2aba33a2dc3f910d1fb75,200,1,3,2024-01-26T06:35:06.000Z,2024-01-26T06:37:19.000Z,abebf04e6465a9ecf408acec62f6bc25ac25d4e5,2024-01-26T06:35:26.000Z,2,200,2,0,RESOLVED,True,0.0015393518518518519
pranaymachi/StudyAssistant,c480550b6ebd909f9d6dbfeed387b8acca9a1895,200,1,5,2026-08-24T07:59:12.000Z,2026-08-24T08:13:48.000Z,7c2ca950fab2d0b4edb9fac3650751adc9ff92a4,2026-08-24T08:01:15.000Z,2,200,3,2,RESOLVED,True,0.010138888888888888
praneeth300/AI-Quiz-Generator,60695faebe0978c5629a56b17eac1796e6160cac,200,1,7,2025-07-29T11:43:00.000Z,2025-07-29T12:46:38.000Z,be814572c39665055a621763ac45204d2e8893f8,2025-07-29T11:43:00.000Z,1,200,3,0,RESOLVED,True,0.044189814814814814
prasanth22118131/StudyAssistant,1b641269d55fc1239aaf51f587a7208d7a5a52b9,200,1,3,2026-04-02T13:08:47.000Z,2026-04-02T13:19:19.000Z,5b8f555ce35a4748bb55f8ec34009035df656aae,2026-04-02T13:18:42.000Z,2,200,3,2,RESOLVED,True,0.007314814814814815
pratikshahp/Education-Chatbot-Guardrail,3f2e3d404b9be110a032a8e4b1a1c8d96cdc12ec,200,1,14,2025-01-24T11:21:59.000Z,2025-01-24T14:03:29.000Z,8ccc56337366064885d7c40f09f8786d53a8081e,2025-01-24T11:40:54.000Z,2,200,2,1,RESOLVED,True,0.11215277777777778
provokingdiaries/AI_TUTOR,2d00e365a42a2eb6a35f7cae9612aaa42848a1ed,200,1,4,2026-07-02T09:39:22.000Z,2026-07-02T09:52:43.000Z,6cac7de538ac669726209d91aa0a9381f48787c0,2026-07-02T09:42:44.000Z,2,200,2,0,RESOLVED,True,0.009270833333333334
pseudolab/AI_Tutor_BERT,3c61bbdb4cc23aabcb7572a2ac3e816213613f2c,200,1,75,2023-11-09T16:04:29.000Z,2023-11-10T14:37:41.000Z,e15f1e01aac2a420514c83052dfda01e961ea4b9,2023-11-10T01:40:27.000Z,2,200,2,0,RESOLVED,True,0.9397222222222222
pydeoxy/quiz_generator,15a9593e258144ea396674bf6d75c17f934930bc,200,1,6,2024-09-04T12:27:28.000Z,2024-09-04T13:44:09.000Z,ac035ed62ab307532f1c35e72509279f40ae59d8,2024-09-04T12:39:23.000Z,2,200,2,0,RESOLVED,True,0.053252314814814815
qhaData/quiz-generator-pipeline,246f845d6bde3150011bf0ebb781ec394b870f57,200,1,23,2025-10-26T09:42:02.000Z,2025-10-26T10:44:31.000Z,6676d10963d2e08b26ef83f5251e4d214c4a4ef3,2025-10-26T09:42:39.000Z,2,200,2,1,RESOLVED,True,0.0433912037037037
rachapich/PISA-Teaching-Assistant-ChatBot-Guru,6f93f255eacc96903106bd8fb8ad8ad8b6fde95b,200,1,3,2025-09-11T09:29:59.000Z,2025-09-11T09:37:40.000Z,151cc933b48b3082efca6cbb6c763d686406daf7,2025-09-11T09:35:07.000Z,2,200,2,1,RESOLVED,True,0.005335648148148148
ramashandoubeh/Education-chatbot,f8661b65a5367cbd04f98fdb0f99e7e21f2c820e,200,1,2,2025-10-13T14:56:18.000Z,2025-10-13T14:56:19.000Z,f0e1a9fc2807e77157adbcf3cef49adb8ac2771e,2025-10-13T14:56:18.000Z,1,200,2,1,RESOLVED,True,1.1574074074074073e-05
rcventura108000/Sophia-Ai-english-tutor,1abab357dba9e0ec92b4c96a738667e51ff704f8,200,1,24,2025-07-27T22:34:33.000Z,2025-08-16T12:33:42.000Z,fc80cd6b8991897877ddf499db2c64972584395a,2025-07-27T22:34:33.000Z,1,200,3,1,RESOLVED,True,19.582743055555557
rexiy/study_assistant,0f1bfd2766c897443f61caab9d00fa0a3cd225cd,200,1,3,2026-02-19T08:55:05.000Z,2026-02-19T09:00:53.000Z,1db32839ec86d8fd9689ccfcd78e8fc3d6df2c35,2026-02-19T08:59:41.000Z,2,200,3,2,RESOLVED,True,0.004027777777777778
rgos20000/Quiz_Generator,50ea63f50c59b44a655d4ffdd8715e24a4220997,200,1,4,2026-03-16T01:10:01.000Z,2026-03-17T15:31:56.000Z,cc5b226578ddc5332a1707a4f73d69c2e09637f7,2026-03-16T01:12:11.000Z,2,200,2,1,RESOLVED,True,1.5985532407407408
ridgebradley888/Smart-AI-Tutor-APP,5535dc7bb6870a57687f92f77157582271fa7451,200,1,85,2025-01-06T08:26:44.000Z,2025-02-10T06:00:18.000Z,818bad6444b204d75b28896f5293e7f62717efaa,2025-01-06T08:27:17.000Z,2,200,2,0,RESOLVED,True,34.89831018518519
rk803/Data_Science_Tutor_Ai,0461e914be1d715eacdb58687623b5a3c944d529,200,1,21,2025-03-15T03:53:33.000Z,2025-03-15T07:01:28.000Z,01baaa1272f08d5e2910a4fc274205ad746b417c,2025-03-15T03:54:41.000Z,2,200,2,2,RESOLVED,True,0.13049768518518517
roshandakhore2003/nuron-teaching-assistant,3060cb98f43e85888ef75d9baf9ead4be7b1add7,200,1,3,2026-05-21T16:21:06.000Z,2026-05-26T07:55:44.000Z,9334d7c76cd43121f797810f64182dbbe8d8b8b2,2026-05-21T16:21:06.000Z,1,200,2,1,RESOLVED,True,4.649050925925926
roxqtang/ai-teaching-assistant,9ea16ceb7a305fd6f098fa06f0c65f456e9d234d,200,1,10,2025-04-25T23:35:10.000Z,2025-04-26T01:32:57.000Z,8fe50ee1144e7770398710848711332b25a71c3a,2025-04-25T23:41:04.000Z,2,200,7,2,RESOLVED,True,0.08179398148148148
rugvedaa/Ai-tutorApp,18e5ea8a6d0fb3bf9d0566d8248b87fc4a69b914,200,1,6,2026-08-22T16:17:06.000Z,2026-08-22T23:49:03.000Z,ae528d80ea28b31938073f2e9f1d57e779c743df,2026-08-22T16:20:31.000Z,2,200,6,0,RESOLVED,True,0.31385416666666666
s1313/Quiz_Generator,7c9aaa9815a3b9a5dd41d8fcc497065aa684a357,200,1,5,2026-03-16T01:24:00.000Z,2026-03-16T01:28:57.000Z,2f38aee5535a981bb69977344313969dcca32b8b,2026-03-16T01:24:39.000Z,2,200,2,0,RESOLVED,True,0.0034375
sabahat-shakeel/study-assistant,cc13530d4e3b510ca8f413202922f4e1ea67d883,200,1,3,2024-11-06T11:16:49.000Z,2024-11-06T11:19:33.000Z,55f86b3a55c3f846a72c2d1af86dbe8c194c3dbd,2024-11-06T11:18:58.000Z,2,200,2,1,RESOLVED,True,0.0018981481481481482
sabrineoueslati/quiz-generator,de3673f40d13d7faf18a0a83186b555a8dee53df,200,1,14,2026-05-10T22:54:23.000Z,2026-05-12T12:32:10.000Z,64256d77097d7a7422332bef66065e4579a0c570,2026-05-10T23:05:30.000Z,2,200,3,2,RESOLVED,True,1.5679050925925926
sachi2004/ai-study-assistant,00085906d4c14aa2df367eb9f7d5f6cedf7a3d63,200,1,2,2026-07-30T12:44:07.000Z,2026-07-30T12:49:27.000Z,00085906d4c14aa2df367eb9f7d5f6cedf7a3d63,2026-07-30T12:49:27.000Z,2,200,3,2,RESOLVED,True,0.003703703703703704
saicharantej/aitutor,dbff2e5d004ef7443a33d65e59583c1db7cf20f7,200,1,6,2023-02-12T05:39:45.000Z,2023-10-26T16:23:41.000Z,89915a323069887a4c1f29d22180a86f0fd62d56,2023-02-12T17:42:38.000Z,2,200,2,0,RESOLVED,True,256.44717592592593
saikumar27/AI_Powered_Data_Science_Tutor,ff48373c9295649e9f3835e1ef8e315ab31cf39a,200,1,16,2025-03-11T15:22:24.000Z,2025-05-22T10:00:20.000Z,4db7ba9a8f6f2df63303a1730fe69e0d9fd4e6ab,2025-03-11T15:23:47.000Z,2,200,2,1,RESOLVED,True,71.7763425925926
saimahashmi/ai-study-assistant,7d6c9727112f3ea5b1c04e8b3f8ea1bb5e8441ee,200,1,3,2026-03-27T04:43:01.000Z,2026-03-27T04:56:37.000Z,5e4509d88871214833cb6625d75ca2b7d5840d7e,2026-03-27T04:50:05.000Z,2,200,2,3,RESOLVED,True,0.009444444444444445
sairaarif89/AITutor,dcc3328553de1759e9a3d77c6b34a8c43d464401,200,1,3,2025-02-13T16:04:39.000Z,2025-02-13T16:06:22.000Z,ac871ea885c2c194f6c245bc911a606ca5710a92,2025-02-13T16:05:25.000Z,2,200,2,1,RESOLVED,True,0.0011921296296296296
salsh093/SEG_StudyAssistant,8cae43545055ca973fb729bdccbe533dd4a73fda,200,1,16,2025-02-21T16:26:02.000Z,2025-03-20T22:51:41.000Z,667a57673e4ad3924f144aabd302ce3a1a100d9c,2025-02-21T16:26:02.000Z,1,200,3,1,RESOLVED,True,27.2678125
samadjunejo/ai_study_assistant,70515db4e10370cd5c9193f13b80f0233793e1da,200,1,42,2025-05-18T07:03:16.000Z,2025-05-18T15:57:22.000Z,69cde15bb32d04cd21577e5394a04121e3e09b2a,2025-05-18T07:03:16.000Z,1,200,3,0,RESOLVED,True,0.3709027777777778
samakanishkareddy/AI_TUTOR,9ed2fc3b1095092f26c19a756c06db095ab8da01,200,1,5,2026-07-02T09:48:36.000Z,2026-07-02T10:06:19.000Z,3039071ebf0b961155fa89ceae2a1140e311ebac,2026-07-02T09:49:06.000Z,2,200,2,0,RESOLVED,True,0.012303240740740741
sameekghosh/ai-python-teaching-assistant,354300f8584e39c27ea7f0b52e8e6cb2aa983316,200,1,6,2025-06-29T11:01:14.000Z,2025-06-29T11:41:53.000Z,d03833821a65f16b8a0de1a6f12c9005e013fd4f,2025-06-29T11:16:17.000Z,2,200,3,2,RESOLVED,True,0.028229166666666666
samekbotfactorycz/aitutor,3dbdb2794a086d5b83f34385af35903bddeaaa3c,200,1,5,2025-01-12T21:27:21.000Z,2025-01-12T21:43:04.000Z,78de347498eb9f5df0ad634cc01b96691591f667,2025-01-12T21:27:21.000Z,1,200,3,1,RESOLVED,True,0.010914351851851852
sanakousar/AI_TUTOR,3b5136f4f92e0b092d4856910ada443fd442ef74,200,1,6,2026-07-02T09:40:53.000Z,2026-07-03T09:52:43.000Z,3f9fca1819e6a18fd7b1fedf806d6bba0c942f71,2026-07-02T09:42:26.000Z,2,200,2,1,RESOLVED,True,1.0082175925925927
sanchezpaez/speech_to_text_to_speech_language_tutor,eeadbcabf160488bd01e3d6ed34a8457dbd3c722,200,1,8,2025-04-23T09:12:54.000Z,2025-04-23T15:02:58.000Z,a8b3c6795296e080f2f4c39d6285288af69b8754,2025-04-23T09:31:01.000Z,2,200,3,1,RESOLVED,True,0.24310185185185185
sandariyogitha/AI_TUTOR,19a1d26d4f5ff8a47d34d72a79ea9ddb23036872,200,1,5,2026-07-03T09:37:25.000Z,2026-07-03T09:40:13.000Z,130d2e89d35d5a6c070f44eb25d26c64f091db5f,2026-07-03T09:38:04.000Z,2,200,2,0,RESOLVED,True,0.0019444444444444444
sangareddijaswanth/study_assistant,ccdce063b8b6ad36fb714e46e69132da0e832687,200,1,4,2026-07-15T07:24:52.000Z,2026-07-15T07:41:34.000Z,0a58705ef85874f31a60e1cce8d513d672e67aba,2026-07-15T07:37:39.000Z,2,200,3,2,RESOLVED,True,0.011597222222222222
sanjana033/my-study-assistant,e2162ba14398fe20ce4bc759b8c23ec3f5901939,200,1,7,2026-05-04T15:59:09.000Z,2026-05-04T16:29:25.000Z,a41826ee7cfa02e3e10cf8e4e3e78cb946607ed6,2026-05-04T16:11:45.000Z,2,200,3,1,RESOLVED,True,0.02101851851851852
sanketh2334/biology_ai_tutor,9236885c7d2405fd5473190142693fb5d824bdb9,200,1,15,2025-05-13T11:35:23.000Z,2025-05-24T09:16:42.000Z,374edadeefc5634c89427b8089a273ac6215d036,2025-05-13T11:44:44.000Z,2,200,2,0,RESOLVED,True,10.90369212962963
santhoshi-123/AITUTOR,9fcdada59d4437825b03d428c992ed05cdee650e,200,1,3,2026-07-03T09:27:05.000Z,2026-07-03T10:07:18.000Z,4dc5a76ac6c24ca4c6e869a6ba5495a97a30a69e,2026-07-03T10:05:30.000Z,2,200,2,0,RESOLVED,True,0.02792824074074074
santosh7/AI_converstion_Data_Science_Tutor,e9c2d58a225f89e145dc474a0824e9d161bb3fa6,200,1,18,2025-03-17T07:47:12.000Z,2025-03-21T06:55:16.000Z,70b116eba34347024061439bda7ff3b4ea4ecb00,2025-03-17T07:48:04.000Z,2,200,2,0,RESOLVED,True,3.963935185185185
saraHamza/Engli-Tutor-Chatbot,74772de571b052effa84f2e1de1468d6bd2721d2,200,1,6,2024-11-05T23:13:26.000Z,2024-11-13T21:16:19.000Z,28c79d44cff643d49cf28c59e7c87155e5381a98,2024-11-05T23:17:48.000Z,2,200,7,0,RESOLVED,True,7.918668981481481
saru21/study_assistant,291c24ba636cef6bad697d35db608080e0aa3444,200,1,5,2026-07-07T05:35:18.000Z,2026-07-07T05:47:31.000Z,aada67008cbfca89b7b6f9700a57cf4043a7af1f,2026-07-07T05:39:42.000Z,2,200,2,1,RESOLVED,True,0.008483796296296297
satvik452007/Study_assistant,73e19a800415a12e2243e3f99e7361cbc947bbcf,200,1,2,2026-03-30T08:28:51.000Z,2026-03-30T08:32:48.000Z,73e19a800415a12e2243e3f99e7361cbc947bbcf,2026-03-30T08:32:48.000Z,2,200,3,2,RESOLVED,True,0.0027430555555555554
sewusida/statistics_study_assistant,a1492f454b4e48332ec8625b2f6cd3b5ab01f081,200,1,36,2025-03-05T15:06:24.000Z,2025-03-06T02:54:11.000Z,47cf4ffbcb9c116a659c81ba01dfdb2906c05a38,2025-03-05T15:17:12.000Z,2,200,2,0,RESOLVED,True,0.4915162037037037
shaheerawan3/AI-Teaching-Assistant,bd52c2677cf3b486e6710a70a1d64994a2f963e7,200,1,30,2024-12-14T16:12:36.000Z,2024-12-15T17:07:18.000Z,f5c561b88d9c4f37b0486376442a407f3916af5d,2024-12-14T16:15:40.000Z,2,200,2,1,RESOLVED,True,1.037986111111111
shahzaib41202/AI_ML_Tutor,3a698ebd142d7f6ce8e3b4aa49a3981c33d09ceb,200,1,6,2025-11-30T17:43:49.000Z,2025-11-30T18:58:54.000Z,22b7a34e019e6a276d98e88761f8066e7ad8c037,2025-11-30T17:43:49.000Z,1,200,2,1,RESOLVED,True,0.052141203703703703
shankar-dev24/StudyAssistant,b3f8c07c2e1882d489ff4953f6b0b50f8fccd299,200,1,2,2026-07-17T11:03:32.000Z,2026-07-17T11:13:09.000Z,0f620de629bf88895f5409983d8137106118d3ad,2026-07-17T11:03:32.000Z,1,200,2,0,RESOLVED,True,0.006678240740740741
shawarnaditya121/ai-teaching-assistant,5448a77be0b78e919303a4b27ce73d20d5032e73,200,1,13,2025-12-10T05:38:01.000Z,2025-12-10T07:48:54.000Z,b711644d5688856ff4ee73aa0612e7d79d57567e,2025-12-10T05:38:01.000Z,1,200,3,0,RESOLVED,True,0.09089120370370371
shb59na/ai-study-tutor,2e812fb51bc8f046a659621075ed09d3f23b48fd,200,1,16,2026-08-08T00:58:46.000Z,2026-08-08T14:24:44.000Z,08613911c843af614c2712482d3091451a7b8e26,2026-08-08T01:07:19.000Z,2,200,10,5,RESOLVED,True,0.559699074074074
sheraz00/ai-teaching-assistant,ab851c27656df65815b4a9116997cbdb5943f3ec,200,1,6,2026-06-25T19:48:23.000Z,2026-06-25T20:12:01.000Z,34aafec18b968352aa2b209354cc5e6c1d49ced1,2026-06-25T19:48:23.000Z,1,200,3,0,RESOLVED,True,0.016412037037037037
shikhahaljmili/ai-quiz-generator,30e0c3f4d1f2be6ae3213551e0a850993dd2c5d5,200,1,25,2025-10-30T09:04:07.000Z,2025-11-09T06:20:30.000Z,0c4489d2e58bfeeab690ab26ae6720713f06604b,2025-10-30T10:54:57.000Z,2,200,2,1,RESOLVED,True,9.886377314814816
shirosh/ai-tutor,be0a48735f65222edfabee2457a2b8e0e1b406da,200,1,7,2024-04-24T18:53:41.000Z,2024-04-25T04:54:47.000Z,6fbc30675c6c80e1ef1d4d007911e70e061da2da,2024-04-24T18:54:41.000Z,2,200,2,1,RESOLVED,True,0.4174305555555556
shivasai02/StudyAssistant,aa1e4176ae9fee9c6d893a823382f20c5236ef86,200,1,2,2026-04-29T05:54:49.000Z,2026-04-29T06:00:47.000Z,aa1e4176ae9fee9c6d893a823382f20c5236ef86,2026-04-29T06:00:47.000Z,2,200,3,2,RESOLVED,True,0.004143518518518519
shroukelnagdy/quiz-generator,eb51aa9b110e53b400e9a32d3fd5e4eecaf759b7,200,1,70,2026-04-28T20:58:45.000Z,2026-04-30T17:55:36.000Z,b93372bf32d96ff49ada9c96ac23dd6018ca8929,2026-04-28T21:00:57.000Z,2,200,10,1,RESOLVED,True,1.8728125
shukdevdatta123/Language-Learning-Companion,7d4219722b2ee2be61d961b6966a79777ddfcec9,200,1,3,2025-05-15T06:55:36.000Z,2025-05-15T06:56:43.000Z,9cfd091633e3c44814bbe24315cd4c26b3d10165,2025-05-15T06:56:11.000Z,2,200,2,0,RESOLVED,True,0.0007754629629629629
shukdevdatta123/Smart-AI-Tutor-APP,8b6b9e237d079fc4b43c2c8348aaf161b0ceb712,200,1,82,2025-01-06T08:26:44.000Z,2025-03-28T04:24:59.000Z,818bad6444b204d75b28896f5293e7f62717efaa,2025-01-06T08:27:17.000Z,2,200,2,0,RESOLVED,True,80.83211805555555
shuklavartika/AI_Study_Assistant,cdd58e4643df868cc9d67b19635bb869ddbf512d,200,1,13,2025-07-03T09:27:25.000Z,2025-07-04T08:07:45.000Z,ecb6143764d2880138283e25215d110749351bed,2025-07-03T10:09:27.000Z,2,200,10,4,RESOLVED,True,0.944675925925926
siphiwesibisi/quiz-and-study-guide-generator,4a8848c7c718b9e1d278a0c17b0d6a26a70e8ecd,200,1,7,2025-11-25T11:05:36.000Z,2025-11-25T12:30:54.000Z,6320d5c38633629cc84a00a546ff810458b99494,2025-11-25T11:50:52.000Z,2,200,2,0,RESOLVED,True,0.059236111111111114
siphiwesibisi/quiz-generator,e472361fb70e7b9a48dcf997bcf8e98e42d34e84,200,1,4,2025-11-25T11:16:43.000Z,2025-11-25T11:29:12.000Z,dd6f94e2550443f7d6e007b4994a082b2f2024ac,2025-11-25T11:26:39.000Z,2,200,2,0,RESOLVED,True,0.00866898148148148
siriItis/pdf-study-assistant,773ae2478fdc6fd6bf86463b9df2d1db0dfa1668,200,1,8,2026-05-29T10:08:14.000Z,2026-05-29T13:23:17.000Z,4a8cdf92cc64d4c96d45398f48964a72d897eeab,2026-05-29T10:08:14.000Z,1,200,3,0,RESOLVED,True,0.13545138888888889
sk-12/EDUBUDDY-AI-TUTOR,4972c7d944aff02ea5e6c5f95622425e0ed25498,200,1,4,2026-06-14T04:08:56.000Z,2026-06-14T04:29:46.000Z,500cf4613acdafa01f3fd5a68e9c43cb795bba3d,2026-06-14T04:16:40.000Z,2,200,3,2,RESOLVED,True,0.014467592592592593
sravani30/AI_QUIZ_GENERATOR,0138fd6b19db74a9003eafce0c90c5bd805186b5,200,1,11,2025-02-23T05:40:51.000Z,2025-02-23T07:01:15.000Z,3201294bcd08f3296ad2825d0390e9212bd6c9a6,2025-02-23T05:41:45.000Z,2,200,4,2,RESOLVED,True,0.05583333333333333
sreejamanthena/StudyAssistant,41045ca1fd3144a960e28980cf6cddebeec6b6b9,200,1,2,2026-07-13T15:50:10.000Z,2026-07-13T15:53:39.000Z,861d97d4a5947fbc091a1b3e46ca5aa14f29ebcf,2026-07-13T15:50:10.000Z,1,200,2,0,RESOLVED,True,0.0024189814814814816
sreenivasulaReddy/StudyAssistant,da3720d86a73f92d4bb6d3d9dbca4587cceddf47,200,1,6,2026-07-04T07:23:11.000Z,2026-07-04T07:37:10.000Z,61053a156360436392e8b6991f5dac2b67674dd6,2026-07-04T07:28:14.000Z,2,200,3,2,RESOLVED,True,0.009710648148148149
srinivas25046/ai-study-assistant,2ac3d749b44ea4156dcd3bce93a423075dadcd09,200,1,5,2025-07-06T16:07:40.000Z,2025-07-06T16:11:11.000Z,5fae07409b8c522107a2d53561fd924181875b27,2025-07-06T16:07:40.000Z,1,200,3,0,RESOLVED,True,0.0024421296296296296
starkbyte45896/Quiz_Generator,a0307db7e70556980a577dcaa535b9bee7ec7143,200,1,7,2025-04-05T20:57:38.000Z,2025-04-06T15:22:14.000Z,b5ca9338a909f8529ac748d264d50829ed6e0c65,2025-04-05T21:00:43.000Z,2,200,2,1,RESOLVED,True,0.7670833333333333
sudeepthitellapally/AITutor,b8106d90240889514ed1266b1bd741c767cc7eb6,200,1,10,2026-07-03T07:58:21.000Z,2026-07-03T09:41:22.000Z,9ce5d3d3029893249e835f963282ca48ab203d12,2026-07-03T08:07:17.000Z,2,200,2,0,RESOLVED,True,0.07153935185185185
sudipta26889/Quiz-Generator,94ef37d28168ed8ff54aba08c474231b4e4216c5,200,1,2,2025-10-08T14:09:56.000Z,2025-10-08T15:33:56.000Z,7a0082e28704e8b54ca56d6fef8c8d1a928560f6,2025-10-08T14:09:56.000Z,1,200,2,0,RESOLVED,True,0.058333333333333334
sultan-hassan/adaptive_language_tutor,bb0cac50eabd340607aca97a3c1869d62459d53b,200,1,41,2025-07-26T01:28:55.000Z,2025-07-26T04:01:39.000Z,fa209805b4dc7b88ee51f0a1024ac467f19d4d79,2025-07-26T01:41:00.000Z,2,200,2,1,RESOLVED,True,0.10606481481481482
tariqm603/study-assistant,ad5857615fda8df4f53c1534d122cde379ef203d,200,1,16,2024-11-09T21:02:14.000Z,2024-11-10T18:10:46.000Z,18ea97910dbd0c2b0450556987bd5a72c3c93bff,2024-11-09T21:03:04.000Z,2,200,2,0,RESOLVED,True,0.8809259259259259
tarunkanugu/study_Assistant,cc4515783645a8d6e48a254507306d00bf4fcf1b,200,1,7,2026-07-23T06:14:31.000Z,2026-07-23T12:22:11.000Z,2b53c4ee9deafd7eb5efdb0df1871349ccc8317d,2026-07-23T06:14:31.000Z,1,200,2,0,RESOLVED,True,0.2553240740740741
tayy786/Ai_Tutor_App,2ada90c38a8d446aa1dfd3a057286b81fc260439,200,1,9,2026-05-07T11:30:25.000Z,2026-05-07T11:41:21.000Z,38be8c8d64653ff3a5943c0476ca0e995e08a884,2026-05-07T11:31:27.000Z,2,200,2,1,RESOLVED,True,0.007592592592592593
tejuu23/ai-tutor,bb605986652b2d2ac51a6b762ce0ed50ba904f53,200,1,2,2026-07-03T05:40:37.000Z,2026-07-03T05:40:37.000Z,962d9c7c35d1bee0dfb8cbecd36598d11b9a6027,2026-07-03T05:40:37.000Z,1,200,2,1,RESOLVED,True,0.0
tfitzge134/gemini-learning-companion,e361e8e9574918f01697b306cd1691f3c32da178,200,1,7,2025-04-16T02:19:23.000Z,2025-04-17T01:08:20.000Z,841e6bfa144c178a5333f983407394b93a7eac91,2025-04-16T23:33:36.000Z,2,200,3,0,RESOLVED,True,0.9506597222222222
thabassum9/ai_tutor,fc8d7896d54de03e0b6831a62bbcf2e085107ce3,200,1,10,2026-07-03T04:22:11.000Z,2026-07-03T05:55:29.000Z,1cdb5481672f3b32282dab599413c31b43f1ab6e,2026-07-03T04:22:11.000Z,1,200,2,1,RESOLVED,True,0.06479166666666666
theSriram/StudyAssistant,8c41ee7b2d71a525ee8c553fa8ecc9272c922fac,200,1,2,2026-08-22T11:23:41.000Z,2026-08-22T11:26:54.000Z,9ea1c4e87553d247d9928be38dce01cd22dfb5af,2026-08-22T11:23:41.000Z,1,200,2,0,RESOLVED,True,0.0022337962962962962
thilak1/RAG-BASED-AI-TEACHING-ASSISTANT,22f1f60e237e458443112cc01263ab620a030ba5,200,1,10,2025-11-14T09:16:58.000Z,2025-11-14T09:54:53.000Z,8e0fb14695fd5bf2418d33e587088342cc9bca58,2025-11-14T09:21:02.000Z,2,200,2,1,RESOLVED,True,0.026331018518518517
tools4ds/ai_tutor,96ec12a8da53bd1c60ac8cec2b854bdc81f734b1,200,1,61,2024-08-27T23:18:36.000Z,2025-01-21T05:49:28.000Z,6d87df48bcd5809099b93a1c5c26bdffa6ce06d8,2024-08-28T11:13:51.000Z,3,200,3,0,RESOLVED,True,146.2714351851852
towardsai-tutors/ai-tutor-chatbot,1b7fbe09d79e0809a9674df4892e998ce808cb61,200,1,230,2025-01-30T18:58:20.000Z,2026-08-25T23:18:07.000Z,5ddcfe572f80394c5559eec4c959a3c176a91c6f,2025-01-30T18:58:20.000Z,1,200,9,11,RESOLVED,True,572.1804050925925
tyapab/ai-study-assistant,fab727a57567b693a009ae31ba71efe2e175caa6,200,1,3,2026-01-16T19:31:47.000Z,2026-01-16T19:51:25.000Z,0f621ddc8aab0b10297f949a21740c575c498ffd,2026-01-16T19:31:47.000Z,1,200,2,1,RESOLVED,True,0.01363425925925926
uc-msai631-2025-spring/group2_study_assistant,5abad61d9934125d70efa83c79010ad65b4fab1a,200,1,2,2025-02-22T19:14:55.000Z,2025-02-22T19:14:55.000Z,5abad61d9934125d70efa83c79010ad65b4fab1a,2025-02-22T19:14:55.000Z,1,200,3,1,RESOLVED,True,0.0
umerforsure/AI-Study-Assistant,eccbfd89b2b5fbddefa1180d99c6933b5d320111,200,1,26,2025-08-06T11:21:29.000Z,2025-08-07T12:01:33.000Z,c577877feeaaafb0ac1fb18ba6af3bc1ad8b186f,2025-08-06T11:29:13.000Z,2,200,2,2,RESOLVED,True,1.027824074074074
vinitwaghmare/ai-study-assistant,b0938cee23323d007aa8503efd41343badf077a5,200,1,60,2025-11-03T11:56:53.000Z,2025-11-09T08:15:55.000Z,7c22adfd66767ee2939c4f93144e766a5e819506,2025-11-03T11:59:06.000Z,2,200,2,0,RESOLVED,True,5.846550925925926
vinitwaghmare/bilingual-ai-study-assistant,25b09f9006b6b10e96e11b5693899c26e25909bb,200,1,4,2025-11-02T17:59:20.000Z,2025-11-02T18:14:28.000Z,273d8e2ed6ea98b44a672416135f18c194601609,2025-11-02T17:59:20.000Z,1,200,2,1,RESOLVED,True,0.01050925925925926
vipin1143/eva-teaching-assistant,cabe01837d9935f799b3e9504a5f28d7e874ab64,200,1,19,2026-05-11T17:09:45.000Z,2026-05-12T05:10:54.000Z,435e47918fb29cfa712274145a0f070fc719bb3f,2026-05-11T17:09:45.000Z,1,200,10,0,RESOLVED,True,0.5007986111111111
viraja1/AI-Quiz-Generator,1993f58f0bf7c409bcbea2c66e817602960ea175,200,1,4,2025-06-07T07:41:09.000Z,2025-06-07T10:10:41.000Z,7b820c3e29e04c72e8974b1e9b74e926d7295b4c,2025-06-07T07:41:57.000Z,2,200,2,0,RESOLVED,True,0.1038425925925926
vishalraaj1/AI-STUDY_ASSISTANT,35bf6bfdd4bb66a7f0b5f7558a1031ef080c06e0,200,1,10,2026-03-12T07:35:48.000Z,2026-03-12T08:50:43.000Z,dd12c50ca5aaf48a5495591336c57f51fa6c1ba6,2026-03-12T08:04:05.000Z,2,200,3,2,RESOLVED,True,0.05202546296296296
vivicake666/math-tutor-chatbot,ed0bf011c4b9a9ca96acde8ae3b48cd52ce1e9e0,200,1,18,2026-03-09T19:50:46.000Z,2026-06-09T20:53:16.000Z,7e3ebf5256175552b0194085d8640a9bae3584d0,2026-03-09T19:50:47.000Z,2,200,2,1,RESOLVED,True,92.04340277777777
wajahatkhan/AI_tutor,7f7cfca7b4ccfe732fadcf39b8447f625e6831a9,200,1,9,2025-02-13T16:34:36.000Z,2025-02-13T16:56:10.000Z,d97c6ec6e4176f866c07e24427575cd34ee0788e,2025-02-13T16:35:06.000Z,2,200,2,0,RESOLVED,True,0.014976851851851852
wangzy217/Teaching_Assistant,00090bdaea0daa5b12764dc9233d89d3b18c75a2,200,1,2,2024-05-07T07:52:09.000Z,2024-05-07T07:52:10.000Z,bc7638ed3947e093fc6ca17bbc172f98d39dbe97,2024-05-07T07:52:09.000Z,1,200,3,1,RESOLVED,True,1.1574074074074073e-05
wimida/socratic-tutor-bot,c2196b4a9fb21fa380473339f17bd7d6f001f187,200,1,4,2025-04-04T09:30:21.000Z,2025-04-04T09:41:59.000Z,fd973acf949aaea5d5cc54118ac381a883b9fc96,2025-04-04T09:33:39.000Z,2,200,2,1,RESOLVED,True,0.008078703703703704
windsoldier/ai-teaching-assistant,7824ba21ad9e0a7d68501eebab77127e41050e20,200,1,8,2026-06-07T12:25:27.000Z,2026-06-07T13:10:54.000Z,f0f07cfd2dbd8c3607ee561eeef3aade675d726f,2026-06-07T12:25:27.000Z,1,200,3,0,RESOLVED,True,0.0315625
wupeiwen2001/reachy-mini-language-tutor,b290909d0e7dabe46bd608ab1dee6e58a4c7a865,200,1,7,2026-02-16T02:22:45.000Z,2026-02-16T18:14:03.000Z,14c82bea583bdd9ae01c6059e03193ad57103a44,2026-02-16T02:22:45.000Z,1,200,10,2,RESOLVED,True,0.660625
yadavnirmal002/CBSE10-AI-Tutor,239cc056a118c3decc5cd5f6e037dfe60d45f5df,200,1,4,2025-02-13T17:47:37.000Z,2025-02-13T17:58:29.000Z,042b810f6bf5a045a9fdfb33b61896331b3aecbb,2025-02-13T17:51:27.000Z,2,200,2,1,RESOLVED,True,0.007546296296296297
yiyiyi999/ai-tutor-classroom,09b466d97349c8a91619ec757954ead3bb80c48d,200,1,2,2026-06-06T07:45:28.000Z,2026-06-06T07:45:50.000Z,09b466d97349c8a91619ec757954ead3bb80c48d,2026-06-06T07:45:50.000Z,2,200,5,0,RESOLVED,True,0.0002546296296296296
yuvabe-ai/AI-Tutor,58b6e6985ecf093a41bcf8c68f4c16c14f5887c7,200,1,9,2024-11-09T03:56:05.000Z,2024-11-10T08:53:11.000Z,ee35bb251c04ac2c90338c5b35291f17eb07b661,2024-11-09T04:02:11.000Z,2,200,3,1,RESOLVED,True,1.2063194444444445
zaini1234/pdf-quiz-generator,adb6f5be03f431fc96723d079a1463c161bb6fa5,200,1,76,2025-06-28T09:38:20.000Z,2025-06-29T14:35:00.000Z,cf471e3f6bcd993c0a4ed49becc6c215158710ef,2025-06-28T09:44:25.000Z,2,200,4,1,RESOLVED,True,1.2060185185185186
zara65724/AI-Vocabulary-Tutor,3fa3d56a9942f34658fd71eaa343d86f61cad902,200,1,6,2026-05-21T04:24:37.000Z,2026-05-21T04:47:54.000Z,5bac8039a22ecb9037b8acf79ce6e81f2b58efc0,2026-05-21T04:26:30.000Z,3,200,2,1,RESOLVED,True,0.016168981481481482
zizo66/AI-Language-Tutor,6905010dbc3093af805e64ac825129968b963b50,200,1,13,2025-02-27T00:42:32.000Z,2025-02-27T09:24:38.000Z,5df5de806e5ec43ef26f70c04d1fbd6a1d1dbf40,2025-02-27T00:42:32.000Z,1,200,3,1,RESOLVED,True,0.36256944444444444
