layer,hhi,low,high,top_share,shannon_effective_categories,panel,draw,mutual_information
Declared services,0.33894500561167223,0.26859249056218754,0.43620612692582383,0.5353535353535354,4.212413847848084,a,,
Referenced models,0.12379830856261832,0.10717851211327643,0.1583909734267478,0.19696969696969696,11.310042730073583,a,,
,,,,,,b,1.0,0.4087502201964734
,,,,,,b,2.0,0.4039329130892275
,,,,,,b,3.0,0.3527355920207156
,,,,,,b,4.0,0.3333437410118836
,,,,,,b,5.0,0.3348394559654308
,,,,,,b,6.0,0.3951650499502133
,,,,,,b,7.0,0.3360559312972366
,,,,,,b,8.0,0.3689381007849324
,,,,,,b,9.0,0.3246488615912812
,,,,,,b,10.0,0.3102161020596568
,,,,,,b,11.0,0.3189713396671392
,,,,,,b,12.0,0.3325442502664635
,,,,,,b,13.0,0.36791735356665
,,,,,,b,14.0,0.2901483467046817
,,,,,,b,15.0,0.3474501160710677
,,,,,,b,16.0,0.4486579231185525
,,,,,,b,17.0,0.3836899241799276
,,,,,,b,18.0,0.360234383472847
,,,,,,b,19.0,0.2924339766289328
,,,,,,b,20.0,0.3490101923691622
,,,,,,b,21.0,0.3344123054197276
,,,,,,b,22.0,0.3315943384111381
,,,,,,b,23.0,0.3424422562672533
,,,,,,b,24.0,0.3190787923013882
,,,,,,b,25.0,0.3436321430600331
,,,,,,b,26.0,0.314504104500763
,,,,,,b,27.0,0.3452739252025383
,,,,,,b,28.0,0.3597319353737207
,,,,,,b,29.0,0.359766072263453
,,,,,,b,30.0,0.312081272915031
,,,,,,b,31.0,0.3383105455816202
,,,,,,b,32.0,0.3564972153151577
,,,,,,b,33.0,0.3355693114633009
,,,,,,b,34.0,0.3539641284427128
,,,,,,b,35.0,0.3240027285794364
,,,,,,b,36.0,0.3421571660279849
,,,,,,b,37.0,0.3245271895516577
,,,,,,b,38.0,0.3568081378880148
,,,,,,b,39.0,0.3672073841360372
,,,,,,b,40.0,0.4013429211825863
,,,,,,b,41.0,0.3591479201856402
,,,,,,b,42.0,0.4126904186055133
,,,,,,b,43.0,0.4361381459357782
,,,,,,b,44.0,0.3718392693360677
,,,,,,b,45.0,0.3787071270131354
,,,,,,b,46.0,0.3380355729344888
,,,,,,b,47.0,0.3325728800077514
,,,,,,b,48.0,0.2938274789259778
,,,,,,b,49.0,0.3258662504019565
,,,,,,b,50.0,0.3108264653555297
,,,,,,b,51.0,0.434047153921099
,,,,,,b,52.0,0.2891168974357625
,,,,,,b,53.0,0.3579429506370823
,,,,,,b,54.0,0.3197745746942417
,,,,,,b,55.0,0.2821145434605014
,,,,,,b,56.0,0.4133919933414862
,,,,,,b,57.0,0.3552173711379014
,,,,,,b,58.0,0.3813562164954711
,,,,,,b,59.0,0.3112960693804041
,,,,,,b,60.0,0.3307590899294386
,,,,,,b,61.0,0.3220529283356113
,,,,,,b,62.0,0.365724817609903
,,,,,,b,63.0,0.3585701670856256
,,,,,,b,64.0,0.3379823627918803
,,,,,,b,65.0,0.324975539346807
,,,,,,b,66.0,0.3546651566763974
,,,,,,b,67.0,0.3823122371256282
,,,,,,b,68.0,0.3670081704009047
,,,,,,b,69.0,0.3148829489262255
,,,,,,b,70.0,0.3276813825749332
,,,,,,b,71.0,0.3657753971690551
,,,,,,b,72.0,0.3061424664075685
,,,,,,b,73.0,0.318108319969169
,,,,,,b,74.0,0.2903831056079275
,,,,,,b,75.0,0.3656883134100872
,,,,,,b,76.0,0.3694932724000899
,,,,,,b,77.0,0.3250214748013054
,,,,,,b,78.0,0.3065240981557862
,,,,,,b,79.0,0.3374359105787188
,,,,,,b,80.0,0.3526303082789606
,,,,,,b,81.0,0.2720210470404538
,,,,,,b,82.0,0.3209811950226133
,,,,,,b,83.0,0.4043799626740454
,,,,,,b,84.0,0.4118872995758345
,,,,,,b,85.0,0.3091711986986736
,,,,,,b,86.0,0.3221491507175207
,,,,,,b,87.0,0.3315262298259851
,,,,,,b,88.0,0.3831131713814679
,,,,,,b,89.0,0.3742381394412075
,,,,,,b,90.0,0.3648768579965056
,,,,,,b,91.0,0.3296673985203493
,,,,,,b,92.0,0.359700215033595
,,,,,,b,93.0,0.3538072399113887
,,,,,,b,94.0,0.386410233654276
,,,,,,b,95.0,0.3598383834020042
,,,,,,b,96.0,0.3234189633095283
,,,,,,b,97.0,0.3037365318871221
,,,,,,b,98.0,0.3590229693807227
,,,,,,b,99.0,0.3468749743401793
,,,,,,b,100.0,0.3939944154803232
,,,,,,b,101.0,0.3735282294787421
,,,,,,b,102.0,0.3597856670858821
,,,,,,b,103.0,0.323410661261077
,,,,,,b,104.0,0.3136684345195344
,,,,,,b,105.0,0.3341369554066205
,,,,,,b,106.0,0.3150696061379316
,,,,,,b,107.0,0.3848890963361122
,,,,,,b,108.0,0.3337697638139087
,,,,,,b,109.0,0.2929061047673666
,,,,,,b,110.0,0.3529940778901608
,,,,,,b,111.0,0.3376297406199628
,,,,,,b,112.0,0.4033697467669817
,,,,,,b,113.0,0.3471562666415728
,,,,,,b,114.0,0.3448976491975752
,,,,,,b,115.0,0.3334231342430014
,,,,,,b,116.0,0.3596333401442342
,,,,,,b,117.0,0.3605516829361597
,,,,,,b,118.0,0.3536455296216525
,,,,,,b,119.0,0.3480952031593243
,,,,,,b,120.0,0.3708211782548263
,,,,,,b,121.0,0.3297056846032524
,,,,,,b,122.0,0.421727896002448
,,,,,,b,123.0,0.3749745829472055
,,,,,,b,124.0,0.3796094517123958
,,,,,,b,125.0,0.3018282985640095
,,,,,,b,126.0,0.406474221098235
,,,,,,b,127.0,0.3663106006584433
,,,,,,b,128.0,0.2996937821502525
,,,,,,b,129.0,0.3437548411555391
,,,,,,b,130.0,0.382791762128384
,,,,,,b,131.0,0.3218554146251047
,,,,,,b,132.0,0.2941527491273437
,,,,,,b,133.0,0.2776705591832309
,,,,,,b,134.0,0.3991004562087141
,,,,,,b,135.0,0.3487641324431854
,,,,,,b,136.0,0.3839560639136725
,,,,,,b,137.0,0.3076862144123837
,,,,,,b,138.0,0.3183608036970411
,,,,,,b,139.0,0.3786392641842999
,,,,,,b,140.0,0.3338789468417418
,,,,,,b,141.0,0.3426467620002986
,,,,,,b,142.0,0.3700354484561243
,,,,,,b,143.0,0.329171323614946
,,,,,,b,144.0,0.2977409179061805
,,,,,,b,145.0,0.2667320432575089
,,,,,,b,146.0,0.364094523805293
,,,,,,b,147.0,0.3558827928347803
,,,,,,b,148.0,0.3321266772291524
,,,,,,b,149.0,0.3496766772382278
,,,,,,b,150.0,0.3512546692716909
,,,,,,b,151.0,0.3485351605504325
,,,,,,b,152.0,0.3371058815788403
,,,,,,b,153.0,0.4052316492390297
,,,,,,b,154.0,0.34306796468314
,,,,,,b,155.0,0.3696904381073009
,,,,,,b,156.0,0.297660312524342
,,,,,,b,157.0,0.3893548845562731
,,,,,,b,158.0,0.4284863636302187
,,,,,,b,159.0,0.3693327208289254
,,,,,,b,160.0,0.2681783919032643
,,,,,,b,161.0,0.4584083309399971
,,,,,,b,162.0,0.3168965151165359
,,,,,,b,163.0,0.3341242041847172
,,,,,,b,164.0,0.3467584284143084
,,,,,,b,165.0,0.3218270642487248
,,,,,,b,166.0,0.3302934639340042
,,,,,,b,167.0,0.3497896653588652
,,,,,,b,168.0,0.2759643582600466
,,,,,,b,169.0,0.3392734662092636
,,,,,,b,170.0,0.3190609157110655
,,,,,,b,171.0,0.3543358788600756
,,,,,,b,172.0,0.3031480329234979
,,,,,,b,173.0,0.339200402657152
,,,,,,b,174.0,0.3536099099084997
,,,,,,b,175.0,0.3293769638239521
,,,,,,b,176.0,0.3545128849357351
,,,,,,b,177.0,0.3365871370050408
,,,,,,b,178.0,0.3005986654852521
,,,,,,b,179.0,0.3591605733315446
,,,,,,b,180.0,0.3606906232838458
,,,,,,b,181.0,0.4186659100531278
,,,,,,b,182.0,0.3168953163626198
,,,,,,b,183.0,0.4096172457307308
,,,,,,b,184.0,0.3635592391897546
,,,,,,b,185.0,0.3552885481058392
,,,,,,b,186.0,0.4094134517760945
,,,,,,b,187.0,0.2778337787692719
,,,,,,b,188.0,0.3845951044277327
,,,,,,b,189.0,0.3922963507031367
,,,,,,b,190.0,0.3337705444169776
,,,,,,b,191.0,0.3715488360807097
,,,,,,b,192.0,0.3660517129150715
,,,,,,b,193.0,0.369628173329303
,,,,,,b,194.0,0.3501274961025649
,,,,,,b,195.0,0.3488481540087962
,,,,,,b,196.0,0.4196321336098361
,,,,,,b,197.0,0.3235122737354032
,,,,,,b,198.0,0.3837299968220282
,,,,,,b,199.0,0.3119567281256343
,,,,,,b,200.0,0.3497226526601298
,,,,,,b,201.0,0.3518093392602996
,,,,,,b,202.0,0.3369550162230865
,,,,,,b,203.0,0.3372923482174892
,,,,,,b,204.0,0.3918484599647507
,,,,,,b,205.0,0.331294166229235
,,,,,,b,206.0,0.361414196411133
,,,,,,b,207.0,0.3007298655951103
,,,,,,b,208.0,0.3134419203116962
,,,,,,b,209.0,0.3269509398370185
,,,,,,b,210.0,0.3100718374400726
,,,,,,b,211.0,0.3037427110582626
,,,,,,b,212.0,0.3587771326759155
,,,,,,b,213.0,0.4379872690626758
,,,,,,b,214.0,0.3308154113425061
,,,,,,b,215.0,0.3455020361343339
,,,,,,b,216.0,0.3664722126292723
,,,,,,b,217.0,0.2576450550535965
,,,,,,b,218.0,0.3329876486659064
,,,,,,b,219.0,0.3715755628583865
,,,,,,b,220.0,0.3692632123135779
,,,,,,b,221.0,0.373700326351384
,,,,,,b,222.0,0.3606628182057863
,,,,,,b,223.0,0.2833086678399876
,,,,,,b,224.0,0.3452106375913129
,,,,,,b,225.0,0.3146159466530607
,,,,,,b,226.0,0.3035962341451896
,,,,,,b,227.0,0.3618740541830343
,,,,,,b,228.0,0.4530520631854737
,,,,,,b,229.0,0.3847278852222739
,,,,,,b,230.0,0.3493485677776089
,,,,,,b,231.0,0.4266904937183224
,,,,,,b,232.0,0.357212705523259
,,,,,,b,233.0,0.3797596113598489
,,,,,,b,234.0,0.3275751148402928
,,,,,,b,235.0,0.2898356756064184
,,,,,,b,236.0,0.2900773309986046
,,,,,,b,237.0,0.3966325482145603
,,,,,,b,238.0,0.3452519925883988
,,,,,,b,239.0,0.3859389355196518
,,,,,,b,240.0,0.3511029974453161
,,,,,,b,241.0,0.2942155470304399
,,,,,,b,242.0,0.3443798656653976
,,,,,,b,243.0,0.3322846000482808
,,,,,,b,244.0,0.3135219635318056
,,,,,,b,245.0,0.3709047253313904
,,,,,,b,246.0,0.3383627338897783
,,,,,,b,247.0,0.3809370791564923
,,,,,,b,248.0,0.3017440189537725
,,,,,,b,249.0,0.3196190404251595
,,,,,,b,250.0,0.3269331302928049
,,,,,,b,251.0,0.3842357143907873
,,,,,,b,252.0,0.3544577101831332
,,,,,,b,253.0,0.3336656845956454
,,,,,,b,254.0,0.3605649550971836
,,,,,,b,255.0,0.3619600577961006
,,,,,,b,256.0,0.3322983626306475
,,,,,,b,257.0,0.3671530118888175
,,,,,,b,258.0,0.3942750694088044
,,,,,,b,259.0,0.3556483822158234
,,,,,,b,260.0,0.3965561540747195
,,,,,,b,261.0,0.3821624166448361
,,,,,,b,262.0,0.3296611977741563
,,,,,,b,263.0,0.3362701662098679
,,,,,,b,264.0,0.2634639765099402
,,,,,,b,265.0,0.3101416504919632
,,,,,,b,266.0,0.3498943344276699
,,,,,,b,267.0,0.3432633564434755
,,,,,,b,268.0,0.4026061083823302
,,,,,,b,269.0,0.3660396674671364
,,,,,,b,270.0,0.3396915378040672
,,,,,,b,271.0,0.4137241819641462
,,,,,,b,272.0,0.3658945462471261
,,,,,,b,273.0,0.3344189185059911
,,,,,,b,274.0,0.2655905490861379
,,,,,,b,275.0,0.4308579962706695
,,,,,,b,276.0,0.4246045643753762
,,,,,,b,277.0,0.340005229385941
,,,,,,b,278.0,0.3300625848811531
,,,,,,b,279.0,0.3403667234723797
,,,,,,b,280.0,0.399554220891253
,,,,,,b,281.0,0.3544752360482066
,,,,,,b,282.0,0.3574620501471446
,,,,,,b,283.0,0.2917394566686782
,,,,,,b,284.0,0.4022439463818674
,,,,,,b,285.0,0.3325758444281983
,,,,,,b,286.0,0.365132865540331
,,,,,,b,287.0,0.3194859230821123
,,,,,,b,288.0,0.3380505183535272
,,,,,,b,289.0,0.3137092195411255
,,,,,,b,290.0,0.3577148845817621
,,,,,,b,291.0,0.3704203065531475
,,,,,,b,292.0,0.4108931818894428
,,,,,,b,293.0,0.3403183357946404
,,,,,,b,294.0,0.3978995565098322
,,,,,,b,295.0,0.3587262111787148
,,,,,,b,296.0,0.3246567311337225
,,,,,,b,297.0,0.4025882965163663
,,,,,,b,298.0,0.3453617610519925
,,,,,,b,299.0,0.3239687409852152
,,,,,,b,300.0,0.3928578045600428
,,,,,,b,301.0,0.3570939375884383
,,,,,,b,302.0,0.3337055543111757
,,,,,,b,303.0,0.3613032585394804
,,,,,,b,304.0,0.3699708445522116
,,,,,,b,305.0,0.3193705931226258
,,,,,,b,306.0,0.3441236280192989
,,,,,,b,307.0,0.3390300092391012
,,,,,,b,308.0,0.310112261333165
,,,,,,b,309.0,0.3038460307622292
,,,,,,b,310.0,0.3622813419328263
,,,,,,b,311.0,0.4200273761634063
,,,,,,b,312.0,0.3695578613628427
,,,,,,b,313.0,0.3543911765234098
,,,,,,b,314.0,0.3884185141516969
,,,,,,b,315.0,0.424887086922681
,,,,,,b,316.0,0.3330842749546958
,,,,,,b,317.0,0.3560730879757039
,,,,,,b,318.0,0.3724450687120795
,,,,,,b,319.0,0.4146192721926973
,,,,,,b,320.0,0.3677242786950785
,,,,,,b,321.0,0.3993597143439751
,,,,,,b,322.0,0.4371804831838659
,,,,,,b,323.0,0.3655623651141062
,,,,,,b,324.0,0.3700103155585572
,,,,,,b,325.0,0.3730005853417486
,,,,,,b,326.0,0.3404681941843503
,,,,,,b,327.0,0.3933109504149814
,,,,,,b,328.0,0.3070958118072791
,,,,,,b,329.0,0.31479761554399
,,,,,,b,330.0,0.3509691663241274
,,,,,,b,331.0,0.3087191522848016
,,,,,,b,332.0,0.2970440534763119
,,,,,,b,333.0,0.3469807733209751
,,,,,,b,334.0,0.3503689553408682
,,,,,,b,335.0,0.3592587824010045
,,,,,,b,336.0,0.3506222750735013
,,,,,,b,337.0,0.3443165276501925
,,,,,,b,338.0,0.3625983393034242
,,,,,,b,339.0,0.3660416331369585
,,,,,,b,340.0,0.3176467964791731
,,,,,,b,341.0,0.3868579100822313
,,,,,,b,342.0,0.3746828777650344
,,,,,,b,343.0,0.3017506622187649
,,,,,,b,344.0,0.3637627618148045
,,,,,,b,345.0,0.3192497084802204
,,,,,,b,346.0,0.3555236351103459
,,,,,,b,347.0,0.3540096746444101
,,,,,,b,348.0,0.3106218151237221
,,,,,,b,349.0,0.3450641156511644
,,,,,,b,350.0,0.2952073694195554
,,,,,,b,351.0,0.3735236270536446
,,,,,,b,352.0,0.3774100001180542
,,,,,,b,353.0,0.4376280695061298
,,,,,,b,354.0,0.3937351992090447
,,,,,,b,355.0,0.4115360890065256
,,,,,,b,356.0,0.382229344848163
,,,,,,b,357.0,0.407446108074569
,,,,,,b,358.0,0.4159891281806023
,,,,,,b,359.0,0.3281478897654555
,,,,,,b,360.0,0.42026290948598
,,,,,,b,361.0,0.376916401677831
,,,,,,b,362.0,0.4367473371980654
,,,,,,b,363.0,0.3266065484701728
,,,,,,b,364.0,0.3568682588200955
,,,,,,b,365.0,0.3527265834595354
,,,,,,b,366.0,0.4151529382701371
,,,,,,b,367.0,0.303056068082177
,,,,,,b,368.0,0.3531774800268916
,,,,,,b,369.0,0.3279245274648419
,,,,,,b,370.0,0.3795777183255451
,,,,,,b,371.0,0.3399368854653044
,,,,,,b,372.0,0.3285127493386732
,,,,,,b,373.0,0.389127568259747
,,,,,,b,374.0,0.3329221145490715
,,,,,,b,375.0,0.3543002540377307
,,,,,,b,376.0,0.3446580650210245
,,,,,,b,377.0,0.3385271191325607
,,,,,,b,378.0,0.3406652669702774
,,,,,,b,379.0,0.3152969475591507
,,,,,,b,380.0,0.313739283724598
,,,,,,b,381.0,0.283241630478515
,,,,,,b,382.0,0.3556146582514969
,,,,,,b,383.0,0.3421722898695627
,,,,,,b,384.0,0.3880965749525078
,,,,,,b,385.0,0.3299442729613426
,,,,,,b,386.0,0.2985219089900597
,,,,,,b,387.0,0.365830432949334
,,,,,,b,388.0,0.3050702552652677
,,,,,,b,389.0,0.3258413805678866
,,,,,,b,390.0,0.35435189429435
,,,,,,b,391.0,0.3355044939168308
,,,,,,b,392.0,0.3804145592913817
,,,,,,b,393.0,0.3181796064212525
,,,,,,b,394.0,0.388845500860111
,,,,,,b,395.0,0.4082215788827468
,,,,,,b,396.0,0.3066376937585509
,,,,,,b,397.0,0.3326774952444693
,,,,,,b,398.0,0.3593057814417513
,,,,,,b,399.0,0.3262911354801536
,,,,,,b,400.0,0.3515133529997496
,,,,,,b,401.0,0.316220115102821
,,,,,,b,402.0,0.3604901716172373
,,,,,,b,403.0,0.3485397575518689
,,,,,,b,404.0,0.2897881810141869
,,,,,,b,405.0,0.370934680111346
,,,,,,b,406.0,0.3451961796961278
,,,,,,b,407.0,0.4109681021881801
,,,,,,b,408.0,0.3493499758053935
,,,,,,b,409.0,0.3139613925624109
,,,,,,b,410.0,0.3140485774403232
,,,,,,b,411.0,0.3113530017718213
,,,,,,b,412.0,0.3459594202852916
,,,,,,b,413.0,0.4014410150981371
,,,,,,b,414.0,0.3573089158816023
,,,,,,b,415.0,0.3149153672480711
,,,,,,b,416.0,0.3552255563175071
,,,,,,b,417.0,0.3624950808235168
,,,,,,b,418.0,0.3896185481119336
,,,,,,b,419.0,0.3851288562427908
,,,,,,b,420.0,0.3767666144035169
,,,,,,b,421.0,0.332521079753886
,,,,,,b,422.0,0.3045247698618873
,,,,,,b,423.0,0.3640223990541362
,,,,,,b,424.0,0.4222898520254792
,,,,,,b,425.0,0.3135959843408407
,,,,,,b,426.0,0.3524260296994428
,,,,,,b,427.0,0.4288120376506161
,,,,,,b,428.0,0.3504899829299823
,,,,,,b,429.0,0.3706566280414631
,,,,,,b,430.0,0.346086806342476
,,,,,,b,431.0,0.392777627956681
,,,,,,b,432.0,0.3843627067856716
,,,,,,b,433.0,0.3841367900459009
,,,,,,b,434.0,0.3592259760417855
,,,,,,b,435.0,0.3399699941500134
,,,,,,b,436.0,0.3142947664434379
,,,,,,b,437.0,0.3993583916710745
,,,,,,b,438.0,0.3654113480288203
,,,,,,b,439.0,0.3089528229450096
,,,,,,b,440.0,0.3668258686404404
,,,,,,b,441.0,0.3193712031244802
,,,,,,b,442.0,0.3678597116117235
,,,,,,b,443.0,0.3396023500731222
,,,,,,b,444.0,0.3988992190858642
,,,,,,b,445.0,0.3410202126944295
,,,,,,b,446.0,0.42200192946878
,,,,,,b,447.0,0.3494748888321379
,,,,,,b,448.0,0.3541652502644856
,,,,,,b,449.0,0.319429563033939
,,,,,,b,450.0,0.3346922205208735
,,,,,,b,451.0,0.3682021133848572
,,,,,,b,452.0,0.3947023247321244
,,,,,,b,453.0,0.3444292016629919
,,,,,,b,454.0,0.4216313640907341
,,,,,,b,455.0,0.3690280725337884
,,,,,,b,456.0,0.3099321343015209
,,,,,,b,457.0,0.3479359546964109
,,,,,,b,458.0,0.3712078146781365
,,,,,,b,459.0,0.3131938145281414
,,,,,,b,460.0,0.2612734901366091
,,,,,,b,461.0,0.3143607930734227
,,,,,,b,462.0,0.4080121899891207
,,,,,,b,463.0,0.3239612879673204
,,,,,,b,464.0,0.3501624464212671
,,,,,,b,465.0,0.3356485470161536
,,,,,,b,466.0,0.3440125248726668
,,,,,,b,467.0,0.3224963636769713
,,,,,,b,468.0,0.3448986370546731
,,,,,,b,469.0,0.3970557742024003
,,,,,,b,470.0,0.349311576519506
,,,,,,b,471.0,0.3235660447183175
,,,,,,b,472.0,0.3440813068741875
,,,,,,b,473.0,0.3797085705926712
,,,,,,b,474.0,0.3190707834645869
,,,,,,b,475.0,0.3412387648845509
,,,,,,b,476.0,0.3641651610780188
,,,,,,b,477.0,0.3946350503968237
,,,,,,b,478.0,0.3268584048552592
,,,,,,b,479.0,0.3595514263373953
,,,,,,b,480.0,0.5088854925734365
,,,,,,b,481.0,0.3518393234134445
,,,,,,b,482.0,0.3680657247791488
,,,,,,b,483.0,0.3464698468618006
,,,,,,b,484.0,0.3561033106344049
,,,,,,b,485.0,0.3373991021437814
,,,,,,b,486.0,0.3155965019291589
,,,,,,b,487.0,0.3599340692711155
,,,,,,b,488.0,0.3554391990357541
,,,,,,b,489.0,0.3108114469423464
,,,,,,b,490.0,0.3461633459153721
,,,,,,b,491.0,0.3984327386779505
,,,,,,b,492.0,0.3671807259027551
,,,,,,b,493.0,0.3320277210614994
,,,,,,b,494.0,0.3669764609736399
,,,,,,b,495.0,0.3500610174827319
,,,,,,b,496.0,0.3802879716104383
,,,,,,b,497.0,0.3578664279582177
,,,,,,b,498.0,0.3164045638283377
,,,,,,b,499.0,0.369412667768346
,,,,,,b,500.0,0.3943065174449249
,,,,,,b,501.0,0.3532159039199936
,,,,,,b,502.0,0.3194429279498574
,,,,,,b,503.0,0.351361408091452
,,,,,,b,504.0,0.3718525485041875
,,,,,,b,505.0,0.3240292666927278
,,,,,,b,506.0,0.4091784888231697
,,,,,,b,507.0,0.3562950341188049
,,,,,,b,508.0,0.3135210849128151
,,,,,,b,509.0,0.3919342050541221
,,,,,,b,510.0,0.3869079905256596
,,,,,,b,511.0,0.3853724944831427
,,,,,,b,512.0,0.3671102393145813
,,,,,,b,513.0,0.4119805944436545
,,,,,,b,514.0,0.3593061407276003
,,,,,,b,515.0,0.3324393853131346
,,,,,,b,516.0,0.3563164625212529
,,,,,,b,517.0,0.3252809763150392
,,,,,,b,518.0,0.4123261201264596
,,,,,,b,519.0,0.4134937260499947
,,,,,,b,520.0,0.3014434417202691
,,,,,,b,521.0,0.3163194707960786
,,,,,,b,522.0,0.3272748082243568
,,,,,,b,523.0,0.4255702291340184
,,,,,,b,524.0,0.373551948480058
,,,,,,b,525.0,0.3552105741996549
,,,,,,b,526.0,0.3572681474580386
,,,,,,b,527.0,0.3220249000330337
,,,,,,b,528.0,0.2938250850125685
,,,,,,b,529.0,0.3567965306106471
,,,,,,b,530.0,0.4050720850531428
,,,,,,b,531.0,0.2925535021172267
,,,,,,b,532.0,0.4184436558422644
,,,,,,b,533.0,0.3725837592395646
,,,,,,b,534.0,0.3603392849608009
,,,,,,b,535.0,0.3504337266070791
,,,,,,b,536.0,0.4025708495122235
,,,,,,b,537.0,0.3548933407164756
,,,,,,b,538.0,0.3438033986777222
,,,,,,b,539.0,0.3710910985988715
,,,,,,b,540.0,0.2892233924593044
,,,,,,b,541.0,0.3285978718349347
,,,,,,b,542.0,0.3344004278373287
,,,,,,b,543.0,0.3356639546273312
,,,,,,b,544.0,0.3262370963613406
,,,,,,b,545.0,0.3360730636383509
,,,,,,b,546.0,0.3592455390521696
,,,,,,b,547.0,0.3194182707069162
,,,,,,b,548.0,0.3487272709459788
,,,,,,b,549.0,0.4408098380528651
,,,,,,b,550.0,0.4188001263180636
,,,,,,b,551.0,0.3504548543846941
,,,,,,b,552.0,0.4001806804153873
,,,,,,b,553.0,0.348918858501416
,,,,,,b,554.0,0.3697592914909893
,,,,,,b,555.0,0.4039222471400805
,,,,,,b,556.0,0.4164136080106266
,,,,,,b,557.0,0.2985742527279953
,,,,,,b,558.0,0.3818746145460734
,,,,,,b,559.0,0.2782965114814524
,,,,,,b,560.0,0.3604058051945191
,,,,,,b,561.0,0.3585538285259844
,,,,,,b,562.0,0.3290877622360533
,,,,,,b,563.0,0.3628216970181595
,,,,,,b,564.0,0.3315933566047992
,,,,,,b,565.0,0.3786467286351516
,,,,,,b,566.0,0.3149035679115557
,,,,,,b,567.0,0.2611995687832738
,,,,,,b,568.0,0.3342769130816529
,,,,,,b,569.0,0.3493154992009195
,,,,,,b,570.0,0.325559912862845
,,,,,,b,571.0,0.4294809249406985
,,,,,,b,572.0,0.3459533196856208
,,,,,,b,573.0,0.3396545664272148
,,,,,,b,574.0,0.3799478782504311
,,,,,,b,575.0,0.4254106496968419
,,,,,,b,576.0,0.3810128512916502
,,,,,,b,577.0,0.34248518204316
,,,,,,b,578.0,0.3029833638318342
,,,,,,b,579.0,0.3440177018302259
,,,,,,b,580.0,0.405643582505597
,,,,,,b,581.0,0.3376354458471047
,,,,,,b,582.0,0.3558831432842368
,,,,,,b,583.0,0.3288056509981318
,,,,,,b,584.0,0.3446218776748759
,,,,,,b,585.0,0.3565961853671964
,,,,,,b,586.0,0.3199155995080205
,,,,,,b,587.0,0.3606996521979155
,,,,,,b,588.0,0.2815520745170317
,,,,,,b,589.0,0.3668895006402426
,,,,,,b,590.0,0.3961008833562722
,,,,,,b,591.0,0.385511520428301
,,,,,,b,592.0,0.2920663526781557
,,,,,,b,593.0,0.3698751027925686
,,,,,,b,594.0,0.3885153725281984
,,,,,,b,595.0,0.296055169064044
,,,,,,b,596.0,0.3393005950947896
,,,,,,b,597.0,0.4047384186374247
,,,,,,b,598.0,0.3278786903495225
,,,,,,b,599.0,0.3587268185067063
,,,,,,b,600.0,0.3479949983116319
,,,,,,b,601.0,0.307547837160449
,,,,,,b,602.0,0.3627030919217917
,,,,,,b,603.0,0.4035961158951284
,,,,,,b,604.0,0.3081329442582872
,,,,,,b,605.0,0.3615947616236803
,,,,,,b,606.0,0.3474642194614086
,,,,,,b,607.0,0.3502791027429834
,,,,,,b,608.0,0.3040769064547239
,,,,,,b,609.0,0.29890486224093
,,,,,,b,610.0,0.3452152435769404
,,,,,,b,611.0,0.4253941397683562
,,,,,,b,612.0,0.3583405954658727
,,,,,,b,613.0,0.3155881291429692
,,,,,,b,614.0,0.3097137716651623
,,,,,,b,615.0,0.3492953303823007
,,,,,,b,616.0,0.3561076704265393
,,,,,,b,617.0,0.3687813143984257
,,,,,,b,618.0,0.3684520242483886
,,,,,,b,619.0,0.3279929430961785
,,,,,,b,620.0,0.3049660426845402
,,,,,,b,621.0,0.348323083728749
,,,,,,b,622.0,0.4253146816044597
,,,,,,b,623.0,0.4090048747604262
,,,,,,b,624.0,0.3454601053428745
,,,,,,b,625.0,0.3088018317943852
,,,,,,b,626.0,0.2893731284185947
,,,,,,b,627.0,0.3486326587254424
,,,,,,b,628.0,0.334298448261896
,,,,,,b,629.0,0.3405590574791404
,,,,,,b,630.0,0.3378730889660017
,,,,,,b,631.0,0.3854960215914635
,,,,,,b,632.0,0.3505676727433364
,,,,,,b,633.0,0.3859797424845985
,,,,,,b,634.0,0.3352312851426737
,,,,,,b,635.0,0.4082959058822326
,,,,,,b,636.0,0.3690529198583938
,,,,,,b,637.0,0.2815543987605617
,,,,,,b,638.0,0.3949432965484289
,,,,,,b,639.0,0.4331272178457634
,,,,,,b,640.0,0.3107539018004925
,,,,,,b,641.0,0.3725086344639288
,,,,,,b,642.0,0.4198435237571631
,,,,,,b,643.0,0.4252988632735088
,,,,,,b,644.0,0.4661488672423002
,,,,,,b,645.0,0.3299677901597393
,,,,,,b,646.0,0.3154626902847188
,,,,,,b,647.0,0.3478867602138025
,,,,,,b,648.0,0.3450483078164366
,,,,,,b,649.0,0.3521614101496624
,,,,,,b,650.0,0.3293376639713852
,,,,,,b,651.0,0.3764770040073122
,,,,,,b,652.0,0.4590271310050826
,,,,,,b,653.0,0.366953538499664
,,,,,,b,654.0,0.3279057781794359
,,,,,,b,655.0,0.4001061981060072
,,,,,,b,656.0,0.2654951979870854
,,,,,,b,657.0,0.4329575548588789
,,,,,,b,658.0,0.3712324623637482
,,,,,,b,659.0,0.2890070196771761
,,,,,,b,660.0,0.3199483791154009
,,,,,,b,661.0,0.3385930337989742
,,,,,,b,662.0,0.318777992167802
,,,,,,b,663.0,0.3116473050576815
,,,,,,b,664.0,0.3380765928973148
,,,,,,b,665.0,0.326874816904581
,,,,,,b,666.0,0.3392317248094025
,,,,,,b,667.0,0.3341568483956649
,,,,,,b,668.0,0.3679052818651378
,,,,,,b,669.0,0.3340177782362161
,,,,,,b,670.0,0.3598867993860497
,,,,,,b,671.0,0.3849350250636845
,,,,,,b,672.0,0.3236224517599693
,,,,,,b,673.0,0.354994910200475
,,,,,,b,674.0,0.3055750043031873
,,,,,,b,675.0,0.3771128830515389
,,,,,,b,676.0,0.3486087443446175
,,,,,,b,677.0,0.3342511833655268
,,,,,,b,678.0,0.3666382849359424
,,,,,,b,679.0,0.2985703098487753
,,,,,,b,680.0,0.34437272861165
,,,,,,b,681.0,0.3332321520568073
,,,,,,b,682.0,0.2712715260949934
,,,,,,b,683.0,0.2910224929373441
,,,,,,b,684.0,0.3355476910987951
,,,,,,b,685.0,0.3826911649174516
,,,,,,b,686.0,0.4070775923458569
,,,,,,b,687.0,0.3846532914376843
,,,,,,b,688.0,0.2744601740115064
,,,,,,b,689.0,0.3912077410848833
,,,,,,b,690.0,0.338276918411744
,,,,,,b,691.0,0.3376268503771671
,,,,,,b,692.0,0.3619251263271601
,,,,,,b,693.0,0.3318702876714474
,,,,,,b,694.0,0.3440543537856007
,,,,,,b,695.0,0.365705416596727
,,,,,,b,696.0,0.3395337722150797
,,,,,,b,697.0,0.3476685110317246
,,,,,,b,698.0,0.3421166601185925
,,,,,,b,699.0,0.4103785516507141
,,,,,,b,700.0,0.4211247092095673
,,,,,,b,701.0,0.3162189500176331
,,,,,,b,702.0,0.3540829333061555
,,,,,,b,703.0,0.3651326845886604
,,,,,,b,704.0,0.315224000216368
,,,,,,b,705.0,0.3702195390788052
,,,,,,b,706.0,0.3293638348891101
,,,,,,b,707.0,0.3544850460129449
,,,,,,b,708.0,0.3159584084360025
,,,,,,b,709.0,0.3768856815344201
,,,,,,b,710.0,0.3788882260962021
,,,,,,b,711.0,0.353984277039836
,,,,,,b,712.0,0.3734916334702998
,,,,,,b,713.0,0.3159053184407159
,,,,,,b,714.0,0.3160246232573693
,,,,,,b,715.0,0.3411879758558163
,,,,,,b,716.0,0.3580449330263828
,,,,,,b,717.0,0.3069056535095535
,,,,,,b,718.0,0.3955285070831631
,,,,,,b,719.0,0.3435780164913722
,,,,,,b,720.0,0.335245072171475
,,,,,,b,721.0,0.3557356739806754
,,,,,,b,722.0,0.3234741065313575
,,,,,,b,723.0,0.3581267789580518
,,,,,,b,724.0,0.3851205733886487
,,,,,,b,725.0,0.3380416936599344
,,,,,,b,726.0,0.3493144499999721
,,,,,,b,727.0,0.3678386915853431
,,,,,,b,728.0,0.3634951279114977
,,,,,,b,729.0,0.3473656687872664
,,,,,,b,730.0,0.3304382844995372
,,,,,,b,731.0,0.3063853797194351
,,,,,,b,732.0,0.3775644353684155
,,,,,,b,733.0,0.377871036413457
,,,,,,b,734.0,0.3291053041232938
,,,,,,b,735.0,0.4116269267435006
,,,,,,b,736.0,0.4280280706368851
,,,,,,b,737.0,0.3013436928639494
,,,,,,b,738.0,0.3071267874368923
,,,,,,b,739.0,0.2791847978348611
,,,,,,b,740.0,0.3612952031242038
,,,,,,b,741.0,0.3793372396917522
,,,,,,b,742.0,0.3331235410418265
,,,,,,b,743.0,0.3315867544461253
,,,,,,b,744.0,0.3513646802863257
,,,,,,b,745.0,0.3755591599463823
,,,,,,b,746.0,0.3747668224328326
,,,,,,b,747.0,0.3515798862292465
,,,,,,b,748.0,0.3695390646732095
,,,,,,b,749.0,0.3429709578642588
,,,,,,b,750.0,0.3633125678498183
,,,,,,b,751.0,0.3841708647450095
,,,,,,b,752.0,0.3446160387146348
,,,,,,b,753.0,0.4093299347462857
,,,,,,b,754.0,0.4045140105456046
,,,,,,b,755.0,0.3537683031905647
,,,,,,b,756.0,0.330098776427592
,,,,,,b,757.0,0.4337247793194367
,,,,,,b,758.0,0.3173358385244529
,,,,,,b,759.0,0.343318354626394
,,,,,,b,760.0,0.3108846527142601
,,,,,,b,761.0,0.4041668795014383
,,,,,,b,762.0,0.3415894324439632
,,,,,,b,763.0,0.3726318334187541
,,,,,,b,764.0,0.327776015626148
,,,,,,b,765.0,0.3493421562909176
,,,,,,b,766.0,0.3439466200623697
,,,,,,b,767.0,0.3312581425733372
,,,,,,b,768.0,0.3639959951045819
,,,,,,b,769.0,0.3508138421612905
,,,,,,b,770.0,0.3562708682039619
,,,,,,b,771.0,0.3400126596757382
,,,,,,b,772.0,0.3309569280854916
,,,,,,b,773.0,0.3304948936159206
,,,,,,b,774.0,0.3785878487662288
,,,,,,b,775.0,0.3708635044663833
,,,,,,b,776.0,0.443334159228125
,,,,,,b,777.0,0.3427156549012751
,,,,,,b,778.0,0.3178144684988413
,,,,,,b,779.0,0.3779621417031578
,,,,,,b,780.0,0.3126422985667005
,,,,,,b,781.0,0.4071756093108005
,,,,,,b,782.0,0.3803303747373654
,,,,,,b,783.0,0.3213873493447661
,,,,,,b,784.0,0.3626563349851883
,,,,,,b,785.0,0.3670657685694793
,,,,,,b,786.0,0.3908117369694923
,,,,,,b,787.0,0.3234500553056243
,,,,,,b,788.0,0.2972644200358463
,,,,,,b,789.0,0.3355523250015229
,,,,,,b,790.0,0.3522885222455372
,,,,,,b,791.0,0.3871853847005213
,,,,,,b,792.0,0.3733153236985527
,,,,,,b,793.0,0.3892594467980195
,,,,,,b,794.0,0.3247226676890085
,,,,,,b,795.0,0.3937849441543615
,,,,,,b,796.0,0.3045708173627885
,,,,,,b,797.0,0.379417096002494
,,,,,,b,798.0,0.3235812792017403
,,,,,,b,799.0,0.3231340227659478
,,,,,,b,800.0,0.3788586157124474
,,,,,,b,801.0,0.33766006311828
,,,,,,b,802.0,0.3891038462664884
,,,,,,b,803.0,0.3579064183584584
,,,,,,b,804.0,0.3483383128383028
,,,,,,b,805.0,0.3340265529571184
,,,,,,b,806.0,0.3371331830304203
,,,,,,b,807.0,0.3181467338169077
,,,,,,b,808.0,0.3088921740252308
,,,,,,b,809.0,0.3834663113170204
,,,,,,b,810.0,0.3814753885252058
,,,,,,b,811.0,0.3300904431480038
,,,,,,b,812.0,0.296023292111025
,,,,,,b,813.0,0.3881729035067613
,,,,,,b,814.0,0.3571923465137248
,,,,,,b,815.0,0.3130814873731711
,,,,,,b,816.0,0.2586696574582152
,,,,,,b,817.0,0.3778376194053585
,,,,,,b,818.0,0.2765154738070832
,,,,,,b,819.0,0.4179087384504178
,,,,,,b,820.0,0.3578481839280449
,,,,,,b,821.0,0.322960282570691
,,,,,,b,822.0,0.4195677793923353
,,,,,,b,823.0,0.3922678462404114
,,,,,,b,824.0,0.3121194353547771
,,,,,,b,825.0,0.2632053035938004
,,,,,,b,826.0,0.3358597982010294
,,,,,,b,827.0,0.3561972202040477
,,,,,,b,828.0,0.3269973966107233
,,,,,,b,829.0,0.3041742190318448
,,,,,,b,830.0,0.3747943753273763
,,,,,,b,831.0,0.3182396038613575
,,,,,,b,832.0,0.307648480479012
,,,,,,b,833.0,0.3998399635772069
,,,,,,b,834.0,0.3862344756405544
,,,,,,b,835.0,0.3697893929425442
,,,,,,b,836.0,0.3532845264365782
,,,,,,b,837.0,0.4231375142105817
,,,,,,b,838.0,0.3440475093517934
,,,,,,b,839.0,0.4383489062119405
,,,,,,b,840.0,0.3408667841710566
,,,,,,b,841.0,0.3123899388981046
,,,,,,b,842.0,0.3664368216489029
,,,,,,b,843.0,0.3421438058583539
,,,,,,b,844.0,0.3507071971502693
,,,,,,b,845.0,0.2895744515308527
,,,,,,b,846.0,0.4010931549567416
,,,,,,b,847.0,0.3657766367643109
,,,,,,b,848.0,0.2958535535329454
,,,,,,b,849.0,0.3508552857838785
,,,,,,b,850.0,0.3492121057654045
,,,,,,b,851.0,0.3037456852407914
,,,,,,b,852.0,0.2886219469046791
,,,,,,b,853.0,0.3397930706035019
,,,,,,b,854.0,0.3210774402314564
,,,,,,b,855.0,0.3405384483728024
,,,,,,b,856.0,0.3927171101368119
,,,,,,b,857.0,0.3175609986419871
,,,,,,b,858.0,0.3760102647777343
,,,,,,b,859.0,0.4479612902264587
,,,,,,b,860.0,0.3326683402198602
,,,,,,b,861.0,0.3669581590558111
,,,,,,b,862.0,0.3789546794557514
,,,,,,b,863.0,0.3729788312265429
,,,,,,b,864.0,0.3582880811958708
,,,,,,b,865.0,0.3394843954339963
,,,,,,b,866.0,0.3336786688233411
,,,,,,b,867.0,0.3544476726287224
,,,,,,b,868.0,0.3445591985805554
,,,,,,b,869.0,0.3708962132509219
,,,,,,b,870.0,0.332792700369557
,,,,,,b,871.0,0.3536997341001657
,,,,,,b,872.0,0.3232321412920185
,,,,,,b,873.0,0.4286664559342941
,,,,,,b,874.0,0.286895226212926
,,,,,,b,875.0,0.3434130838672589
,,,,,,b,876.0,0.3853655654263717
,,,,,,b,877.0,0.3490781542904639
,,,,,,b,878.0,0.3495179456413577
,,,,,,b,879.0,0.4206918048047581
,,,,,,b,880.0,0.3478280272904572
,,,,,,b,881.0,0.3656511297818703
,,,,,,b,882.0,0.3624400892565536
,,,,,,b,883.0,0.3921076176713214
,,,,,,b,884.0,0.2881296090016843
,,,,,,b,885.0,0.3564240508629654
,,,,,,b,886.0,0.3047259745874378
,,,,,,b,887.0,0.3315095361952442
,,,,,,b,888.0,0.3533548176865051
,,,,,,b,889.0,0.3466392373234148
,,,,,,b,890.0,0.3275111813017557
,,,,,,b,891.0,0.3250927134489378
,,,,,,b,892.0,0.3584657431712799
,,,,,,b,893.0,0.3258531145291767
,,,,,,b,894.0,0.3707307529791896
,,,,,,b,895.0,0.369383185821686
,,,,,,b,896.0,0.3168787964393083
,,,,,,b,897.0,0.322801097824247
,,,,,,b,898.0,0.3879909777911834
,,,,,,b,899.0,0.2511811094787091
,,,,,,b,900.0,0.315286342515924
,,,,,,b,901.0,0.3037082989266459
,,,,,,b,902.0,0.3093030254626541
,,,,,,b,903.0,0.3578880611024315
,,,,,,b,904.0,0.323981300198505
,,,,,,b,905.0,0.3343126832423699
,,,,,,b,906.0,0.3507210707561752
,,,,,,b,907.0,0.3731840579442775
,,,,,,b,908.0,0.3693088683542078
,,,,,,b,909.0,0.3628039260191125
,,,,,,b,910.0,0.3672724461753631
,,,,,,b,911.0,0.3560600930137862
,,,,,,b,912.0,0.3089755224510524
,,,,,,b,913.0,0.3435392176277925
,,,,,,b,914.0,0.3380152018048554
,,,,,,b,915.0,0.3356872360045226
,,,,,,b,916.0,0.3638377945352546
,,,,,,b,917.0,0.4619119537369158
,,,,,,b,918.0,0.3533911194069241
,,,,,,b,919.0,0.3371971417312096
,,,,,,b,920.0,0.4179755750063694
,,,,,,b,921.0,0.3287884446612557
,,,,,,b,922.0,0.3415939102685503
,,,,,,b,923.0,0.31036424047223
,,,,,,b,924.0,0.4029291629918901
,,,,,,b,925.0,0.3463927211160986
,,,,,,b,926.0,0.3606598149877666
,,,,,,b,927.0,0.3391568610177247
,,,,,,b,928.0,0.3790453006372631
,,,,,,b,929.0,0.3108965762505438
,,,,,,b,930.0,0.4241210401142847
,,,,,,b,931.0,0.3618072783297474
,,,,,,b,932.0,0.407891092948041
,,,,,,b,933.0,0.360015447106635
,,,,,,b,934.0,0.4369546307704044
,,,,,,b,935.0,0.307336730394196
,,,,,,b,936.0,0.3501293663652802
,,,,,,b,937.0,0.318278776552876
,,,,,,b,938.0,0.344855460726527
,,,,,,b,939.0,0.3348707041156431
,,,,,,b,940.0,0.3882185295295128
,,,,,,b,941.0,0.3422124689665895
,,,,,,b,942.0,0.3447006152170764
,,,,,,b,943.0,0.4259716513915652
,,,,,,b,944.0,0.380915422763465
,,,,,,b,945.0,0.4286766502793808
,,,,,,b,946.0,0.4023392158494023
,,,,,,b,947.0,0.3958449024847335
,,,,,,b,948.0,0.4117494123939469
,,,,,,b,949.0,0.3484594202571687
,,,,,,b,950.0,0.355799707100803
,,,,,,b,951.0,0.2798324970958568
,,,,,,b,952.0,0.348965880085033
,,,,,,b,953.0,0.3331566558410115
,,,,,,b,954.0,0.3342211558955652
,,,,,,b,955.0,0.3141177003572424
,,,,,,b,956.0,0.3570242353498609
,,,,,,b,957.0,0.3081989127015259
,,,,,,b,958.0,0.3064749106745164
,,,,,,b,959.0,0.3819688776232643
,,,,,,b,960.0,0.4211612918115213
,,,,,,b,961.0,0.3567554463804767
,,,,,,b,962.0,0.3041777440817945
,,,,,,b,963.0,0.3399995149161752
,,,,,,b,964.0,0.3777674249350253
,,,,,,b,965.0,0.2872155785229244
,,,,,,b,966.0,0.3505143179303651
,,,,,,b,967.0,0.3516931545483626
,,,,,,b,968.0,0.370695971998205
,,,,,,b,969.0,0.3858192856319675
,,,,,,b,970.0,0.3249198012933667
,,,,,,b,971.0,0.3820815344973987
,,,,,,b,972.0,0.3754833235028796
,,,,,,b,973.0,0.3140326059131153
,,,,,,b,974.0,0.3294541932112755
,,,,,,b,975.0,0.3272419808503981
,,,,,,b,976.0,0.3272016441129737
,,,,,,b,977.0,0.3367102681624594
,,,,,,b,978.0,0.3489085494929438
,,,,,,b,979.0,0.3293199453588111
,,,,,,b,980.0,0.3103430668170173
,,,,,,b,981.0,0.3468549323708823
,,,,,,b,982.0,0.3623894922508923
,,,,,,b,983.0,0.3568319502275998
,,,,,,b,984.0,0.405723368656941
,,,,,,b,985.0,0.3422405399742523
,,,,,,b,986.0,0.3749687336678189
,,,,,,b,987.0,0.3589856072057351
,,,,,,b,988.0,0.2981698742418084
,,,,,,b,989.0,0.4160186563972838
,,,,,,b,990.0,0.3187796031411727
,,,,,,b,991.0,0.3823083645874914
,,,,,,b,992.0,0.394736665304372
,,,,,,b,993.0,0.3023310527636718
,,,,,,b,994.0,0.3391280789648268
,,,,,,b,995.0,0.3595544155155474
,,,,,,b,996.0,0.3015223188047606
,,,,,,b,997.0,0.3932666059744645
,,,,,,b,998.0,0.3769169341798988
,,,,,,b,999.0,0.4282985828893939
,,,,,,b,1000.0,0.3456686574043308
,,,,,,b,1001.0,0.3286615879686487
,,,,,,b,1002.0,0.3448925033463164
,,,,,,b,1003.0,0.3103426276121586
,,,,,,b,1004.0,0.3797829614759784
,,,,,,b,1005.0,0.3683587507571655
,,,,,,b,1006.0,0.3611230183714786
,,,,,,b,1007.0,0.3133551758301998
,,,,,,b,1008.0,0.3484596982391328
,,,,,,b,1009.0,0.3589356715744625
,,,,,,b,1010.0,0.3732900884722028
,,,,,,b,1011.0,0.3547418310801649
,,,,,,b,1012.0,0.3504438173301842
,,,,,,b,1013.0,0.3433255608870755
,,,,,,b,1014.0,0.3716285013848379
,,,,,,b,1015.0,0.3762897149162425
,,,,,,b,1016.0,0.3688344080234262
,,,,,,b,1017.0,0.3321403465573511
,,,,,,b,1018.0,0.3856133703322775
,,,,,,b,1019.0,0.2959656925819418
,,,,,,b,1020.0,0.3899974055462558
,,,,,,b,1021.0,0.3305148371983701
,,,,,,b,1022.0,0.3121988381179337
,,,,,,b,1023.0,0.3358755128499497
,,,,,,b,1024.0,0.315386692234938
,,,,,,b,1025.0,0.3474949720632305
,,,,,,b,1026.0,0.3458640497374103
,,,,,,b,1027.0,0.3475068205430744
,,,,,,b,1028.0,0.3794646719184129
,,,,,,b,1029.0,0.2670360538142562
,,,,,,b,1030.0,0.4065649852746111
,,,,,,b,1031.0,0.4173145464132211
,,,,,,b,1032.0,0.3001116499168468
,,,,,,b,1033.0,0.3211236095002463
,,,,,,b,1034.0,0.3275742283899445
,,,,,,b,1035.0,0.3505622701004238
,,,,,,b,1036.0,0.362913157201151
,,,,,,b,1037.0,0.3434475652436566
,,,,,,b,1038.0,0.3370326024132164
,,,,,,b,1039.0,0.3228272456379497
,,,,,,b,1040.0,0.3247697653147297
,,,,,,b,1041.0,0.2994801094344232
,,,,,,b,1042.0,0.341517521623877
,,,,,,b,1043.0,0.3427524352534075
,,,,,,b,1044.0,0.3468692113638063
,,,,,,b,1045.0,0.3837868206149175
,,,,,,b,1046.0,0.4050833007843963
,,,,,,b,1047.0,0.3161984737151555
,,,,,,b,1048.0,0.3470675418819766
,,,,,,b,1049.0,0.399380094966884
,,,,,,b,1050.0,0.3170749344646437
,,,,,,b,1051.0,0.3809209591505835
,,,,,,b,1052.0,0.3785369413504682
,,,,,,b,1053.0,0.3514311902772826
,,,,,,b,1054.0,0.3477906514261812
,,,,,,b,1055.0,0.3632795878274271
,,,,,,b,1056.0,0.3914740490301711
,,,,,,b,1057.0,0.338840415068149
,,,,,,b,1058.0,0.3672684916527253
,,,,,,b,1059.0,0.3688186780325626
,,,,,,b,1060.0,0.3882409851187494
,,,,,,b,1061.0,0.3365417927827678
,,,,,,b,1062.0,0.3912080216532443
,,,,,,b,1063.0,0.3772449045994812
,,,,,,b,1064.0,0.3446854567120905
,,,,,,b,1065.0,0.3517411402477979
,,,,,,b,1066.0,0.3604509903220116
,,,,,,b,1067.0,0.4419343760341192
,,,,,,b,1068.0,0.2966901224060874
,,,,,,b,1069.0,0.3136574605065254
,,,,,,b,1070.0,0.3890451598290574
,,,,,,b,1071.0,0.3651770722273273
,,,,,,b,1072.0,0.3546418470247325
,,,,,,b,1073.0,0.3733280563332126
,,,,,,b,1074.0,0.3452404161338047
,,,,,,b,1075.0,0.3823662226844071
,,,,,,b,1076.0,0.3748238500247574
,,,,,,b,1077.0,0.4143976099806479
,,,,,,b,1078.0,0.3602508314455539
,,,,,,b,1079.0,0.3356454033136082
,,,,,,b,1080.0,0.285993414701061
,,,,,,b,1081.0,0.2862262290532023
,,,,,,b,1082.0,0.2867419736968775
,,,,,,b,1083.0,0.3718857341140946
,,,,,,b,1084.0,0.4034859936486445
,,,,,,b,1085.0,0.3517300172648205
,,,,,,b,1086.0,0.3230494073770531
,,,,,,b,1087.0,0.3285412525844506
,,,,,,b,1088.0,0.2986538006441965
,,,,,,b,1089.0,0.3544034513340439
,,,,,,b,1090.0,0.3793998013863424
,,,,,,b,1091.0,0.3276644188090314
,,,,,,b,1092.0,0.3595680607121316
,,,,,,b,1093.0,0.4076643198879015
,,,,,,b,1094.0,0.3817198006426063
,,,,,,b,1095.0,0.2800392902258592
,,,,,,b,1096.0,0.3869042724255287
,,,,,,b,1097.0,0.3562979897112464
,,,,,,b,1098.0,0.2578198808722596
,,,,,,b,1099.0,0.3982254774741447
,,,,,,b,1100.0,0.3606094598140488
,,,,,,b,1101.0,0.3362593279327845
,,,,,,b,1102.0,0.4331670328885009
,,,,,,b,1103.0,0.4086784375223593
,,,,,,b,1104.0,0.3697876845614756
,,,,,,b,1105.0,0.3855063762383501
,,,,,,b,1106.0,0.3293373323136905
,,,,,,b,1107.0,0.396999289895148
,,,,,,b,1108.0,0.4024022215903504
,,,,,,b,1109.0,0.3974790215644415
,,,,,,b,1110.0,0.3270509189481676
,,,,,,b,1111.0,0.3551108542876693
,,,,,,b,1112.0,0.3736607211875902
,,,,,,b,1113.0,0.3529591775089433
,,,,,,b,1114.0,0.3220438243352221
,,,,,,b,1115.0,0.3517937940312232
,,,,,,b,1116.0,0.3172540903458642
,,,,,,b,1117.0,0.3556741382535051
,,,,,,b,1118.0,0.3251280351793615
,,,,,,b,1119.0,0.3499876300626083
,,,,,,b,1120.0,0.4058738319575603
,,,,,,b,1121.0,0.4018561511864447
,,,,,,b,1122.0,0.3318975424473187
,,,,,,b,1123.0,0.458707540998855
,,,,,,b,1124.0,0.3476657389161515
,,,,,,b,1125.0,0.4152916423576132
,,,,,,b,1126.0,0.4119751052252325
,,,,,,b,1127.0,0.2940776673422243
,,,,,,b,1128.0,0.3759361901396802
,,,,,,b,1129.0,0.3313833576239613
,,,,,,b,1130.0,0.3455475783006494
,,,,,,b,1131.0,0.3333624958380792
,,,,,,b,1132.0,0.329928732495381
,,,,,,b,1133.0,0.4148576580419423
,,,,,,b,1134.0,0.365163249102181
,,,,,,b,1135.0,0.2995376741731572
,,,,,,b,1136.0,0.3183842238705754
,,,,,,b,1137.0,0.37184714194249
,,,,,,b,1138.0,0.3029453254474874
,,,,,,b,1139.0,0.3415803043082817
,,,,,,b,1140.0,0.3881964052130566
,,,,,,b,1141.0,0.3811287247688759
,,,,,,b,1142.0,0.2710413350685492
,,,,,,b,1143.0,0.3027718808068957
,,,,,,b,1144.0,0.4316692974934977
,,,,,,b,1145.0,0.4130359302180348
,,,,,,b,1146.0,0.3028266655487104
,,,,,,b,1147.0,0.3126694141908652
,,,,,,b,1148.0,0.3718152385696704
,,,,,,b,1149.0,0.3002484849627027
,,,,,,b,1150.0,0.3648086085991275
,,,,,,b,1151.0,0.3608315160014825
,,,,,,b,1152.0,0.3085894821201136
,,,,,,b,1153.0,0.4595682949409059
,,,,,,b,1154.0,0.3975710696452772
,,,,,,b,1155.0,0.3174790904257518
,,,,,,b,1156.0,0.3076710804443356
,,,,,,b,1157.0,0.3353958741820317
,,,,,,b,1158.0,0.4063483287952709
,,,,,,b,1159.0,0.3249627901686782
,,,,,,b,1160.0,0.3209693008347738
,,,,,,b,1161.0,0.3474346201917968
,,,,,,b,1162.0,0.3745699885066154
,,,,,,b,1163.0,0.3677938130338414
,,,,,,b,1164.0,0.313975042606065
,,,,,,b,1165.0,0.3690263442698467
,,,,,,b,1166.0,0.3836530519028227
,,,,,,b,1167.0,0.407166250100663
,,,,,,b,1168.0,0.3583565150929937
,,,,,,b,1169.0,0.3064869853182381
,,,,,,b,1170.0,0.3218464200243036
,,,,,,b,1171.0,0.3569303493540778
,,,,,,b,1172.0,0.381177888409288
,,,,,,b,1173.0,0.3860900696627674
,,,,,,b,1174.0,0.3284018110354108
,,,,,,b,1175.0,0.3494973753912909
,,,,,,b,1176.0,0.2960292085571989
,,,,,,b,1177.0,0.3507935340165602
,,,,,,b,1178.0,0.3470254076777515
,,,,,,b,1179.0,0.3444768486212601
,,,,,,b,1180.0,0.3438985546467004
,,,,,,b,1181.0,0.256621997068895
,,,,,,b,1182.0,0.4243203725111781
,,,,,,b,1183.0,0.34842104539451
,,,,,,b,1184.0,0.3166891722636982
,,,,,,b,1185.0,0.3240565590621509
,,,,,,b,1186.0,0.3101150593800588
,,,,,,b,1187.0,0.3390508114782542
,,,,,,b,1188.0,0.3440768124706901
,,,,,,b,1189.0,0.3852648453606067
,,,,,,b,1190.0,0.3613312512053501
,,,,,,b,1191.0,0.3208585949329863
,,,,,,b,1192.0,0.3459659197244886
,,,,,,b,1193.0,0.3619002897589451
,,,,,,b,1194.0,0.4252458437340651
,,,,,,b,1195.0,0.3554322816659039
,,,,,,b,1196.0,0.3410479611465824
,,,,,,b,1197.0,0.3771580796163016
,,,,,,b,1198.0,0.3479646965887752
,,,,,,b,1199.0,0.3063145890190073
,,,,,,b,1200.0,0.3702859690103004
,,,,,,b,1201.0,0.3024892963421712
,,,,,,b,1202.0,0.3960830263822612
,,,,,,b,1203.0,0.2849637640343263
,,,,,,b,1204.0,0.3127779818401301
,,,,,,b,1205.0,0.3187533035116154
,,,,,,b,1206.0,0.2503916926048135
,,,,,,b,1207.0,0.3738561921789123
,,,,,,b,1208.0,0.3320015786618548
,,,,,,b,1209.0,0.3776796177028432
,,,,,,b,1210.0,0.4074174732013897
,,,,,,b,1211.0,0.3472974521663543
,,,,,,b,1212.0,0.365608593685081
,,,,,,b,1213.0,0.3162120506754915
,,,,,,b,1214.0,0.4539597592192983
,,,,,,b,1215.0,0.4552611894967979
,,,,,,b,1216.0,0.3648185417196825
,,,,,,b,1217.0,0.4095981073049817
,,,,,,b,1218.0,0.3926206283608198
,,,,,,b,1219.0,0.3655909081499873
,,,,,,b,1220.0,0.3380318142335365
,,,,,,b,1221.0,0.4125444743712512
,,,,,,b,1222.0,0.3790550063450602
,,,,,,b,1223.0,0.3751533653263013
,,,,,,b,1224.0,0.4383035401330346
,,,,,,b,1225.0,0.3345352681788611
,,,,,,b,1226.0,0.2969775848400959
,,,,,,b,1227.0,0.3398443445008205
,,,,,,b,1228.0,0.3420864703913131
,,,,,,b,1229.0,0.4391646838702403
,,,,,,b,1230.0,0.3907243576370742
,,,,,,b,1231.0,0.361283002102553
,,,,,,b,1232.0,0.3049680451881333
,,,,,,b,1233.0,0.3647989694187323
,,,,,,b,1234.0,0.3600904010641659
,,,,,,b,1235.0,0.3665553126928151
,,,,,,b,1236.0,0.4087180393923213
,,,,,,b,1237.0,0.3475770579958932
,,,,,,b,1238.0,0.3652403985504859
,,,,,,b,1239.0,0.3147640105601135
,,,,,,b,1240.0,0.3134652359085619
,,,,,,b,1241.0,0.2759912735277678
,,,,,,b,1242.0,0.3616861633395434
,,,,,,b,1243.0,0.3668470414922211
,,,,,,b,1244.0,0.3525762930200207
,,,,,,b,1245.0,0.3328672866456781
,,,,,,b,1246.0,0.3700396364789324
,,,,,,b,1247.0,0.3406877090227249
,,,,,,b,1248.0,0.3456848192323338
,,,,,,b,1249.0,0.3865941672421318
,,,,,,b,1250.0,0.3371595857336755
,,,,,,b,1251.0,0.3955951526345358
,,,,,,b,1252.0,0.3867141659674784
,,,,,,b,1253.0,0.2971943739823404
,,,,,,b,1254.0,0.3098494470479704
,,,,,,b,1255.0,0.3190653798291971
,,,,,,b,1256.0,0.3264846968888482
,,,,,,b,1257.0,0.3929239982529275
,,,,,,b,1258.0,0.3170283585221414
,,,,,,b,1259.0,0.3269528643828709
,,,,,,b,1260.0,0.314398044523493
,,,,,,b,1261.0,0.3222530187395138
,,,,,,b,1262.0,0.3357071680053343
,,,,,,b,1263.0,0.2887100193414857
,,,,,,b,1264.0,0.3786426183037439
,,,,,,b,1265.0,0.4080866045044438
,,,,,,b,1266.0,0.4602663773116022
,,,,,,b,1267.0,0.3578926698121827
,,,,,,b,1268.0,0.5030466938401936
,,,,,,b,1269.0,0.357795960358783
,,,,,,b,1270.0,0.3482304262970799
,,,,,,b,1271.0,0.3814941520308554
,,,,,,b,1272.0,0.366051812858112
,,,,,,b,1273.0,0.3441904727471043
,,,,,,b,1274.0,0.4046499031848447
,,,,,,b,1275.0,0.3948262261955801
,,,,,,b,1276.0,0.3662242749327893
,,,,,,b,1277.0,0.354961042146122
,,,,,,b,1278.0,0.3475078269295562
,,,,,,b,1279.0,0.4146836730694936
,,,,,,b,1280.0,0.381360733570359
,,,,,,b,1281.0,0.3121435178704774
,,,,,,b,1282.0,0.3819023825160745
,,,,,,b,1283.0,0.3774287500520641
,,,,,,b,1284.0,0.3152902766581431
,,,,,,b,1285.0,0.35397735245138
,,,,,,b,1286.0,0.3552794880792427
,,,,,,b,1287.0,0.3598770917442393
,,,,,,b,1288.0,0.2971883182598986
,,,,,,b,1289.0,0.3294737396273843
,,,,,,b,1290.0,0.3092148672180697
,,,,,,b,1291.0,0.4355408512298973
,,,,,,b,1292.0,0.3481448198788754
,,,,,,b,1293.0,0.3429361868215048
,,,,,,b,1294.0,0.3124933921733994
,,,,,,b,1295.0,0.3475409219863352
,,,,,,b,1296.0,0.3848641605152223
,,,,,,b,1297.0,0.4009623023408482
,,,,,,b,1298.0,0.2611941867388148
,,,,,,b,1299.0,0.3819631471866511
,,,,,,b,1300.0,0.3755407621607078
,,,,,,b,1301.0,0.3344667152453922
,,,,,,b,1302.0,0.3724647403935748
,,,,,,b,1303.0,0.3749437672319198
,,,,,,b,1304.0,0.357828291080422
,,,,,,b,1305.0,0.3946173588962649
,,,,,,b,1306.0,0.3337134785709046
,,,,,,b,1307.0,0.3052660618643981
,,,,,,b,1308.0,0.3644373094228981
,,,,,,b,1309.0,0.3333757779168245
,,,,,,b,1310.0,0.3658636425746793
,,,,,,b,1311.0,0.342933311418681
,,,,,,b,1312.0,0.3575905411878119
,,,,,,b,1313.0,0.3098574155447449
,,,,,,b,1314.0,0.3469735966224876
,,,,,,b,1315.0,0.3123754697224195
,,,,,,b,1316.0,0.3559849845094582
,,,,,,b,1317.0,0.3933360787499489
,,,,,,b,1318.0,0.360358536188333
,,,,,,b,1319.0,0.3859308529761209
,,,,,,b,1320.0,0.3861335600332087
,,,,,,b,1321.0,0.3693729642050884
,,,,,,b,1322.0,0.3192817437551882
,,,,,,b,1323.0,0.3438542622535037
,,,,,,b,1324.0,0.3375588065544024
,,,,,,b,1325.0,0.367386159205088
,,,,,,b,1326.0,0.3586101622487141
,,,,,,b,1327.0,0.3137419341246157
,,,,,,b,1328.0,0.310973608286933
,,,,,,b,1329.0,0.336489443116112
,,,,,,b,1330.0,0.3441252471322973
,,,,,,b,1331.0,0.3384242314080792
,,,,,,b,1332.0,0.360666190532465
,,,,,,b,1333.0,0.3195002015147645
,,,,,,b,1334.0,0.3491957157164971
,,,,,,b,1335.0,0.4061560840320868
,,,,,,b,1336.0,0.383319047123237
,,,,,,b,1337.0,0.3459999442769805
,,,,,,b,1338.0,0.336726877445936
,,,,,,b,1339.0,0.343900576720733
,,,,,,b,1340.0,0.3251353562105956
,,,,,,b,1341.0,0.3747788988813862
,,,,,,b,1342.0,0.3951745862575602
,,,,,,b,1343.0,0.3867018221577445
,,,,,,b,1344.0,0.3328805982207283
,,,,,,b,1345.0,0.4034953439644977
,,,,,,b,1346.0,0.4257805398427714
,,,,,,b,1347.0,0.3404384282614821
,,,,,,b,1348.0,0.399450118193013
,,,,,,b,1349.0,0.3362341317188737
,,,,,,b,1350.0,0.3633562478572827
,,,,,,b,1351.0,0.3792170033776427
,,,,,,b,1352.0,0.3675287930676365
,,,,,,b,1353.0,0.3430048854392322
,,,,,,b,1354.0,0.3626689936903009
,,,,,,b,1355.0,0.3283539709853471
,,,,,,b,1356.0,0.3510430836524105
,,,,,,b,1357.0,0.364017013173318
,,,,,,b,1358.0,0.3723492846059852
,,,,,,b,1359.0,0.3828171269495319
,,,,,,b,1360.0,0.3294670375853252
,,,,,,b,1361.0,0.3455451040298913
,,,,,,b,1362.0,0.3452120845834523
,,,,,,b,1363.0,0.3499296046100637
,,,,,,b,1364.0,0.3778166727100007
,,,,,,b,1365.0,0.2776396932423171
,,,,,,b,1366.0,0.3040293703011487
,,,,,,b,1367.0,0.2707499671382045
,,,,,,b,1368.0,0.362719029841918
,,,,,,b,1369.0,0.312609735893893
,,,,,,b,1370.0,0.3092379505356009
,,,,,,b,1371.0,0.3510442269848282
,,,,,,b,1372.0,0.4333818139499747
,,,,,,b,1373.0,0.3285040926407667
,,,,,,b,1374.0,0.3725932748573517
,,,,,,b,1375.0,0.3629251392157107
,,,,,,b,1376.0,0.3932111713523438
,,,,,,b,1377.0,0.3633241585371234
,,,,,,b,1378.0,0.3433622533809486
,,,,,,b,1379.0,0.3310482121333931
,,,,,,b,1380.0,0.3327252943470595
,,,,,,b,1381.0,0.3647572889137032
,,,,,,b,1382.0,0.3317021693409021
,,,,,,b,1383.0,0.3927863503255571
,,,,,,b,1384.0,0.3448635842578529
,,,,,,b,1385.0,0.3091041090258009
,,,,,,b,1386.0,0.3784088067078821
,,,,,,b,1387.0,0.3241056940300755
,,,,,,b,1388.0,0.3851291112175872
,,,,,,b,1389.0,0.3555667632293637
,,,,,,b,1390.0,0.456330021998748
,,,,,,b,1391.0,0.3629211316636285
,,,,,,b,1392.0,0.3430657621621233
,,,,,,b,1393.0,0.3396264596185778
,,,,,,b,1394.0,0.3487507261963984
,,,,,,b,1395.0,0.3841909910328778
,,,,,,b,1396.0,0.3867369874064383
,,,,,,b,1397.0,0.4145581393144524
,,,,,,b,1398.0,0.3763930100732127
,,,,,,b,1399.0,0.4319783220278177
,,,,,,b,1400.0,0.429682474826504
,,,,,,b,1401.0,0.4160125050584109
,,,,,,b,1402.0,0.4077857488716563
,,,,,,b,1403.0,0.3918514350179691
,,,,,,b,1404.0,0.3658439289020174
,,,,,,b,1405.0,0.3285458050092784
,,,,,,b,1406.0,0.3463189283760304
,,,,,,b,1407.0,0.3772498452730319
,,,,,,b,1408.0,0.3333933909334194
,,,,,,b,1409.0,0.3624646029477172
,,,,,,b,1410.0,0.2990613779619573
,,,,,,b,1411.0,0.3607667935898528
,,,,,,b,1412.0,0.3230807900484196
,,,,,,b,1413.0,0.331105537563968
,,,,,,b,1414.0,0.3303035424506202
,,,,,,b,1415.0,0.39974837973674
,,,,,,b,1416.0,0.3215003054387804
,,,,,,b,1417.0,0.2800563008407803
,,,,,,b,1418.0,0.3217740835817482
,,,,,,b,1419.0,0.4363632282852858
,,,,,,b,1420.0,0.2801754428278578
,,,,,,b,1421.0,0.3892314318548342
,,,,,,b,1422.0,0.2770550129949924
,,,,,,b,1423.0,0.3397550598122403
,,,,,,b,1424.0,0.3635970556448034
,,,,,,b,1425.0,0.3862840073545319
,,,,,,b,1426.0,0.3241506062506589
,,,,,,b,1427.0,0.3688234394599701
,,,,,,b,1428.0,0.3093627140868054
,,,,,,b,1429.0,0.3838439958737547
,,,,,,b,1430.0,0.4430348017009979
,,,,,,b,1431.0,0.3905511656747129
,,,,,,b,1432.0,0.3431959173907275
,,,,,,b,1433.0,0.4194401765239033
,,,,,,b,1434.0,0.415048322814425
,,,,,,b,1435.0,0.3279671478967398
,,,,,,b,1436.0,0.3733409068581705
,,,,,,b,1437.0,0.3834849956716311
,,,,,,b,1438.0,0.4271265142172096
,,,,,,b,1439.0,0.314340131605479
,,,,,,b,1440.0,0.3509616829689621
,,,,,,b,1441.0,0.4008729647211924
,,,,,,b,1442.0,0.2949039586953477
,,,,,,b,1443.0,0.3082802457820652
,,,,,,b,1444.0,0.3279274254807127
,,,,,,b,1445.0,0.2911457750487072
,,,,,,b,1446.0,0.3489938953911498
,,,,,,b,1447.0,0.3101058130024756
,,,,,,b,1448.0,0.3421576810621403
,,,,,,b,1449.0,0.3106785577560593
,,,,,,b,1450.0,0.3940925397326662
,,,,,,b,1451.0,0.3658490882321281
,,,,,,b,1452.0,0.3971621260362958
,,,,,,b,1453.0,0.3644925126950982
,,,,,,b,1454.0,0.3025798562060862
,,,,,,b,1455.0,0.3769793720752603
,,,,,,b,1456.0,0.328493332410678
,,,,,,b,1457.0,0.4121380655245374
,,,,,,b,1458.0,0.3654168953571028
,,,,,,b,1459.0,0.3472955613323227
,,,,,,b,1460.0,0.3323913747963556
,,,,,,b,1461.0,0.3887667608240051
,,,,,,b,1462.0,0.3463271826484004
,,,,,,b,1463.0,0.3674729666642933
,,,,,,b,1464.0,0.3205453330542487
,,,,,,b,1465.0,0.3038830547412297
,,,,,,b,1466.0,0.3395693999281528
,,,,,,b,1467.0,0.4051969952430556
,,,,,,b,1468.0,0.3602917159641192
,,,,,,b,1469.0,0.4334730397475073
,,,,,,b,1470.0,0.3786269849725583
,,,,,,b,1471.0,0.3505674229905771
,,,,,,b,1472.0,0.3775752138624852
,,,,,,b,1473.0,0.3711616038056355
,,,,,,b,1474.0,0.3340524648452119
,,,,,,b,1475.0,0.3651506272922225
,,,,,,b,1476.0,0.3178701768530922
,,,,,,b,1477.0,0.3308248871548525
,,,,,,b,1478.0,0.3232892344964524
,,,,,,b,1479.0,0.3288457267864713
,,,,,,b,1480.0,0.3730565066791373
,,,,,,b,1481.0,0.361344970893819
,,,,,,b,1482.0,0.2795423777152384
,,,,,,b,1483.0,0.4137753046465713
,,,,,,b,1484.0,0.3926349325393392
,,,,,,b,1485.0,0.3408368414219898
,,,,,,b,1486.0,0.326123586580088
,,,,,,b,1487.0,0.3416408921417737
,,,,,,b,1488.0,0.3802174791065749
,,,,,,b,1489.0,0.4278510431817097
,,,,,,b,1490.0,0.369480197257662
,,,,,,b,1491.0,0.3333119163090852
,,,,,,b,1492.0,0.4176739786987324
,,,,,,b,1493.0,0.3597011369552629
,,,,,,b,1494.0,0.3327405229646318
,,,,,,b,1495.0,0.347909467936847
,,,,,,b,1496.0,0.4252062860504173
,,,,,,b,1497.0,0.3468296779717272
,,,,,,b,1498.0,0.3408790815886973
,,,,,,b,1499.0,0.3083188015578368
,,,,,,b,1500.0,0.3277754862209341
,,,,,,b,1501.0,0.3861028305369194
,,,,,,b,1502.0,0.388058932780023
,,,,,,b,1503.0,0.3392308148712737
,,,,,,b,1504.0,0.3273586980407876
,,,,,,b,1505.0,0.2974040376223437
,,,,,,b,1506.0,0.4079456491981541
,,,,,,b,1507.0,0.3725060261657407
,,,,,,b,1508.0,0.4061519741788855
,,,,,,b,1509.0,0.355735007963772
,,,,,,b,1510.0,0.3642548871282631
,,,,,,b,1511.0,0.4107858740240546
,,,,,,b,1512.0,0.4165224560465459
,,,,,,b,1513.0,0.3631653193825728
,,,,,,b,1514.0,0.3605016764536204
,,,,,,b,1515.0,0.3333194247745776
,,,,,,b,1516.0,0.2827759757198951
,,,,,,b,1517.0,0.3587811090645965
,,,,,,b,1518.0,0.3394506747562067
,,,,,,b,1519.0,0.3372802766990701
,,,,,,b,1520.0,0.2827510337038634
,,,,,,b,1521.0,0.3999427275132854
,,,,,,b,1522.0,0.424515080896763
,,,,,,b,1523.0,0.344689222653229
,,,,,,b,1524.0,0.3824489751544271
,,,,,,b,1525.0,0.314244192081011
,,,,,,b,1526.0,0.4425279245939233
,,,,,,b,1527.0,0.3339335329212254
,,,,,,b,1528.0,0.3068803236088846
,,,,,,b,1529.0,0.3303937744298251
,,,,,,b,1530.0,0.3816560014068675
,,,,,,b,1531.0,0.318394870175374
,,,,,,b,1532.0,0.3503252868778124
,,,,,,b,1533.0,0.3765242713761427
,,,,,,b,1534.0,0.3852214738949424
,,,,,,b,1535.0,0.3269229315542152
,,,,,,b,1536.0,0.2993779443952507
,,,,,,b,1537.0,0.3299875407800723
,,,,,,b,1538.0,0.3267050008196843
,,,,,,b,1539.0,0.3680861870944754
,,,,,,b,1540.0,0.3009075566966488
,,,,,,b,1541.0,0.3117525937797256
,,,,,,b,1542.0,0.3466340520184801
,,,,,,b,1543.0,0.3570817508647415
,,,,,,b,1544.0,0.3268886382365998
,,,,,,b,1545.0,0.400931190078555
,,,,,,b,1546.0,0.3259054948899718
,,,,,,b,1547.0,0.3163316332393062
,,,,,,b,1548.0,0.3477430843625742
,,,,,,b,1549.0,0.3242481941377235
,,,,,,b,1550.0,0.4126527244768243
,,,,,,b,1551.0,0.4471163292813696
,,,,,,b,1552.0,0.4013251218335574
,,,,,,b,1553.0,0.398415875403642
,,,,,,b,1554.0,0.3345459281919929
,,,,,,b,1555.0,0.2501494180194439
,,,,,,b,1556.0,0.2876981160231899
,,,,,,b,1557.0,0.2670696473932548
,,,,,,b,1558.0,0.3687687710313758
,,,,,,b,1559.0,0.3463768507490599
,,,,,,b,1560.0,0.3968427730105901
,,,,,,b,1561.0,0.4357377544979544
,,,,,,b,1562.0,0.3724105200593848
,,,,,,b,1563.0,0.3456726301787549
,,,,,,b,1564.0,0.3673944298320259
,,,,,,b,1565.0,0.4084059989755162
,,,,,,b,1566.0,0.3290336755839531
,,,,,,b,1567.0,0.3409140769147218
,,,,,,b,1568.0,0.3762813324676726
,,,,,,b,1569.0,0.3886805765228724
,,,,,,b,1570.0,0.3719231325083489
,,,,,,b,1571.0,0.3358387092086241
,,,,,,b,1572.0,0.3691077161566918
,,,,,,b,1573.0,0.3878615417923594
,,,,,,b,1574.0,0.3423681880439901
,,,,,,b,1575.0,0.3211414236199399
,,,,,,b,1576.0,0.3703209175621205
,,,,,,b,1577.0,0.2828155257282683
,,,,,,b,1578.0,0.2989715915717847
,,,,,,b,1579.0,0.3923143625636642
,,,,,,b,1580.0,0.4563820235034379
,,,,,,b,1581.0,0.3122572638801926
,,,,,,b,1582.0,0.3268565586492173
,,,,,,b,1583.0,0.3679761609503065
,,,,,,b,1584.0,0.4234877982302705
,,,,,,b,1585.0,0.3540991820293611
,,,,,,b,1586.0,0.3340921869518523
,,,,,,b,1587.0,0.4013817152393946
,,,,,,b,1588.0,0.2713777259732577
,,,,,,b,1589.0,0.3868455562658939
,,,,,,b,1590.0,0.3859047664107469
,,,,,,b,1591.0,0.3701878626662447
,,,,,,b,1592.0,0.3331054290177349
,,,,,,b,1593.0,0.3203404820524986
,,,,,,b,1594.0,0.4083252382292919
,,,,,,b,1595.0,0.3097476735915681
,,,,,,b,1596.0,0.3670623080194515
,,,,,,b,1597.0,0.3816035825826738
,,,,,,b,1598.0,0.4062167341674594
,,,,,,b,1599.0,0.3953564125375548
,,,,,,b,1600.0,0.3696974886980615
,,,,,,b,1601.0,0.3223962413680805
,,,,,,b,1602.0,0.3653326347221175
,,,,,,b,1603.0,0.4291588273799895
,,,,,,b,1604.0,0.3262288122680772
,,,,,,b,1605.0,0.3495266708728617
,,,,,,b,1606.0,0.3841146881003356
,,,,,,b,1607.0,0.2954947937114269
,,,,,,b,1608.0,0.3392004920872993
,,,,,,b,1609.0,0.3739017969225742
,,,,,,b,1610.0,0.3928645705640661
,,,,,,b,1611.0,0.3437074986776727
,,,,,,b,1612.0,0.4041865333390086
,,,,,,b,1613.0,0.3349613044711605
,,,,,,b,1614.0,0.4125181607063104
,,,,,,b,1615.0,0.3106385599320806
,,,,,,b,1616.0,0.3772574941709772
,,,,,,b,1617.0,0.421245242547231
,,,,,,b,1618.0,0.3373779407975048
,,,,,,b,1619.0,0.375718388770081
,,,,,,b,1620.0,0.293978392832094
,,,,,,b,1621.0,0.4040938425306501
,,,,,,b,1622.0,0.3097420055454334
,,,,,,b,1623.0,0.3534450232866768
,,,,,,b,1624.0,0.2950540213112678
,,,,,,b,1625.0,0.3561681930828468
,,,,,,b,1626.0,0.392115391478729
,,,,,,b,1627.0,0.334376136043812
,,,,,,b,1628.0,0.3116599833674174
,,,,,,b,1629.0,0.4045906291403986
,,,,,,b,1630.0,0.2990378922059662
,,,,,,b,1631.0,0.3054543901198134
,,,,,,b,1632.0,0.3780397506890431
,,,,,,b,1633.0,0.4633321487287944
,,,,,,b,1634.0,0.3872298080248511
,,,,,,b,1635.0,0.3579488467974183
,,,,,,b,1636.0,0.3188063324047467
,,,,,,b,1637.0,0.2557884444570817
,,,,,,b,1638.0,0.3710794439481466
,,,,,,b,1639.0,0.3829219175620797
,,,,,,b,1640.0,0.3900610812004963
,,,,,,b,1641.0,0.4054567297559348
,,,,,,b,1642.0,0.3681358758323285
,,,,,,b,1643.0,0.3263452217848996
,,,,,,b,1644.0,0.349949494398365
,,,,,,b,1645.0,0.3651550835850607
,,,,,,b,1646.0,0.4190883966205385
,,,,,,b,1647.0,0.3362937551165483
,,,,,,b,1648.0,0.3013337514711729
,,,,,,b,1649.0,0.3105736113445805
,,,,,,b,1650.0,0.3349064155553458
,,,,,,b,1651.0,0.4094458523562743
,,,,,,b,1652.0,0.3471829838807747
,,,,,,b,1653.0,0.3845152304577626
,,,,,,b,1654.0,0.3551749621139919
,,,,,,b,1655.0,0.3450234208019029
,,,,,,b,1656.0,0.342279776648434
,,,,,,b,1657.0,0.371834379874536
,,,,,,b,1658.0,0.3835603521982915
,,,,,,b,1659.0,0.3532605975514622
,,,,,,b,1660.0,0.3933867885380149
,,,,,,b,1661.0,0.3673085526335851
,,,,,,b,1662.0,0.3344570895145722
,,,,,,b,1663.0,0.2975281248595345
,,,,,,b,1664.0,0.3813418974335025
,,,,,,b,1665.0,0.3651107032012533
,,,,,,b,1666.0,0.4019429611537606
,,,,,,b,1667.0,0.303723063497415
,,,,,,b,1668.0,0.3622515625628808
,,,,,,b,1669.0,0.3276354173970612
,,,,,,b,1670.0,0.3874593431185649
,,,,,,b,1671.0,0.3054797977516017
,,,,,,b,1672.0,0.3182141589991691
,,,,,,b,1673.0,0.3851227510406074
,,,,,,b,1674.0,0.3416310236930977
,,,,,,b,1675.0,0.3259702225293734
,,,,,,b,1676.0,0.2825792634918169
,,,,,,b,1677.0,0.3263946959313455
,,,,,,b,1678.0,0.4097556982195875
,,,,,,b,1679.0,0.3600669882357126
,,,,,,b,1680.0,0.3420899447573235
,,,,,,b,1681.0,0.3312223564831029
,,,,,,b,1682.0,0.3899088823162779
,,,,,,b,1683.0,0.4618678195163395
,,,,,,b,1684.0,0.3431155628886335
,,,,,,b,1685.0,0.3453987923033139
,,,,,,b,1686.0,0.3758996490882387
,,,,,,b,1687.0,0.3540906925496094
,,,,,,b,1688.0,0.3250447074974598
,,,,,,b,1689.0,0.3688187595719747
,,,,,,b,1690.0,0.3346286472852142
,,,,,,b,1691.0,0.2929093403394218
,,,,,,b,1692.0,0.3636006713981623
,,,,,,b,1693.0,0.3279703408380952
,,,,,,b,1694.0,0.3591740046049989
,,,,,,b,1695.0,0.3420334251692338
,,,,,,b,1696.0,0.3867318295597468
,,,,,,b,1697.0,0.3255908349587808
,,,,,,b,1698.0,0.3865820830038751
,,,,,,b,1699.0,0.3557707776628396
,,,,,,b,1700.0,0.3933935976794247
,,,,,,b,1701.0,0.3912679243011427
,,,,,,b,1702.0,0.3457094244156322
,,,,,,b,1703.0,0.312582933238418
,,,,,,b,1704.0,0.3898143932976157
,,,,,,b,1705.0,0.3449975805903094
,,,,,,b,1706.0,0.3449892352957477
,,,,,,b,1707.0,0.3283849702044725
,,,,,,b,1708.0,0.3573970019146721
,,,,,,b,1709.0,0.3171685409068105
,,,,,,b,1710.0,0.3954160993272935
,,,,,,b,1711.0,0.4038060727204229
,,,,,,b,1712.0,0.3452200834915802
,,,,,,b,1713.0,0.4078016113215543
,,,,,,b,1714.0,0.2969357344803982
,,,,,,b,1715.0,0.3700823030900371
,,,,,,b,1716.0,0.3537078286918356
,,,,,,b,1717.0,0.3694333650794714
,,,,,,b,1718.0,0.3505696537188449
,,,,,,b,1719.0,0.3869587900576956
,,,,,,b,1720.0,0.3433664889973853
,,,,,,b,1721.0,0.3234913847315637
,,,,,,b,1722.0,0.3072132189527869
,,,,,,b,1723.0,0.3870057995777842
,,,,,,b,1724.0,0.416627477151148
,,,,,,b,1725.0,0.3357561406137352
,,,,,,b,1726.0,0.3504809635561199
,,,,,,b,1727.0,0.3679077361944234
,,,,,,b,1728.0,0.3358837031488395
,,,,,,b,1729.0,0.2980694307792078
,,,,,,b,1730.0,0.3140751868918818
,,,,,,b,1731.0,0.4400483411431501
,,,,,,b,1732.0,0.3773703255554212
,,,,,,b,1733.0,0.4011454618187047
,,,,,,b,1734.0,0.2982409453792756
,,,,,,b,1735.0,0.3237199466540996
,,,,,,b,1736.0,0.3912290436282486
,,,,,,b,1737.0,0.3617591294045281
,,,,,,b,1738.0,0.3293907214973841
,,,,,,b,1739.0,0.3230841386462328
,,,,,,b,1740.0,0.3875746640707755
,,,,,,b,1741.0,0.4777161124029478
,,,,,,b,1742.0,0.3659438740962391
,,,,,,b,1743.0,0.38820838203076
,,,,,,b,1744.0,0.3560797014148091
,,,,,,b,1745.0,0.3240793998848792
,,,,,,b,1746.0,0.3336635896361142
,,,,,,b,1747.0,0.3902995534453692
,,,,,,b,1748.0,0.3328682586443201
,,,,,,b,1749.0,0.3423424317677779
,,,,,,b,1750.0,0.3300802785019883
,,,,,,b,1751.0,0.3387986753259961
,,,,,,b,1752.0,0.3174801319875984
,,,,,,b,1753.0,0.3736528736873632
,,,,,,b,1754.0,0.2941675586337493
,,,,,,b,1755.0,0.3711404010457508
,,,,,,b,1756.0,0.4037634026485359
,,,,,,b,1757.0,0.351889083922801
,,,,,,b,1758.0,0.3540182558223246
,,,,,,b,1759.0,0.3954116582769988
,,,,,,b,1760.0,0.3663543703671563
,,,,,,b,1761.0,0.3564701856412853
,,,,,,b,1762.0,0.4172471663456001
,,,,,,b,1763.0,0.320605767784476
,,,,,,b,1764.0,0.3886549693676762
,,,,,,b,1765.0,0.3112383127476339
,,,,,,b,1766.0,0.3362444434625153
,,,,,,b,1767.0,0.3033659757052547
,,,,,,b,1768.0,0.3484772802248623
,,,,,,b,1769.0,0.3273481672642582
,,,,,,b,1770.0,0.2970470532360094
,,,,,,b,1771.0,0.3712576911028793
,,,,,,b,1772.0,0.3966925399582912
,,,,,,b,1773.0,0.3143915067279477
,,,,,,b,1774.0,0.3295962715002369
,,,,,,b,1775.0,0.3871011041737988
,,,,,,b,1776.0,0.3069388661442516
,,,,,,b,1777.0,0.424927661523387
,,,,,,b,1778.0,0.3430425726841313
,,,,,,b,1779.0,0.335820383828314
,,,,,,b,1780.0,0.2916374150155696
,,,,,,b,1781.0,0.4045052311618708
,,,,,,b,1782.0,0.3822162699067011
,,,,,,b,1783.0,0.3563597526794977
,,,,,,b,1784.0,0.3094952527447039
,,,,,,b,1785.0,0.3245146907412506
,,,,,,b,1786.0,0.3552191809809533
,,,,,,b,1787.0,0.3611141227613044
,,,,,,b,1788.0,0.3507625180200064
,,,,,,b,1789.0,0.3612058017675337
,,,,,,b,1790.0,0.3812553695971128
,,,,,,b,1791.0,0.4066076457521079
,,,,,,b,1792.0,0.4045534200598144
,,,,,,b,1793.0,0.3175337523132393
,,,,,,b,1794.0,0.3097761403186512
,,,,,,b,1795.0,0.3518183509773216
,,,,,,b,1796.0,0.4023712674503099
,,,,,,b,1797.0,0.3268430682611694
,,,,,,b,1798.0,0.4010787175725476
,,,,,,b,1799.0,0.3651050471172352
,,,,,,b,1800.0,0.3360066220006432
,,,,,,b,1801.0,0.3660049278549886
,,,,,,b,1802.0,0.3300181461409934
,,,,,,b,1803.0,0.3496846414089174
,,,,,,b,1804.0,0.3497794051048779
,,,,,,b,1805.0,0.4202978291355803
,,,,,,b,1806.0,0.340641302237052
,,,,,,b,1807.0,0.4067074478551853
,,,,,,b,1808.0,0.2896124506525801
,,,,,,b,1809.0,0.3702531195624541
,,,,,,b,1810.0,0.4488968303422838
,,,,,,b,1811.0,0.396303820709464
,,,,,,b,1812.0,0.3099307037120726
,,,,,,b,1813.0,0.3911591885705627
,,,,,,b,1814.0,0.3102037168845135
,,,,,,b,1815.0,0.3664467529191451
,,,,,,b,1816.0,0.3369960156836469
,,,,,,b,1817.0,0.3684116325346922
,,,,,,b,1818.0,0.3194364963706411
,,,,,,b,1819.0,0.3713590027469888
,,,,,,b,1820.0,0.3080633610669903
,,,,,,b,1821.0,0.4252059432939288
,,,,,,b,1822.0,0.3309840223204867
,,,,,,b,1823.0,0.4510423600869768
,,,,,,b,1824.0,0.3977727107923052
,,,,,,b,1825.0,0.3442302675674051
,,,,,,b,1826.0,0.325736518091654
,,,,,,b,1827.0,0.3581625571790567
,,,,,,b,1828.0,0.3985055608733185
,,,,,,b,1829.0,0.374805575845285
,,,,,,b,1830.0,0.3176560907316186
,,,,,,b,1831.0,0.3603999037369609
,,,,,,b,1832.0,0.3566959866987105
,,,,,,b,1833.0,0.3408510694422357
,,,,,,b,1834.0,0.4101213775843169
,,,,,,b,1835.0,0.4156163373318415
,,,,,,b,1836.0,0.3736704011284915
,,,,,,b,1837.0,0.4437354710180501
,,,,,,b,1838.0,0.3154286192515672
,,,,,,b,1839.0,0.363199183190535
,,,,,,b,1840.0,0.3913183287406889
,,,,,,b,1841.0,0.3732389215118061
,,,,,,b,1842.0,0.3401423519576618
,,,,,,b,1843.0,0.4201676529725029
,,,,,,b,1844.0,0.2982861956170466
,,,,,,b,1845.0,0.437054814472761
,,,,,,b,1846.0,0.3356467983298854
,,,,,,b,1847.0,0.2954877265904949
,,,,,,b,1848.0,0.3558206940381838
,,,,,,b,1849.0,0.3571096613091922
,,,,,,b,1850.0,0.3693454949474772
,,,,,,b,1851.0,0.3684028089605267
,,,,,,b,1852.0,0.331651364149812
,,,,,,b,1853.0,0.3604184411622482
,,,,,,b,1854.0,0.2610379381801513
,,,,,,b,1855.0,0.2531918857122042
,,,,,,b,1856.0,0.3100590903389331
,,,,,,b,1857.0,0.297631428472588
,,,,,,b,1858.0,0.3308390370456529
,,,,,,b,1859.0,0.4881852622820197
,,,,,,b,1860.0,0.3481496305669402
,,,,,,b,1861.0,0.3833216547020495
,,,,,,b,1862.0,0.3916698932265978
,,,,,,b,1863.0,0.3353227191643801
,,,,,,b,1864.0,0.4140480661134851
,,,,,,b,1865.0,0.3413221659354049
,,,,,,b,1866.0,0.3154572886729028
,,,,,,b,1867.0,0.3514895766280186
,,,,,,b,1868.0,0.3511028451415496
,,,,,,b,1869.0,0.3325623658849155
,,,,,,b,1870.0,0.3298666624575439
,,,,,,b,1871.0,0.352027067358704
,,,,,,b,1872.0,0.4027702976688561
,,,,,,b,1873.0,0.3418926065191252
,,,,,,b,1874.0,0.2922146378164627
,,,,,,b,1875.0,0.3311677431837641
,,,,,,b,1876.0,0.3351675497934785
,,,,,,b,1877.0,0.3011251719347916
,,,,,,b,1878.0,0.3834606467626238
,,,,,,b,1879.0,0.3519453750548975
,,,,,,b,1880.0,0.3810582035624983
,,,,,,b,1881.0,0.3135014942337277
,,,,,,b,1882.0,0.3645874125465287
,,,,,,b,1883.0,0.3485636970046166
,,,,,,b,1884.0,0.3799763307932964
,,,,,,b,1885.0,0.3861673968602348
,,,,,,b,1886.0,0.3434501195140602
,,,,,,b,1887.0,0.3706764930031743
,,,,,,b,1888.0,0.3965155625364565
,,,,,,b,1889.0,0.3719224780542385
,,,,,,b,1890.0,0.3270520533898304
,,,,,,b,1891.0,0.3616868825309183
,,,,,,b,1892.0,0.3889248866447916
,,,,,,b,1893.0,0.37476154765231
,,,,,,b,1894.0,0.3363139821687517
,,,,,,b,1895.0,0.3706455178595584
,,,,,,b,1896.0,0.3672820414877087
,,,,,,b,1897.0,0.3868378063587654
,,,,,,b,1898.0,0.3605408776379679
,,,,,,b,1899.0,0.3512678076804869
,,,,,,b,1900.0,0.3125394239527099
,,,,,,b,1901.0,0.4071656305644584
,,,,,,b,1902.0,0.3810610153862819
,,,,,,b,1903.0,0.287739669076823
,,,,,,b,1904.0,0.3148463812479036
,,,,,,b,1905.0,0.3266350422609645
,,,,,,b,1906.0,0.3451042337778469
,,,,,,b,1907.0,0.3112982194416842
,,,,,,b,1908.0,0.398428149706667
,,,,,,b,1909.0,0.3344952761446866
,,,,,,b,1910.0,0.3864754286429441
,,,,,,b,1911.0,0.3413767023578864
,,,,,,b,1912.0,0.3488775930599179
,,,,,,b,1913.0,0.3649636393399884
,,,,,,b,1914.0,0.4349064583553308
,,,,,,b,1915.0,0.3575599854753988
,,,,,,b,1916.0,0.360148430314962
,,,,,,b,1917.0,0.3474480070652399
,,,,,,b,1918.0,0.3579493144058108
,,,,,,b,1919.0,0.4158078014780515
,,,,,,b,1920.0,0.330824680065128
,,,,,,b,1921.0,0.5178200962727533
,,,,,,b,1922.0,0.3756116792910564
,,,,,,b,1923.0,0.316443877900761
,,,,,,b,1924.0,0.3744970950261885
,,,,,,b,1925.0,0.2859803593001127
,,,,,,b,1926.0,0.4151595031197845
,,,,,,b,1927.0,0.3208990452848423
,,,,,,b,1928.0,0.3774672299225221
,,,,,,b,1929.0,0.3829568916616499
,,,,,,b,1930.0,0.3690008877196544
,,,,,,b,1931.0,0.3278048922218421
,,,,,,b,1932.0,0.3238966413295059
,,,,,,b,1933.0,0.3007031512881375
,,,,,,b,1934.0,0.3373627610497709
,,,,,,b,1935.0,0.3701156273515957
,,,,,,b,1936.0,0.3718839215407312
,,,,,,b,1937.0,0.3335814859695447
,,,,,,b,1938.0,0.3767407381151799
,,,,,,b,1939.0,0.3596114015638383
,,,,,,b,1940.0,0.2743183126199926
,,,,,,b,1941.0,0.3197233592410335
,,,,,,b,1942.0,0.3760868725793393
,,,,,,b,1943.0,0.2922305818620074
,,,,,,b,1944.0,0.4192458111014567
,,,,,,b,1945.0,0.3572558757993773
,,,,,,b,1946.0,0.4000492564754991
,,,,,,b,1947.0,0.3184984253308682
,,,,,,b,1948.0,0.3405566022414548
,,,,,,b,1949.0,0.3296004625459714
,,,,,,b,1950.0,0.3612662457651763
,,,,,,b,1951.0,0.2969163241017609
,,,,,,b,1952.0,0.3633442985566626
,,,,,,b,1953.0,0.3115163796614983
,,,,,,b,1954.0,0.3581172673640997
,,,,,,b,1955.0,0.3759711036508699
,,,,,,b,1956.0,0.3535561813153505
,,,,,,b,1957.0,0.3924656355112748
,,,,,,b,1958.0,0.3908081477937775
,,,,,,b,1959.0,0.3487392000074085
,,,,,,b,1960.0,0.3081453861685794
,,,,,,b,1961.0,0.334923950043474
,,,,,,b,1962.0,0.3548152812941541
,,,,,,b,1963.0,0.3246919811240039
,,,,,,b,1964.0,0.308948536563002
,,,,,,b,1965.0,0.3423869709610612
,,,,,,b,1966.0,0.3091192795547668
,,,,,,b,1967.0,0.2825812288383487
,,,,,,b,1968.0,0.3486734470970525
,,,,,,b,1969.0,0.2833952301291158
,,,,,,b,1970.0,0.3401777372430703
,,,,,,b,1971.0,0.3473281297085875
,,,,,,b,1972.0,0.3318173570597791
,,,,,,b,1973.0,0.2897903587313504
,,,,,,b,1974.0,0.3187755474437144
,,,,,,b,1975.0,0.3915178021732632
,,,,,,b,1976.0,0.2992628934501424
,,,,,,b,1977.0,0.3708106411440646
,,,,,,b,1978.0,0.3673317616396079
,,,,,,b,1979.0,0.3283056429802324
,,,,,,b,1980.0,0.3647040222144762
,,,,,,b,1981.0,0.3109471514075848
,,,,,,b,1982.0,0.3613553794304476
,,,,,,b,1983.0,0.3331207362308386
,,,,,,b,1984.0,0.4059150517793881
,,,,,,b,1985.0,0.3453906913431916
,,,,,,b,1986.0,0.3241048940699143
,,,,,,b,1987.0,0.4047101071989374
,,,,,,b,1988.0,0.3942982498307419
,,,,,,b,1989.0,0.3839193002235448
,,,,,,b,1990.0,0.3310085086032561
,,,,,,b,1991.0,0.3862433871593183
,,,,,,b,1992.0,0.3592588174568338
,,,,,,b,1993.0,0.3776622085951366
,,,,,,b,1994.0,0.3561479141885812
,,,,,,b,1995.0,0.4265305195003899
,,,,,,b,1996.0,0.3296359010856471
,,,,,,b,1997.0,0.3744353662520385
,,,,,,b,1998.0,0.3735421408091728
,,,,,,b,1999.0,0.3662597624709729
,,,,,,b,2000.0,0.2994318872668438
,,,,,,b,2001.0,0.3762503082073039
,,,,,,b,2002.0,0.3816863665736907
,,,,,,b,2003.0,0.4259865627772625
,,,,,,b,2004.0,0.3821520221534902
,,,,,,b,2005.0,0.4001217471471547
,,,,,,b,2006.0,0.3348863633391921
,,,,,,b,2007.0,0.4097817505546799
,,,,,,b,2008.0,0.4417889783520916
,,,,,,b,2009.0,0.409928154348508
,,,,,,b,2010.0,0.3237451136398004
,,,,,,b,2011.0,0.4135710611106842
,,,,,,b,2012.0,0.2901653472712069
,,,,,,b,2013.0,0.3160689156942258
,,,,,,b,2014.0,0.2971452282072926
,,,,,,b,2015.0,0.3278117359768888
,,,,,,b,2016.0,0.2889337876860329
,,,,,,b,2017.0,0.2843152249756628
,,,,,,b,2018.0,0.2928055604609478
,,,,,,b,2019.0,0.3656881112289691
,,,,,,b,2020.0,0.3037475181433975
,,,,,,b,2021.0,0.4082474190889043
,,,,,,b,2022.0,0.3786755178350121
,,,,,,b,2023.0,0.3032923393671063
,,,,,,b,2024.0,0.2730498859205159
,,,,,,b,2025.0,0.353410910679615
,,,,,,b,2026.0,0.3526810911798614
,,,,,,b,2027.0,0.318403511560021
,,,,,,b,2028.0,0.3421621577495735
,,,,,,b,2029.0,0.3301201417734374
,,,,,,b,2030.0,0.4030890042051802
,,,,,,b,2031.0,0.4373048450867274
,,,,,,b,2032.0,0.3910935846609948
,,,,,,b,2033.0,0.3627308014570261
,,,,,,b,2034.0,0.4516129299976543
,,,,,,b,2035.0,0.3092604793489197
,,,,,,b,2036.0,0.3797112583203232
,,,,,,b,2037.0,0.3528699348128219
,,,,,,b,2038.0,0.3493379500003688
,,,,,,b,2039.0,0.3631818342759558
,,,,,,b,2040.0,0.3086427537597909
,,,,,,b,2041.0,0.3391809962610836
,,,,,,b,2042.0,0.3831361727606488
,,,,,,b,2043.0,0.3310999954140641
,,,,,,b,2044.0,0.2720085415471227
,,,,,,b,2045.0,0.2952707802435439
,,,,,,b,2046.0,0.2980210760602495
,,,,,,b,2047.0,0.3574839841871529
,,,,,,b,2048.0,0.3226952423818066
,,,,,,b,2049.0,0.3663734738831197
,,,,,,b,2050.0,0.3699485438016996
,,,,,,b,2051.0,0.3720790693586129
,,,,,,b,2052.0,0.3403853803880832
,,,,,,b,2053.0,0.3320870765500574
,,,,,,b,2054.0,0.3637348646801603
,,,,,,b,2055.0,0.3681960233390966
,,,,,,b,2056.0,0.3692318979547528
,,,,,,b,2057.0,0.383167024828789
,,,,,,b,2058.0,0.3741614133629656
,,,,,,b,2059.0,0.3116964366075034
,,,,,,b,2060.0,0.3838003426846601
,,,,,,b,2061.0,0.2960052920295375
,,,,,,b,2062.0,0.3718739423557085
,,,,,,b,2063.0,0.3057398415226946
,,,,,,b,2064.0,0.398065108926573
,,,,,,b,2065.0,0.3627300768012778
,,,,,,b,2066.0,0.3489996812321037
,,,,,,b,2067.0,0.3346747730023653
,,,,,,b,2068.0,0.306648901277569
,,,,,,b,2069.0,0.350982191222891
,,,,,,b,2070.0,0.3986687859750883
,,,,,,b,2071.0,0.3529923507048784
,,,,,,b,2072.0,0.3249406294891113
,,,,,,b,2073.0,0.3886958214580218
,,,,,,b,2074.0,0.3579239112220702
,,,,,,b,2075.0,0.3600161268365203
,,,,,,b,2076.0,0.3894079047246293
,,,,,,b,2077.0,0.310167043043279
,,,,,,b,2078.0,0.3236920104845944
,,,,,,b,2079.0,0.3105846209975125
,,,,,,b,2080.0,0.4097308264996386
,,,,,,b,2081.0,0.357944538965159
,,,,,,b,2082.0,0.3395006873520918
,,,,,,b,2083.0,0.3435660471167927
,,,,,,b,2084.0,0.3405159350567768
,,,,,,b,2085.0,0.3326070200573738
,,,,,,b,2086.0,0.3188177828747509
,,,,,,b,2087.0,0.3502791963601508
,,,,,,b,2088.0,0.3438329615583946
,,,,,,b,2089.0,0.3573172868420897
,,,,,,b,2090.0,0.4223992547929955
,,,,,,b,2091.0,0.3264102756530866
,,,,,,b,2092.0,0.3739451877223878
,,,,,,b,2093.0,0.292043419865609
,,,,,,b,2094.0,0.3675068100091563
,,,,,,b,2095.0,0.3437731519051885
,,,,,,b,2096.0,0.3679584120854913
,,,,,,b,2097.0,0.3740205218555776
,,,,,,b,2098.0,0.4045952102595813
,,,,,,b,2099.0,0.3224262508188236
,,,,,,b,2100.0,0.3213882326181982
,,,,,,b,2101.0,0.336107536927916
,,,,,,b,2102.0,0.3326684270175715
,,,,,,b,2103.0,0.2974929083981239
,,,,,,b,2104.0,0.3569397527271878
,,,,,,b,2105.0,0.3036103438786126
,,,,,,b,2106.0,0.3004751830313195
,,,,,,b,2107.0,0.4214394371706689
,,,,,,b,2108.0,0.3625784142495805
,,,,,,b,2109.0,0.3576023374211599
,,,,,,b,2110.0,0.3388353836068369
,,,,,,b,2111.0,0.3732072806980775
,,,,,,b,2112.0,0.3576933240107292
,,,,,,b,2113.0,0.2700301710030115
,,,,,,b,2114.0,0.4126522762406779
,,,,,,b,2115.0,0.4138162902707605
,,,,,,b,2116.0,0.4253217018416024
,,,,,,b,2117.0,0.3315390656127608
,,,,,,b,2118.0,0.3109411128324857
,,,,,,b,2119.0,0.3321563076044591
,,,,,,b,2120.0,0.3367635214696132
,,,,,,b,2121.0,0.3358280646041574
,,,,,,b,2122.0,0.3944014842962544
,,,,,,b,2123.0,0.3581122308489659
,,,,,,b,2124.0,0.3511641717489424
,,,,,,b,2125.0,0.4043764960790188
,,,,,,b,2126.0,0.3705087940388587
,,,,,,b,2127.0,0.3952161786734738
,,,,,,b,2128.0,0.309078831913911
,,,,,,b,2129.0,0.2491879418050802
,,,,,,b,2130.0,0.2841198230949029
,,,,,,b,2131.0,0.3347424988053551
,,,,,,b,2132.0,0.3735102834355066
,,,,,,b,2133.0,0.3159099245381433
,,,,,,b,2134.0,0.3474610390899206
,,,,,,b,2135.0,0.3710726806051632
,,,,,,b,2136.0,0.2979225634228344
,,,,,,b,2137.0,0.3380700662598901
,,,,,,b,2138.0,0.3106524985075269
,,,,,,b,2139.0,0.3237602185277883
,,,,,,b,2140.0,0.2927726716961785
,,,,,,b,2141.0,0.3000249749677248
,,,,,,b,2142.0,0.3605410791474224
,,,,,,b,2143.0,0.394106400736832
,,,,,,b,2144.0,0.3610135092156055
,,,,,,b,2145.0,0.3071382084112612
,,,,,,b,2146.0,0.3631623587955119
,,,,,,b,2147.0,0.3241432121046386
,,,,,,b,2148.0,0.3150981749749437
,,,,,,b,2149.0,0.3878912275083901
,,,,,,b,2150.0,0.3538641808088503
,,,,,,b,2151.0,0.366787516160715
,,,,,,b,2152.0,0.3176191519314524
,,,,,,b,2153.0,0.3573173395644184
,,,,,,b,2154.0,0.3959417607013638
,,,,,,b,2155.0,0.2799475834756406
,,,,,,b,2156.0,0.3527236327986056
,,,,,,b,2157.0,0.37039300132873
,,,,,,b,2158.0,0.3757234408196712
,,,,,,b,2159.0,0.3738015231976872
,,,,,,b,2160.0,0.4016873417551823
,,,,,,b,2161.0,0.3836727304693439
,,,,,,b,2162.0,0.4220121671441945
,,,,,,b,2163.0,0.3747613488556793
,,,,,,b,2164.0,0.3369539490352187
,,,,,,b,2165.0,0.3185604448687189
,,,,,,b,2166.0,0.375389864198802
,,,,,,b,2167.0,0.3391200339396256
,,,,,,b,2168.0,0.3655427862858662
,,,,,,b,2169.0,0.4120129145624061
,,,,,,b,2170.0,0.3572985814687053
,,,,,,b,2171.0,0.3905186313404383
,,,,,,b,2172.0,0.3339391405674905
,,,,,,b,2173.0,0.4194086977142941
,,,,,,b,2174.0,0.3302730775633784
,,,,,,b,2175.0,0.4040200445572699
,,,,,,b,2176.0,0.3513802674866766
,,,,,,b,2177.0,0.3164827312470857
,,,,,,b,2178.0,0.385938774144186
,,,,,,b,2179.0,0.4659888779035568
,,,,,,b,2180.0,0.3145615329758193
,,,,,,b,2181.0,0.3361164309487332
,,,,,,b,2182.0,0.3046364607342737
,,,,,,b,2183.0,0.3223882495293786
,,,,,,b,2184.0,0.3567662536514393
,,,,,,b,2185.0,0.3612257727889254
,,,,,,b,2186.0,0.3573968479204072
,,,,,,b,2187.0,0.4104942946212611
,,,,,,b,2188.0,0.2975659564841377
,,,,,,b,2189.0,0.36450021700331
,,,,,,b,2190.0,0.3519602883576418
,,,,,,b,2191.0,0.3920111226725673
,,,,,,b,2192.0,0.3524716062437196
,,,,,,b,2193.0,0.3981990260741654
,,,,,,b,2194.0,0.3823906580219169
,,,,,,b,2195.0,0.3686928302962089
,,,,,,b,2196.0,0.3717234331230488
,,,,,,b,2197.0,0.2749916149722948
,,,,,,b,2198.0,0.3218291897485734
,,,,,,b,2199.0,0.3219010977616658
,,,,,,b,2200.0,0.3350855660187766
,,,,,,b,2201.0,0.3051266014782299
,,,,,,b,2202.0,0.2869120483352825
,,,,,,b,2203.0,0.3799047995498577
,,,,,,b,2204.0,0.3046063846540212
,,,,,,b,2205.0,0.3375181255341779
,,,,,,b,2206.0,0.3383552127866531
,,,,,,b,2207.0,0.293377676112343
,,,,,,b,2208.0,0.4080194395786716
,,,,,,b,2209.0,0.2938896123791976
,,,,,,b,2210.0,0.3123832640547732
,,,,,,b,2211.0,0.3195588771484097
,,,,,,b,2212.0,0.3663834270619026
,,,,,,b,2213.0,0.4082210582518204
,,,,,,b,2214.0,0.3624417435952773
,,,,,,b,2215.0,0.3843894736912103
,,,,,,b,2216.0,0.2392912175505976
,,,,,,b,2217.0,0.365290201381256
,,,,,,b,2218.0,0.3456138218086444
,,,,,,b,2219.0,0.3198643166157175
,,,,,,b,2220.0,0.4148860443171882
,,,,,,b,2221.0,0.30847124042003
,,,,,,b,2222.0,0.3914661768394043
,,,,,,b,2223.0,0.325466633808134
,,,,,,b,2224.0,0.391881072026603
,,,,,,b,2225.0,0.3293726028744599
,,,,,,b,2226.0,0.3366330405558679
,,,,,,b,2227.0,0.336786498038407
,,,,,,b,2228.0,0.289816732070876
,,,,,,b,2229.0,0.3412286785125991
,,,,,,b,2230.0,0.3396358178224883
,,,,,,b,2231.0,0.3899909703575344
,,,,,,b,2232.0,0.360179780884982
,,,,,,b,2233.0,0.3219879366216069
,,,,,,b,2234.0,0.3430183129712807
,,,,,,b,2235.0,0.4221640134873006
,,,,,,b,2236.0,0.4203513654214306
,,,,,,b,2237.0,0.3253590698230426
,,,,,,b,2238.0,0.3597703925439721
,,,,,,b,2239.0,0.3228395312224035
,,,,,,b,2240.0,0.3887372735522754
,,,,,,b,2241.0,0.3203069867932213
,,,,,,b,2242.0,0.3234483914159369
,,,,,,b,2243.0,0.3920670985996546
,,,,,,b,2244.0,0.3062278548537165
,,,,,,b,2245.0,0.4259614180824393
,,,,,,b,2246.0,0.3417577968105272
,,,,,,b,2247.0,0.2973123176916088
,,,,,,b,2248.0,0.3713269881667469
,,,,,,b,2249.0,0.3248355823684963
,,,,,,b,2250.0,0.3406343419955382
,,,,,,b,2251.0,0.3746629028620094
,,,,,,b,2252.0,0.2611275358786766
,,,,,,b,2253.0,0.4262149338439873
,,,,,,b,2254.0,0.423396796310826
,,,,,,b,2255.0,0.2775230921257465
,,,,,,b,2256.0,0.2872019520628863
,,,,,,b,2257.0,0.3816707724291786
,,,,,,b,2258.0,0.3839692085421284
,,,,,,b,2259.0,0.2977673226029607
,,,,,,b,2260.0,0.422539732445812
,,,,,,b,2261.0,0.2890794423747125
,,,,,,b,2262.0,0.3410547601425531
,,,,,,b,2263.0,0.398702433288419
,,,,,,b,2264.0,0.3628701968356189
,,,,,,b,2265.0,0.4190643490979187
,,,,,,b,2266.0,0.3251649462380404
,,,,,,b,2267.0,0.3464505380361
,,,,,,b,2268.0,0.3331065152302228
,,,,,,b,2269.0,0.3259990480561567
,,,,,,b,2270.0,0.4067418311352844
,,,,,,b,2271.0,0.3414940324841611
,,,,,,b,2272.0,0.3781629688192782
,,,,,,b,2273.0,0.3578543911113012
,,,,,,b,2274.0,0.2939449883664506
,,,,,,b,2275.0,0.3379320255657032
,,,,,,b,2276.0,0.405671935762609
,,,,,,b,2277.0,0.3435227448161284
,,,,,,b,2278.0,0.2908238589722529
,,,,,,b,2279.0,0.3552632748625157
,,,,,,b,2280.0,0.3482313489940378
,,,,,,b,2281.0,0.3869824320016968
,,,,,,b,2282.0,0.4017502338270451
,,,,,,b,2283.0,0.3383907646935427
,,,,,,b,2284.0,0.2941224239970421
,,,,,,b,2285.0,0.3618370005239764
,,,,,,b,2286.0,0.3356036325661327
,,,,,,b,2287.0,0.3892063431522623
,,,,,,b,2288.0,0.369789113710572
,,,,,,b,2289.0,0.3650049347995048
,,,,,,b,2290.0,0.377628378799713
,,,,,,b,2291.0,0.3800489379647165
,,,,,,b,2292.0,0.315154883682101
,,,,,,b,2293.0,0.3641567954329798
,,,,,,b,2294.0,0.4292762750793084
,,,,,,b,2295.0,0.3736785676714658
,,,,,,b,2296.0,0.3527599381587465
,,,,,,b,2297.0,0.4197610321171039
,,,,,,b,2298.0,0.3715801381013555
,,,,,,b,2299.0,0.3452325476022202
,,,,,,b,2300.0,0.3551405007940671
,,,,,,b,2301.0,0.3388669892670899
,,,,,,b,2302.0,0.4683002556297766
,,,,,,b,2303.0,0.3927043479787611
,,,,,,b,2304.0,0.2785152417687011
,,,,,,b,2305.0,0.3494508893269112
,,,,,,b,2306.0,0.3943816377696989
,,,,,,b,2307.0,0.3157608824712099
,,,,,,b,2308.0,0.3181593126042421
,,,,,,b,2309.0,0.3776134335597731
,,,,,,b,2310.0,0.4300978841872762
,,,,,,b,2311.0,0.3668204780223489
,,,,,,b,2312.0,0.3195171410189621
,,,,,,b,2313.0,0.3040494532415403
,,,,,,b,2314.0,0.421715287340989
,,,,,,b,2315.0,0.3798461105012598
,,,,,,b,2316.0,0.3711249079829319
,,,,,,b,2317.0,0.4600058663416728
,,,,,,b,2318.0,0.3490946825041856
,,,,,,b,2319.0,0.3193024894109202
,,,,,,b,2320.0,0.3490857521783757
,,,,,,b,2321.0,0.3649751063474427
,,,,,,b,2322.0,0.3396169943632827
,,,,,,b,2323.0,0.3431456888346145
,,,,,,b,2324.0,0.3012836852429403
,,,,,,b,2325.0,0.3231205806410444
,,,,,,b,2326.0,0.3252580754401855
,,,,,,b,2327.0,0.3827433255134194
,,,,,,b,2328.0,0.3800259984429766
,,,,,,b,2329.0,0.332383462387642
,,,,,,b,2330.0,0.2881274698632152
,,,,,,b,2331.0,0.3662606369075876
,,,,,,b,2332.0,0.365088552883035
,,,,,,b,2333.0,0.3183416787550155
,,,,,,b,2334.0,0.4141263948751863
,,,,,,b,2335.0,0.3215520263344458
,,,,,,b,2336.0,0.3153238134286003
,,,,,,b,2337.0,0.3792571307145671
,,,,,,b,2338.0,0.4136146671333147
,,,,,,b,2339.0,0.3521779034079042
,,,,,,b,2340.0,0.3687850667042984
,,,,,,b,2341.0,0.3406233660128892
,,,,,,b,2342.0,0.4219076434228208
,,,,,,b,2343.0,0.301133392340537
,,,,,,b,2344.0,0.3584353806793734
,,,,,,b,2345.0,0.3728966643822717
,,,,,,b,2346.0,0.4279981105596198
,,,,,,b,2347.0,0.3410990342789244
,,,,,,b,2348.0,0.3086515986500662
,,,,,,b,2349.0,0.321822513067334
,,,,,,b,2350.0,0.3423146512748527
,,,,,,b,2351.0,0.4038254117429374
,,,,,,b,2352.0,0.3238152932407474
,,,,,,b,2353.0,0.4017244508807449
,,,,,,b,2354.0,0.3050886996740645
,,,,,,b,2355.0,0.4202572165150662
,,,,,,b,2356.0,0.3218995640583384
,,,,,,b,2357.0,0.3495594558370696
,,,,,,b,2358.0,0.3817142658319601
,,,,,,b,2359.0,0.3437783177020748
,,,,,,b,2360.0,0.3499987581612247
,,,,,,b,2361.0,0.3815879498630368
,,,,,,b,2362.0,0.3414038980741867
,,,,,,b,2363.0,0.3755127174716648
,,,,,,b,2364.0,0.372589465524999
,,,,,,b,2365.0,0.3936630557048679
,,,,,,b,2366.0,0.3760860668156183
,,,,,,b,2367.0,0.3894205579973793
,,,,,,b,2368.0,0.3578309622784279
,,,,,,b,2369.0,0.364296588901098
,,,,,,b,2370.0,0.3676650334239446
,,,,,,b,2371.0,0.3745545945906245
,,,,,,b,2372.0,0.3395801529284807
,,,,,,b,2373.0,0.3112552329948199
,,,,,,b,2374.0,0.3779617886584669
,,,,,,b,2375.0,0.3593722795119709
,,,,,,b,2376.0,0.359025270564314
,,,,,,b,2377.0,0.4010454851774589
,,,,,,b,2378.0,0.3325489264876116
,,,,,,b,2379.0,0.3431011023243338
,,,,,,b,2380.0,0.3684319092775556
,,,,,,b,2381.0,0.3629164792629669
,,,,,,b,2382.0,0.3288295980709605
,,,,,,b,2383.0,0.3361008629921609
,,,,,,b,2384.0,0.3434561546017711
,,,,,,b,2385.0,0.2808351237059918
,,,,,,b,2386.0,0.2903592597870359
,,,,,,b,2387.0,0.4068436420552737
,,,,,,b,2388.0,0.397429011275332
,,,,,,b,2389.0,0.4174739251290171
,,,,,,b,2390.0,0.3214420056049643
,,,,,,b,2391.0,0.4360932253505378
,,,,,,b,2392.0,0.3747669308141823
,,,,,,b,2393.0,0.3885886339317719
,,,,,,b,2394.0,0.3551267579183834
,,,,,,b,2395.0,0.3433380465916569
,,,,,,b,2396.0,0.3526589584553843
,,,,,,b,2397.0,0.3705761621450407
,,,,,,b,2398.0,0.3581252887662569
,,,,,,b,2399.0,0.367239233013314
,,,,,,b,2400.0,0.3948356718383419
,,,,,,b,2401.0,0.3926075143696059
,,,,,,b,2402.0,0.3698816629456103
,,,,,,b,2403.0,0.3447699738469105
,,,,,,b,2404.0,0.3584734526183788
,,,,,,b,2405.0,0.2829132875670685
,,,,,,b,2406.0,0.3919191548234364
,,,,,,b,2407.0,0.3232846974372783
,,,,,,b,2408.0,0.3491825079777833
,,,,,,b,2409.0,0.3931188313523779
,,,,,,b,2410.0,0.3467072328171401
,,,,,,b,2411.0,0.4014578211690094
,,,,,,b,2412.0,0.2793183880834311
,,,,,,b,2413.0,0.3548289158142501
,,,,,,b,2414.0,0.34815517839397
,,,,,,b,2415.0,0.3447500465909972
,,,,,,b,2416.0,0.3534255561990145
,,,,,,b,2417.0,0.3620489852367181
,,,,,,b,2418.0,0.4306768616034331
,,,,,,b,2419.0,0.3749307565502753
,,,,,,b,2420.0,0.280951934791843
,,,,,,b,2421.0,0.3266197969330759
,,,,,,b,2422.0,0.363089329878532
,,,,,,b,2423.0,0.3665350422161895
,,,,,,b,2424.0,0.3173432331146815
,,,,,,b,2425.0,0.3734930720268474
,,,,,,b,2426.0,0.3362888152725554
,,,,,,b,2427.0,0.3252587088465812
,,,,,,b,2428.0,0.3635480519698699
,,,,,,b,2429.0,0.390694348137321
,,,,,,b,2430.0,0.3290623939863324
,,,,,,b,2431.0,0.3433868963666171
,,,,,,b,2432.0,0.3923271850852585
,,,,,,b,2433.0,0.3499730377743715
,,,,,,b,2434.0,0.3678333252737933
,,,,,,b,2435.0,0.2796075451561206
,,,,,,b,2436.0,0.400272983516881
,,,,,,b,2437.0,0.3186023383233043
,,,,,,b,2438.0,0.3554208982758746
,,,,,,b,2439.0,0.3291306588639338
,,,,,,b,2440.0,0.422503839505068
,,,,,,b,2441.0,0.4093618989190499
,,,,,,b,2442.0,0.3285258021359136
,,,,,,b,2443.0,0.2833096848236249
,,,,,,b,2444.0,0.3801555177985039
,,,,,,b,2445.0,0.3204001418933746
,,,,,,b,2446.0,0.3008222903198452
,,,,,,b,2447.0,0.3341243114813568
,,,,,,b,2448.0,0.3293593042917573
,,,,,,b,2449.0,0.3538508205187889
,,,,,,b,2450.0,0.3085935142118083
,,,,,,b,2451.0,0.3829097921618896
,,,,,,b,2452.0,0.3803685873078715
,,,,,,b,2453.0,0.3490378271162258
,,,,,,b,2454.0,0.3606007523101664
,,,,,,b,2455.0,0.345553299451923
,,,,,,b,2456.0,0.3523719951867865
,,,,,,b,2457.0,0.3618210598351417
,,,,,,b,2458.0,0.3541828691182309
,,,,,,b,2459.0,0.3420642066732955
,,,,,,b,2460.0,0.3487043520892219
,,,,,,b,2461.0,0.3496916548975912
,,,,,,b,2462.0,0.3524627834574052
,,,,,,b,2463.0,0.4363915419211421
,,,,,,b,2464.0,0.3354524359924999
,,,,,,b,2465.0,0.3930616225512313
,,,,,,b,2466.0,0.2511283978444916
,,,,,,b,2467.0,0.3793457412269667
,,,,,,b,2468.0,0.3674861985808468
,,,,,,b,2469.0,0.3166734630962251
,,,,,,b,2470.0,0.3811387709354319
,,,,,,b,2471.0,0.2947916618295876
,,,,,,b,2472.0,0.2989289708254485
,,,,,,b,2473.0,0.3566761738322905
,,,,,,b,2474.0,0.3519004675412396
,,,,,,b,2475.0,0.3637261461345034
,,,,,,b,2476.0,0.3169484678632952
,,,,,,b,2477.0,0.387341750889119
,,,,,,b,2478.0,0.379548903170487
,,,,,,b,2479.0,0.3428107791806822
,,,,,,b,2480.0,0.3329101442564002
,,,,,,b,2481.0,0.3652149056666074
,,,,,,b,2482.0,0.4104092830633075
,,,,,,b,2483.0,0.3248405729825365
,,,,,,b,2484.0,0.3650629276646255
,,,,,,b,2485.0,0.3310785065807331
,,,,,,b,2486.0,0.3304297658988453
,,,,,,b,2487.0,0.3943307176696691
,,,,,,b,2488.0,0.3211130288638131
,,,,,,b,2489.0,0.354574327553244
,,,,,,b,2490.0,0.324193230792452
,,,,,,b,2491.0,0.3300687720555015
,,,,,,b,2492.0,0.3362005783004824
,,,,,,b,2493.0,0.3968478749917583
,,,,,,b,2494.0,0.4249116089501985
,,,,,,b,2495.0,0.4102165191754041
,,,,,,b,2496.0,0.2908781426496389
,,,,,,b,2497.0,0.3793384184731279
,,,,,,b,2498.0,0.3415560862060451
,,,,,,b,2499.0,0.3173460958223031
,,,,,,b,2500.0,0.405981616076188
,,,,,,b,2501.0,0.3159684359439394
,,,,,,b,2502.0,0.3328611405534367
,,,,,,b,2503.0,0.4114925953561661
,,,,,,b,2504.0,0.3269661634259142
,,,,,,b,2505.0,0.3555177905917412
,,,,,,b,2506.0,0.3350035859821592
,,,,,,b,2507.0,0.4343340007302467
,,,,,,b,2508.0,0.271977854180724
,,,,,,b,2509.0,0.3647062431722898
,,,,,,b,2510.0,0.3700478387184178
,,,,,,b,2511.0,0.437409323074279
,,,,,,b,2512.0,0.326689335294406
,,,,,,b,2513.0,0.3457414219586239
,,,,,,b,2514.0,0.3047962823251144
,,,,,,b,2515.0,0.3062343468632069
,,,,,,b,2516.0,0.3608490641577218
,,,,,,b,2517.0,0.3196408624517461
,,,,,,b,2518.0,0.3604915749152071
,,,,,,b,2519.0,0.3544720142980448
,,,,,,b,2520.0,0.3614898029166973
,,,,,,b,2521.0,0.3230361040036498
,,,,,,b,2522.0,0.3467455926236997
,,,,,,b,2523.0,0.3791357838549238
,,,,,,b,2524.0,0.363560595881693
,,,,,,b,2525.0,0.3609118653482217
,,,,,,b,2526.0,0.3750171301166336
,,,,,,b,2527.0,0.3502667207598602
,,,,,,b,2528.0,0.335623893658743
,,,,,,b,2529.0,0.3159661961533038
,,,,,,b,2530.0,0.2937071986936259
,,,,,,b,2531.0,0.3981406341816287
,,,,,,b,2532.0,0.3819102235741445
,,,,,,b,2533.0,0.3293057595714956
,,,,,,b,2534.0,0.4286080563913104
,,,,,,b,2535.0,0.3706915623764826
,,,,,,b,2536.0,0.4099074382261669
,,,,,,b,2537.0,0.3303763172011384
,,,,,,b,2538.0,0.3512506937353272
,,,,,,b,2539.0,0.3330097218250869
,,,,,,b,2540.0,0.3345252450765219
,,,,,,b,2541.0,0.4362710210999827
,,,,,,b,2542.0,0.3322674519785065
,,,,,,b,2543.0,0.3656869415941735
,,,,,,b,2544.0,0.3515489294411407
,,,,,,b,2545.0,0.4060580407367569
,,,,,,b,2546.0,0.3737843306667359
,,,,,,b,2547.0,0.3207837490655185
,,,,,,b,2548.0,0.3702469796485372
,,,,,,b,2549.0,0.3651767078301495
,,,,,,b,2550.0,0.3300613433571513
,,,,,,b,2551.0,0.366355983291823
,,,,,,b,2552.0,0.3447827728975632
,,,,,,b,2553.0,0.3482497281057872
,,,,,,b,2554.0,0.3354658654412832
,,,,,,b,2555.0,0.3680138425056389
,,,,,,b,2556.0,0.3134926319191797
,,,,,,b,2557.0,0.4019943271929103
,,,,,,b,2558.0,0.3525699433829441
,,,,,,b,2559.0,0.2864599205205023
,,,,,,b,2560.0,0.3969618719548999
,,,,,,b,2561.0,0.3291333477789746
,,,,,,b,2562.0,0.3308879167483405
,,,,,,b,2563.0,0.3301921052302536
,,,,,,b,2564.0,0.3694929770620403
,,,,,,b,2565.0,0.3791033662379881
,,,,,,b,2566.0,0.3696831968765623
,,,,,,b,2567.0,0.3840852255710332
,,,,,,b,2568.0,0.2997928598695845
,,,,,,b,2569.0,0.3016835787611307
,,,,,,b,2570.0,0.3214012505350991
,,,,,,b,2571.0,0.3123438985966178
,,,,,,b,2572.0,0.3562695396126401
,,,,,,b,2573.0,0.3540098661367303
,,,,,,b,2574.0,0.2988995507627479
,,,,,,b,2575.0,0.304988518597673
,,,,,,b,2576.0,0.3061096122747289
,,,,,,b,2577.0,0.3544079708104695
,,,,,,b,2578.0,0.3609294468835067
,,,,,,b,2579.0,0.3737403624620152
,,,,,,b,2580.0,0.3403792212963972
,,,,,,b,2581.0,0.3055600368613702
,,,,,,b,2582.0,0.4021876439373848
,,,,,,b,2583.0,0.2913975108368762
,,,,,,b,2584.0,0.3089436172765878
,,,,,,b,2585.0,0.3708893675514133
,,,,,,b,2586.0,0.4019930497469337
,,,,,,b,2587.0,0.3562422580385052
,,,,,,b,2588.0,0.3157475982251059
,,,,,,b,2589.0,0.3816306887883876
,,,,,,b,2590.0,0.3504066915437898
,,,,,,b,2591.0,0.3321133886245966
,,,,,,b,2592.0,0.3267548845653989
,,,,,,b,2593.0,0.3230903042483533
,,,,,,b,2594.0,0.364278896697364
,,,,,,b,2595.0,0.4184682714474932
,,,,,,b,2596.0,0.3778771829288483
,,,,,,b,2597.0,0.3346879270519762
,,,,,,b,2598.0,0.310024583578758
,,,,,,b,2599.0,0.3261755294545643
,,,,,,b,2600.0,0.3122805794506567
,,,,,,b,2601.0,0.3180822222600379
,,,,,,b,2602.0,0.3455995637065605
,,,,,,b,2603.0,0.3355504199280155
,,,,,,b,2604.0,0.2846120242060421
,,,,,,b,2605.0,0.3213665570715136
,,,,,,b,2606.0,0.3502897866801562
,,,,,,b,2607.0,0.3699375085446541
,,,,,,b,2608.0,0.3465749658145496
,,,,,,b,2609.0,0.3360660796605019
,,,,,,b,2610.0,0.383784744726189
,,,,,,b,2611.0,0.2733540323616159
,,,,,,b,2612.0,0.3809760817684875
,,,,,,b,2613.0,0.314727348113121
,,,,,,b,2614.0,0.3365023224108947
,,,,,,b,2615.0,0.3564385713430371
,,,,,,b,2616.0,0.3399342432724652
,,,,,,b,2617.0,0.3071125890588875
,,,,,,b,2618.0,0.385133382496174
,,,,,,b,2619.0,0.3827396367564302
,,,,,,b,2620.0,0.3722229230432141
,,,,,,b,2621.0,0.3816963514879656
,,,,,,b,2622.0,0.3150078374212857
,,,,,,b,2623.0,0.4242476368917991
,,,,,,b,2624.0,0.3196923528063546
,,,,,,b,2625.0,0.320582288457174
,,,,,,b,2626.0,0.3698058761220402
,,,,,,b,2627.0,0.3421604485375482
,,,,,,b,2628.0,0.3479494950059552
,,,,,,b,2629.0,0.3692105378386872
,,,,,,b,2630.0,0.2964937310308788
,,,,,,b,2631.0,0.3167194545706437
,,,,,,b,2632.0,0.2886593068737033
,,,,,,b,2633.0,0.3030379283299957
,,,,,,b,2634.0,0.360026370777974
,,,,,,b,2635.0,0.3533599350250371
,,,,,,b,2636.0,0.3469870374198005
,,,,,,b,2637.0,0.3618641992002014
,,,,,,b,2638.0,0.3959944376908741
,,,,,,b,2639.0,0.3534764621042026
,,,,,,b,2640.0,0.3502970494967479
,,,,,,b,2641.0,0.4188243704213406
,,,,,,b,2642.0,0.3164636217224941
,,,,,,b,2643.0,0.3738526295007172
,,,,,,b,2644.0,0.3525207592948112
,,,,,,b,2645.0,0.3220539746577953
,,,,,,b,2646.0,0.3119475629552424
,,,,,,b,2647.0,0.3879658127082113
,,,,,,b,2648.0,0.3638786540114362
,,,,,,b,2649.0,0.369713361127161
,,,,,,b,2650.0,0.4052552972398726
,,,,,,b,2651.0,0.3472138505215127
,,,,,,b,2652.0,0.3445812474169476
,,,,,,b,2653.0,0.3209515677938901
,,,,,,b,2654.0,0.4012786147050975
,,,,,,b,2655.0,0.3687333735588041
,,,,,,b,2656.0,0.3918803888554985
,,,,,,b,2657.0,0.3129129805971655
,,,,,,b,2658.0,0.2506501783459574
,,,,,,b,2659.0,0.3437835293528475
,,,,,,b,2660.0,0.3538791854571488
,,,,,,b,2661.0,0.42057725509129
,,,,,,b,2662.0,0.3774850829823668
,,,,,,b,2663.0,0.3797537852410833
,,,,,,b,2664.0,0.2797122186616287
,,,,,,b,2665.0,0.3205920108302926
,,,,,,b,2666.0,0.4095954259524328
,,,,,,b,2667.0,0.3708002943215267
,,,,,,b,2668.0,0.378602458043376
,,,,,,b,2669.0,0.3329367901886879
,,,,,,b,2670.0,0.298121279036863
,,,,,,b,2671.0,0.3917966842590217
,,,,,,b,2672.0,0.3735982401253706
,,,,,,b,2673.0,0.3653591931925639
,,,,,,b,2674.0,0.3362906920394559
,,,,,,b,2675.0,0.3970080982904509
,,,,,,b,2676.0,0.3792202658469956
,,,,,,b,2677.0,0.3141874734702927
,,,,,,b,2678.0,0.3670484222619468
,,,,,,b,2679.0,0.4215647474980146
,,,,,,b,2680.0,0.4018253424821734
,,,,,,b,2681.0,0.2853334517714394
,,,,,,b,2682.0,0.4061140323878298
,,,,,,b,2683.0,0.3440384649227939
,,,,,,b,2684.0,0.3719154094752688
,,,,,,b,2685.0,0.3188849301345886
,,,,,,b,2686.0,0.3455704314375585
,,,,,,b,2687.0,0.3542435919040776
,,,,,,b,2688.0,0.3856247234437822
,,,,,,b,2689.0,0.3972689922270236
,,,,,,b,2690.0,0.3831315102389503
,,,,,,b,2691.0,0.3106555958003141
,,,,,,b,2692.0,0.3447214059897474
,,,,,,b,2693.0,0.3409152207933679
,,,,,,b,2694.0,0.3130020073999358
,,,,,,b,2695.0,0.3083043097881699
,,,,,,b,2696.0,0.3931867496594465
,,,,,,b,2697.0,0.3678796106100659
,,,,,,b,2698.0,0.3732988376645245
,,,,,,b,2699.0,0.3253504440102333
,,,,,,b,2700.0,0.3129737453726529
,,,,,,b,2701.0,0.3383868373569156
,,,,,,b,2702.0,0.2748803297374174
,,,,,,b,2703.0,0.3181864469933866
,,,,,,b,2704.0,0.3463125822826907
,,,,,,b,2705.0,0.4079452625321131
,,,,,,b,2706.0,0.3775506433381972
,,,,,,b,2707.0,0.3533643983475638
,,,,,,b,2708.0,0.3046939181672674
,,,,,,b,2709.0,0.3631125423079551
,,,,,,b,2710.0,0.3038212179878101
,,,,,,b,2711.0,0.3233816332204853
,,,,,,b,2712.0,0.3706692089694865
,,,,,,b,2713.0,0.3219408673598471
,,,,,,b,2714.0,0.3541229909249366
,,,,,,b,2715.0,0.3479851127053335
,,,,,,b,2716.0,0.3427793599910314
,,,,,,b,2717.0,0.28491299960571
,,,,,,b,2718.0,0.2374486145913206
,,,,,,b,2719.0,0.3312988934971566
,,,,,,b,2720.0,0.3040034542662648
,,,,,,b,2721.0,0.2934235809302778
,,,,,,b,2722.0,0.3513376686380911
,,,,,,b,2723.0,0.3115419497950311
,,,,,,b,2724.0,0.3116686722321686
,,,,,,b,2725.0,0.3631147410445425
,,,,,,b,2726.0,0.3502422924386619
,,,,,,b,2727.0,0.3966821614966407
,,,,,,b,2728.0,0.3974386100597784
,,,,,,b,2729.0,0.3986917837384278
,,,,,,b,2730.0,0.3902676990562552
,,,,,,b,2731.0,0.3534736595717822
,,,,,,b,2732.0,0.395877250418442
,,,,,,b,2733.0,0.3322979849173566
,,,,,,b,2734.0,0.4127846439303271
,,,,,,b,2735.0,0.3574673139896132
,,,,,,b,2736.0,0.4020774597570651
,,,,,,b,2737.0,0.3172053219576165
,,,,,,b,2738.0,0.2930546931868774
,,,,,,b,2739.0,0.3951690552906508
,,,,,,b,2740.0,0.3643836371741504
,,,,,,b,2741.0,0.3521587036836888
,,,,,,b,2742.0,0.3481318585674304
,,,,,,b,2743.0,0.4048534353532709
,,,,,,b,2744.0,0.3806022673418416
,,,,,,b,2745.0,0.3640482428469074
,,,,,,b,2746.0,0.3927920961216298
,,,,,,b,2747.0,0.3428354636866153
,,,,,,b,2748.0,0.3963369933805678
,,,,,,b,2749.0,0.3612369966680617
,,,,,,b,2750.0,0.3829354153047264
,,,,,,b,2751.0,0.3482572997344815
,,,,,,b,2752.0,0.3545516807601609
,,,,,,b,2753.0,0.3778466597691117
,,,,,,b,2754.0,0.3611311102050138
,,,,,,b,2755.0,0.3682524685941022
,,,,,,b,2756.0,0.3564519141445608
,,,,,,b,2757.0,0.3787220083007359
,,,,,,b,2758.0,0.3759301661870009
,,,,,,b,2759.0,0.3104300574148966
,,,,,,b,2760.0,0.3587564024211724
,,,,,,b,2761.0,0.3462895054845112
,,,,,,b,2762.0,0.3420065173909741
,,,,,,b,2763.0,0.3020660893157965
,,,,,,b,2764.0,0.3475604695632843
,,,,,,b,2765.0,0.3440164603922895
,,,,,,b,2766.0,0.3736950005096005
,,,,,,b,2767.0,0.3720661404454004
,,,,,,b,2768.0,0.4010586924125352
,,,,,,b,2769.0,0.3957405443158608
,,,,,,b,2770.0,0.322367966145225
,,,,,,b,2771.0,0.3677274218681488
,,,,,,b,2772.0,0.3345658695339235
,,,,,,b,2773.0,0.3467840409988714
,,,,,,b,2774.0,0.3590656189884309
,,,,,,b,2775.0,0.3133157831933104
,,,,,,b,2776.0,0.3494291158205693
,,,,,,b,2777.0,0.3557841942673061
,,,,,,b,2778.0,0.322927414114436
,,,,,,b,2779.0,0.3672578770125985
,,,,,,b,2780.0,0.3963298625445262
,,,,,,b,2781.0,0.41274315315979
,,,,,,b,2782.0,0.3178556100824004
,,,,,,b,2783.0,0.3810586333536574
,,,,,,b,2784.0,0.2523852844954746
,,,,,,b,2785.0,0.3589323205181292
,,,,,,b,2786.0,0.368466057160993
,,,,,,b,2787.0,0.3389667374794651
,,,,,,b,2788.0,0.3092728523806403
,,,,,,b,2789.0,0.338416550672926
,,,,,,b,2790.0,0.3506302180778071
,,,,,,b,2791.0,0.3368487214103117
,,,,,,b,2792.0,0.311117676987489
,,,,,,b,2793.0,0.3796211444000228
,,,,,,b,2794.0,0.3328818955530481
,,,,,,b,2795.0,0.3016710724718914
,,,,,,b,2796.0,0.3268263903109472
,,,,,,b,2797.0,0.3720710509938647
,,,,,,b,2798.0,0.3508061213162099
,,,,,,b,2799.0,0.3519003920910544
,,,,,,b,2800.0,0.3292489954370032
,,,,,,b,2801.0,0.3688852045802671
,,,,,,b,2802.0,0.4023659303452866
,,,,,,b,2803.0,0.3708128382931517
,,,,,,b,2804.0,0.4307981229772415
,,,,,,b,2805.0,0.3480071253088104
,,,,,,b,2806.0,0.3335762313644834
,,,,,,b,2807.0,0.3265621577681576
,,,,,,b,2808.0,0.4109179866379526
,,,,,,b,2809.0,0.3910139010890621
,,,,,,b,2810.0,0.3369266984049361
,,,,,,b,2811.0,0.3558962497762516
,,,,,,b,2812.0,0.3486332064571429
,,,,,,b,2813.0,0.359877266368712
,,,,,,b,2814.0,0.2926920772740451
,,,,,,b,2815.0,0.3216377904809873
,,,,,,b,2816.0,0.3545372509837143
,,,,,,b,2817.0,0.3164568744965228
,,,,,,b,2818.0,0.3152199117304923
,,,,,,b,2819.0,0.3538483462452904
,,,,,,b,2820.0,0.4418278577105385
,,,,,,b,2821.0,0.2946314988297618
,,,,,,b,2822.0,0.389691284725131
,,,,,,b,2823.0,0.3347957909057562
,,,,,,b,2824.0,0.3922186070106561
,,,,,,b,2825.0,0.3873113772828902
,,,,,,b,2826.0,0.3924700100195264
,,,,,,b,2827.0,0.34200468636879
,,,,,,b,2828.0,0.3191618231704272
,,,,,,b,2829.0,0.296239714289479
,,,,,,b,2830.0,0.3716562928113562
,,,,,,b,2831.0,0.3331989119027869
,,,,,,b,2832.0,0.3689451769757599
,,,,,,b,2833.0,0.4087258193030139
,,,,,,b,2834.0,0.3426634195341673
,,,,,,b,2835.0,0.4070972736754732
,,,,,,b,2836.0,0.3977555236584242
,,,,,,b,2837.0,0.3994612840619673
,,,,,,b,2838.0,0.3774942211996972
,,,,,,b,2839.0,0.3532861700036349
,,,,,,b,2840.0,0.3270300103277299
,,,,,,b,2841.0,0.3404322137875697
,,,,,,b,2842.0,0.3714953510077969
,,,,,,b,2843.0,0.4005470320224313
,,,,,,b,2844.0,0.347075172601714
,,,,,,b,2845.0,0.3530776822421249
,,,,,,b,2846.0,0.3549968859056496
,,,,,,b,2847.0,0.3468730330770762
,,,,,,b,2848.0,0.3830889352336357
,,,,,,b,2849.0,0.3296699463514123
,,,,,,b,2850.0,0.3821140615054466
,,,,,,b,2851.0,0.3887780685445143
,,,,,,b,2852.0,0.3918642396793159
,,,,,,b,2853.0,0.2995430217311683
,,,,,,b,2854.0,0.4498445285157149
,,,,,,b,2855.0,0.3480799068724778
,,,,,,b,2856.0,0.3147737658527325
,,,,,,b,2857.0,0.3423740571513445
,,,,,,b,2858.0,0.3186197365861551
,,,,,,b,2859.0,0.3829798237899249
,,,,,,b,2860.0,0.3461276791969161
,,,,,,b,2861.0,0.3317243988025833
,,,,,,b,2862.0,0.3417756707942816
,,,,,,b,2863.0,0.314235401198998
,,,,,,b,2864.0,0.3479918951066407
,,,,,,b,2865.0,0.2882524747368649
,,,,,,b,2866.0,0.2820400518944992
,,,,,,b,2867.0,0.3757121583607761
,,,,,,b,2868.0,0.2750657941318271
,,,,,,b,2869.0,0.327192041223515
,,,,,,b,2870.0,0.3682567333406008
,,,,,,b,2871.0,0.319845349533872
,,,,,,b,2872.0,0.3731065650511227
,,,,,,b,2873.0,0.359101078745061
,,,,,,b,2874.0,0.2980273249909291
,,,,,,b,2875.0,0.3900404342805088
,,,,,,b,2876.0,0.3470357174240779
,,,,,,b,2877.0,0.3436001203595582
,,,,,,b,2878.0,0.388219128105852
,,,,,,b,2879.0,0.3556169381492355
,,,,,,b,2880.0,0.3480183166787229
,,,,,,b,2881.0,0.3866337761981615
,,,,,,b,2882.0,0.3788238974581288
,,,,,,b,2883.0,0.3429406427575014
,,,,,,b,2884.0,0.3112876155091295
,,,,,,b,2885.0,0.2845475837858253
,,,,,,b,2886.0,0.3801365124010756
,,,,,,b,2887.0,0.2960338508984996
,,,,,,b,2888.0,0.3584741806507363
,,,,,,b,2889.0,0.34435651826842
,,,,,,b,2890.0,0.3753910324038254
,,,,,,b,2891.0,0.3633434554146446
,,,,,,b,2892.0,0.3210635573696714
,,,,,,b,2893.0,0.3481067000182238
,,,,,,b,2894.0,0.3132581674021315
,,,,,,b,2895.0,0.3397507078030011
,,,,,,b,2896.0,0.3609450456524836
,,,,,,b,2897.0,0.3626843735483422
,,,,,,b,2898.0,0.4018107979467551
,,,,,,b,2899.0,0.3653047558120978
,,,,,,b,2900.0,0.3147065537983144
,,,,,,b,2901.0,0.364538201865999
,,,,,,b,2902.0,0.3374037572869879
,,,,,,b,2903.0,0.2919000640635882
,,,,,,b,2904.0,0.421608155153264
,,,,,,b,2905.0,0.3458255080559813
,,,,,,b,2906.0,0.3610821188353661
,,,,,,b,2907.0,0.3978904974890227
,,,,,,b,2908.0,0.3832616636619912
,,,,,,b,2909.0,0.3324648502431842
,,,,,,b,2910.0,0.3546203080692365
,,,,,,b,2911.0,0.3337478769548565
,,,,,,b,2912.0,0.3712921539302281
,,,,,,b,2913.0,0.3842422924688891
,,,,,,b,2914.0,0.3905707999272909
,,,,,,b,2915.0,0.2655057802617229
,,,,,,b,2916.0,0.2931230884749611
,,,,,,b,2917.0,0.4155890004512002
,,,,,,b,2918.0,0.3007440932418972
,,,,,,b,2919.0,0.3418368120371169
,,,,,,b,2920.0,0.3033026008164432
,,,,,,b,2921.0,0.2973737890056269
,,,,,,b,2922.0,0.3562884160805892
,,,,,,b,2923.0,0.2775770710299632
,,,,,,b,2924.0,0.3217432968712019
,,,,,,b,2925.0,0.2902853745453719
,,,,,,b,2926.0,0.2885059170531154
,,,,,,b,2927.0,0.3625346537820095
,,,,,,b,2928.0,0.3075053840664772
,,,,,,b,2929.0,0.317938334653741
,,,,,,b,2930.0,0.3256243871759139
,,,,,,b,2931.0,0.3235743616200199
,,,,,,b,2932.0,0.2980932718648832
,,,,,,b,2933.0,0.396241076184197
,,,,,,b,2934.0,0.3533342831942763
,,,,,,b,2935.0,0.4234308522918426
,,,,,,b,2936.0,0.3021590588117151
,,,,,,b,2937.0,0.3484484782865045
,,,,,,b,2938.0,0.3380610105715695
,,,,,,b,2939.0,0.3364365685397628
,,,,,,b,2940.0,0.3632506073256141
,,,,,,b,2941.0,0.3293880382637315
,,,,,,b,2942.0,0.3690283571169321
,,,,,,b,2943.0,0.3270660063374611
,,,,,,b,2944.0,0.3626144060499796
,,,,,,b,2945.0,0.2770924495129971
,,,,,,b,2946.0,0.3680501392498163
,,,,,,b,2947.0,0.3619808457556974
,,,,,,b,2948.0,0.3915586469380048
,,,,,,b,2949.0,0.3216124771253508
,,,,,,b,2950.0,0.3243244062455823
,,,,,,b,2951.0,0.3722996560777836
,,,,,,b,2952.0,0.3216248420404701
,,,,,,b,2953.0,0.2956801225365044
,,,,,,b,2954.0,0.3809713853766636
,,,,,,b,2955.0,0.443986337736507
,,,,,,b,2956.0,0.3534133464257531
,,,,,,b,2957.0,0.3766364728862905
,,,,,,b,2958.0,0.3927090791981373
,,,,,,b,2959.0,0.3316585976870887
,,,,,,b,2960.0,0.3559998320271402
,,,,,,b,2961.0,0.3418627822023783
,,,,,,b,2962.0,0.350888043112286
,,,,,,b,2963.0,0.3446825695545534
,,,,,,b,2964.0,0.3265196882759591
,,,,,,b,2965.0,0.3400850511334199
,,,,,,b,2966.0,0.3429079534439276
,,,,,,b,2967.0,0.3649425821143799
,,,,,,b,2968.0,0.3428546346019634
,,,,,,b,2969.0,0.4641220397104852
,,,,,,b,2970.0,0.3663149460678783
,,,,,,b,2971.0,0.3094141167114248
,,,,,,b,2972.0,0.3863841969335535
,,,,,,b,2973.0,0.3393698615436795
,,,,,,b,2974.0,0.3734477452358051
,,,,,,b,2975.0,0.2826405185125371
,,,,,,b,2976.0,0.3675295403086673
,,,,,,b,2977.0,0.3521012984233236
,,,,,,b,2978.0,0.3429696421640384
,,,,,,b,2979.0,0.4418551102347634
,,,,,,b,2980.0,0.3921910262456878
,,,,,,b,2981.0,0.3450841008151544
,,,,,,b,2982.0,0.3633813671117138
,,,,,,b,2983.0,0.4177377159026254
,,,,,,b,2984.0,0.3699055061694754
,,,,,,b,2985.0,0.2928190451796246
,,,,,,b,2986.0,0.2693578490667621
,,,,,,b,2987.0,0.3455172416343113
,,,,,,b,2988.0,0.3823975725324788
,,,,,,b,2989.0,0.3854300754919069
,,,,,,b,2990.0,0.3396466660334787
,,,,,,b,2991.0,0.3524918556714795
,,,,,,b,2992.0,0.3700036017747301
,,,,,,b,2993.0,0.3408792561665064
,,,,,,b,2994.0,0.3027044786708237
,,,,,,b,2995.0,0.3190317592028915
,,,,,,b,2996.0,0.3512317495609975
,,,,,,b,2997.0,0.2642902555936492
,,,,,,b,2998.0,0.3784418847625272
,,,,,,b,2999.0,0.3571569867531883
,,,,,,b,3000.0,0.3646184777670695
,,,,,,b,3001.0,0.3584495819733457
,,,,,,b,3002.0,0.3423932052947553
,,,,,,b,3003.0,0.3499103319582906
,,,,,,b,3004.0,0.367967270665007
,,,,,,b,3005.0,0.3461634551151067
,,,,,,b,3006.0,0.3623279013309473
,,,,,,b,3007.0,0.3994597904766994
,,,,,,b,3008.0,0.2829631576587497
,,,,,,b,3009.0,0.4009604377481235
,,,,,,b,3010.0,0.3323540525472852
,,,,,,b,3011.0,0.3359291387069554
,,,,,,b,3012.0,0.3374048572572006
,,,,,,b,3013.0,0.3317789710448506
,,,,,,b,3014.0,0.3763495674351569
,,,,,,b,3015.0,0.3734562371118635
,,,,,,b,3016.0,0.3463915686284875
,,,,,,b,3017.0,0.4101172030775988
,,,,,,b,3018.0,0.3507243488739213
,,,,,,b,3019.0,0.3719667040706627
,,,,,,b,3020.0,0.3628752507445569
,,,,,,b,3021.0,0.3360876558065238
,,,,,,b,3022.0,0.3716975381501308
,,,,,,b,3023.0,0.298318452253302
,,,,,,b,3024.0,0.3710811016734081
,,,,,,b,3025.0,0.3050663076802795
,,,,,,b,3026.0,0.3703351490569417
,,,,,,b,3027.0,0.3473914994189284
,,,,,,b,3028.0,0.2669312377415176
,,,,,,b,3029.0,0.38979025081822
,,,,,,b,3030.0,0.3405226428877137
,,,,,,b,3031.0,0.2803160187249287
,,,,,,b,3032.0,0.3746192059511046
,,,,,,b,3033.0,0.3208841438975289
,,,,,,b,3034.0,0.2996664955704848
,,,,,,b,3035.0,0.3733943495072425
,,,,,,b,3036.0,0.3021800602405711
,,,,,,b,3037.0,0.338365750287406
,,,,,,b,3038.0,0.3646074753255388
,,,,,,b,3039.0,0.3363608663145117
,,,,,,b,3040.0,0.3090075045965843
,,,,,,b,3041.0,0.3669158395062686
,,,,,,b,3042.0,0.3339080122867526
,,,,,,b,3043.0,0.3508869608374296
,,,,,,b,3044.0,0.3057581851848088
,,,,,,b,3045.0,0.3757375434203083
,,,,,,b,3046.0,0.4230236520402206
,,,,,,b,3047.0,0.3554447562915617
,,,,,,b,3048.0,0.3528865378944692
,,,,,,b,3049.0,0.3661021965266693
,,,,,,b,3050.0,0.3096025305407881
,,,,,,b,3051.0,0.2931668725140528
,,,,,,b,3052.0,0.3489787777897306
,,,,,,b,3053.0,0.3790142180842677
,,,,,,b,3054.0,0.3796605760819065
,,,,,,b,3055.0,0.3600895378880318
,,,,,,b,3056.0,0.3408298088385488
,,,,,,b,3057.0,0.3690679807592305
,,,,,,b,3058.0,0.3993044660434779
,,,,,,b,3059.0,0.373487797621066
,,,,,,b,3060.0,0.3755243474052556
,,,,,,b,3061.0,0.2981346499798745
,,,,,,b,3062.0,0.3303224817515215
,,,,,,b,3063.0,0.3228556487862239
,,,,,,b,3064.0,0.4113384212911422
,,,,,,b,3065.0,0.4023815005260962
,,,,,,b,3066.0,0.2948865551298429
,,,,,,b,3067.0,0.3612282940893494
,,,,,,b,3068.0,0.3563543570066181
,,,,,,b,3069.0,0.3778564768349617
,,,,,,b,3070.0,0.348887801020183
,,,,,,b,3071.0,0.3377130928354663
,,,,,,b,3072.0,0.323974974906021
,,,,,,b,3073.0,0.2953175551034701
,,,,,,b,3074.0,0.3022865151295271
,,,,,,b,3075.0,0.3791146187395693
,,,,,,b,3076.0,0.3469768709430143
,,,,,,b,3077.0,0.3848847406367151
,,,,,,b,3078.0,0.4526482968119323
,,,,,,b,3079.0,0.3406235011100227
,,,,,,b,3080.0,0.3050065869437737
,,,,,,b,3081.0,0.3501211501790702
,,,,,,b,3082.0,0.3345024253593047
,,,,,,b,3083.0,0.2990607254411337
,,,,,,b,3084.0,0.3100289170067283
,,,,,,b,3085.0,0.4284053178758134
,,,,,,b,3086.0,0.4195635079924775
,,,,,,b,3087.0,0.3618322934569984
,,,,,,b,3088.0,0.3574566090132078
,,,,,,b,3089.0,0.3663449684497966
,,,,,,b,3090.0,0.3601955451877847
,,,,,,b,3091.0,0.3059408486876869
,,,,,,b,3092.0,0.3505106491834042
,,,,,,b,3093.0,0.3243942751734634
,,,,,,b,3094.0,0.4101433639471592
,,,,,,b,3095.0,0.3448266250259708
,,,,,,b,3096.0,0.3247503585786853
,,,,,,b,3097.0,0.4197117078542276
,,,,,,b,3098.0,0.322954742516945
,,,,,,b,3099.0,0.3985741500368207
,,,,,,b,3100.0,0.36483947929257
,,,,,,b,3101.0,0.3237716611676067
,,,,,,b,3102.0,0.2618410577028554
,,,,,,b,3103.0,0.3418996539107692
,,,,,,b,3104.0,0.3272311606811775
,,,,,,b,3105.0,0.4254299708502791
,,,,,,b,3106.0,0.3784016676241242
,,,,,,b,3107.0,0.3896168271023961
,,,,,,b,3108.0,0.385022477985121
,,,,,,b,3109.0,0.4130869752308248
,,,,,,b,3110.0,0.3438263948625097
,,,,,,b,3111.0,0.3967882932728606
,,,,,,b,3112.0,0.3130516652058963
,,,,,,b,3113.0,0.3505470097604823
,,,,,,b,3114.0,0.3152669652253346
,,,,,,b,3115.0,0.3902366089192011
,,,,,,b,3116.0,0.3162953879449657
,,,,,,b,3117.0,0.3027039153433608
,,,,,,b,3118.0,0.3524258790215655
,,,,,,b,3119.0,0.3410307093197149
,,,,,,b,3120.0,0.3888370215290551
,,,,,,b,3121.0,0.3201119533652758
,,,,,,b,3122.0,0.3073184877754942
,,,,,,b,3123.0,0.2658986189950982
,,,,,,b,3124.0,0.2992237754017215
,,,,,,b,3125.0,0.3338481644065885
,,,,,,b,3126.0,0.3503136209481035
,,,,,,b,3127.0,0.3569235514055848
,,,,,,b,3128.0,0.3954406928694487
,,,,,,b,3129.0,0.3910625459479173
,,,,,,b,3130.0,0.3419082341148285
,,,,,,b,3131.0,0.3062369317761022
,,,,,,b,3132.0,0.4212363594684807
,,,,,,b,3133.0,0.3389705865198253
,,,,,,b,3134.0,0.2914795082245045
,,,,,,b,3135.0,0.3375209566455428
,,,,,,b,3136.0,0.3982924982354117
,,,,,,b,3137.0,0.3690091492556364
,,,,,,b,3138.0,0.3636109507485257
,,,,,,b,3139.0,0.3481684446673383
,,,,,,b,3140.0,0.3145116046600202
,,,,,,b,3141.0,0.3439010702631719
,,,,,,b,3142.0,0.3750448520959746
,,,,,,b,3143.0,0.3772426104947186
,,,,,,b,3144.0,0.3815680904373719
,,,,,,b,3145.0,0.3022493770755274
,,,,,,b,3146.0,0.3557212851014091
,,,,,,b,3147.0,0.3784078338296237
,,,,,,b,3148.0,0.3240734516768642
,,,,,,b,3149.0,0.3761170227266905
,,,,,,b,3150.0,0.3194309571431595
,,,,,,b,3151.0,0.3577389614250097
,,,,,,b,3152.0,0.3823706107598381
,,,,,,b,3153.0,0.354664972165768
,,,,,,b,3154.0,0.3400447140767015
,,,,,,b,3155.0,0.3570094293129866
,,,,,,b,3156.0,0.3544812871472964
,,,,,,b,3157.0,0.4210453897324751
,,,,,,b,3158.0,0.3769652562866392
,,,,,,b,3159.0,0.4725769987496835
,,,,,,b,3160.0,0.3078766152081549
,,,,,,b,3161.0,0.3240249953724978
,,,,,,b,3162.0,0.3462330917314524
,,,,,,b,3163.0,0.3804939783797811
,,,,,,b,3164.0,0.3695329718821929
,,,,,,b,3165.0,0.3358685234374041
,,,,,,b,3166.0,0.3382611889972948
,,,,,,b,3167.0,0.3461257561523334
,,,,,,b,3168.0,0.3534308291545107
,,,,,,b,3169.0,0.3843197196921579
,,,,,,b,3170.0,0.3212507831742655
,,,,,,b,3171.0,0.3183209462284462
,,,,,,b,3172.0,0.2844081615338787
,,,,,,b,3173.0,0.4387909256797737
,,,,,,b,3174.0,0.3263318551550029
,,,,,,b,3175.0,0.3500354888368084
,,,,,,b,3176.0,0.3953622922236297
,,,,,,b,3177.0,0.3068721644936958
,,,,,,b,3178.0,0.3505876210315013
,,,,,,b,3179.0,0.2709329416552233
,,,,,,b,3180.0,0.3523605193201344
,,,,,,b,3181.0,0.3025555455524036
,,,,,,b,3182.0,0.3490061633098742
,,,,,,b,3183.0,0.3940844392178855
,,,,,,b,3184.0,0.299245589830889
,,,,,,b,3185.0,0.3840180244384887
,,,,,,b,3186.0,0.3302327605113047
,,,,,,b,3187.0,0.4074918973993151
,,,,,,b,3188.0,0.3430464672827784
,,,,,,b,3189.0,0.3873488703138408
,,,,,,b,3190.0,0.3403502613264564
,,,,,,b,3191.0,0.272153051679421
,,,,,,b,3192.0,0.3474493039403135
,,,,,,b,3193.0,0.3881494147753064
,,,,,,b,3194.0,0.3610607378621782
,,,,,,b,3195.0,0.374296921092351
,,,,,,b,3196.0,0.3002427214013732
,,,,,,b,3197.0,0.4040023695892274
,,,,,,b,3198.0,0.3607397101427021
,,,,,,b,3199.0,0.3390272474581324
,,,,,,b,3200.0,0.3601156992796914
,,,,,,b,3201.0,0.2999029793240764
,,,,,,b,3202.0,0.3140496299546247
,,,,,,b,3203.0,0.3070343904726784
,,,,,,b,3204.0,0.3426825959563593
,,,,,,b,3205.0,0.4233389817654576
,,,,,,b,3206.0,0.3040746079620784
,,,,,,b,3207.0,0.3063887659313602
,,,,,,b,3208.0,0.3650080785151175
,,,,,,b,3209.0,0.3328011212472335
,,,,,,b,3210.0,0.3290564629438184
,,,,,,b,3211.0,0.3300831998608462
,,,,,,b,3212.0,0.3843469285048586
,,,,,,b,3213.0,0.3026557406245747
,,,,,,b,3214.0,0.3481436810657685
,,,,,,b,3215.0,0.3796032824782513
,,,,,,b,3216.0,0.3518505823986602
,,,,,,b,3217.0,0.3110854868826256
,,,,,,b,3218.0,0.2791689991175934
,,,,,,b,3219.0,0.3429674994086618
,,,,,,b,3220.0,0.2965098721537051
,,,,,,b,3221.0,0.4408736906005259
,,,,,,b,3222.0,0.3838589572453865
,,,,,,b,3223.0,0.3713788117092811
,,,,,,b,3224.0,0.3724029073173729
,,,,,,b,3225.0,0.2930093297979423
,,,,,,b,3226.0,0.3642416741308527
,,,,,,b,3227.0,0.3636161232960284
,,,,,,b,3228.0,0.3647776650679355
,,,,,,b,3229.0,0.3855187501420447
,,,,,,b,3230.0,0.4104733963067564
,,,,,,b,3231.0,0.3194124451002476
,,,,,,b,3232.0,0.383820915891182
,,,,,,b,3233.0,0.41188947011269
,,,,,,b,3234.0,0.2973544301048778
,,,,,,b,3235.0,0.4023251047403988
,,,,,,b,3236.0,0.3504890610112197
,,,,,,b,3237.0,0.3562502013647788
,,,,,,b,3238.0,0.3568641726483008
,,,,,,b,3239.0,0.4253858104380037
,,,,,,b,3240.0,0.3415006846023547
,,,,,,b,3241.0,0.4113813899791432
,,,,,,b,3242.0,0.3299110803130771
,,,,,,b,3243.0,0.3825181187961064
,,,,,,b,3244.0,0.4230308412185168
,,,,,,b,3245.0,0.378650678585323
,,,,,,b,3246.0,0.3632711482732302
,,,,,,b,3247.0,0.3129304756384918
,,,,,,b,3248.0,0.3759996071899794
,,,,,,b,3249.0,0.3688220082016542
,,,,,,b,3250.0,0.3187993451687436
,,,,,,b,3251.0,0.4136635824597041
,,,,,,b,3252.0,0.4063256074835677
,,,,,,b,3253.0,0.4290094477685628
,,,,,,b,3254.0,0.2959658055049936
,,,,,,b,3255.0,0.3677411555020486
,,,,,,b,3256.0,0.3736630693205316
,,,,,,b,3257.0,0.3307155485791808
,,,,,,b,3258.0,0.4042285692455936
,,,,,,b,3259.0,0.3387365697785527
,,,,,,b,3260.0,0.4485418190892507
,,,,,,b,3261.0,0.308099218123175
,,,,,,b,3262.0,0.300163811291517
,,,,,,b,3263.0,0.3311376496000711
,,,,,,b,3264.0,0.3193232279780842
,,,,,,b,3265.0,0.3782986654757283
,,,,,,b,3266.0,0.3294334277961335
,,,,,,b,3267.0,0.3896982711565737
,,,,,,b,3268.0,0.3556991923273385
,,,,,,b,3269.0,0.3671938824141971
,,,,,,b,3270.0,0.4061770436447323
,,,,,,b,3271.0,0.3138931167515331
,,,,,,b,3272.0,0.3967584676871829
,,,,,,b,3273.0,0.4152789099975749
,,,,,,b,3274.0,0.3746843890359992
,,,,,,b,3275.0,0.4293481483676484
,,,,,,b,3276.0,0.3929445346985356
,,,,,,b,3277.0,0.3003210153794389
,,,,,,b,3278.0,0.3146272270430907
,,,,,,b,3279.0,0.3254873645545828
,,,,,,b,3280.0,0.3280185647882088
,,,,,,b,3281.0,0.4127957889383049
,,,,,,b,3282.0,0.282472533231084
,,,,,,b,3283.0,0.2842875869805223
,,,,,,b,3284.0,0.3246428583613214
,,,,,,b,3285.0,0.3161723940026237
,,,,,,b,3286.0,0.3717832497075868
,,,,,,b,3287.0,0.3390468764171763
,,,,,,b,3288.0,0.3308849818468231
,,,,,,b,3289.0,0.4217076820558967
,,,,,,b,3290.0,0.3609703592510809
,,,,,,b,3291.0,0.3285446562135172
,,,,,,b,3292.0,0.3077470670184881
,,,,,,b,3293.0,0.4180992669836385
,,,,,,b,3294.0,0.3150671664786051
,,,,,,b,3295.0,0.3004721562453283
,,,,,,b,3296.0,0.3246281704478355
,,,,,,b,3297.0,0.3330439391270605
,,,,,,b,3298.0,0.3103380280648955
,,,,,,b,3299.0,0.3621548359035054
,,,,,,b,3300.0,0.3252800790001462
,,,,,,b,3301.0,0.3012631314978469
,,,,,,b,3302.0,0.2988446561002957
,,,,,,b,3303.0,0.4384452670841336
,,,,,,b,3304.0,0.3721244782476391
,,,,,,b,3305.0,0.3905225072399898
,,,,,,b,3306.0,0.3674170676910853
,,,,,,b,3307.0,0.3461818763522846
,,,,,,b,3308.0,0.315384468815111
,,,,,,b,3309.0,0.3661234422219661
,,,,,,b,3310.0,0.4035845413225591
,,,,,,b,3311.0,0.3271423053348457
,,,,,,b,3312.0,0.3427909323377593
,,,,,,b,3313.0,0.3568496813714943
,,,,,,b,3314.0,0.3838062673841542
,,,,,,b,3315.0,0.3074830382860938
,,,,,,b,3316.0,0.3844358250256947
,,,,,,b,3317.0,0.3812254811533875
,,,,,,b,3318.0,0.3583081787861069
,,,,,,b,3319.0,0.3060611585951398
,,,,,,b,3320.0,0.3323914907609571
,,,,,,b,3321.0,0.2871234947910035
,,,,,,b,3322.0,0.4795806318148035
,,,,,,b,3323.0,0.3478802363124291
,,,,,,b,3324.0,0.3172867665410841
,,,,,,b,3325.0,0.3648118864401883
,,,,,,b,3326.0,0.444603927825673
,,,,,,b,3327.0,0.355584893109504
,,,,,,b,3328.0,0.3057411715504541
,,,,,,b,3329.0,0.2962820320729733
,,,,,,b,3330.0,0.389896774458812
,,,,,,b,3331.0,0.3152237069185197
,,,,,,b,3332.0,0.357271262446341
,,,,,,b,3333.0,0.3672961036751792
,,,,,,b,3334.0,0.3133144470652103
,,,,,,b,3335.0,0.3630791745661592
,,,,,,b,3336.0,0.3290442278516114
,,,,,,b,3337.0,0.3603804148310572
,,,,,,b,3338.0,0.3896861752115357
,,,,,,b,3339.0,0.3537836136139556
,,,,,,b,3340.0,0.3269075555493415
,,,,,,b,3341.0,0.4190071034165421
,,,,,,b,3342.0,0.3197830570123137
,,,,,,b,3343.0,0.3088376810677475
,,,,,,b,3344.0,0.4132507076143485
,,,,,,b,3345.0,0.3147074581211235
,,,,,,b,3346.0,0.3626798180052031
,,,,,,b,3347.0,0.3563448464637142
,,,,,,b,3348.0,0.3168323582099965
,,,,,,b,3349.0,0.3543666297445833
,,,,,,b,3350.0,0.4184877396050526
,,,,,,b,3351.0,0.3836174740610172
,,,,,,b,3352.0,0.3445122934263094
,,,,,,b,3353.0,0.3467626675095761
,,,,,,b,3354.0,0.3552320178165606
,,,,,,b,3355.0,0.3144893213312176
,,,,,,b,3356.0,0.3877003297179113
,,,,,,b,3357.0,0.3330555370214418
,,,,,,b,3358.0,0.3603904011784675
,,,,,,b,3359.0,0.3360741077605471
,,,,,,b,3360.0,0.341122864154364
,,,,,,b,3361.0,0.3095663278876119
,,,,,,b,3362.0,0.3205526309909063
,,,,,,b,3363.0,0.3628783241137241
,,,,,,b,3364.0,0.3796456307465226
,,,,,,b,3365.0,0.3466763672369404
,,,,,,b,3366.0,0.388884037805417
,,,,,,b,3367.0,0.357999993198594
,,,,,,b,3368.0,0.3966851062180834
,,,,,,b,3369.0,0.3477634777499538
,,,,,,b,3370.0,0.2646051673215321
,,,,,,b,3371.0,0.3294981572975319
,,,,,,b,3372.0,0.3789371812216036
,,,,,,b,3373.0,0.361168713184913
,,,,,,b,3374.0,0.3529359550948294
,,,,,,b,3375.0,0.3612311878328764
,,,,,,b,3376.0,0.3671498155869117
,,,,,,b,3377.0,0.3576678334088252
,,,,,,b,3378.0,0.3938513053650583
,,,,,,b,3379.0,0.3188384023689599
,,,,,,b,3380.0,0.3413545630815031
,,,,,,b,3381.0,0.4108882016988362
,,,,,,b,3382.0,0.294885327595205
,,,,,,b,3383.0,0.377202286281098
,,,,,,b,3384.0,0.3337647503142631
,,,,,,b,3385.0,0.4067422344783322
,,,,,,b,3386.0,0.4030370338126854
,,,,,,b,3387.0,0.3737420981886101
,,,,,,b,3388.0,0.3705314367900638
,,,,,,b,3389.0,0.36128141348048
,,,,,,b,3390.0,0.3305707356660234
,,,,,,b,3391.0,0.3316679061309768
,,,,,,b,3392.0,0.3981954414335553
,,,,,,b,3393.0,0.3200339157045926
,,,,,,b,3394.0,0.418093108868546
,,,,,,b,3395.0,0.3489565933913416
,,,,,,b,3396.0,0.3620127942027555
,,,,,,b,3397.0,0.3278210369588952
,,,,,,b,3398.0,0.3647694639521024
,,,,,,b,3399.0,0.3788029787251386
,,,,,,b,3400.0,0.3372392012240364
,,,,,,b,3401.0,0.3548340889106622
,,,,,,b,3402.0,0.3536360626617787
,,,,,,b,3403.0,0.3619002592519318
,,,,,,b,3404.0,0.3286002581181018
,,,,,,b,3405.0,0.3421568705425373
,,,,,,b,3406.0,0.3543885822589625
,,,,,,b,3407.0,0.2938610003939548
,,,,,,b,3408.0,0.3160693574341935
,,,,,,b,3409.0,0.3285217945533327
,,,,,,b,3410.0,0.3512185867782427
,,,,,,b,3411.0,0.3120417184752542
,,,,,,b,3412.0,0.3953219529352765
,,,,,,b,3413.0,0.3758374814661933
,,,,,,b,3414.0,0.312429920498297
,,,,,,b,3415.0,0.3229620129005703
,,,,,,b,3416.0,0.3859451143593984
,,,,,,b,3417.0,0.369755521972229
,,,,,,b,3418.0,0.3502985979015318
,,,,,,b,3419.0,0.3499913765159768
,,,,,,b,3420.0,0.3892228727395395
,,,,,,b,3421.0,0.3305652933741569
,,,,,,b,3422.0,0.3623398201291623
,,,,,,b,3423.0,0.333614256067535
,,,,,,b,3424.0,0.3407039094391599
,,,,,,b,3425.0,0.3778758339753403
,,,,,,b,3426.0,0.3509349584809955
,,,,,,b,3427.0,0.3327000406593225
,,,,,,b,3428.0,0.3155087171805131
,,,,,,b,3429.0,0.3694535457527097
,,,,,,b,3430.0,0.3408213485483529
,,,,,,b,3431.0,0.3323933998237773
,,,,,,b,3432.0,0.3330130549877816
,,,,,,b,3433.0,0.3940807785461011
,,,,,,b,3434.0,0.3133960223273409
,,,,,,b,3435.0,0.3880424024252749
,,,,,,b,3436.0,0.3136733809521632
,,,,,,b,3437.0,0.4244466169984586
,,,,,,b,3438.0,0.3038400174777309
,,,,,,b,3439.0,0.3181600095071561
,,,,,,b,3440.0,0.3586124863471847
,,,,,,b,3441.0,0.3753843151919591
,,,,,,b,3442.0,0.4303775277130066
,,,,,,b,3443.0,0.3019046760701132
,,,,,,b,3444.0,0.3565430891955219
,,,,,,b,3445.0,0.2863313944851677
,,,,,,b,3446.0,0.3314184414724712
,,,,,,b,3447.0,0.3722274001126187
,,,,,,b,3448.0,0.3681004717939871
,,,,,,b,3449.0,0.3665999440272829
,,,,,,b,3450.0,0.3132708104143722
,,,,,,b,3451.0,0.3744879545735982
,,,,,,b,3452.0,0.3423607063222627
,,,,,,b,3453.0,0.3848870051987747
,,,,,,b,3454.0,0.3718094126617108
,,,,,,b,3455.0,0.3075661830967178
,,,,,,b,3456.0,0.4450486042133592
,,,,,,b,3457.0,0.3905616709027351
,,,,,,b,3458.0,0.3592639119707348
,,,,,,b,3459.0,0.3987792875114055
,,,,,,b,3460.0,0.3469506565999074
,,,,,,b,3461.0,0.3738583542227189
,,,,,,b,3462.0,0.3362212827887023
,,,,,,b,3463.0,0.3367719729920804
,,,,,,b,3464.0,0.3980168026974451
,,,,,,b,3465.0,0.3844945817914631
,,,,,,b,3466.0,0.3150338144883169
,,,,,,b,3467.0,0.3458640772356811
,,,,,,b,3468.0,0.3607695263429602
,,,,,,b,3469.0,0.4105408072243164
,,,,,,b,3470.0,0.3229439624332189
,,,,,,b,3471.0,0.2636796770655301
,,,,,,b,3472.0,0.3342348764952043
,,,,,,b,3473.0,0.3923927209144318
,,,,,,b,3474.0,0.3671195203087238
,,,,,,b,3475.0,0.3572681435783971
,,,,,,b,3476.0,0.3340848755530898
,,,,,,b,3477.0,0.2925285761329159
,,,,,,b,3478.0,0.3251699186061314
,,,,,,b,3479.0,0.3263565426169417
,,,,,,b,3480.0,0.3506306739065397
,,,,,,b,3481.0,0.3789970954876049
,,,,,,b,3482.0,0.2772699473255309
,,,,,,b,3483.0,0.372885311569286
,,,,,,b,3484.0,0.3832347096658726
,,,,,,b,3485.0,0.3935768335406076
,,,,,,b,3486.0,0.3565028180814851
,,,,,,b,3487.0,0.4126464568004522
,,,,,,b,3488.0,0.3658882485005028
,,,,,,b,3489.0,0.3489294551967381
,,,,,,b,3490.0,0.4098516329364496
,,,,,,b,3491.0,0.3516486753877794
,,,,,,b,3492.0,0.3469504239949517
,,,,,,b,3493.0,0.3656100774588875
,,,,,,b,3494.0,0.354761285687613
,,,,,,b,3495.0,0.3323822576356732
,,,,,,b,3496.0,0.374869071631124
,,,,,,b,3497.0,0.4126970440400281
,,,,,,b,3498.0,0.3519361956241535
,,,,,,b,3499.0,0.3816025798157278
,,,,,,b,3500.0,0.4314865596594224
,,,,,,b,3501.0,0.3128432005198052
,,,,,,b,3502.0,0.3039058787791218
,,,,,,b,3503.0,0.3119344113764928
,,,,,,b,3504.0,0.3267181835348212
,,,,,,b,3505.0,0.3152283121035362
,,,,,,b,3506.0,0.3571725812052282
,,,,,,b,3507.0,0.2808463047584126
,,,,,,b,3508.0,0.3861785946350262
,,,,,,b,3509.0,0.3390271030593972
,,,,,,b,3510.0,0.348980036556326
,,,,,,b,3511.0,0.4013647941586376
,,,,,,b,3512.0,0.3789853268415819
,,,,,,b,3513.0,0.3331700347903723
,,,,,,b,3514.0,0.3570460849299968
,,,,,,b,3515.0,0.3052476901464218
,,,,,,b,3516.0,0.3611259424666295
,,,,,,b,3517.0,0.3388182925134977
,,,,,,b,3518.0,0.3279359000142574
,,,,,,b,3519.0,0.3565854666247681
,,,,,,b,3520.0,0.3037450049067667
,,,,,,b,3521.0,0.3447043263034688
,,,,,,b,3522.0,0.4358709071834403
,,,,,,b,3523.0,0.3404385128819807
,,,,,,b,3524.0,0.3605000106611089
,,,,,,b,3525.0,0.3746441428377651
,,,,,,b,3526.0,0.3857326827308385
,,,,,,b,3527.0,0.3436647052618631
,,,,,,b,3528.0,0.3518363958635855
,,,,,,b,3529.0,0.2936767971232954
,,,,,,b,3530.0,0.3399169029256743
,,,,,,b,3531.0,0.3522028844318394
,,,,,,b,3532.0,0.4139245855289162
,,,,,,b,3533.0,0.3332338874708274
,,,,,,b,3534.0,0.3275132095418551
,,,,,,b,3535.0,0.3297073253286182
,,,,,,b,3536.0,0.3769900938710311
,,,,,,b,3537.0,0.2997869159852731
,,,,,,b,3538.0,0.3778521832787809
,,,,,,b,3539.0,0.4074234011688378
,,,,,,b,3540.0,0.3768429577310068
,,,,,,b,3541.0,0.418326692737379
,,,,,,b,3542.0,0.3420484141431199
,,,,,,b,3543.0,0.2764231834927408
,,,,,,b,3544.0,0.3880581335860289
,,,,,,b,3545.0,0.4219881926913782
,,,,,,b,3546.0,0.4008908244729947
,,,,,,b,3547.0,0.3279301201794782
,,,,,,b,3548.0,0.3338764424402631
,,,,,,b,3549.0,0.4088285515038512
,,,,,,b,3550.0,0.3307673881760529
,,,,,,b,3551.0,0.3537769802484378
,,,,,,b,3552.0,0.3784736653160752
,,,,,,b,3553.0,0.348914065823219
,,,,,,b,3554.0,0.350083676325704
,,,,,,b,3555.0,0.4104149768492271
,,,,,,b,3556.0,0.427935469538363
,,,,,,b,3557.0,0.3770736556010727
,,,,,,b,3558.0,0.3813714769049783
,,,,,,b,3559.0,0.2736741079452929
,,,,,,b,3560.0,0.3368336897525918
,,,,,,b,3561.0,0.3677285469846856
,,,,,,b,3562.0,0.3833617927618964
,,,,,,b,3563.0,0.3869625162622467
,,,,,,b,3564.0,0.2720715241841591
,,,,,,b,3565.0,0.3265652889559467
,,,,,,b,3566.0,0.367008585603783
,,,,,,b,3567.0,0.3150025883586034
,,,,,,b,3568.0,0.3098528961076856
,,,,,,b,3569.0,0.3244610769005662
,,,,,,b,3570.0,0.2949035564262585
,,,,,,b,3571.0,0.350030746469308
,,,,,,b,3572.0,0.3645945560549775
,,,,,,b,3573.0,0.32532711173066
,,,,,,b,3574.0,0.34156420511369
,,,,,,b,3575.0,0.3167364971454178
,,,,,,b,3576.0,0.3277157241669064
,,,,,,b,3577.0,0.3438679497034114
,,,,,,b,3578.0,0.3443010976529752
,,,,,,b,3579.0,0.3218169893819746
,,,,,,b,3580.0,0.3356226288248782
,,,,,,b,3581.0,0.3037541562484116
,,,,,,b,3582.0,0.3513963013550145
,,,,,,b,3583.0,0.3717225186996722
,,,,,,b,3584.0,0.3051374464711145
,,,,,,b,3585.0,0.3177403444456543
,,,,,,b,3586.0,0.3512435995303327
,,,,,,b,3587.0,0.3365827338918143
,,,,,,b,3588.0,0.3246848622553688
,,,,,,b,3589.0,0.4032725992541128
,,,,,,b,3590.0,0.3057924214449099
,,,,,,b,3591.0,0.4151845166017591
,,,,,,b,3592.0,0.3118976693647837
,,,,,,b,3593.0,0.3405470836314466
,,,,,,b,3594.0,0.3316008221358122
,,,,,,b,3595.0,0.3024692427259783
,,,,,,b,3596.0,0.4135401435551191
,,,,,,b,3597.0,0.310187054758738
,,,,,,b,3598.0,0.3288593202924623
,,,,,,b,3599.0,0.3547147708510785
,,,,,,b,3600.0,0.2944561603669471
,,,,,,b,3601.0,0.3178990835728963
,,,,,,b,3602.0,0.3750823982558726
,,,,,,b,3603.0,0.3954771689104905
,,,,,,b,3604.0,0.2772668444420301
,,,,,,b,3605.0,0.3731362479269831
,,,,,,b,3606.0,0.4005860620763877
,,,,,,b,3607.0,0.3796289802831616
,,,,,,b,3608.0,0.3423577551585568
,,,,,,b,3609.0,0.2525861814846259
,,,,,,b,3610.0,0.3140465385103179
,,,,,,b,3611.0,0.3961894692889069
,,,,,,b,3612.0,0.3026162448299159
,,,,,,b,3613.0,0.3296667933213797
,,,,,,b,3614.0,0.3889677255351973
,,,,,,b,3615.0,0.3567018947744564
,,,,,,b,3616.0,0.3219587969151889
,,,,,,b,3617.0,0.4725860518642077
,,,,,,b,3618.0,0.3738386882332349
,,,,,,b,3619.0,0.295479866941398
,,,,,,b,3620.0,0.434145289413606
,,,,,,b,3621.0,0.4033654805809274
,,,,,,b,3622.0,0.3281339222443598
,,,,,,b,3623.0,0.3084284375169401
,,,,,,b,3624.0,0.339298277433762
,,,,,,b,3625.0,0.3448588754742174
,,,,,,b,3626.0,0.3552974354029361
,,,,,,b,3627.0,0.3733253241351759
,,,,,,b,3628.0,0.3393870820814917
,,,,,,b,3629.0,0.3530947798537034
,,,,,,b,3630.0,0.3075514093723535
,,,,,,b,3631.0,0.324291763154422
,,,,,,b,3632.0,0.3920203635933563
,,,,,,b,3633.0,0.3566037965866919
,,,,,,b,3634.0,0.3802044527605059
,,,,,,b,3635.0,0.3459248034448672
,,,,,,b,3636.0,0.3085401795547291
,,,,,,b,3637.0,0.3300276251350293
,,,,,,b,3638.0,0.2800639289741635
,,,,,,b,3639.0,0.3625785871521119
,,,,,,b,3640.0,0.2809684161192187
,,,,,,b,3641.0,0.2622346905841781
,,,,,,b,3642.0,0.3633695772452596
,,,,,,b,3643.0,0.3310787135283752
,,,,,,b,3644.0,0.325657201778025
,,,,,,b,3645.0,0.320671957834433
,,,,,,b,3646.0,0.3353948525477466
,,,,,,b,3647.0,0.4113378921028521
,,,,,,b,3648.0,0.3514059121615287
,,,,,,b,3649.0,0.3929600556149246
,,,,,,b,3650.0,0.306021508312726
,,,,,,b,3651.0,0.3410076349494884
,,,,,,b,3652.0,0.3171699979936222
,,,,,,b,3653.0,0.3812869664086276
,,,,,,b,3654.0,0.395692946825295
,,,,,,b,3655.0,0.3648915128921848
,,,,,,b,3656.0,0.341673873702661
,,,,,,b,3657.0,0.2930877822118116
,,,,,,b,3658.0,0.378096836388424
,,,,,,b,3659.0,0.3935762679386347
,,,,,,b,3660.0,0.2638716444005582
,,,,,,b,3661.0,0.2985436020528298
,,,,,,b,3662.0,0.2313545661661407
,,,,,,b,3663.0,0.3815547555706553
,,,,,,b,3664.0,0.4080157557057657
,,,,,,b,3665.0,0.3337028673110334
,,,,,,b,3666.0,0.337750328482941
,,,,,,b,3667.0,0.3190721078866407
,,,,,,b,3668.0,0.3229065228156988
,,,,,,b,3669.0,0.4036005296984584
,,,,,,b,3670.0,0.3387208246850886
,,,,,,b,3671.0,0.4496324257472466
,,,,,,b,3672.0,0.3889621547088628
,,,,,,b,3673.0,0.3741193944493441
,,,,,,b,3674.0,0.2979824707588792
,,,,,,b,3675.0,0.3471381511309674
,,,,,,b,3676.0,0.3607291887554713
,,,,,,b,3677.0,0.3873229458202103
,,,,,,b,3678.0,0.3509082805153998
,,,,,,b,3679.0,0.3328961257879599
,,,,,,b,3680.0,0.3709187568730079
,,,,,,b,3681.0,0.361126922989464
,,,,,,b,3682.0,0.3113276094771691
,,,,,,b,3683.0,0.3437333014664259
,,,,,,b,3684.0,0.3680218044200312
,,,,,,b,3685.0,0.3608296314130035
,,,,,,b,3686.0,0.4344388843393836
,,,,,,b,3687.0,0.423634553772124
,,,,,,b,3688.0,0.377701623177558
,,,,,,b,3689.0,0.280046962095311
,,,,,,b,3690.0,0.2781454489655104
,,,,,,b,3691.0,0.3632386353989778
,,,,,,b,3692.0,0.3341823956512568
,,,,,,b,3693.0,0.3785214286243406
,,,,,,b,3694.0,0.2814775446940598
,,,,,,b,3695.0,0.3919468969205257
,,,,,,b,3696.0,0.3013943298039025
,,,,,,b,3697.0,0.3467303982570082
,,,,,,b,3698.0,0.3355784984760359
,,,,,,b,3699.0,0.3784550977364214
,,,,,,b,3700.0,0.3757221057699413
,,,,,,b,3701.0,0.3624366352488724
,,,,,,b,3702.0,0.3855495432251823
,,,,,,b,3703.0,0.4451528738538051
,,,,,,b,3704.0,0.3078906536581485
,,,,,,b,3705.0,0.3494497681375486
,,,,,,b,3706.0,0.363659525443079
,,,,,,b,3707.0,0.3512464049812207
,,,,,,b,3708.0,0.3127714361577318
,,,,,,b,3709.0,0.3847913107764515
,,,,,,b,3710.0,0.360159765909624
,,,,,,b,3711.0,0.3035798815009416
,,,,,,b,3712.0,0.3965041291643194
,,,,,,b,3713.0,0.3769176822964217
,,,,,,b,3714.0,0.4004286718861873
,,,,,,b,3715.0,0.3291384599563183
,,,,,,b,3716.0,0.2824556539159784
,,,,,,b,3717.0,0.3902527714316295
,,,,,,b,3718.0,0.352307456964783
,,,,,,b,3719.0,0.4155373825455832
,,,,,,b,3720.0,0.3643878356568018
,,,,,,b,3721.0,0.4523051768314863
,,,,,,b,3722.0,0.4003084863816277
,,,,,,b,3723.0,0.3801405526944621
,,,,,,b,3724.0,0.3498150281145915
,,,,,,b,3725.0,0.3089661649227535
,,,,,,b,3726.0,0.3586565079791439
,,,,,,b,3727.0,0.3785728407810298
,,,,,,b,3728.0,0.4147337746287993
,,,,,,b,3729.0,0.3447120611678853
,,,,,,b,3730.0,0.3568090525280349
,,,,,,b,3731.0,0.323765052328707
,,,,,,b,3732.0,0.4200658882577706
,,,,,,b,3733.0,0.299272800354577
,,,,,,b,3734.0,0.3545045572473126
,,,,,,b,3735.0,0.3406140004526521
,,,,,,b,3736.0,0.354736523258794
,,,,,,b,3737.0,0.4048604351323766
,,,,,,b,3738.0,0.3035537762136608
,,,,,,b,3739.0,0.3618710097161668
,,,,,,b,3740.0,0.4315823660623237
,,,,,,b,3741.0,0.3226629068574058
,,,,,,b,3742.0,0.4273336101090215
,,,,,,b,3743.0,0.4087876517526667
,,,,,,b,3744.0,0.25870778314999
,,,,,,b,3745.0,0.3710983491081885
,,,,,,b,3746.0,0.3087177624915398
,,,,,,b,3747.0,0.352821327745092
,,,,,,b,3748.0,0.3265427931594393
,,,,,,b,3749.0,0.3519747294324409
,,,,,,b,3750.0,0.3068129121672154
,,,,,,b,3751.0,0.3417862963347318
,,,,,,b,3752.0,0.3330775388574061
,,,,,,b,3753.0,0.3615575162887623
,,,,,,b,3754.0,0.3543196828401855
,,,,,,b,3755.0,0.3767704531040774
,,,,,,b,3756.0,0.3604141397621712
,,,,,,b,3757.0,0.3877171544126572
,,,,,,b,3758.0,0.2994324668483603
,,,,,,b,3759.0,0.3379489897688663
,,,,,,b,3760.0,0.3346755585557011
,,,,,,b,3761.0,0.3338905984335309
,,,,,,b,3762.0,0.3087438339598911
,,,,,,b,3763.0,0.3405986383864015
,,,,,,b,3764.0,0.3803804588167923
,,,,,,b,3765.0,0.306831406774501
,,,,,,b,3766.0,0.3634932633654313
,,,,,,b,3767.0,0.2765631560676098
,,,,,,b,3768.0,0.3489386737481501
,,,,,,b,3769.0,0.3777538778968887
,,,,,,b,3770.0,0.3385478160897217
,,,,,,b,3771.0,0.3567137931702344
,,,,,,b,3772.0,0.4402328093875995
,,,,,,b,3773.0,0.3867461564097767
,,,,,,b,3774.0,0.4133206412273686
,,,,,,b,3775.0,0.3978034021085745
,,,,,,b,3776.0,0.3635368991646626
,,,,,,b,3777.0,0.3528229849710755
,,,,,,b,3778.0,0.3977146319796918
,,,,,,b,3779.0,0.3359435523126541
,,,,,,b,3780.0,0.3408257920382604
,,,,,,b,3781.0,0.3476945032809677
,,,,,,b,3782.0,0.3178009120773342
,,,,,,b,3783.0,0.4077110565916229
,,,,,,b,3784.0,0.3758052874447939
,,,,,,b,3785.0,0.3367536993486424
,,,,,,b,3786.0,0.3444510938398304
,,,,,,b,3787.0,0.4433467760562033
,,,,,,b,3788.0,0.3084633906958922
,,,,,,b,3789.0,0.3423553798400842
,,,,,,b,3790.0,0.3303710968886819
,,,,,,b,3791.0,0.3642385270165245
,,,,,,b,3792.0,0.3770911381092561
,,,,,,b,3793.0,0.3944548676191886
,,,,,,b,3794.0,0.316494655731681
,,,,,,b,3795.0,0.3607220028426905
,,,,,,b,3796.0,0.3782827618883786
,,,,,,b,3797.0,0.4182254187976988
,,,,,,b,3798.0,0.2964688564468725
,,,,,,b,3799.0,0.3335902474106333
,,,,,,b,3800.0,0.4031532707426164
,,,,,,b,3801.0,0.3716116436109877
,,,,,,b,3802.0,0.369247853762789
,,,,,,b,3803.0,0.3846704537958274
,,,,,,b,3804.0,0.3544069246915717
,,,,,,b,3805.0,0.332719595160067
,,,,,,b,3806.0,0.4214507724473084
,,,,,,b,3807.0,0.3842477624302614
,,,,,,b,3808.0,0.3899735604725918
,,,,,,b,3809.0,0.3529379450223477
,,,,,,b,3810.0,0.3282218218883042
,,,,,,b,3811.0,0.3693623650584476
,,,,,,b,3812.0,0.3318929135504707
,,,,,,b,3813.0,0.4172712922313368
,,,,,,b,3814.0,0.3409115362367574
,,,,,,b,3815.0,0.4084952457662054
,,,,,,b,3816.0,0.3024305774204312
,,,,,,b,3817.0,0.3230219311850431
,,,,,,b,3818.0,0.3847193594999507
,,,,,,b,3819.0,0.4242172821079193
,,,,,,b,3820.0,0.3508112368968881
,,,,,,b,3821.0,0.3793520737878983
,,,,,,b,3822.0,0.3928924247362886
,,,,,,b,3823.0,0.3596323127940519
,,,,,,b,3824.0,0.3577864608152454
,,,,,,b,3825.0,0.3308312500594743
,,,,,,b,3826.0,0.4786499268257143
,,,,,,b,3827.0,0.3404565365501595
,,,,,,b,3828.0,0.3661575838095201
,,,,,,b,3829.0,0.3910607152351826
,,,,,,b,3830.0,0.3385555499386923
,,,,,,b,3831.0,0.3642154179006378
,,,,,,b,3832.0,0.3428036344417462
,,,,,,b,3833.0,0.3187030758889513
,,,,,,b,3834.0,0.3748653346855919
,,,,,,b,3835.0,0.3597469308221654
,,,,,,b,3836.0,0.4154610557821132
,,,,,,b,3837.0,0.3863746431788408
,,,,,,b,3838.0,0.4135474327709332
,,,,,,b,3839.0,0.3358406478748366
,,,,,,b,3840.0,0.3609995389508782
,,,,,,b,3841.0,0.2938443859318154
,,,,,,b,3842.0,0.3372136572507749
,,,,,,b,3843.0,0.3574815082254985
,,,,,,b,3844.0,0.3907353746679116
,,,,,,b,3845.0,0.2993474122475783
,,,,,,b,3846.0,0.3675692218125106
,,,,,,b,3847.0,0.3538478997727345
,,,,,,b,3848.0,0.2913314498697397
,,,,,,b,3849.0,0.3320952922167968
,,,,,,b,3850.0,0.3359559892272399
,,,,,,b,3851.0,0.3425502709563259
,,,,,,b,3852.0,0.3281814036217927
,,,,,,b,3853.0,0.3710865957384381
,,,,,,b,3854.0,0.4177895402670444
,,,,,,b,3855.0,0.3992037789824114
,,,,,,b,3856.0,0.3151969981872247
,,,,,,b,3857.0,0.4103638807785286
,,,,,,b,3858.0,0.371605880424886
,,,,,,b,3859.0,0.3012766456801881
,,,,,,b,3860.0,0.3801360863797534
,,,,,,b,3861.0,0.3490081015119508
,,,,,,b,3862.0,0.3752735593178311
,,,,,,b,3863.0,0.4331832002962343
,,,,,,b,3864.0,0.3836261448772804
,,,,,,b,3865.0,0.3520022330455523
,,,,,,b,3866.0,0.3759009078233899
,,,,,,b,3867.0,0.3675294518775658
,,,,,,b,3868.0,0.3733738847161567
,,,,,,b,3869.0,0.331257468270473
,,,,,,b,3870.0,0.3600231865443901
,,,,,,b,3871.0,0.3957248300540628
,,,,,,b,3872.0,0.306504698439956
,,,,,,b,3873.0,0.3401721700485804
,,,,,,b,3874.0,0.3940280776165443
,,,,,,b,3875.0,0.3428981428183149
,,,,,,b,3876.0,0.3348392242397731
,,,,,,b,3877.0,0.3320764799514908
,,,,,,b,3878.0,0.3347990567088996
,,,,,,b,3879.0,0.3475107598501719
,,,,,,b,3880.0,0.3339906464334081
,,,,,,b,3881.0,0.3621556399389654
,,,,,,b,3882.0,0.3831945843932103
,,,,,,b,3883.0,0.3865129531040479
,,,,,,b,3884.0,0.3342989955160513
,,,,,,b,3885.0,0.403149941446105
,,,,,,b,3886.0,0.3055154017026753
,,,,,,b,3887.0,0.3515368444175011
,,,,,,b,3888.0,0.3886959380973094
,,,,,,b,3889.0,0.2966871272229823
,,,,,,b,3890.0,0.3884997319392536
,,,,,,b,3891.0,0.387305034368107
,,,,,,b,3892.0,0.3358381224681728
,,,,,,b,3893.0,0.3523569639945676
,,,,,,b,3894.0,0.4083309860010615
,,,,,,b,3895.0,0.3158150677586779
,,,,,,b,3896.0,0.3436649570340258
,,,,,,b,3897.0,0.3475043856974222
,,,,,,b,3898.0,0.3762889314900586
,,,,,,b,3899.0,0.2874914238443478
,,,,,,b,3900.0,0.3758047555038479
,,,,,,b,3901.0,0.3548294992949605
,,,,,,b,3902.0,0.398988476953789
,,,,,,b,3903.0,0.3175414179542191
,,,,,,b,3904.0,0.3494757723995398
,,,,,,b,3905.0,0.3794362226754284
,,,,,,b,3906.0,0.3486891841697632
,,,,,,b,3907.0,0.3445498903701711
,,,,,,b,3908.0,0.4159595630163042
,,,,,,b,3909.0,0.3411784693760231
,,,,,,b,3910.0,0.3327925318578293
,,,,,,b,3911.0,0.337728356796942
,,,,,,b,3912.0,0.3685089566659307
,,,,,,b,3913.0,0.4084559653255013
,,,,,,b,3914.0,0.310190395702846
,,,,,,b,3915.0,0.3462915284270869
,,,,,,b,3916.0,0.3056339458836321
,,,,,,b,3917.0,0.4000026067453475
,,,,,,b,3918.0,0.334002533242709
,,,,,,b,3919.0,0.3257928314558431
,,,,,,b,3920.0,0.4054972044976539
,,,,,,b,3921.0,0.2954808474742685
,,,,,,b,3922.0,0.3452690583163491
,,,,,,b,3923.0,0.3579622067143782
,,,,,,b,3924.0,0.2959432085614013
,,,,,,b,3925.0,0.3646787740413746
,,,,,,b,3926.0,0.3147306740636906
,,,,,,b,3927.0,0.3647681281223436
,,,,,,b,3928.0,0.3102350864822112
,,,,,,b,3929.0,0.3959544716213932
,,,,,,b,3930.0,0.3186156958355832
,,,,,,b,3931.0,0.3325262051836986
,,,,,,b,3932.0,0.3993193706270705
,,,,,,b,3933.0,0.3581270924873658
,,,,,,b,3934.0,0.3317481389123222
,,,,,,b,3935.0,0.3563238839685447
,,,,,,b,3936.0,0.3179663467888747
,,,,,,b,3937.0,0.3564647678414796
,,,,,,b,3938.0,0.3206303554410437
,,,,,,b,3939.0,0.3507517102090083
,,,,,,b,3940.0,0.39824288401095
,,,,,,b,3941.0,0.4059226685064647
,,,,,,b,3942.0,0.3904112647551274
,,,,,,b,3943.0,0.3509215215061165
,,,,,,b,3944.0,0.3390022428267816
,,,,,,b,3945.0,0.3114459572872152
,,,,,,b,3946.0,0.389613388583268
,,,,,,b,3947.0,0.3287155345193926
,,,,,,b,3948.0,0.3355383252797788
,,,,,,b,3949.0,0.3705363697633359
,,,,,,b,3950.0,0.2881170728112567
,,,,,,b,3951.0,0.4084983494049612
,,,,,,b,3952.0,0.3084687434710518
,,,,,,b,3953.0,0.3619544523520357
,,,,,,b,3954.0,0.3519949375794691
,,,,,,b,3955.0,0.3166716410519523
,,,,,,b,3956.0,0.3017586318664231
,,,,,,b,3957.0,0.3444311028410109
,,,,,,b,3958.0,0.3556447291189113
,,,,,,b,3959.0,0.3123191661258464
,,,,,,b,3960.0,0.3291490177119915
,,,,,,b,3961.0,0.3664758702375215
,,,,,,b,3962.0,0.2900563910821536
,,,,,,b,3963.0,0.3302048137818612
,,,,,,b,3964.0,0.3199843855108604
,,,,,,b,3965.0,0.3554403418276726
,,,,,,b,3966.0,0.353286492836117
,,,,,,b,3967.0,0.3574847823229468
,,,,,,b,3968.0,0.3292392598191034
,,,,,,b,3969.0,0.3588388356278655
,,,,,,b,3970.0,0.3091988874960871
,,,,,,b,3971.0,0.4039684217185137
,,,,,,b,3972.0,0.318928226332746
,,,,,,b,3973.0,0.3140935892042895
,,,,,,b,3974.0,0.3417940056830253
,,,,,,b,3975.0,0.3432839367103328
,,,,,,b,3976.0,0.4203415976203213
,,,,,,b,3977.0,0.3234988999354953
,,,,,,b,3978.0,0.3172287503563527
,,,,,,b,3979.0,0.3809196068925673
,,,,,,b,3980.0,0.4310389398356351
,,,,,,b,3981.0,0.3282632161562095
,,,,,,b,3982.0,0.3938860013180187
,,,,,,b,3983.0,0.3587306216075827
,,,,,,b,3984.0,0.4020289216351442
,,,,,,b,3985.0,0.4137579739798465
,,,,,,b,3986.0,0.3355248454098878
,,,,,,b,3987.0,0.3601091390317261
,,,,,,b,3988.0,0.3557688674174191
,,,,,,b,3989.0,0.3850012734332866
,,,,,,b,3990.0,0.2879777705475472
,,,,,,b,3991.0,0.354227015936428
,,,,,,b,3992.0,0.3639125992212126
,,,,,,b,3993.0,0.4039491760893146
,,,,,,b,3994.0,0.3018692602059212
,,,,,,b,3995.0,0.3671222027004233
,,,,,,b,3996.0,0.3416406245605099
,,,,,,b,3997.0,0.4164954975009669
,,,,,,b,3998.0,0.3677909500649652
,,,,,,b,3999.0,0.3213651541706341
,,,,,,b,4000.0,0.3636228621529094
,,,,,,b,4001.0,0.3894988899051186
,,,,,,b,4002.0,0.3709078218003165
,,,,,,b,4003.0,0.3339544317491807
,,,,,,b,4004.0,0.293843530515927
,,,,,,b,4005.0,0.3631355710018864
,,,,,,b,4006.0,0.3259882233304934
,,,,,,b,4007.0,0.3513322811957291
,,,,,,b,4008.0,0.3124977798251271
,,,,,,b,4009.0,0.3785940301763224
,,,,,,b,4010.0,0.3253342756015986
,,,,,,b,4011.0,0.3973496012557
,,,,,,b,4012.0,0.3535602418223731
,,,,,,b,4013.0,0.3288868498852753
,,,,,,b,4014.0,0.3040301346944525
,,,,,,b,4015.0,0.3143371618965402
,,,,,,b,4016.0,0.368474882788055
,,,,,,b,4017.0,0.4012101394368312
,,,,,,b,4018.0,0.3159676496206445
,,,,,,b,4019.0,0.3499553258344989
,,,,,,b,4020.0,0.3433270262416545
,,,,,,b,4021.0,0.5024862569562685
,,,,,,b,4022.0,0.344755159881168
,,,,,,b,4023.0,0.3015448582522197
,,,,,,b,4024.0,0.3305788051348601
,,,,,,b,4025.0,0.3488909886337445
,,,,,,b,4026.0,0.3575012719187329
,,,,,,b,4027.0,0.4228446696837347
,,,,,,b,4028.0,0.4412694056112114
,,,,,,b,4029.0,0.3684474111531877
,,,,,,b,4030.0,0.3866484765897562
,,,,,,b,4031.0,0.3240347665585856
,,,,,,b,4032.0,0.382773606962115
,,,,,,b,4033.0,0.3513203045932571
,,,,,,b,4034.0,0.3160699867871783
,,,,,,b,4035.0,0.3964709141101949
,,,,,,b,4036.0,0.3636504085566767
,,,,,,b,4037.0,0.3095266369995664
,,,,,,b,4038.0,0.3762397189017257
,,,,,,b,4039.0,0.3037379542440961
,,,,,,b,4040.0,0.3231518563894724
,,,,,,b,4041.0,0.3728072578364076
,,,,,,b,4042.0,0.2933258580432438
,,,,,,b,4043.0,0.3592853005250895
,,,,,,b,4044.0,0.3997286914132387
,,,,,,b,4045.0,0.3704469453790953
,,,,,,b,4046.0,0.3856082621671151
,,,,,,b,4047.0,0.3325325947408943
,,,,,,b,4048.0,0.3500303553023496
,,,,,,b,4049.0,0.3568054567821854
,,,,,,b,4050.0,0.3204667876902709
,,,,,,b,4051.0,0.3974244651640872
,,,,,,b,4052.0,0.3511442490575085
,,,,,,b,4053.0,0.3534587232409034
,,,,,,b,4054.0,0.3584150259387986
,,,,,,b,4055.0,0.4196485086287911
,,,,,,b,4056.0,0.4231449892936529
,,,,,,b,4057.0,0.3479471361280719
,,,,,,b,4058.0,0.4685585959371035
,,,,,,b,4059.0,0.3757845943620443
,,,,,,b,4060.0,0.3693835910041043
,,,,,,b,4061.0,0.3292677065658962
,,,,,,b,4062.0,0.337109777829133
,,,,,,b,4063.0,0.3526897211101896
,,,,,,b,4064.0,0.3453376564406776
,,,,,,b,4065.0,0.3996183182036326
,,,,,,b,4066.0,0.4574039794275539
,,,,,,b,4067.0,0.3262798710413683
,,,,,,b,4068.0,0.2623133117258858
,,,,,,b,4069.0,0.3558178397883207
,,,,,,b,4070.0,0.3825459258051968
,,,,,,b,4071.0,0.311325703559163
,,,,,,b,4072.0,0.3228950164422604
,,,,,,b,4073.0,0.3073215295127411
,,,,,,b,4074.0,0.3172946397082712
,,,,,,b,4075.0,0.3566765905251681
,,,,,,b,4076.0,0.3085677297785945
,,,,,,b,4077.0,0.4249479014530402
,,,,,,b,4078.0,0.4406671761192933
,,,,,,b,4079.0,0.3518694896038745
,,,,,,b,4080.0,0.3033450572825713
,,,,,,b,4081.0,0.2750182883348193
,,,,,,b,4082.0,0.3165438885074714
,,,,,,b,4083.0,0.3036399769929367
,,,,,,b,4084.0,0.3003841503321638
,,,,,,b,4085.0,0.343600300120543
,,,,,,b,4086.0,0.3746803639334937
,,,,,,b,4087.0,0.3008739636250515
,,,,,,b,4088.0,0.3653484182036397
,,,,,,b,4089.0,0.358708932040809
,,,,,,b,4090.0,0.3446340563891223
,,,,,,b,4091.0,0.3461251236857214
,,,,,,b,4092.0,0.316857020765064
,,,,,,b,4093.0,0.3443784442910069
,,,,,,b,4094.0,0.3450235297407675
,,,,,,b,4095.0,0.3494151668499583
,,,,,,b,4096.0,0.3359978612875314
,,,,,,b,4097.0,0.3904306201144409
,,,,,,b,4098.0,0.3233235063659716
,,,,,,b,4099.0,0.3592545234402235
,,,,,,b,4100.0,0.3558395309378346
,,,,,,b,4101.0,0.4377708868390773
,,,,,,b,4102.0,0.2884120259873417
,,,,,,b,4103.0,0.3742081522816511
,,,,,,b,4104.0,0.384528126303064
,,,,,,b,4105.0,0.3291177814527164
,,,,,,b,4106.0,0.3174799630866225
,,,,,,b,4107.0,0.4200067726142666
,,,,,,b,4108.0,0.3001213051411948
,,,,,,b,4109.0,0.3441485668668136
,,,,,,b,4110.0,0.3796049438917457
,,,,,,b,4111.0,0.3295929729672977
,,,,,,b,4112.0,0.4334535630986162
,,,,,,b,4113.0,0.3972851948862153
,,,,,,b,4114.0,0.3088815786486112
,,,,,,b,4115.0,0.3168007166234665
,,,,,,b,4116.0,0.3866214011921158
,,,,,,b,4117.0,0.3899485609969289
,,,,,,b,4118.0,0.3615088258195991
,,,,,,b,4119.0,0.3352087343726628
,,,,,,b,4120.0,0.3227311312936454
,,,,,,b,4121.0,0.3585334948661116
,,,,,,b,4122.0,0.3810890273763636
,,,,,,b,4123.0,0.3339367231932595
,,,,,,b,4124.0,0.3793502743929284
,,,,,,b,4125.0,0.4112417633903824
,,,,,,b,4126.0,0.3743520228680772
,,,,,,b,4127.0,0.2914203196847706
,,,,,,b,4128.0,0.433623446267982
,,,,,,b,4129.0,0.4588944810440498
,,,,,,b,4130.0,0.3323466857388597
,,,,,,b,4131.0,0.2788317644536691
,,,,,,b,4132.0,0.3890847615573585
,,,,,,b,4133.0,0.3568534153277305
,,,,,,b,4134.0,0.3272876211819766
,,,,,,b,4135.0,0.3082372046253914
,,,,,,b,4136.0,0.3738152957437743
,,,,,,b,4137.0,0.301950307638152
,,,,,,b,4138.0,0.3801366013848106
,,,,,,b,4139.0,0.3879683766912771
,,,,,,b,4140.0,0.3354251948177777
,,,,,,b,4141.0,0.3014024031010307
,,,,,,b,4142.0,0.3417783594829853
,,,,,,b,4143.0,0.2836514302345274
,,,,,,b,4144.0,0.3077972961725947
,,,,,,b,4145.0,0.3976470319450196
,,,,,,b,4146.0,0.3786351844727371
,,,,,,b,4147.0,0.3162784308799615
,,,,,,b,4148.0,0.3287342482737534
,,,,,,b,4149.0,0.3107412805568192
,,,,,,b,4150.0,0.3499505653258179
,,,,,,b,4151.0,0.3333842071809809
,,,,,,b,4152.0,0.3533408400329065
,,,,,,b,4153.0,0.3661797854195314
,,,,,,b,4154.0,0.4383901043135187
,,,,,,b,4155.0,0.2973748819112907
,,,,,,b,4156.0,0.3878629989130533
,,,,,,b,4157.0,0.3576271345403858
,,,,,,b,4158.0,0.3415202672612625
,,,,,,b,4159.0,0.2804526707686823
,,,,,,b,4160.0,0.3807549220566231
,,,,,,b,4161.0,0.3292268088843766
,,,,,,b,4162.0,0.3709058718013613
,,,,,,b,4163.0,0.3908728619252843
,,,,,,b,4164.0,0.3614100560051474
,,,,,,b,4165.0,0.3100375871800578
,,,,,,b,4166.0,0.3316295473813038
,,,,,,b,4167.0,0.3434097719278717
,,,,,,b,4168.0,0.3194827757262684
,,,,,,b,4169.0,0.2884860287699227
,,,,,,b,4170.0,0.3281722065394024
,,,,,,b,4171.0,0.4309573311401493
,,,,,,b,4172.0,0.3477273985915587
,,,,,,b,4173.0,0.4172377470386736
,,,,,,b,4174.0,0.3033053563529244
,,,,,,b,4175.0,0.3242860622776846
,,,,,,b,4176.0,0.3177771291241975
,,,,,,b,4177.0,0.3411049722936594
,,,,,,b,4178.0,0.3353584928400495
,,,,,,b,4179.0,0.3155907042484878
,,,,,,b,4180.0,0.3429925078629248
,,,,,,b,4181.0,0.3150260646901981
,,,,,,b,4182.0,0.3773337349421375
,,,,,,b,4183.0,0.4124544454030063
,,,,,,b,4184.0,0.300531739566142
,,,,,,b,4185.0,0.3474837697828579
,,,,,,b,4186.0,0.3801467727802765
,,,,,,b,4187.0,0.3510366607318289
,,,,,,b,4188.0,0.3152678375216768
,,,,,,b,4189.0,0.319444690856435
,,,,,,b,4190.0,0.348874338857994
,,,,,,b,4191.0,0.3768690824946379
,,,,,,b,4192.0,0.3490502352379225
,,,,,,b,4193.0,0.3348119354802987
,,,,,,b,4194.0,0.3728887684604425
,,,,,,b,4195.0,0.3473363625484618
,,,,,,b,4196.0,0.4202852135914479
,,,,,,b,4197.0,0.2818381477366078
,,,,,,b,4198.0,0.4057127383826522
,,,,,,b,4199.0,0.3179881937523001
,,,,,,b,4200.0,0.3395923539665046
,,,,,,b,4201.0,0.3048858128272362
,,,,,,b,4202.0,0.3818875201571741
,,,,,,b,4203.0,0.3031632894335816
,,,,,,b,4204.0,0.4113942382506157
,,,,,,b,4205.0,0.3479343449091105
,,,,,,b,4206.0,0.3101476554203861
,,,,,,b,4207.0,0.409760772229168
,,,,,,b,4208.0,0.3307806509261541
,,,,,,b,4209.0,0.3858186355892083
,,,,,,b,4210.0,0.2570476911971284
,,,,,,b,4211.0,0.3314518735655416
,,,,,,b,4212.0,0.3183838841232829
,,,,,,b,4213.0,0.3244164948299119
,,,,,,b,4214.0,0.3436635381711381
,,,,,,b,4215.0,0.4531872974793023
,,,,,,b,4216.0,0.336341370651267
,,,,,,b,4217.0,0.4774896340501153
,,,,,,b,4218.0,0.3880673169847433
,,,,,,b,4219.0,0.3871155649746001
,,,,,,b,4220.0,0.3071618864241685
,,,,,,b,4221.0,0.2752047965395108
,,,,,,b,4222.0,0.3311613542907401
,,,,,,b,4223.0,0.350601277061318
,,,,,,b,4224.0,0.3158724429031645
,,,,,,b,4225.0,0.4199542920247272
,,,,,,b,4226.0,0.3399601190805823
,,,,,,b,4227.0,0.3075475604644095
,,,,,,b,4228.0,0.3711174166566011
,,,,,,b,4229.0,0.38840030442273
,,,,,,b,4230.0,0.3293358586225405
,,,,,,b,4231.0,0.3345107796211013
,,,,,,b,4232.0,0.3152184832901157
,,,,,,b,4233.0,0.2680765021369886
,,,,,,b,4234.0,0.41516716230712
,,,,,,b,4235.0,0.3507784632599282
,,,,,,b,4236.0,0.2813310137225704
,,,,,,b,4237.0,0.433580659492252
,,,,,,b,4238.0,0.3702364714978419
,,,,,,b,4239.0,0.3819687315750402
,,,,,,b,4240.0,0.3067852090211844
,,,,,,b,4241.0,0.3053211028777687
,,,,,,b,4242.0,0.2977740133173947
,,,,,,b,4243.0,0.3465820562478878
,,,,,,b,4244.0,0.3751542012342312
,,,,,,b,4245.0,0.2726797597442991
,,,,,,b,4246.0,0.2959537930227265
,,,,,,b,4247.0,0.3465035620217009
,,,,,,b,4248.0,0.406890459672566
,,,,,,b,4249.0,0.3342559341051627
,,,,,,b,4250.0,0.2817879658662212
,,,,,,b,4251.0,0.2956690154213421
,,,,,,b,4252.0,0.3509589414362
,,,,,,b,4253.0,0.3729973061702964
,,,,,,b,4254.0,0.4047624013109452
,,,,,,b,4255.0,0.3767013121795353
,,,,,,b,4256.0,0.3095236033826651
,,,,,,b,4257.0,0.3987760011530699
,,,,,,b,4258.0,0.4139959104824084
,,,,,,b,4259.0,0.3628511684882212
,,,,,,b,4260.0,0.3821857014371166
,,,,,,b,4261.0,0.3343871069512709
,,,,,,b,4262.0,0.2785150717655242
,,,,,,b,4263.0,0.3853040870677962
,,,,,,b,4264.0,0.320618582593672
,,,,,,b,4265.0,0.3143140954147063
,,,,,,b,4266.0,0.3706023222765702
,,,,,,b,4267.0,0.3622719907219127
,,,,,,b,4268.0,0.3366015508830751
,,,,,,b,4269.0,0.4590633814143343
,,,,,,b,4270.0,0.3022710133891428
,,,,,,b,4271.0,0.3954432711411262
,,,,,,b,4272.0,0.37486153344841
,,,,,,b,4273.0,0.3346601090937207
,,,,,,b,4274.0,0.3384446914407104
,,,,,,b,4275.0,0.3636232124312912
,,,,,,b,4276.0,0.3243269395514296
,,,,,,b,4277.0,0.3380087673447498
,,,,,,b,4278.0,0.3036779359936785
,,,,,,b,4279.0,0.3396076151545264
,,,,,,b,4280.0,0.4217163195187319
,,,,,,b,4281.0,0.4163547518438033
,,,,,,b,4282.0,0.3316270720181205
,,,,,,b,4283.0,0.3242664092636969
,,,,,,b,4284.0,0.2887126939476019
,,,,,,b,4285.0,0.3640445200544202
,,,,,,b,4286.0,0.4155638835554192
,,,,,,b,4287.0,0.37029908251986
,,,,,,b,4288.0,0.3097355782878077
,,,,,,b,4289.0,0.3617747860771541
,,,,,,b,4290.0,0.3530546424851741
,,,,,,b,4291.0,0.2905297024730497
,,,,,,b,4292.0,0.388968867140373
,,,,,,b,4293.0,0.4214819860846224
,,,,,,b,4294.0,0.3440666490195174
,,,,,,b,4295.0,0.4011447024840153
,,,,,,b,4296.0,0.3128016756308485
,,,,,,b,4297.0,0.3932060991981321
,,,,,,b,4298.0,0.3474695295611765
,,,,,,b,4299.0,0.3060183352453718
,,,,,,b,4300.0,0.3635439511994343
,,,,,,b,4301.0,0.3888440878849706
,,,,,,b,4302.0,0.3377921982513574
,,,,,,b,4303.0,0.3418108468308438
,,,,,,b,4304.0,0.378861867077044
,,,,,,b,4305.0,0.4090848013570065
,,,,,,b,4306.0,0.3127106109376298
,,,,,,b,4307.0,0.3234554208927735
,,,,,,b,4308.0,0.3958055351069252
,,,,,,b,4309.0,0.3850959317188809
,,,,,,b,4310.0,0.3851080227247561
,,,,,,b,4311.0,0.3577699168311157
,,,,,,b,4312.0,0.3799691556143845
,,,,,,b,4313.0,0.3293322837378749
,,,,,,b,4314.0,0.3222707061430672
,,,,,,b,4315.0,0.3802539261293862
,,,,,,b,4316.0,0.312476551002701
,,,,,,b,4317.0,0.3389692365373435
,,,,,,b,4318.0,0.3919707939822063
,,,,,,b,4319.0,0.3713238514022055
,,,,,,b,4320.0,0.3432879467705243
,,,,,,b,4321.0,0.3420698779145548
,,,,,,b,4322.0,0.3860111720383172
,,,,,,b,4323.0,0.3849169339237752
,,,,,,b,4324.0,0.3449620015780463
,,,,,,b,4325.0,0.3281086059903848
,,,,,,b,4326.0,0.3465925927405346
,,,,,,b,4327.0,0.3162205435887166
,,,,,,b,4328.0,0.316986296383706
,,,,,,b,4329.0,0.3644443889898752
,,,,,,b,4330.0,0.3178366745573857
,,,,,,b,4331.0,0.3650339478255908
,,,,,,b,4332.0,0.3796744033789485
,,,,,,b,4333.0,0.3184825653155925
,,,,,,b,4334.0,0.3114750177276706
,,,,,,b,4335.0,0.3695958874244653
,,,,,,b,4336.0,0.3969359242243375
,,,,,,b,4337.0,0.404448368983116
,,,,,,b,4338.0,0.3317143480705304
,,,,,,b,4339.0,0.3885264554006391
,,,,,,b,4340.0,0.4264713253492367
,,,,,,b,4341.0,0.3427594978784931
,,,,,,b,4342.0,0.4152654633741823
,,,,,,b,4343.0,0.3506576618486772
,,,,,,b,4344.0,0.3633065434914808
,,,,,,b,4345.0,0.3372686337593147
,,,,,,b,4346.0,0.3171720076981903
,,,,,,b,4347.0,0.3347551781063762
,,,,,,b,4348.0,0.3205235298131144
,,,,,,b,4349.0,0.3890903263731835
,,,,,,b,4350.0,0.3742741142410404
,,,,,,b,4351.0,0.3576805193759353
,,,,,,b,4352.0,0.3769278094014305
,,,,,,b,4353.0,0.3715626647978469
,,,,,,b,4354.0,0.3374226168391865
,,,,,,b,4355.0,0.3428035017760122
,,,,,,b,4356.0,0.395842416602838
,,,,,,b,4357.0,0.3677523209716256
,,,,,,b,4358.0,0.2837353462128082
,,,,,,b,4359.0,0.3353779425935737
,,,,,,b,4360.0,0.3665315850879378
,,,,,,b,4361.0,0.477615175157192
,,,,,,b,4362.0,0.3938993033908691
,,,,,,b,4363.0,0.4336502454280579
,,,,,,b,4364.0,0.2729493735475259
,,,,,,b,4365.0,0.3104731826237445
,,,,,,b,4366.0,0.371517932286781
,,,,,,b,4367.0,0.3149448211639321
,,,,,,b,4368.0,0.3655301559436612
,,,,,,b,4369.0,0.3037453807613657
,,,,,,b,4370.0,0.3730675577200206
,,,,,,b,4371.0,0.3413489713550168
,,,,,,b,4372.0,0.2817086734545122
,,,,,,b,4373.0,0.4077813940753154
,,,,,,b,4374.0,0.3172925111713116
,,,,,,b,4375.0,0.3438037312223518
,,,,,,b,4376.0,0.3582626340987813
,,,,,,b,4377.0,0.3234988816362296
,,,,,,b,4378.0,0.28212338949937
,,,,,,b,4379.0,0.3343700365676825
,,,,,,b,4380.0,0.3664373331708397
,,,,,,b,4381.0,0.4268133314665827
,,,,,,b,4382.0,0.344610230970479
,,,,,,b,4383.0,0.3901405198630714
,,,,,,b,4384.0,0.4006734203324735
,,,,,,b,4385.0,0.330116130200039
,,,,,,b,4386.0,0.3548314334836133
,,,,,,b,4387.0,0.353647095291127
,,,,,,b,4388.0,0.369370859155631
,,,,,,b,4389.0,0.3297971323752326
,,,,,,b,4390.0,0.3899107026082418
,,,,,,b,4391.0,0.379524097493924
,,,,,,b,4392.0,0.3423266143160735
,,,,,,b,4393.0,0.3459638650527696
,,,,,,b,4394.0,0.3743718400370976
,,,,,,b,4395.0,0.2982410876719648
,,,,,,b,4396.0,0.3141317728515251
,,,,,,b,4397.0,0.3949773075913461
,,,,,,b,4398.0,0.4439198564344022
,,,,,,b,4399.0,0.3700509037431096
,,,,,,b,4400.0,0.3108763077259318
,,,,,,b,4401.0,0.3269181536458423
,,,,,,b,4402.0,0.3245105747178942
,,,,,,b,4403.0,0.3150958679177811
,,,,,,b,4404.0,0.3239366832383412
,,,,,,b,4405.0,0.294291590324188
,,,,,,b,4406.0,0.3489033070255947
,,,,,,b,4407.0,0.3323540500277122
,,,,,,b,4408.0,0.3354267575867755
,,,,,,b,4409.0,0.3325964279573576
,,,,,,b,4410.0,0.3210339072081476
,,,,,,b,4411.0,0.2767596084933346
,,,,,,b,4412.0,0.3134472650178521
,,,,,,b,4413.0,0.3778625685142573
,,,,,,b,4414.0,0.3939369486101949
,,,,,,b,4415.0,0.3605664802907742
,,,,,,b,4416.0,0.379261605457792
,,,,,,b,4417.0,0.3053490931484264
,,,,,,b,4418.0,0.341725923673192
,,,,,,b,4419.0,0.4017015850957128
,,,,,,b,4420.0,0.3462330516319105
,,,,,,b,4421.0,0.4090031351884713
,,,,,,b,4422.0,0.3812306421113138
,,,,,,b,4423.0,0.3264556243782355
,,,,,,b,4424.0,0.3350539874700309
,,,,,,b,4425.0,0.3626751961678218
,,,,,,b,4426.0,0.3847287642817942
,,,,,,b,4427.0,0.3339568978871492
,,,,,,b,4428.0,0.3190710548324338
,,,,,,b,4429.0,0.3643936870901858
,,,,,,b,4430.0,0.2994991159912583
,,,,,,b,4431.0,0.3069158001215255
,,,,,,b,4432.0,0.3247437003385665
,,,,,,b,4433.0,0.3111220857066419
,,,,,,b,4434.0,0.3744990979392391
,,,,,,b,4435.0,0.3915369828552961
,,,,,,b,4436.0,0.3107537131320712
,,,,,,b,4437.0,0.3846450987963647
,,,,,,b,4438.0,0.3293677484009429
,,,,,,b,4439.0,0.3738420708408196
,,,,,,b,4440.0,0.3251948790114674
,,,,,,b,4441.0,0.3645970403849263
,,,,,,b,4442.0,0.4352521140782737
,,,,,,b,4443.0,0.3335985408041981
,,,,,,b,4444.0,0.3342378534627968
,,,,,,b,4445.0,0.2617373466578359
,,,,,,b,4446.0,0.3608216933893362
,,,,,,b,4447.0,0.3574320563497681
,,,,,,b,4448.0,0.3515404971636018
,,,,,,b,4449.0,0.3007476753845708
,,,,,,b,4450.0,0.3816520654841344
,,,,,,b,4451.0,0.328338572263652
,,,,,,b,4452.0,0.3105668331211957
,,,,,,b,4453.0,0.3148599316145999
,,,,,,b,4454.0,0.3357445516806092
,,,,,,b,4455.0,0.375746939009872
,,,,,,b,4456.0,0.3348543303854998
,,,,,,b,4457.0,0.2914832865202301
,,,,,,b,4458.0,0.314474505306427
,,,,,,b,4459.0,0.4252673739887949
,,,,,,b,4460.0,0.3208653624900281
,,,,,,b,4461.0,0.3176260924702552
,,,,,,b,4462.0,0.3207905190730518
,,,,,,b,4463.0,0.3155369917183916
,,,,,,b,4464.0,0.360358560755122
,,,,,,b,4465.0,0.4770299817247192
,,,,,,b,4466.0,0.3362785914348887
,,,,,,b,4467.0,0.3156638510979701
,,,,,,b,4468.0,0.3546272284582437
,,,,,,b,4469.0,0.3045389355688224
,,,,,,b,4470.0,0.3173626251868953
,,,,,,b,4471.0,0.4023400251021867
,,,,,,b,4472.0,0.3418088272782063
,,,,,,b,4473.0,0.3109780598967635
,,,,,,b,4474.0,0.3230355171479844
,,,,,,b,4475.0,0.36294868997927
,,,,,,b,4476.0,0.3222422707826609
,,,,,,b,4477.0,0.3357753058191166
,,,,,,b,4478.0,0.3684705373966985
,,,,,,b,4479.0,0.3318708896827487
,,,,,,b,4480.0,0.3177163061804897
,,,,,,b,4481.0,0.3241816326641422
,,,,,,b,4482.0,0.349837586373777
,,,,,,b,4483.0,0.3667836317055015
,,,,,,b,4484.0,0.4130611014970657
,,,,,,b,4485.0,0.3350419397403645
,,,,,,b,4486.0,0.333999522858309
,,,,,,b,4487.0,0.2914369530897742
,,,,,,b,4488.0,0.2987711020650274
,,,,,,b,4489.0,0.3112672134085037
,,,,,,b,4490.0,0.3473914384748875
,,,,,,b,4491.0,0.3766716513316006
,,,,,,b,4492.0,0.3487383454985631
,,,,,,b,4493.0,0.2932371136351053
,,,,,,b,4494.0,0.3499856004953781
,,,,,,b,4495.0,0.3435552226906053
,,,,,,b,4496.0,0.3707152393782493
,,,,,,b,4497.0,0.351667092370695
,,,,,,b,4498.0,0.3583515236966823
,,,,,,b,4499.0,0.3266440614963803
,,,,,,b,4500.0,0.3104160361175143
,,,,,,b,4501.0,0.3534073908755983
,,,,,,b,4502.0,0.3495017166685774
,,,,,,b,4503.0,0.3522579833027328
,,,,,,b,4504.0,0.3123740223908569
,,,,,,b,4505.0,0.3709713207965577
,,,,,,b,4506.0,0.3653134506312709
,,,,,,b,4507.0,0.4553179257231932
,,,,,,b,4508.0,0.3051833548119367
,,,,,,b,4509.0,0.3403591928580836
,,,,,,b,4510.0,0.3805985991543252
,,,,,,b,4511.0,0.3267848612221713
,,,,,,b,4512.0,0.3202273719731034
,,,,,,b,4513.0,0.3857173848861359
,,,,,,b,4514.0,0.3847213856120159
,,,,,,b,4515.0,0.4141830808844409
,,,,,,b,4516.0,0.3002910906093872
,,,,,,b,4517.0,0.3376120601545165
,,,,,,b,4518.0,0.308679396700104
,,,,,,b,4519.0,0.3388230506917278
,,,,,,b,4520.0,0.3709712466200976
,,,,,,b,4521.0,0.3756960563844518
,,,,,,b,4522.0,0.3144843496018059
,,,,,,b,4523.0,0.3426380408160625
,,,,,,b,4524.0,0.3530115237713911
,,,,,,b,4525.0,0.3120805089226484
,,,,,,b,4526.0,0.3775238523426369
,,,,,,b,4527.0,0.277306296386377
,,,,,,b,4528.0,0.3193975096080983
,,,,,,b,4529.0,0.3216021339186548
,,,,,,b,4530.0,0.3308177396910929
,,,,,,b,4531.0,0.3408342438346441
,,,,,,b,4532.0,0.314006351976674
,,,,,,b,4533.0,0.3899679671411564
,,,,,,b,4534.0,0.3100494966786682
,,,,,,b,4535.0,0.3464753066315302
,,,,,,b,4536.0,0.2935046324546322
,,,,,,b,4537.0,0.3325277283650649
,,,,,,b,4538.0,0.4438560416476571
,,,,,,b,4539.0,0.304666503348113
,,,,,,b,4540.0,0.2867304445171701
,,,,,,b,4541.0,0.344371170548408
,,,,,,b,4542.0,0.3651610930365723
,,,,,,b,4543.0,0.2772365090659479
,,,,,,b,4544.0,0.3801570767792546
,,,,,,b,4545.0,0.3082869592805113
,,,,,,b,4546.0,0.4115116319895162
,,,,,,b,4547.0,0.331076045138134
,,,,,,b,4548.0,0.3007520800668781
,,,,,,b,4549.0,0.3343748174031575
,,,,,,b,4550.0,0.3646545929649973
,,,,,,b,4551.0,0.426735970254974
,,,,,,b,4552.0,0.3374561782541447
,,,,,,b,4553.0,0.371593670913477
,,,,,,b,4554.0,0.3985849017992118
,,,,,,b,4555.0,0.3387780649841176
,,,,,,b,4556.0,0.422167481519768
,,,,,,b,4557.0,0.2893385401505117
,,,,,,b,4558.0,0.3628099022270903
,,,,,,b,4559.0,0.3213449473651897
,,,,,,b,4560.0,0.3734722905203886
,,,,,,b,4561.0,0.3044127181679403
,,,,,,b,4562.0,0.2759914410156776
,,,,,,b,4563.0,0.364419192985423
,,,,,,b,4564.0,0.3348571083718523
,,,,,,b,4565.0,0.3136269262555742
,,,,,,b,4566.0,0.3348182287908758
,,,,,,b,4567.0,0.3471284322735926
,,,,,,b,4568.0,0.4135733174477156
,,,,,,b,4569.0,0.3525583202752949
,,,,,,b,4570.0,0.3630643420912789
,,,,,,b,4571.0,0.327135061448967
,,,,,,b,4572.0,0.3765336071798351
,,,,,,b,4573.0,0.3706299417758529
,,,,,,b,4574.0,0.3708264003883554
,,,,,,b,4575.0,0.3782411586246592
,,,,,,b,4576.0,0.347810289697922
,,,,,,b,4577.0,0.3863371788527385
,,,,,,b,4578.0,0.3131090734058728
,,,,,,b,4579.0,0.3753953456580792
,,,,,,b,4580.0,0.3868015191854179
,,,,,,b,4581.0,0.3173194297263091
,,,,,,b,4582.0,0.34581896445725
,,,,,,b,4583.0,0.4029605317804381
,,,,,,b,4584.0,0.3315690448677211
,,,,,,b,4585.0,0.3804019549525339
,,,,,,b,4586.0,0.3829003295437085
,,,,,,b,4587.0,0.335825639687048
,,,,,,b,4588.0,0.3350741280565485
,,,,,,b,4589.0,0.3530129151835126
,,,,,,b,4590.0,0.3317265368205375
,,,,,,b,4591.0,0.3001936497454336
,,,,,,b,4592.0,0.357953500044375
,,,,,,b,4593.0,0.3640858179371546
,,,,,,b,4594.0,0.3297490922548447
,,,,,,b,4595.0,0.3363129182367608
,,,,,,b,4596.0,0.3379884441099516
,,,,,,b,4597.0,0.3685381471897582
,,,,,,b,4598.0,0.3413316639676846
,,,,,,b,4599.0,0.3926862949517473
,,,,,,b,4600.0,0.3521541720881433
,,,,,,b,4601.0,0.3715224801169685
,,,,,,b,4602.0,0.3994819063239969
,,,,,,b,4603.0,0.3634165126206197
,,,,,,b,4604.0,0.3817034062719795
,,,,,,b,4605.0,0.3560953756445011
,,,,,,b,4606.0,0.3627849804227732
,,,,,,b,4607.0,0.3960918087123239
,,,,,,b,4608.0,0.3636091071031595
,,,,,,b,4609.0,0.3834688503093941
,,,,,,b,4610.0,0.3729664883746952
,,,,,,b,4611.0,0.3985669449179037
,,,,,,b,4612.0,0.2527255735581786
,,,,,,b,4613.0,0.3334267346862805
,,,,,,b,4614.0,0.3437066534756736
,,,,,,b,4615.0,0.2987861751143836
,,,,,,b,4616.0,0.3618576572455545
,,,,,,b,4617.0,0.3349799447808692
,,,,,,b,4618.0,0.3297052357523493
,,,,,,b,4619.0,0.346166598810484
,,,,,,b,4620.0,0.3654555747038608
,,,,,,b,4621.0,0.3792080907012853
,,,,,,b,4622.0,0.3649676765910059
,,,,,,b,4623.0,0.379951353731554
,,,,,,b,4624.0,0.3251624501235937
,,,,,,b,4625.0,0.2899678582655065
,,,,,,b,4626.0,0.3567637926442644
,,,,,,b,4627.0,0.3793455818001585
,,,,,,b,4628.0,0.3290182406743192
,,,,,,b,4629.0,0.3486237878253813
,,,,,,b,4630.0,0.3226059771221714
,,,,,,b,4631.0,0.4294325177082596
,,,,,,b,4632.0,0.3372507032199636
,,,,,,b,4633.0,0.3393890284316456
,,,,,,b,4634.0,0.307796985074023
,,,,,,b,4635.0,0.4443788240075763
,,,,,,b,4636.0,0.3481138628676437
,,,,,,b,4637.0,0.3360862329507772
,,,,,,b,4638.0,0.3756771564619554
,,,,,,b,4639.0,0.3112486174710218
,,,,,,b,4640.0,0.3373236937238975
,,,,,,b,4641.0,0.31520039227824
,,,,,,b,4642.0,0.3043625697998449
,,,,,,b,4643.0,0.3062878841770233
,,,,,,b,4644.0,0.3340269252328447
,,,,,,b,4645.0,0.3467603552931768
,,,,,,b,4646.0,0.339333740041309
,,,,,,b,4647.0,0.3137512452752666
,,,,,,b,4648.0,0.3193197016456524
,,,,,,b,4649.0,0.3494881405896355
,,,,,,b,4650.0,0.323678527717635
,,,,,,b,4651.0,0.3557557804642872
,,,,,,b,4652.0,0.3101833283338124
,,,,,,b,4653.0,0.343939163376552
,,,,,,b,4654.0,0.327670362706467
,,,,,,b,4655.0,0.3287951954755161
,,,,,,b,4656.0,0.3001436307944334
,,,,,,b,4657.0,0.4357051561219189
,,,,,,b,4658.0,0.2965301173471912
,,,,,,b,4659.0,0.3645399972008754
,,,,,,b,4660.0,0.3615804532981488
,,,,,,b,4661.0,0.3687880188648953
,,,,,,b,4662.0,0.2990372828154042
,,,,,,b,4663.0,0.4282925509368853
,,,,,,b,4664.0,0.3435808515151382
,,,,,,b,4665.0,0.3743343618340109
,,,,,,b,4666.0,0.4171758225725668
,,,,,,b,4667.0,0.4016283948097583
,,,,,,b,4668.0,0.3769829607409134
,,,,,,b,4669.0,0.3664908642250726
,,,,,,b,4670.0,0.3038920058720467
,,,,,,b,4671.0,0.2849665447613474
,,,,,,b,4672.0,0.379944593730221
,,,,,,b,4673.0,0.3628857229117099
,,,,,,b,4674.0,0.4769614305095153
,,,,,,b,4675.0,0.3485502045408442
,,,,,,b,4676.0,0.2959582671549268
,,,,,,b,4677.0,0.3272197502934877
,,,,,,b,4678.0,0.3372254347474839
,,,,,,b,4679.0,0.3864592889828429
,,,,,,b,4680.0,0.3987189387800889
,,,,,,b,4681.0,0.3526825157829778
,,,,,,b,4682.0,0.3763556808754691
,,,,,,b,4683.0,0.3667917700287733
,,,,,,b,4684.0,0.334484557289759
,,,,,,b,4685.0,0.2977598587059988
,,,,,,b,4686.0,0.3984196983897732
,,,,,,b,4687.0,0.3565980160490167
,,,,,,b,4688.0,0.3217822599931295
,,,,,,b,4689.0,0.4055422668487769
,,,,,,b,4690.0,0.3131685179804893
,,,,,,b,4691.0,0.3577514990548947
,,,,,,b,4692.0,0.4184006516681831
,,,,,,b,4693.0,0.2676982813601758
,,,,,,b,4694.0,0.385977699080775
,,,,,,b,4695.0,0.2848157464560867
,,,,,,b,4696.0,0.3999375183162237
,,,,,,b,4697.0,0.2920809546464098
,,,,,,b,4698.0,0.3671189905773229
,,,,,,b,4699.0,0.3714770887544887
,,,,,,b,4700.0,0.3555229275502207
,,,,,,b,4701.0,0.2984174522371132
,,,,,,b,4702.0,0.3222477908656547
,,,,,,b,4703.0,0.3743096961249077
,,,,,,b,4704.0,0.3501281802405143
,,,,,,b,4705.0,0.3517275535100901
,,,,,,b,4706.0,0.3753877633253561
,,,,,,b,4707.0,0.4024062447787941
,,,,,,b,4708.0,0.2785231620004924
,,,,,,b,4709.0,0.2945468168100578
,,,,,,b,4710.0,0.3641964091861873
,,,,,,b,4711.0,0.324059412824921
,,,,,,b,4712.0,0.3643420600012224
,,,,,,b,4713.0,0.35874634683594
,,,,,,b,4714.0,0.3233155928175613
,,,,,,b,4715.0,0.4236273353084439
,,,,,,b,4716.0,0.3580799439883479
,,,,,,b,4717.0,0.3922189815073618
,,,,,,b,4718.0,0.3529925469931285
,,,,,,b,4719.0,0.2736325249596829
,,,,,,b,4720.0,0.3142599570561568
,,,,,,b,4721.0,0.2741590853596163
,,,,,,b,4722.0,0.3471357557558581
,,,,,,b,4723.0,0.2651805134232563
,,,,,,b,4724.0,0.3208070042747701
,,,,,,b,4725.0,0.2877514366273863
,,,,,,b,4726.0,0.3384253180207759
,,,,,,b,4727.0,0.2879844210544835
,,,,,,b,4728.0,0.3510663637267206
,,,,,,b,4729.0,0.3751891540269372
,,,,,,b,4730.0,0.4131582308026482
,,,,,,b,4731.0,0.411788816385608
,,,,,,b,4732.0,0.3256976741070869
,,,,,,b,4733.0,0.372935672812563
,,,,,,b,4734.0,0.3955496454335536
,,,,,,b,4735.0,0.2824748087952486
,,,,,,b,4736.0,0.335764642725378
,,,,,,b,4737.0,0.3535766565408731
,,,,,,b,4738.0,0.3918611525337465
,,,,,,b,4739.0,0.4289654403239287
,,,,,,b,4740.0,0.352160768105981
,,,,,,b,4741.0,0.3294135042762622
,,,,,,b,4742.0,0.3169518821111441
,,,,,,b,4743.0,0.3490146289597597
,,,,,,b,4744.0,0.3552089387726349
,,,,,,b,4745.0,0.3214064634367801
,,,,,,b,4746.0,0.3085032670010714
,,,,,,b,4747.0,0.2980603359989358
,,,,,,b,4748.0,0.3998695143634383
,,,,,,b,4749.0,0.3657051905770094
,,,,,,b,4750.0,0.3164417155063805
,,,,,,b,4751.0,0.34286103729666
,,,,,,b,4752.0,0.3492022626850604
,,,,,,b,4753.0,0.3457411663350687
,,,,,,b,4754.0,0.3745087081308953
,,,,,,b,4755.0,0.3376494286259643
,,,,,,b,4756.0,0.3142885399591075
,,,,,,b,4757.0,0.3376215869927814
,,,,,,b,4758.0,0.3127753414569536
,,,,,,b,4759.0,0.3528496450764282
,,,,,,b,4760.0,0.3636492179134101
,,,,,,b,4761.0,0.3096280896217078
,,,,,,b,4762.0,0.3701210860856276
,,,,,,b,4763.0,0.3666943122140988
,,,,,,b,4764.0,0.3245645051525376
,,,,,,b,4765.0,0.2847064995175135
,,,,,,b,4766.0,0.3107794973612439
,,,,,,b,4767.0,0.3401952268306401
,,,,,,b,4768.0,0.4319623774447385
,,,,,,b,4769.0,0.2909004757303428
,,,,,,b,4770.0,0.3677829329331761
,,,,,,b,4771.0,0.333906955842254
,,,,,,b,4772.0,0.3360509541671588
,,,,,,b,4773.0,0.3259501910893778
,,,,,,b,4774.0,0.3931033145543949
,,,,,,b,4775.0,0.3798494646096073
,,,,,,b,4776.0,0.3353199432110427
,,,,,,b,4777.0,0.3496242013451964
,,,,,,b,4778.0,0.3682857570171225
,,,,,,b,4779.0,0.3817236266310262
,,,,,,b,4780.0,0.4391433473751194
,,,,,,b,4781.0,0.3277546607298256
,,,,,,b,4782.0,0.3746995265844899
,,,,,,b,4783.0,0.3794083652608915
,,,,,,b,4784.0,0.3435938425526958
,,,,,,b,4785.0,0.2910495373979938
,,,,,,b,4786.0,0.3208140827263088
,,,,,,b,4787.0,0.397488450995537
,,,,,,b,4788.0,0.4023571821504599
,,,,,,b,4789.0,0.3244246467909235
,,,,,,b,4790.0,0.3096772337563016
,,,,,,b,4791.0,0.3572419449652244
,,,,,,b,4792.0,0.3700242239916274
,,,,,,b,4793.0,0.3450858401919032
,,,,,,b,4794.0,0.2761027122733996
,,,,,,b,4795.0,0.3764784610835927
,,,,,,b,4796.0,0.3108262943824287
,,,,,,b,4797.0,0.3689869717404654
,,,,,,b,4798.0,0.3843741689847482
,,,,,,b,4799.0,0.2959434140122359
,,,,,,b,4800.0,0.4188181306670868
,,,,,,b,4801.0,0.4006279981221685
,,,,,,b,4802.0,0.3329485797480909
,,,,,,b,4803.0,0.3390148530368719
,,,,,,b,4804.0,0.331934886309857
,,,,,,b,4805.0,0.3606986846457567
,,,,,,b,4806.0,0.3368505410413198
,,,,,,b,4807.0,0.4160313225677421
,,,,,,b,4808.0,0.3554808189220066
,,,,,,b,4809.0,0.3009723520975611
,,,,,,b,4810.0,0.3486085416525322
,,,,,,b,4811.0,0.3815389735881327
,,,,,,b,4812.0,0.3423419867018391
,,,,,,b,4813.0,0.392678191740055
,,,,,,b,4814.0,0.3405591722498502
,,,,,,b,4815.0,0.4022518449515888
,,,,,,b,4816.0,0.3613677233640482
,,,,,,b,4817.0,0.3544072032378356
,,,,,,b,4818.0,0.3042080152175779
,,,,,,b,4819.0,0.4366927002196901
,,,,,,b,4820.0,0.3156943801414393
,,,,,,b,4821.0,0.46650335417231
,,,,,,b,4822.0,0.3407036051119823
,,,,,,b,4823.0,0.329939124266069
,,,,,,b,4824.0,0.3349601957249759
,,,,,,b,4825.0,0.3524588631350331
,,,,,,b,4826.0,0.3861098869761261
,,,,,,b,4827.0,0.3855169583963826
,,,,,,b,4828.0,0.3501294360554903
,,,,,,b,4829.0,0.399621798231494
,,,,,,b,4830.0,0.3367690511506387
,,,,,,b,4831.0,0.3967703913224367
,,,,,,b,4832.0,0.3385661283851737
,,,,,,b,4833.0,0.303823550711495
,,,,,,b,4834.0,0.341108360178004
,,,,,,b,4835.0,0.3082749098788522
,,,,,,b,4836.0,0.3493239462458382
,,,,,,b,4837.0,0.3404013550028626
,,,,,,b,4838.0,0.3326950192853282
,,,,,,b,4839.0,0.3738501866712287
,,,,,,b,4840.0,0.3527550673788679
,,,,,,b,4841.0,0.3792219727074437
,,,,,,b,4842.0,0.3836835480823346
,,,,,,b,4843.0,0.3858843656212576
,,,,,,b,4844.0,0.309310121560352
,,,,,,b,4845.0,0.3442881906598671
,,,,,,b,4846.0,0.4144828484733929
,,,,,,b,4847.0,0.3750600932161205
,,,,,,b,4848.0,0.2967705580656723
,,,,,,b,4849.0,0.3325565854582484
,,,,,,b,4850.0,0.3375705764507728
,,,,,,b,4851.0,0.3074922205576689
,,,,,,b,4852.0,0.3776372719330494
,,,,,,b,4853.0,0.4175406030723514
,,,,,,b,4854.0,0.4422772553302856
,,,,,,b,4855.0,0.4407813505497087
,,,,,,b,4856.0,0.2937288344445909
,,,,,,b,4857.0,0.3643956698326236
,,,,,,b,4858.0,0.3229731087442222
,,,,,,b,4859.0,0.3867352000792849
,,,,,,b,4860.0,0.4223879860647006
,,,,,,b,4861.0,0.3410319683549132
,,,,,,b,4862.0,0.3730079102914492
,,,,,,b,4863.0,0.3829576328642607
,,,,,,b,4864.0,0.3113111857465802
,,,,,,b,4865.0,0.4019919263570277
,,,,,,b,4866.0,0.3225544494851768
,,,,,,b,4867.0,0.3035343539637982
,,,,,,b,4868.0,0.314971836694383
,,,,,,b,4869.0,0.3653457748079609
,,,,,,b,4870.0,0.3060894544414343
,,,,,,b,4871.0,0.270555400317384
,,,,,,b,4872.0,0.3740454278248859
,,,,,,b,4873.0,0.3621002537099875
,,,,,,b,4874.0,0.3186670462933625
,,,,,,b,4875.0,0.4018463874832871
,,,,,,b,4876.0,0.3440560093848508
,,,,,,b,4877.0,0.4075198454372701
,,,,,,b,4878.0,0.3436135362020773
,,,,,,b,4879.0,0.3477450035126233
,,,,,,b,4880.0,0.3339186623020369
,,,,,,b,4881.0,0.3943382219432463
,,,,,,b,4882.0,0.2916669434837322
,,,,,,b,4883.0,0.3094851508234337
,,,,,,b,4884.0,0.3017310868106229
,,,,,,b,4885.0,0.3246877725295354
,,,,,,b,4886.0,0.4378263821787045
,,,,,,b,4887.0,0.3435070791600481
,,,,,,b,4888.0,0.371281736893351
,,,,,,b,4889.0,0.3530770417607889
,,,,,,b,4890.0,0.3192802885393186
,,,,,,b,4891.0,0.2895275281389584
,,,,,,b,4892.0,0.3681133406832617
,,,,,,b,4893.0,0.3417985618227965
,,,,,,b,4894.0,0.3683090224875527
,,,,,,b,4895.0,0.4025129580779318
,,,,,,b,4896.0,0.3474385652807501
,,,,,,b,4897.0,0.3554488799387703
,,,,,,b,4898.0,0.3346890620077256
,,,,,,b,4899.0,0.3434311528943703
,,,,,,b,4900.0,0.339250177743394
,,,,,,b,4901.0,0.3683104439285514
,,,,,,b,4902.0,0.3419514022651535
,,,,,,b,4903.0,0.3794541294190496
,,,,,,b,4904.0,0.324013570114646
,,,,,,b,4905.0,0.3077728157227222
,,,,,,b,4906.0,0.3228700638692268
,,,,,,b,4907.0,0.4107236579146813
,,,,,,b,4908.0,0.390840083862733
,,,,,,b,4909.0,0.3630329050151313
,,,,,,b,4910.0,0.3147096630741623
,,,,,,b,4911.0,0.3752014955612903
,,,,,,b,4912.0,0.3351872700691167
,,,,,,b,4913.0,0.4537966804044537
,,,,,,b,4914.0,0.3171547955270481
,,,,,,b,4915.0,0.318941992498551
,,,,,,b,4916.0,0.4372011645682612
,,,,,,b,4917.0,0.3753439316481985
,,,,,,b,4918.0,0.3399954414490134
,,,,,,b,4919.0,0.3396859454292107
,,,,,,b,4920.0,0.4202350933126766
,,,,,,b,4921.0,0.3788448726572917
,,,,,,b,4922.0,0.3853209728737834
,,,,,,b,4923.0,0.3251492816230708
,,,,,,b,4924.0,0.4047200614645838
,,,,,,b,4925.0,0.3407970701056757
,,,,,,b,4926.0,0.3348369884069857
,,,,,,b,4927.0,0.3503535926691645
,,,,,,b,4928.0,0.3071269939440055
,,,,,,b,4929.0,0.3877295559963838
,,,,,,b,4930.0,0.3157840598053245
,,,,,,b,4931.0,0.3024726998906497
,,,,,,b,4932.0,0.3192167883825014
,,,,,,b,4933.0,0.3570653468205309
,,,,,,b,4934.0,0.2901696667473086
,,,,,,b,4935.0,0.2685158938145133
,,,,,,b,4936.0,0.2963177280991109
,,,,,,b,4937.0,0.3830074176716085
,,,,,,b,4938.0,0.3151348641215747
,,,,,,b,4939.0,0.4028157038772888
,,,,,,b,4940.0,0.3534654508712456
,,,,,,b,4941.0,0.3316388899771962
,,,,,,b,4942.0,0.3286042898637031
,,,,,,b,4943.0,0.3555663467970609
,,,,,,b,4944.0,0.3472734217652062
,,,,,,b,4945.0,0.3712955069682699
,,,,,,b,4946.0,0.3689926733248678
,,,,,,b,4947.0,0.4333995203621903
,,,,,,b,4948.0,0.3562598796466591
,,,,,,b,4949.0,0.3209940524668933
,,,,,,b,4950.0,0.4216203362801392
,,,,,,b,4951.0,0.3729633932247651
,,,,,,b,4952.0,0.3818986191052795
,,,,,,b,4953.0,0.4246231301817502
,,,,,,b,4954.0,0.3266060770445453
,,,,,,b,4955.0,0.360227120228846
,,,,,,b,4956.0,0.3027829149547045
,,,,,,b,4957.0,0.338855940730407
,,,,,,b,4958.0,0.3595108903789246
,,,,,,b,4959.0,0.3993747304613952
,,,,,,b,4960.0,0.3187716405287935
,,,,,,b,4961.0,0.391148763452029
,,,,,,b,4962.0,0.2990172793647292
,,,,,,b,4963.0,0.2762448406630469
,,,,,,b,4964.0,0.3713652242525258
,,,,,,b,4965.0,0.2889542553052555
,,,,,,b,4966.0,0.4378585646973585
,,,,,,b,4967.0,0.4468156998832988
,,,,,,b,4968.0,0.3676088343802504
,,,,,,b,4969.0,0.3367666420890955
,,,,,,b,4970.0,0.3294244068220449
,,,,,,b,4971.0,0.3452219987294551
,,,,,,b,4972.0,0.3865065847579783
,,,,,,b,4973.0,0.322734197126727
,,,,,,b,4974.0,0.3883170927269361
,,,,,,b,4975.0,0.365952026537125
,,,,,,b,4976.0,0.3440157316226697
,,,,,,b,4977.0,0.3615329823823496
,,,,,,b,4978.0,0.3308620992549418
,,,,,,b,4979.0,0.3056224126441496
,,,,,,b,4980.0,0.346474895275533
,,,,,,b,4981.0,0.3029047450520554
,,,,,,b,4982.0,0.3608884775216281
,,,,,,b,4983.0,0.3028872942024616
,,,,,,b,4984.0,0.3593597267012125
,,,,,,b,4985.0,0.3349244226491765
,,,,,,b,4986.0,0.3011290102101069
,,,,,,b,4987.0,0.3673846119726809
,,,,,,b,4988.0,0.3627560366411435
,,,,,,b,4989.0,0.3453964818704613
,,,,,,b,4990.0,0.4754298405152202
,,,,,,b,4991.0,0.3622317277088838
,,,,,,b,4992.0,0.3252158043782716
,,,,,,b,4993.0,0.3528357796222141
,,,,,,b,4994.0,0.3086296472794525
,,,,,,b,4995.0,0.4379262439455322
,,,,,,b,4996.0,0.2980643056462013
,,,,,,b,4997.0,0.3132851465360358
,,,,,,b,4998.0,0.3173137830337049
,,,,,,b,4999.0,0.3468091837970166
,,,,,,b,5000.0,0.3814281539325495
,,,,,,b,5001.0,0.3087390000434173
,,,,,,b,5002.0,0.3178129158350637
,,,,,,b,5003.0,0.4222198044144405
,,,,,,b,5004.0,0.3091765103420827
,,,,,,b,5005.0,0.3618973038040134
,,,,,,b,5006.0,0.3132061209315986
,,,,,,b,5007.0,0.3552132540349677
,,,,,,b,5008.0,0.3559598548692735
,,,,,,b,5009.0,0.3846599424959036
,,,,,,b,5010.0,0.3294064800042044
,,,,,,b,5011.0,0.2989459394687386
,,,,,,b,5012.0,0.3461929214776797
,,,,,,b,5013.0,0.4061299414958217
,,,,,,b,5014.0,0.3526432231482017
,,,,,,b,5015.0,0.2831601048119201
,,,,,,b,5016.0,0.3291866178079208
,,,,,,b,5017.0,0.3286041787339759
,,,,,,b,5018.0,0.3624379669681064
,,,,,,b,5019.0,0.3344989269334464
,,,,,,b,5020.0,0.3500415809353958
,,,,,,b,5021.0,0.3455069477072512
,,,,,,b,5022.0,0.3947459752791671
,,,,,,b,5023.0,0.3621310959470247
,,,,,,b,5024.0,0.3228129450985681
,,,,,,b,5025.0,0.4012125567150364
,,,,,,b,5026.0,0.3403468144603998
,,,,,,b,5027.0,0.3901443371633792
,,,,,,b,5028.0,0.3219705873037388
,,,,,,b,5029.0,0.3566287510384489
,,,,,,b,5030.0,0.3534566474686382
,,,,,,b,5031.0,0.3242447733142279
,,,,,,b,5032.0,0.3482077595292798
,,,,,,b,5033.0,0.3316771684918147
,,,,,,b,5034.0,0.3669929457402756
,,,,,,b,5035.0,0.3311418873100979
,,,,,,b,5036.0,0.381002479520641
,,,,,,b,5037.0,0.3489848803316584
,,,,,,b,5038.0,0.3576065135922688
,,,,,,b,5039.0,0.3681865635543451
,,,,,,b,5040.0,0.3273017710586314
,,,,,,b,5041.0,0.3580407323269106
,,,,,,b,5042.0,0.3582659247718633
,,,,,,b,5043.0,0.4861371966883405
,,,,,,b,5044.0,0.3260717657931251
,,,,,,b,5045.0,0.2919039414102635
,,,,,,b,5046.0,0.4376980329576052
,,,,,,b,5047.0,0.3186500041176132
,,,,,,b,5048.0,0.3982785252947169
,,,,,,b,5049.0,0.3047827255631961
,,,,,,b,5050.0,0.3083058149156557
,,,,,,b,5051.0,0.3473850759427108
,,,,,,b,5052.0,0.3606269867017913
,,,,,,b,5053.0,0.3477467323130789
,,,,,,b,5054.0,0.4083065083875907
,,,,,,b,5055.0,0.4302236208152674
,,,,,,b,5056.0,0.3831477842485564
,,,,,,b,5057.0,0.3408969020539545
,,,,,,b,5058.0,0.323282872816887
,,,,,,b,5059.0,0.3481463541585703
,,,,,,b,5060.0,0.3937319097248104
,,,,,,b,5061.0,0.3797554096183093
,,,,,,b,5062.0,0.284776039982801
,,,,,,b,5063.0,0.3694592501634601
,,,,,,b,5064.0,0.3343987379774158
,,,,,,b,5065.0,0.3873359950422341
,,,,,,b,5066.0,0.3931195274528796
,,,,,,b,5067.0,0.3210596277081277
,,,,,,b,5068.0,0.3173135980348358
,,,,,,b,5069.0,0.4079015882334929
,,,,,,b,5070.0,0.3534140212066394
,,,,,,b,5071.0,0.3496021858267388
,,,,,,b,5072.0,0.3686625596176092
,,,,,,b,5073.0,0.364017203461084
,,,,,,b,5074.0,0.4078625494090238
,,,,,,b,5075.0,0.3693732378126229
,,,,,,b,5076.0,0.3499968576901007
,,,,,,b,5077.0,0.3635123250442351
,,,,,,b,5078.0,0.3958294341520707
,,,,,,b,5079.0,0.4493448994755882
,,,,,,b,5080.0,0.3363949192737285
,,,,,,b,5081.0,0.3046381078066447
,,,,,,b,5082.0,0.2881011558386244
,,,,,,b,5083.0,0.4071582620845033
,,,,,,b,5084.0,0.4182311595544274
,,,,,,b,5085.0,0.3309383783605231
,,,,,,b,5086.0,0.3188723970067562
,,,,,,b,5087.0,0.3734862755241472
,,,,,,b,5088.0,0.3574740311442066
,,,,,,b,5089.0,0.3862337078719515
,,,,,,b,5090.0,0.3423280862246836
,,,,,,b,5091.0,0.2777535144518315
,,,,,,b,5092.0,0.3650363516616286
,,,,,,b,5093.0,0.300701323491205
,,,,,,b,5094.0,0.381298639470693
,,,,,,b,5095.0,0.4178204594617316
,,,,,,b,5096.0,0.3090799017976833
,,,,,,b,5097.0,0.3062792878749198
,,,,,,b,5098.0,0.3771802629779088
,,,,,,b,5099.0,0.4018291710987181
,,,,,,b,5100.0,0.381280177776329
,,,,,,b,5101.0,0.335172189299068
,,,,,,b,5102.0,0.3135247215517349
,,,,,,b,5103.0,0.3472123377780978
,,,,,,b,5104.0,0.3367652463359905
,,,,,,b,5105.0,0.3539145509129522
,,,,,,b,5106.0,0.3132773114601996
,,,,,,b,5107.0,0.3394972255097661
,,,,,,b,5108.0,0.3124511270018169
,,,,,,b,5109.0,0.3142665034174547
,,,,,,b,5110.0,0.3495244420967527
,,,,,,b,5111.0,0.3346516331582085
,,,,,,b,5112.0,0.3106188770304907
,,,,,,b,5113.0,0.3656490404718218
,,,,,,b,5114.0,0.41401084524936
,,,,,,b,5115.0,0.3636323675636479
,,,,,,b,5116.0,0.3466600185428992
,,,,,,b,5117.0,0.3111066643751994
,,,,,,b,5118.0,0.3744833134892187
,,,,,,b,5119.0,0.3099363625767579
,,,,,,b,5120.0,0.3384148283255648
,,,,,,b,5121.0,0.326995129682635
,,,,,,b,5122.0,0.3598391606846585
,,,,,,b,5123.0,0.3717234115065913
,,,,,,b,5124.0,0.362347525837702
,,,,,,b,5125.0,0.3769193314056811
,,,,,,b,5126.0,0.3454316881325248
,,,,,,b,5127.0,0.3437718904688065
,,,,,,b,5128.0,0.3803118482724845
,,,,,,b,5129.0,0.4415403764734309
,,,,,,b,5130.0,0.3834847407658781
,,,,,,b,5131.0,0.4143496709767231
,,,,,,b,5132.0,0.4183201609074181
,,,,,,b,5133.0,0.3321803196481863
,,,,,,b,5134.0,0.2763789572066031
,,,,,,b,5135.0,0.4082207954724222
,,,,,,b,5136.0,0.3426174029657014
,,,,,,b,5137.0,0.3584073656099966
,,,,,,b,5138.0,0.333407201754484
,,,,,,b,5139.0,0.3656930276454941
,,,,,,b,5140.0,0.334949640205489
,,,,,,b,5141.0,0.2894689413345941
,,,,,,b,5142.0,0.3074096596319711
,,,,,,b,5143.0,0.3417175151390372
,,,,,,b,5144.0,0.3854104740140811
,,,,,,b,5145.0,0.3738088926698206
,,,,,,b,5146.0,0.3544198768676319
,,,,,,b,5147.0,0.3459011785719244
,,,,,,b,5148.0,0.3925615389160963
,,,,,,b,5149.0,0.3227344389434994
,,,,,,b,5150.0,0.3853441187108863
,,,,,,b,5151.0,0.3155537250834244
,,,,,,b,5152.0,0.3011765225473146
,,,,,,b,5153.0,0.314967862336069
,,,,,,b,5154.0,0.2745430865438116
,,,,,,b,5155.0,0.4141724747880042
,,,,,,b,5156.0,0.4350057448912827
,,,,,,b,5157.0,0.3059666433495698
,,,,,,b,5158.0,0.3461220369286701
,,,,,,b,5159.0,0.33417033540419
,,,,,,b,5160.0,0.3424308113669472
,,,,,,b,5161.0,0.3456578483368004
,,,,,,b,5162.0,0.373211196568477
,,,,,,b,5163.0,0.3179067144213952
,,,,,,b,5164.0,0.3527170310357288
,,,,,,b,5165.0,0.3907497652542999
,,,,,,b,5166.0,0.309862057792563
,,,,,,b,5167.0,0.4798480614613165
,,,,,,b,5168.0,0.3295606852028587
,,,,,,b,5169.0,0.3597323342517393
,,,,,,b,5170.0,0.2921486672224493
,,,,,,b,5171.0,0.3537081872221637
,,,,,,b,5172.0,0.3961936974391364
,,,,,,b,5173.0,0.3194486363389153
,,,,,,b,5174.0,0.3199750779491639
,,,,,,b,5175.0,0.3473042548312111
,,,,,,b,5176.0,0.3799686442288634
,,,,,,b,5177.0,0.350679504263133
,,,,,,b,5178.0,0.3162934759593572
,,,,,,b,5179.0,0.3976323652208324
,,,,,,b,5180.0,0.3506493129287165
,,,,,,b,5181.0,0.2835236269269714
,,,,,,b,5182.0,0.36891507128388
,,,,,,b,5183.0,0.3540228675440433
,,,,,,b,5184.0,0.3362362321795729
,,,,,,b,5185.0,0.4118328772690605
,,,,,,b,5186.0,0.3134995929860977
,,,,,,b,5187.0,0.2960998997976931
,,,,,,b,5188.0,0.3430815285120503
,,,,,,b,5189.0,0.4177854444907622
,,,,,,b,5190.0,0.3035265856604616
,,,,,,b,5191.0,0.3547205769276282
,,,,,,b,5192.0,0.3565362666835341
,,,,,,b,5193.0,0.3707469503922422
,,,,,,b,5194.0,0.3125047182357257
,,,,,,b,5195.0,0.3571188580456357
,,,,,,b,5196.0,0.3477694944929492
,,,,,,b,5197.0,0.3705195491163375
,,,,,,b,5198.0,0.3397228755894304
,,,,,,b,5199.0,0.3326169534710956
,,,,,,b,5200.0,0.2653290122478031
,,,,,,b,5201.0,0.3670433294823114
,,,,,,b,5202.0,0.3353600850484075
,,,,,,b,5203.0,0.3592497643354075
,,,,,,b,5204.0,0.3162088854119358
,,,,,,b,5205.0,0.3491273357873701
,,,,,,b,5206.0,0.420995422329689
,,,,,,b,5207.0,0.3809620820594031
,,,,,,b,5208.0,0.3204942046322179
,,,,,,b,5209.0,0.3266170247652087
,,,,,,b,5210.0,0.3312575608586345
,,,,,,b,5211.0,0.347127451927073
,,,,,,b,5212.0,0.3486082089854485
,,,,,,b,5213.0,0.2948161595319711
,,,,,,b,5214.0,0.3508167102660589
,,,,,,b,5215.0,0.3696215862859247
,,,,,,b,5216.0,0.339541706512207
,,,,,,b,5217.0,0.3763242367323602
,,,,,,b,5218.0,0.3788016305745794
,,,,,,b,5219.0,0.355322880855121
,,,,,,b,5220.0,0.3418164304034041
,,,,,,b,5221.0,0.3807922826585681
,,,,,,b,5222.0,0.3312221541785045
,,,,,,b,5223.0,0.3833555918353308
,,,,,,b,5224.0,0.4065312982552282
,,,,,,b,5225.0,0.3693645097044262
,,,,,,b,5226.0,0.373090713620563
,,,,,,b,5227.0,0.3171204939340013
,,,,,,b,5228.0,0.3362678977954849
,,,,,,b,5229.0,0.3809521689762558
,,,,,,b,5230.0,0.3253619584438709
,,,,,,b,5231.0,0.3023131687562554
,,,,,,b,5232.0,0.3519872420861896
,,,,,,b,5233.0,0.3822159427958604
,,,,,,b,5234.0,0.3224781127043954
,,,,,,b,5235.0,0.3042765402323706
,,,,,,b,5236.0,0.3079534008285134
,,,,,,b,5237.0,0.341509680854537
,,,,,,b,5238.0,0.2537119279196229
,,,,,,b,5239.0,0.3520794576566168
,,,,,,b,5240.0,0.3898361834116635
,,,,,,b,5241.0,0.3758187438427516
,,,,,,b,5242.0,0.3450678513673155
,,,,,,b,5243.0,0.2975569166633662
,,,,,,b,5244.0,0.4091035167474999
,,,,,,b,5245.0,0.3048738535524768
,,,,,,b,5246.0,0.4155727930374921
,,,,,,b,5247.0,0.3553929510110531
,,,,,,b,5248.0,0.3609495535120688
,,,,,,b,5249.0,0.3538286316635108
,,,,,,b,5250.0,0.374092204995482
,,,,,,b,5251.0,0.457452654268573
,,,,,,b,5252.0,0.3483476377116532
,,,,,,b,5253.0,0.3522674790867253
,,,,,,b,5254.0,0.3436026850421534
,,,,,,b,5255.0,0.3950080667484497
,,,,,,b,5256.0,0.3655165456003946
,,,,,,b,5257.0,0.4207510650824155
,,,,,,b,5258.0,0.3618531761680481
,,,,,,b,5259.0,0.340727219202098
,,,,,,b,5260.0,0.3369701924026906
,,,,,,b,5261.0,0.3456352773133013
,,,,,,b,5262.0,0.3371438102115385
,,,,,,b,5263.0,0.4134858184661487
,,,,,,b,5264.0,0.3511468631822185
,,,,,,b,5265.0,0.3577578579308009
,,,,,,b,5266.0,0.3656341645081911
,,,,,,b,5267.0,0.3765371454687689
,,,,,,b,5268.0,0.3280472098050602
,,,,,,b,5269.0,0.3223322474582861
,,,,,,b,5270.0,0.3929137367915123
,,,,,,b,5271.0,0.3658469748082877
,,,,,,b,5272.0,0.3204665639790391
,,,,,,b,5273.0,0.3404782688989174
,,,,,,b,5274.0,0.3394789350526368
,,,,,,b,5275.0,0.3241155358428202
,,,,,,b,5276.0,0.2901921270474314
,,,,,,b,5277.0,0.3605681400491249
,,,,,,b,5278.0,0.3583599784098674
,,,,,,b,5279.0,0.2644887589903848
,,,,,,b,5280.0,0.3171053320110477
,,,,,,b,5281.0,0.3231730108606081
,,,,,,b,5282.0,0.3547592249941225
,,,,,,b,5283.0,0.2636860930166422
,,,,,,b,5284.0,0.3717640139605915
,,,,,,b,5285.0,0.3301056832412881
,,,,,,b,5286.0,0.3502671694626054
,,,,,,b,5287.0,0.3312820545859236
,,,,,,b,5288.0,0.3334504735533485
,,,,,,b,5289.0,0.2827770401922493
,,,,,,b,5290.0,0.4116641941149703
,,,,,,b,5291.0,0.3480639712563587
,,,,,,b,5292.0,0.3476109834428338
,,,,,,b,5293.0,0.3452245231436301
,,,,,,b,5294.0,0.3429573501968912
,,,,,,b,5295.0,0.3090710937283076
,,,,,,b,5296.0,0.366022114671571
,,,,,,b,5297.0,0.2966884145761672
,,,,,,b,5298.0,0.3253523175076678
,,,,,,b,5299.0,0.3617531272999499
,,,,,,b,5300.0,0.3918676606990807
,,,,,,b,5301.0,0.4137363279259363
,,,,,,b,5302.0,0.36486289420789
,,,,,,b,5303.0,0.3951565055476651
,,,,,,b,5304.0,0.3212796713401569
,,,,,,b,5305.0,0.3425376963044284
,,,,,,b,5306.0,0.2883368210383037
,,,,,,b,5307.0,0.2689992162398749
,,,,,,b,5308.0,0.3032460889065911
,,,,,,b,5309.0,0.390035070787619
,,,,,,b,5310.0,0.3338943728998726
,,,,,,b,5311.0,0.362860213253878
,,,,,,b,5312.0,0.3707079472608678
,,,,,,b,5313.0,0.3643692154072901
,,,,,,b,5314.0,0.3775275496520054
,,,,,,b,5315.0,0.3422257993422986
,,,,,,b,5316.0,0.3178789645172877
,,,,,,b,5317.0,0.3371644269735077
,,,,,,b,5318.0,0.3475145877336065
,,,,,,b,5319.0,0.2745669551379448
,,,,,,b,5320.0,0.3518124987582678
,,,,,,b,5321.0,0.3701628624884736
,,,,,,b,5322.0,0.305138801041251
,,,,,,b,5323.0,0.374684068140064
,,,,,,b,5324.0,0.320814103480044
,,,,,,b,5325.0,0.3572995596942503
,,,,,,b,5326.0,0.3309986672007441
,,,,,,b,5327.0,0.356146395372233
,,,,,,b,5328.0,0.3777874239348247
,,,,,,b,5329.0,0.3819632818241629
,,,,,,b,5330.0,0.2884010818408935
,,,,,,b,5331.0,0.3459753162388383
,,,,,,b,5332.0,0.3846488180866583
,,,,,,b,5333.0,0.3304173879416425
,,,,,,b,5334.0,0.3485828144699865
,,,,,,b,5335.0,0.4327190756965438
,,,,,,b,5336.0,0.3030517542969417
,,,,,,b,5337.0,0.3432731653793692
,,,,,,b,5338.0,0.3747535556834278
,,,,,,b,5339.0,0.3036778290831607
,,,,,,b,5340.0,0.3833064479731822
,,,,,,b,5341.0,0.3022960573881983
,,,,,,b,5342.0,0.3025348574147135
,,,,,,b,5343.0,0.3109402226018347
,,,,,,b,5344.0,0.3610449151033061
,,,,,,b,5345.0,0.3725710210303359
,,,,,,b,5346.0,0.3512756873586751
,,,,,,b,5347.0,0.316339800297535
,,,,,,b,5348.0,0.3235156278296056
,,,,,,b,5349.0,0.3404697970706221
,,,,,,b,5350.0,0.3507904123622705
,,,,,,b,5351.0,0.4257012359940866
,,,,,,b,5352.0,0.2835360306108661
,,,,,,b,5353.0,0.3668597082468636
,,,,,,b,5354.0,0.3864834065905054
,,,,,,b,5355.0,0.3810973699326618
,,,,,,b,5356.0,0.3944181175047072
,,,,,,b,5357.0,0.3148412497905322
,,,,,,b,5358.0,0.3685335400431997
,,,,,,b,5359.0,0.3060332098729925
,,,,,,b,5360.0,0.3756877921575801
,,,,,,b,5361.0,0.3212936783121103
,,,,,,b,5362.0,0.3123144894513956
,,,,,,b,5363.0,0.3564476615696583
,,,,,,b,5364.0,0.3407694989280205
,,,,,,b,5365.0,0.3446969663362806
,,,,,,b,5366.0,0.3953334835504343
,,,,,,b,5367.0,0.4416610557043827
,,,,,,b,5368.0,0.430141648966476
,,,,,,b,5369.0,0.3647400670710756
,,,,,,b,5370.0,0.311542128190676
,,,,,,b,5371.0,0.3931031603015191
,,,,,,b,5372.0,0.4392635200293289
,,,,,,b,5373.0,0.4088787711249231
,,,,,,b,5374.0,0.3687304498399051
,,,,,,b,5375.0,0.3234313742130155
,,,,,,b,5376.0,0.3269598553651449
,,,,,,b,5377.0,0.3209282517172278
,,,,,,b,5378.0,0.3575439295312534
,,,,,,b,5379.0,0.3363992525202204
,,,,,,b,5380.0,0.4048752614792263
,,,,,,b,5381.0,0.3469325328269397
,,,,,,b,5382.0,0.3615956716433333
,,,,,,b,5383.0,0.3271408766866832
,,,,,,b,5384.0,0.3441181854531914
,,,,,,b,5385.0,0.4186471104070874
,,,,,,b,5386.0,0.3564533942598555
,,,,,,b,5387.0,0.3505284735501455
,,,,,,b,5388.0,0.4137164660099133
,,,,,,b,5389.0,0.3612696290331825
,,,,,,b,5390.0,0.350113261821388
,,,,,,b,5391.0,0.3872434981808816
,,,,,,b,5392.0,0.3541648550611933
,,,,,,b,5393.0,0.4125379021641908
,,,,,,b,5394.0,0.3857786241862042
,,,,,,b,5395.0,0.3859677476749277
,,,,,,b,5396.0,0.3982499550092688
,,,,,,b,5397.0,0.3896698433700876
,,,,,,b,5398.0,0.3683717061852705
,,,,,,b,5399.0,0.3633513188653969
,,,,,,b,5400.0,0.3182078605651326
,,,,,,b,5401.0,0.3271157130308872
,,,,,,b,5402.0,0.4533312431990635
,,,,,,b,5403.0,0.3641980715271677
,,,,,,b,5404.0,0.3563592117764735
,,,,,,b,5405.0,0.3483882251953014
,,,,,,b,5406.0,0.3446264086252384
,,,,,,b,5407.0,0.3681078631184622
,,,,,,b,5408.0,0.3336707701310191
,,,,,,b,5409.0,0.3642481263272392
,,,,,,b,5410.0,0.4407550105509537
,,,,,,b,5411.0,0.3519588808374041
,,,,,,b,5412.0,0.3741531963199582
,,,,,,b,5413.0,0.3432637791772039
,,,,,,b,5414.0,0.3185526619981562
,,,,,,b,5415.0,0.3665288843299077
,,,,,,b,5416.0,0.3327478848907383
,,,,,,b,5417.0,0.4027438659236684
,,,,,,b,5418.0,0.3731500979918811
,,,,,,b,5419.0,0.2931841726133455
,,,,,,b,5420.0,0.4037600096541816
,,,,,,b,5421.0,0.3346162551352165
,,,,,,b,5422.0,0.2743260358505237
,,,,,,b,5423.0,0.3382675652259661
,,,,,,b,5424.0,0.3924345562206546
,,,,,,b,5425.0,0.4486095441002926
,,,,,,b,5426.0,0.3242394711549408
,,,,,,b,5427.0,0.3462462093079921
,,,,,,b,5428.0,0.2756783637281819
,,,,,,b,5429.0,0.3890563526841704
,,,,,,b,5430.0,0.3519239863786363
,,,,,,b,5431.0,0.3504804041755602
,,,,,,b,5432.0,0.3698860121691769
,,,,,,b,5433.0,0.3336542078697864
,,,,,,b,5434.0,0.3591654302145586
,,,,,,b,5435.0,0.3254852883803383
,,,,,,b,5436.0,0.3335518506025909
,,,,,,b,5437.0,0.3436262849866414
,,,,,,b,5438.0,0.3533604103279031
,,,,,,b,5439.0,0.3618400579871856
,,,,,,b,5440.0,0.4190279254442255
,,,,,,b,5441.0,0.3857246852348788
,,,,,,b,5442.0,0.3348600026534183
,,,,,,b,5443.0,0.3172815678196548
,,,,,,b,5444.0,0.3311945425892721
,,,,,,b,5445.0,0.3473618612542628
,,,,,,b,5446.0,0.3079469410076219
,,,,,,b,5447.0,0.3601043363954539
,,,,,,b,5448.0,0.287952103571774
,,,,,,b,5449.0,0.391712343388801
,,,,,,b,5450.0,0.3131160024747554
,,,,,,b,5451.0,0.3442404381402255
,,,,,,b,5452.0,0.2967305734087979
,,,,,,b,5453.0,0.402478005883327
,,,,,,b,5454.0,0.3247434016211179
,,,,,,b,5455.0,0.2831560796071311
,,,,,,b,5456.0,0.3820704852081515
,,,,,,b,5457.0,0.3071907560479676
,,,,,,b,5458.0,0.3264893636087858
,,,,,,b,5459.0,0.3305979236237442
,,,,,,b,5460.0,0.3245482241092876
,,,,,,b,5461.0,0.4369286060823065
,,,,,,b,5462.0,0.3950056692140484
,,,,,,b,5463.0,0.3036846823650534
,,,,,,b,5464.0,0.3649152486174762
,,,,,,b,5465.0,0.3437793342726145
,,,,,,b,5466.0,0.3615694844277208
,,,,,,b,5467.0,0.4181189355627643
,,,,,,b,5468.0,0.3404158243228528
,,,,,,b,5469.0,0.3642487937950789
,,,,,,b,5470.0,0.3940044111522307
,,,,,,b,5471.0,0.3386611448809447
,,,,,,b,5472.0,0.3559617909961896
,,,,,,b,5473.0,0.4201567821456313
,,,,,,b,5474.0,0.4002340972299758
,,,,,,b,5475.0,0.2931257561711735
,,,,,,b,5476.0,0.302679511567534
,,,,,,b,5477.0,0.3378337212974509
,,,,,,b,5478.0,0.4078211199428381
,,,,,,b,5479.0,0.3466209247799634
,,,,,,b,5480.0,0.3748857683110418
,,,,,,b,5481.0,0.3391700649321687
,,,,,,b,5482.0,0.3482252210550549
,,,,,,b,5483.0,0.373445738277613
,,,,,,b,5484.0,0.3499173897585965
,,,,,,b,5485.0,0.3321013975171882
,,,,,,b,5486.0,0.3485640169276705
,,,,,,b,5487.0,0.3304019115582521
,,,,,,b,5488.0,0.3414973438559143
,,,,,,b,5489.0,0.3518298858089683
,,,,,,b,5490.0,0.3277036334736714
,,,,,,b,5491.0,0.4081007404875088
,,,,,,b,5492.0,0.3533024399232869
,,,,,,b,5493.0,0.3698528764815734
,,,,,,b,5494.0,0.3696450076872182
,,,,,,b,5495.0,0.3493099171122571
,,,,,,b,5496.0,0.4014664473789304
,,,,,,b,5497.0,0.347188441518361
,,,,,,b,5498.0,0.3646306301917872
,,,,,,b,5499.0,0.3651870384685853
,,,,,,b,5500.0,0.3855620634839765
,,,,,,b,5501.0,0.3536012052622546
,,,,,,b,5502.0,0.3436860682481404
,,,,,,b,5503.0,0.3224511865864246
,,,,,,b,5504.0,0.4381900047559277
,,,,,,b,5505.0,0.3755363414073063
,,,,,,b,5506.0,0.3168513160216966
,,,,,,b,5507.0,0.3598796637207
,,,,,,b,5508.0,0.3414226673465306
,,,,,,b,5509.0,0.3776538679947165
,,,,,,b,5510.0,0.3201436519957825
,,,,,,b,5511.0,0.3156759908094715
,,,,,,b,5512.0,0.3115329329969412
,,,,,,b,5513.0,0.3318788878869534
,,,,,,b,5514.0,0.3144345615550565
,,,,,,b,5515.0,0.3315062947579839
,,,,,,b,5516.0,0.4147267166817716
,,,,,,b,5517.0,0.3721368953680013
,,,,,,b,5518.0,0.382074672885297
,,,,,,b,5519.0,0.3670495320651765
,,,,,,b,5520.0,0.3355757890436148
,,,,,,b,5521.0,0.3691183872178736
,,,,,,b,5522.0,0.4391758226843034
,,,,,,b,5523.0,0.3165077164360612
,,,,,,b,5524.0,0.2938577364069541
,,,,,,b,5525.0,0.3595786115158752
,,,,,,b,5526.0,0.3661441243593093
,,,,,,b,5527.0,0.5106548495178052
,,,,,,b,5528.0,0.3937453820076633
,,,,,,b,5529.0,0.473874366255032
,,,,,,b,5530.0,0.3927142070258442
,,,,,,b,5531.0,0.3185162134213244
,,,,,,b,5532.0,0.3778553079387592
,,,,,,b,5533.0,0.3399060907638755
,,,,,,b,5534.0,0.3482554415796279
,,,,,,b,5535.0,0.3703073681172628
,,,,,,b,5536.0,0.3394318248673107
,,,,,,b,5537.0,0.3384786592528743
,,,,,,b,5538.0,0.3244239918417864
,,,,,,b,5539.0,0.3487853589678638
,,,,,,b,5540.0,0.3734924681743252
,,,,,,b,5541.0,0.3962953865738288
,,,,,,b,5542.0,0.2714770595135301
,,,,,,b,5543.0,0.3437664507810094
,,,,,,b,5544.0,0.3658450251840301
,,,,,,b,5545.0,0.3304484661809903
,,,,,,b,5546.0,0.3454632429268911
,,,,,,b,5547.0,0.4010525423850311
,,,,,,b,5548.0,0.3053658218109603
,,,,,,b,5549.0,0.3200929575711377
,,,,,,b,5550.0,0.3081903950166724
,,,,,,b,5551.0,0.2861367146701088
,,,,,,b,5552.0,0.3255230680746122
,,,,,,b,5553.0,0.3928271897123463
,,,,,,b,5554.0,0.3596287125992079
,,,,,,b,5555.0,0.3829905914839067
,,,,,,b,5556.0,0.3067104796215458
,,,,,,b,5557.0,0.3259872862409967
,,,,,,b,5558.0,0.3897841867092189
,,,,,,b,5559.0,0.2656996322454299
,,,,,,b,5560.0,0.3291488337751911
,,,,,,b,5561.0,0.307062659372344
,,,,,,b,5562.0,0.4206691156409845
,,,,,,b,5563.0,0.3284531869685207
,,,,,,b,5564.0,0.4165066632097018
,,,,,,b,5565.0,0.3354334170207322
,,,,,,b,5566.0,0.3076406389717614
,,,,,,b,5567.0,0.3375474623082075
,,,,,,b,5568.0,0.3301041329464844
,,,,,,b,5569.0,0.3403822765863102
,,,,,,b,5570.0,0.295667465576106
,,,,,,b,5571.0,0.3640190314490716
,,,,,,b,5572.0,0.3093274101019272
,,,,,,b,5573.0,0.374620001564828
,,,,,,b,5574.0,0.3701185038240293
,,,,,,b,5575.0,0.4318350323167426
,,,,,,b,5576.0,0.337089291708363
,,,,,,b,5577.0,0.379663003385553
,,,,,,b,5578.0,0.3271857325261513
,,,,,,b,5579.0,0.3350432831671859
,,,,,,b,5580.0,0.3387689615971663
,,,,,,b,5581.0,0.3551907085649914
,,,,,,b,5582.0,0.3496908382038528
,,,,,,b,5583.0,0.3633524588456911
,,,,,,b,5584.0,0.3459205572474548
,,,,,,b,5585.0,0.3296221929437433
,,,,,,b,5586.0,0.3135125429756749
,,,,,,b,5587.0,0.3627569640544332
,,,,,,b,5588.0,0.3374808282336676
,,,,,,b,5589.0,0.3473421946184936
,,,,,,b,5590.0,0.3259640561510339
,,,,,,b,5591.0,0.3930913041714201
,,,,,,b,5592.0,0.3724406322646501
,,,,,,b,5593.0,0.4129448885189672
,,,,,,b,5594.0,0.4166835024981616
,,,,,,b,5595.0,0.2953722390333864
,,,,,,b,5596.0,0.3498902324749
,,,,,,b,5597.0,0.3988821964780205
,,,,,,b,5598.0,0.3940081187503566
,,,,,,b,5599.0,0.3033327707310453
,,,,,,b,5600.0,0.3271792407812404
,,,,,,b,5601.0,0.3553314539006025
,,,,,,b,5602.0,0.3185541523013251
,,,,,,b,5603.0,0.363250583589862
,,,,,,b,5604.0,0.3069350186843644
,,,,,,b,5605.0,0.3068264488944345
,,,,,,b,5606.0,0.4183091041488684
,,,,,,b,5607.0,0.3769274705534648
,,,,,,b,5608.0,0.3861821450034317
,,,,,,b,5609.0,0.3429485979297197
,,,,,,b,5610.0,0.3043283179794742
,,,,,,b,5611.0,0.3653780334299519
,,,,,,b,5612.0,0.4161395263807215
,,,,,,b,5613.0,0.366067225264028
,,,,,,b,5614.0,0.3329796537797627
,,,,,,b,5615.0,0.3608195965058014
,,,,,,b,5616.0,0.2987981283255352
,,,,,,b,5617.0,0.3124850940261856
,,,,,,b,5618.0,0.3370322935437331
,,,,,,b,5619.0,0.3833222368417095
,,,,,,b,5620.0,0.3306843873836573
,,,,,,b,5621.0,0.3379163185778804
,,,,,,b,5622.0,0.3762905526856772
,,,,,,b,5623.0,0.2957682109716009
,,,,,,b,5624.0,0.4583252673481555
,,,,,,b,5625.0,0.3642090521977135
,,,,,,b,5626.0,0.3181128723890314
,,,,,,b,5627.0,0.3527401887347245
,,,,,,b,5628.0,0.342509375947222
,,,,,,b,5629.0,0.3164828147094978
,,,,,,b,5630.0,0.3374715393169043
,,,,,,b,5631.0,0.2837594535805654
,,,,,,b,5632.0,0.3732138769832378
,,,,,,b,5633.0,0.4053507515198928
,,,,,,b,5634.0,0.3325887959453983
,,,,,,b,5635.0,0.3000522716776097
,,,,,,b,5636.0,0.3216569151781807
,,,,,,b,5637.0,0.4349741784557057
,,,,,,b,5638.0,0.4077932619275097
,,,,,,b,5639.0,0.3199849207905196
,,,,,,b,5640.0,0.2867645481560088
,,,,,,b,5641.0,0.3804553625839073
,,,,,,b,5642.0,0.4046253660557664
,,,,,,b,5643.0,0.3664374049729786
,,,,,,b,5644.0,0.4413241371197673
,,,,,,b,5645.0,0.3039474875317847
,,,,,,b,5646.0,0.3610375139624744
,,,,,,b,5647.0,0.3208842145056865
,,,,,,b,5648.0,0.3155808912375759
,,,,,,b,5649.0,0.3398977058119556
,,,,,,b,5650.0,0.3844247880093361
,,,,,,b,5651.0,0.3373345386589048
,,,,,,b,5652.0,0.4100627321780696
,,,,,,b,5653.0,0.359379312335562
,,,,,,b,5654.0,0.3342260677138946
,,,,,,b,5655.0,0.4023447462067393
,,,,,,b,5656.0,0.3546270403046945
,,,,,,b,5657.0,0.3462718816014623
,,,,,,b,5658.0,0.3400185204199495
,,,,,,b,5659.0,0.327494387315725
,,,,,,b,5660.0,0.3409413940280879
,,,,,,b,5661.0,0.358543579633285
,,,,,,b,5662.0,0.343117970610908
,,,,,,b,5663.0,0.4388792144374376
,,,,,,b,5664.0,0.325705771333701
,,,,,,b,5665.0,0.3322317542129815
,,,,,,b,5666.0,0.3225326815795761
,,,,,,b,5667.0,0.3541358321965528
,,,,,,b,5668.0,0.3541701573364357
,,,,,,b,5669.0,0.3210173922436468
,,,,,,b,5670.0,0.3105095053788025
,,,,,,b,5671.0,0.3145861588460663
,,,,,,b,5672.0,0.4133143775335064
,,,,,,b,5673.0,0.3099430519039114
,,,,,,b,5674.0,0.3934228463550804
,,,,,,b,5675.0,0.3596250863986676
,,,,,,b,5676.0,0.3457837290760839
,,,,,,b,5677.0,0.372318358250995
,,,,,,b,5678.0,0.3651731626444903
,,,,,,b,5679.0,0.3074161064512455
,,,,,,b,5680.0,0.2916093852691634
,,,,,,b,5681.0,0.3144457548213806
,,,,,,b,5682.0,0.3613927681490065
,,,,,,b,5683.0,0.4714505428944031
,,,,,,b,5684.0,0.3765126742834206
,,,,,,b,5685.0,0.3410258970783717
,,,,,,b,5686.0,0.4223471848328666
,,,,,,b,5687.0,0.3399150010359522
,,,,,,b,5688.0,0.3264903640726944
,,,,,,b,5689.0,0.3483901469836081
,,,,,,b,5690.0,0.3177753686123274
,,,,,,b,5691.0,0.3678421465821397
,,,,,,b,5692.0,0.3825805150295833
,,,,,,b,5693.0,0.356259658974754
,,,,,,b,5694.0,0.3224438718005147
,,,,,,b,5695.0,0.3794083289729828
,,,,,,b,5696.0,0.2866139848965829
,,,,,,b,5697.0,0.3716296612357399
,,,,,,b,5698.0,0.4091661700652453
,,,,,,b,5699.0,0.4009118840012622
,,,,,,b,5700.0,0.3616815227736705
,,,,,,b,5701.0,0.3884126294258045
,,,,,,b,5702.0,0.3330759206532767
,,,,,,b,5703.0,0.3387693123630915
,,,,,,b,5704.0,0.3501317407095001
,,,,,,b,5705.0,0.3828827592115345
,,,,,,b,5706.0,0.3711119860038705
,,,,,,b,5707.0,0.3221484221886155
,,,,,,b,5708.0,0.3728762025841683
,,,,,,b,5709.0,0.3273371116196841
,,,,,,b,5710.0,0.3466954271427021
,,,,,,b,5711.0,0.3452866273145538
,,,,,,b,5712.0,0.3416422484607553
,,,,,,b,5713.0,0.3731440748351877
,,,,,,b,5714.0,0.3415860765824599
,,,,,,b,5715.0,0.3685670347406669
,,,,,,b,5716.0,0.3632896002696699
,,,,,,b,5717.0,0.3198303305486929
,,,,,,b,5718.0,0.406825553174424
,,,,,,b,5719.0,0.3903744140789236
,,,,,,b,5720.0,0.3046683273856385
,,,,,,b,5721.0,0.311366202422644
,,,,,,b,5722.0,0.4227543973091281
,,,,,,b,5723.0,0.3238650202590585
,,,,,,b,5724.0,0.4032460886940363
,,,,,,b,5725.0,0.3551377408115828
,,,,,,b,5726.0,0.3675805844128428
,,,,,,b,5727.0,0.3221614501667194
,,,,,,b,5728.0,0.369858746175649
,,,,,,b,5729.0,0.315219553714436
,,,,,,b,5730.0,0.3930068873386307
,,,,,,b,5731.0,0.3448548070758952
,,,,,,b,5732.0,0.3385968289218359
,,,,,,b,5733.0,0.4174380830291797
,,,,,,b,5734.0,0.373533802007
,,,,,,b,5735.0,0.3569254447791197
,,,,,,b,5736.0,0.3453182445164664
,,,,,,b,5737.0,0.3298101792640868
,,,,,,b,5738.0,0.3629904047610202
,,,,,,b,5739.0,0.3268605173382033
,,,,,,b,5740.0,0.3885550836085212
,,,,,,b,5741.0,0.3537108671652
,,,,,,b,5742.0,0.3558028166647897
,,,,,,b,5743.0,0.3370923985214329
,,,,,,b,5744.0,0.4259689349264426
,,,,,,b,5745.0,0.313381810442523
,,,,,,b,5746.0,0.4002382550794721
,,,,,,b,5747.0,0.3189508073762197
,,,,,,b,5748.0,0.3308051058154566
,,,,,,b,5749.0,0.3260398149362111
,,,,,,b,5750.0,0.3279844897321982
,,,,,,b,5751.0,0.3205735153159592
,,,,,,b,5752.0,0.3572618378410039
,,,,,,b,5753.0,0.3611682367729254
,,,,,,b,5754.0,0.3904065312542428
,,,,,,b,5755.0,0.3450810585180726
,,,,,,b,5756.0,0.3367055001027497
,,,,,,b,5757.0,0.3990987711745428
,,,,,,b,5758.0,0.2911565224524715
,,,,,,b,5759.0,0.3408700560341096
,,,,,,b,5760.0,0.3579508003237519
,,,,,,b,5761.0,0.3662725250447733
,,,,,,b,5762.0,0.4068018080315623
,,,,,,b,5763.0,0.3390902641694886
,,,,,,b,5764.0,0.3410212103230825
,,,,,,b,5765.0,0.3522801443602894
,,,,,,b,5766.0,0.3662539630387793
,,,,,,b,5767.0,0.2711285672218588
,,,,,,b,5768.0,0.3882007423531464
,,,,,,b,5769.0,0.2619527151608629
,,,,,,b,5770.0,0.3298394430728337
,,,,,,b,5771.0,0.333022607262996
,,,,,,b,5772.0,0.3014391862176673
,,,,,,b,5773.0,0.3292443036890251
,,,,,,b,5774.0,0.3642839259294264
,,,,,,b,5775.0,0.3892436977583209
,,,,,,b,5776.0,0.3965487114242059
,,,,,,b,5777.0,0.3597205253254176
,,,,,,b,5778.0,0.3528253888439474
,,,,,,b,5779.0,0.3574345069829325
,,,,,,b,5780.0,0.3223266069545896
,,,,,,b,5781.0,0.3290581617098729
,,,,,,b,5782.0,0.4225118370757479
,,,,,,b,5783.0,0.3827531400640214
,,,,,,b,5784.0,0.3098884683481135
,,,,,,b,5785.0,0.383841496587427
,,,,,,b,5786.0,0.3491262825420667
,,,,,,b,5787.0,0.295706875847606
,,,,,,b,5788.0,0.4080200078131217
,,,,,,b,5789.0,0.3267343225137775
,,,,,,b,5790.0,0.3342250616773081
,,,,,,b,5791.0,0.3301329330103701
,,,,,,b,5792.0,0.351732416923058
,,,,,,b,5793.0,0.3411275071606638
,,,,,,b,5794.0,0.297969005512563
,,,,,,b,5795.0,0.3886233090046334
,,,,,,b,5796.0,0.29330855563017
,,,,,,b,5797.0,0.3530831849737628
,,,,,,b,5798.0,0.3798917273344981
,,,,,,b,5799.0,0.3838109802331977
,,,,,,b,5800.0,0.2777994284209915
,,,,,,b,5801.0,0.3164375803664905
,,,,,,b,5802.0,0.323177545269393
,,,,,,b,5803.0,0.3647782394995795
,,,,,,b,5804.0,0.3441411200398412
,,,,,,b,5805.0,0.3927484916748005
,,,,,,b,5806.0,0.3033206397072252
,,,,,,b,5807.0,0.3161690355892697
,,,,,,b,5808.0,0.351264860045192
,,,,,,b,5809.0,0.3042759045068517
,,,,,,b,5810.0,0.3807108663675063
,,,,,,b,5811.0,0.3286458257607663
,,,,,,b,5812.0,0.3541374030889268
,,,,,,b,5813.0,0.3938218530447042
,,,,,,b,5814.0,0.3985830261045939
,,,,,,b,5815.0,0.3624465677699962
,,,,,,b,5816.0,0.3375659648366089
,,,,,,b,5817.0,0.3114140783762646
,,,,,,b,5818.0,0.4014641708577473
,,,,,,b,5819.0,0.3200026987156894
,,,,,,b,5820.0,0.3968975729723021
,,,,,,b,5821.0,0.3788565083005442
,,,,,,b,5822.0,0.3683698412451992
,,,,,,b,5823.0,0.3892489590691985
,,,,,,b,5824.0,0.36233447282717
,,,,,,b,5825.0,0.3181252004612229
,,,,,,b,5826.0,0.3969094728885745
,,,,,,b,5827.0,0.3236723542704012
,,,,,,b,5828.0,0.3550666036209726
,,,,,,b,5829.0,0.3583323940101039
,,,,,,b,5830.0,0.312469958924356
,,,,,,b,5831.0,0.3223496962212913
,,,,,,b,5832.0,0.3382933165329449
,,,,,,b,5833.0,0.390477531349358
,,,,,,b,5834.0,0.4114212427804631
,,,,,,b,5835.0,0.3440500324309705
,,,,,,b,5836.0,0.3359368320015412
,,,,,,b,5837.0,0.3645959791389654
,,,,,,b,5838.0,0.3619881500134587
,,,,,,b,5839.0,0.4366001004832265
,,,,,,b,5840.0,0.297483935387091
,,,,,,b,5841.0,0.4615165111198389
,,,,,,b,5842.0,0.3643417136339226
,,,,,,b,5843.0,0.3790287769376412
,,,,,,b,5844.0,0.3365826917646757
,,,,,,b,5845.0,0.3151105478157148
,,,,,,b,5846.0,0.3555923658129396
,,,,,,b,5847.0,0.3828083452069943
,,,,,,b,5848.0,0.333550938851284
,,,,,,b,5849.0,0.320342593001711
,,,,,,b,5850.0,0.3782242228678236
,,,,,,b,5851.0,0.349613990100631
,,,,,,b,5852.0,0.369086863005184
,,,,,,b,5853.0,0.2696429814428023
,,,,,,b,5854.0,0.3662495888242567
,,,,,,b,5855.0,0.3982958636541278
,,,,,,b,5856.0,0.3747155626371428
,,,,,,b,5857.0,0.3123158576786538
,,,,,,b,5858.0,0.3549427224445081
,,,,,,b,5859.0,0.3668885559948118
,,,,,,b,5860.0,0.3691247737052099
,,,,,,b,5861.0,0.3376532664789313
,,,,,,b,5862.0,0.2863881542942987
,,,,,,b,5863.0,0.3983560218604305
,,,,,,b,5864.0,0.3959459323918644
,,,,,,b,5865.0,0.3223550306271288
,,,,,,b,5866.0,0.3553860507838631
,,,,,,b,5867.0,0.3857601693392474
,,,,,,b,5868.0,0.3382197655737462
,,,,,,b,5869.0,0.3704979037643703
,,,,,,b,5870.0,0.3609366345472651
,,,,,,b,5871.0,0.4012519115450774
,,,,,,b,5872.0,0.3480567474008746
,,,,,,b,5873.0,0.3599248846323677
,,,,,,b,5874.0,0.3432606291277729
,,,,,,b,5875.0,0.3651745830549084
,,,,,,b,5876.0,0.3470680427441026
,,,,,,b,5877.0,0.3531495110559852
,,,,,,b,5878.0,0.3368273259800478
,,,,,,b,5879.0,0.3343032400630576
,,,,,,b,5880.0,0.3487290519753667
,,,,,,b,5881.0,0.344304775473534
,,,,,,b,5882.0,0.363757527147742
,,,,,,b,5883.0,0.3807710513928946
,,,,,,b,5884.0,0.414311466803583
,,,,,,b,5885.0,0.3431824218795398
,,,,,,b,5886.0,0.3807141221626229
,,,,,,b,5887.0,0.3786344823020733
,,,,,,b,5888.0,0.3410197541102322
,,,,,,b,5889.0,0.3809320073124596
,,,,,,b,5890.0,0.3358933996109301
,,,,,,b,5891.0,0.3868464021560007
,,,,,,b,5892.0,0.2817845547021527
,,,,,,b,5893.0,0.3271976082502497
,,,,,,b,5894.0,0.3207253926383591
,,,,,,b,5895.0,0.3452330648735917
,,,,,,b,5896.0,0.3706030186792395
,,,,,,b,5897.0,0.3040716186162568
,,,,,,b,5898.0,0.3650461473387705
,,,,,,b,5899.0,0.2986246293358339
,,,,,,b,5900.0,0.272220546047464
,,,,,,b,5901.0,0.298395147996227
,,,,,,b,5902.0,0.3734475936577888
,,,,,,b,5903.0,0.3694424620976
,,,,,,b,5904.0,0.3179803052844168
,,,,,,b,5905.0,0.4024706670235787
,,,,,,b,5906.0,0.3708543380756164
,,,,,,b,5907.0,0.4319601067214167
,,,,,,b,5908.0,0.3034814817578368
,,,,,,b,5909.0,0.3019808045503347
,,,,,,b,5910.0,0.2730867160223398
,,,,,,b,5911.0,0.4038967557382307
,,,,,,b,5912.0,0.2880871341860165
,,,,,,b,5913.0,0.2827982679602079
,,,,,,b,5914.0,0.3456027804849579
,,,,,,b,5915.0,0.3760594902469472
,,,,,,b,5916.0,0.3363606025020824
,,,,,,b,5917.0,0.3762953879235819
,,,,,,b,5918.0,0.339349024903997
,,,,,,b,5919.0,0.3053485731252059
,,,,,,b,5920.0,0.3617011144919839
,,,,,,b,5921.0,0.3675821691500669
,,,,,,b,5922.0,0.3474486683859088
,,,,,,b,5923.0,0.3753539184749526
,,,,,,b,5924.0,0.4162716474843217
,,,,,,b,5925.0,0.3608998914740953
,,,,,,b,5926.0,0.3098298422957928
,,,,,,b,5927.0,0.3381998307125022
,,,,,,b,5928.0,0.3622833560887466
,,,,,,b,5929.0,0.3953278258834571
,,,,,,b,5930.0,0.3569996389661933
,,,,,,b,5931.0,0.3276724025765505
,,,,,,b,5932.0,0.3400425732425312
,,,,,,b,5933.0,0.3654758202116817
,,,,,,b,5934.0,0.2860750310477344
,,,,,,b,5935.0,0.3863693873704306
,,,,,,b,5936.0,0.35060299962579
,,,,,,b,5937.0,0.3706754429920313
,,,,,,b,5938.0,0.3576816711879584
,,,,,,b,5939.0,0.3509813875193193
,,,,,,b,5940.0,0.4015001734141541
,,,,,,b,5941.0,0.3643484112511541
,,,,,,b,5942.0,0.3637873222080965
,,,,,,b,5943.0,0.3195051754529907
,,,,,,b,5944.0,0.355096378666182
,,,,,,b,5945.0,0.315708979876478
,,,,,,b,5946.0,0.3524670904397609
,,,,,,b,5947.0,0.3583803864478514
,,,,,,b,5948.0,0.3074948631483325
,,,,,,b,5949.0,0.3733457285356851
,,,,,,b,5950.0,0.3371816268736776
,,,,,,b,5951.0,0.3282774503888745
,,,,,,b,5952.0,0.3984375422835478
,,,,,,b,5953.0,0.3775018182855101
,,,,,,b,5954.0,0.4276440898409519
,,,,,,b,5955.0,0.3846787919404142
,,,,,,b,5956.0,0.3269617616601152
,,,,,,b,5957.0,0.3817268761405157
,,,,,,b,5958.0,0.3625673453085896
,,,,,,b,5959.0,0.3119793600399583
,,,,,,b,5960.0,0.3833087314648229
,,,,,,b,5961.0,0.3375113699366663
,,,,,,b,5962.0,0.3486333852723455
,,,,,,b,5963.0,0.3582019403952929
,,,,,,b,5964.0,0.3027228934920316
,,,,,,b,5965.0,0.3088685300920346
,,,,,,b,5966.0,0.3065058895019006
,,,,,,b,5967.0,0.3579740485469411
,,,,,,b,5968.0,0.4596793350282633
,,,,,,b,5969.0,0.3063578179131667
,,,,,,b,5970.0,0.426616725739231
,,,,,,b,5971.0,0.3123599858421535
,,,,,,b,5972.0,0.3730168389775281
,,,,,,b,5973.0,0.2983895245456343
,,,,,,b,5974.0,0.3568178192598048
,,,,,,b,5975.0,0.3675504253343979
,,,,,,b,5976.0,0.3446460820848513
,,,,,,b,5977.0,0.3467750330591768
,,,,,,b,5978.0,0.3055121571391392
,,,,,,b,5979.0,0.3772057673504485
,,,,,,b,5980.0,0.3666030528837516
,,,,,,b,5981.0,0.4074684483772062
,,,,,,b,5982.0,0.28665836914631
,,,,,,b,5983.0,0.3542619122723391
,,,,,,b,5984.0,0.3282760058735818
,,,,,,b,5985.0,0.3059828158733939
,,,,,,b,5986.0,0.3363464496620718
,,,,,,b,5987.0,0.3739611414647692
,,,,,,b,5988.0,0.3659315750706615
,,,,,,b,5989.0,0.3425990085098496
,,,,,,b,5990.0,0.3633893024539536
,,,,,,b,5991.0,0.3629771371053345
,,,,,,b,5992.0,0.3696498812108233
,,,,,,b,5993.0,0.357467947271612
,,,,,,b,5994.0,0.3248524962800165
,,,,,,b,5995.0,0.3401230109418778
,,,,,,b,5996.0,0.3125934422719232
,,,,,,b,5997.0,0.3720434549569842
,,,,,,b,5998.0,0.2989465906516297
,,,,,,b,5999.0,0.36118317259481
,,,,,,b,6000.0,0.3340146677111386
,,,,,,b,6001.0,0.3536128471440656
,,,,,,b,6002.0,0.2992628664769734
,,,,,,b,6003.0,0.396440132977689
,,,,,,b,6004.0,0.3913721759353263
,,,,,,b,6005.0,0.3413631892821125
,,,,,,b,6006.0,0.3434697694593898
,,,,,,b,6007.0,0.3130484345710549
,,,,,,b,6008.0,0.3143998428294057
,,,,,,b,6009.0,0.3030958343549148
,,,,,,b,6010.0,0.3010865863335081
,,,,,,b,6011.0,0.4073784739793797
,,,,,,b,6012.0,0.317229095556355
,,,,,,b,6013.0,0.4281252711792249
,,,,,,b,6014.0,0.3407521014331709
,,,,,,b,6015.0,0.3436567863309481
,,,,,,b,6016.0,0.3705660331673335
,,,,,,b,6017.0,0.3727340550995115
,,,,,,b,6018.0,0.3545656926378346
,,,,,,b,6019.0,0.3630866845237102
,,,,,,b,6020.0,0.3875350887483506
,,,,,,b,6021.0,0.3501788326727775
,,,,,,b,6022.0,0.3853857623848289
,,,,,,b,6023.0,0.3655500879635469
,,,,,,b,6024.0,0.377568168174641
,,,,,,b,6025.0,0.347677665221628
,,,,,,b,6026.0,0.3265500678563522
,,,,,,b,6027.0,0.3461108237877504
,,,,,,b,6028.0,0.2782010481552674
,,,,,,b,6029.0,0.322484599960736
,,,,,,b,6030.0,0.3083722883638438
,,,,,,b,6031.0,0.3709545827168274
,,,,,,b,6032.0,0.3960076282566209
,,,,,,b,6033.0,0.356603769068105
,,,,,,b,6034.0,0.3805756105127988
,,,,,,b,6035.0,0.321698864837467
,,,,,,b,6036.0,0.2898624630279931
,,,,,,b,6037.0,0.3786513603800903
,,,,,,b,6038.0,0.3151422032435342
,,,,,,b,6039.0,0.3327727216345613
,,,,,,b,6040.0,0.3261190027975065
,,,,,,b,6041.0,0.4191137938224516
,,,,,,b,6042.0,0.3856873673024288
,,,,,,b,6043.0,0.3348780397608415
,,,,,,b,6044.0,0.3016589985358924
,,,,,,b,6045.0,0.3345398049693941
,,,,,,b,6046.0,0.4259016694687689
,,,,,,b,6047.0,0.3719309476235759
,,,,,,b,6048.0,0.3917318102170113
,,,,,,b,6049.0,0.36561728101083
,,,,,,b,6050.0,0.3201507850884284
,,,,,,b,6051.0,0.3793582367810351
,,,,,,b,6052.0,0.3696292446324696
,,,,,,b,6053.0,0.3462948676399664
,,,,,,b,6054.0,0.3738725181865412
,,,,,,b,6055.0,0.3254016175732337
,,,,,,b,6056.0,0.3509128551343368
,,,,,,b,6057.0,0.2908271980116188
,,,,,,b,6058.0,0.3291004117848235
,,,,,,b,6059.0,0.3458623145964181
,,,,,,b,6060.0,0.3404452491673475
,,,,,,b,6061.0,0.3565677019244653
,,,,,,b,6062.0,0.3439961112274203
,,,,,,b,6063.0,0.3487629432986359
,,,,,,b,6064.0,0.3315160830291415
,,,,,,b,6065.0,0.3479772688744598
,,,,,,b,6066.0,0.3901486990208078
,,,,,,b,6067.0,0.3638303148524184
,,,,,,b,6068.0,0.3651988508882087
,,,,,,b,6069.0,0.3093251551034379
,,,,,,b,6070.0,0.3252849548108241
,,,,,,b,6071.0,0.3646122550588915
,,,,,,b,6072.0,0.4090079089588947
,,,,,,b,6073.0,0.3659765395495924
,,,,,,b,6074.0,0.3586910485380272
,,,,,,b,6075.0,0.3902385030060977
,,,,,,b,6076.0,0.3589211260295224
,,,,,,b,6077.0,0.3851998500674782
,,,,,,b,6078.0,0.2877304231176603
,,,,,,b,6079.0,0.3611346629942988
,,,,,,b,6080.0,0.3479477464411373
,,,,,,b,6081.0,0.3207456661831762
,,,,,,b,6082.0,0.3517281504093663
,,,,,,b,6083.0,0.3014839709695223
,,,,,,b,6084.0,0.3908365724531957
,,,,,,b,6085.0,0.3489591627836703
,,,,,,b,6086.0,0.3866017555376584
,,,,,,b,6087.0,0.3235615955405886
,,,,,,b,6088.0,0.3482413760829224
,,,,,,b,6089.0,0.4456053037146508
,,,,,,b,6090.0,0.3713427060464931
,,,,,,b,6091.0,0.3178978111100194
,,,,,,b,6092.0,0.3274208972268244
,,,,,,b,6093.0,0.3344538660782792
,,,,,,b,6094.0,0.4160334989897447
,,,,,,b,6095.0,0.3181872528063687
,,,,,,b,6096.0,0.3715312393811532
,,,,,,b,6097.0,0.3714615817425719
,,,,,,b,6098.0,0.306638041251591
,,,,,,b,6099.0,0.3894893226031781
,,,,,,b,6100.0,0.3358500526490107
,,,,,,b,6101.0,0.342951079138845
,,,,,,b,6102.0,0.3701906037582367
,,,,,,b,6103.0,0.3181910025225507
,,,,,,b,6104.0,0.4076531204280007
,,,,,,b,6105.0,0.4101303842040642
,,,,,,b,6106.0,0.3657062672571634
,,,,,,b,6107.0,0.3116740334218995
,,,,,,b,6108.0,0.4040237282433088
,,,,,,b,6109.0,0.3765350270540546
,,,,,,b,6110.0,0.3521605068245654
,,,,,,b,6111.0,0.3616119297016196
,,,,,,b,6112.0,0.3448782357691935
,,,,,,b,6113.0,0.3681553081548872
,,,,,,b,6114.0,0.327499160650448
,,,,,,b,6115.0,0.3738410182510687
,,,,,,b,6116.0,0.3108635098234003
,,,,,,b,6117.0,0.288480655763728
,,,,,,b,6118.0,0.3705263066128585
,,,,,,b,6119.0,0.3832075603349896
,,,,,,b,6120.0,0.2936094567103562
,,,,,,b,6121.0,0.2945784300994978
,,,,,,b,6122.0,0.3539339634102232
,,,,,,b,6123.0,0.2943363360178881
,,,,,,b,6124.0,0.3299493217098641
,,,,,,b,6125.0,0.32521160335178
,,,,,,b,6126.0,0.319591532769329
,,,,,,b,6127.0,0.3020224574072445
,,,,,,b,6128.0,0.3783517482534253
,,,,,,b,6129.0,0.372015657652895
,,,,,,b,6130.0,0.3444088882611371
,,,,,,b,6131.0,0.3281176760106419
,,,,,,b,6132.0,0.2827595385975119
,,,,,,b,6133.0,0.2936770356696954
,,,,,,b,6134.0,0.3458471901986506
,,,,,,b,6135.0,0.3282376519017509
,,,,,,b,6136.0,0.3469236995030975
,,,,,,b,6137.0,0.315417057735988
,,,,,,b,6138.0,0.3434036575084227
,,,,,,b,6139.0,0.4171560532881262
,,,,,,b,6140.0,0.3294350059391857
,,,,,,b,6141.0,0.4547301583526844
,,,,,,b,6142.0,0.3963857932818815
,,,,,,b,6143.0,0.2874631141555697
,,,,,,b,6144.0,0.3940503553818995
,,,,,,b,6145.0,0.3862896403810101
,,,,,,b,6146.0,0.3610155250359854
,,,,,,b,6147.0,0.3151075898708595
,,,,,,b,6148.0,0.3642662152972278
,,,,,,b,6149.0,0.4043445524472444
,,,,,,b,6150.0,0.2996186065658923
,,,,,,b,6151.0,0.332819536701578
,,,,,,b,6152.0,0.3522405820490353
,,,,,,b,6153.0,0.3982729567146927
,,,,,,b,6154.0,0.421651227807553
,,,,,,b,6155.0,0.3643660315754333
,,,,,,b,6156.0,0.4032198694161244
,,,,,,b,6157.0,0.3041549926126734
,,,,,,b,6158.0,0.3911420490898174
,,,,,,b,6159.0,0.3354928228166085
,,,,,,b,6160.0,0.351437286857557
,,,,,,b,6161.0,0.3333080206970935
,,,,,,b,6162.0,0.299864296147371
,,,,,,b,6163.0,0.3739490400001011
,,,,,,b,6164.0,0.3590602599531109
,,,,,,b,6165.0,0.3726006828487334
,,,,,,b,6166.0,0.4410745905231485
,,,,,,b,6167.0,0.3456114627552202
,,,,,,b,6168.0,0.3955330761914495
,,,,,,b,6169.0,0.3128954287758327
,,,,,,b,6170.0,0.2983735179526054
,,,,,,b,6171.0,0.402360772510864
,,,,,,b,6172.0,0.3501916024819897
,,,,,,b,6173.0,0.3775526951230046
,,,,,,b,6174.0,0.3004611644619595
,,,,,,b,6175.0,0.391145207272956
,,,,,,b,6176.0,0.2622684758512861
,,,,,,b,6177.0,0.335467701743156
,,,,,,b,6178.0,0.391775104173619
,,,,,,b,6179.0,0.3073557784090148
,,,,,,b,6180.0,0.3253732321438969
,,,,,,b,6181.0,0.3534516217980226
,,,,,,b,6182.0,0.3950906643967427
,,,,,,b,6183.0,0.3952954786426215
,,,,,,b,6184.0,0.3347207042792912
,,,,,,b,6185.0,0.3531431834233234
,,,,,,b,6186.0,0.2951647077342536
,,,,,,b,6187.0,0.3427730588273152
,,,,,,b,6188.0,0.2910346960689414
,,,,,,b,6189.0,0.3737347713978018
,,,,,,b,6190.0,0.3675821126849907
,,,,,,b,6191.0,0.3373172000053466
,,,,,,b,6192.0,0.361260090504151
,,,,,,b,6193.0,0.3258036388838139
,,,,,,b,6194.0,0.3145472553962758
,,,,,,b,6195.0,0.3402964505259542
,,,,,,b,6196.0,0.3430623983394123
,,,,,,b,6197.0,0.3674776163534847
,,,,,,b,6198.0,0.3915768868963907
,,,,,,b,6199.0,0.4340978188991622
,,,,,,b,6200.0,0.3143727700287648
,,,,,,b,6201.0,0.3125076552537376
,,,,,,b,6202.0,0.3202475115543222
,,,,,,b,6203.0,0.3226402223851008
,,,,,,b,6204.0,0.3875894236287509
,,,,,,b,6205.0,0.3490702839640991
,,,,,,b,6206.0,0.339482043542362
,,,,,,b,6207.0,0.3670288189378703
,,,,,,b,6208.0,0.384043447405856
,,,,,,b,6209.0,0.2880881909577795
,,,,,,b,6210.0,0.3215956210165078
,,,,,,b,6211.0,0.2833513996100518
,,,,,,b,6212.0,0.3534673135352442
,,,,,,b,6213.0,0.3496424617374272
,,,,,,b,6214.0,0.296676258525387
,,,,,,b,6215.0,0.3845129484828407
,,,,,,b,6216.0,0.3640395267907372
,,,,,,b,6217.0,0.3212734847320582
,,,,,,b,6218.0,0.3839519542103056
,,,,,,b,6219.0,0.2705090288691156
,,,,,,b,6220.0,0.446298845814006
,,,,,,b,6221.0,0.3302692947196259
,,,,,,b,6222.0,0.3519230285358974
,,,,,,b,6223.0,0.3370895466424244
,,,,,,b,6224.0,0.3231330318196881
,,,,,,b,6225.0,0.3418331391950593
,,,,,,b,6226.0,0.2978804680840268
,,,,,,b,6227.0,0.2689190424834549
,,,,,,b,6228.0,0.3970738159769054
,,,,,,b,6229.0,0.3173169038885901
,,,,,,b,6230.0,0.3365226498809628
,,,,,,b,6231.0,0.3459083518797028
,,,,,,b,6232.0,0.3677616355455941
,,,,,,b,6233.0,0.3695150414840471
,,,,,,b,6234.0,0.3555165748046551
,,,,,,b,6235.0,0.3880254800655209
,,,,,,b,6236.0,0.3891511985357985
,,,,,,b,6237.0,0.380031412822881
,,,,,,b,6238.0,0.3469051669019927
,,,,,,b,6239.0,0.3477416902981987
,,,,,,b,6240.0,0.3589968850319467
,,,,,,b,6241.0,0.2791858611993723
,,,,,,b,6242.0,0.4149410538941147
,,,,,,b,6243.0,0.4655485352545963
,,,,,,b,6244.0,0.3807037814041116
,,,,,,b,6245.0,0.3819946547871238
,,,,,,b,6246.0,0.3366038675818639
,,,,,,b,6247.0,0.3328108936882756
,,,,,,b,6248.0,0.3338843633939081
,,,,,,b,6249.0,0.325308017709168
,,,,,,b,6250.0,0.3366886775651401
,,,,,,b,6251.0,0.33405218717211
,,,,,,b,6252.0,0.4156345650901074
,,,,,,b,6253.0,0.3583003651220342
,,,,,,b,6254.0,0.3409119126332758
,,,,,,b,6255.0,0.277215390014041
,,,,,,b,6256.0,0.3001180635707738
,,,,,,b,6257.0,0.3819227814935857
,,,,,,b,6258.0,0.3170286886171949
,,,,,,b,6259.0,0.3932082430822006
,,,,,,b,6260.0,0.3259747224207592
,,,,,,b,6261.0,0.3352599782704408
,,,,,,b,6262.0,0.3272946520170761
,,,,,,b,6263.0,0.3388917673939073
,,,,,,b,6264.0,0.3811754598055015
,,,,,,b,6265.0,0.3247607049128613
,,,,,,b,6266.0,0.3598297040137534
,,,,,,b,6267.0,0.4072175132313975
,,,,,,b,6268.0,0.3675962810967514
,,,,,,b,6269.0,0.3704784624785944
,,,,,,b,6270.0,0.3393762514013652
,,,,,,b,6271.0,0.329363445412739
,,,,,,b,6272.0,0.3437921786230173
,,,,,,b,6273.0,0.3874378275875472
,,,,,,b,6274.0,0.3240135379722724
,,,,,,b,6275.0,0.3207342035487239
,,,,,,b,6276.0,0.3538022966800502
,,,,,,b,6277.0,0.3361219648952458
,,,,,,b,6278.0,0.3609731627679684
,,,,,,b,6279.0,0.3273046562146255
,,,,,,b,6280.0,0.39805865085517
,,,,,,b,6281.0,0.3361885447886776
,,,,,,b,6282.0,0.3563776993231915
,,,,,,b,6283.0,0.2953987558392721
,,,,,,b,6284.0,0.3009566783568851
,,,,,,b,6285.0,0.363058449286302
,,,,,,b,6286.0,0.3375992572624624
,,,,,,b,6287.0,0.276076693326944
,,,,,,b,6288.0,0.2950676331218487
,,,,,,b,6289.0,0.3028316746979329
,,,,,,b,6290.0,0.3759210770055454
,,,,,,b,6291.0,0.3977285462745312
,,,,,,b,6292.0,0.3107074002909429
,,,,,,b,6293.0,0.3626027364851447
,,,,,,b,6294.0,0.4013032629761626
,,,,,,b,6295.0,0.2758946538565006
,,,,,,b,6296.0,0.3281697994991726
,,,,,,b,6297.0,0.2804005003755523
,,,,,,b,6298.0,0.4356797228916931
,,,,,,b,6299.0,0.3974848162107043
,,,,,,b,6300.0,0.3928246530885069
,,,,,,b,6301.0,0.3739150443412908
,,,,,,b,6302.0,0.3017701490166935
,,,,,,b,6303.0,0.3980761192087629
,,,,,,b,6304.0,0.3416423958892851
,,,,,,b,6305.0,0.3579975662420009
,,,,,,b,6306.0,0.2891753663081791
,,,,,,b,6307.0,0.347149601015229
,,,,,,b,6308.0,0.3853298993388163
,,,,,,b,6309.0,0.3788385698479874
,,,,,,b,6310.0,0.3549664237690173
,,,,,,b,6311.0,0.3274060121397459
,,,,,,b,6312.0,0.3347941799641782
,,,,,,b,6313.0,0.332174508549059
,,,,,,b,6314.0,0.3490733930669445
,,,,,,b,6315.0,0.3635098349402308
,,,,,,b,6316.0,0.359506380606458
,,,,,,b,6317.0,0.4602001114656868
,,,,,,b,6318.0,0.3288639169282286
,,,,,,b,6319.0,0.331573609366476
,,,,,,b,6320.0,0.3769440521256753
,,,,,,b,6321.0,0.4233017689785034
,,,,,,b,6322.0,0.419253905574469
,,,,,,b,6323.0,0.3938130534643753
,,,,,,b,6324.0,0.38229129650332
,,,,,,b,6325.0,0.3991467824816164
,,,,,,b,6326.0,0.3589029765008287
,,,,,,b,6327.0,0.3786325927009515
,,,,,,b,6328.0,0.374054471349988
,,,,,,b,6329.0,0.3543109135560511
,,,,,,b,6330.0,0.3283238488039739
,,,,,,b,6331.0,0.4051254978145482
,,,,,,b,6332.0,0.3513053830361019
,,,,,,b,6333.0,0.3368302419704752
,,,,,,b,6334.0,0.3320478738084702
,,,,,,b,6335.0,0.3112871507656916
,,,,,,b,6336.0,0.3888303498922112
,,,,,,b,6337.0,0.3744387082072138
,,,,,,b,6338.0,0.3434929597248599
,,,,,,b,6339.0,0.3488720000917871
,,,,,,b,6340.0,0.2988495198119385
,,,,,,b,6341.0,0.3560244658241069
,,,,,,b,6342.0,0.3514895523870165
,,,,,,b,6343.0,0.3591902487458105
,,,,,,b,6344.0,0.3612922754466843
,,,,,,b,6345.0,0.3769251015334687
,,,,,,b,6346.0,0.4119554528430589
,,,,,,b,6347.0,0.3239783045507769
,,,,,,b,6348.0,0.3286198911529618
,,,,,,b,6349.0,0.344812407821105
,,,,,,b,6350.0,0.3426322764132865
,,,,,,b,6351.0,0.3513998306223311
,,,,,,b,6352.0,0.3677592358340913
,,,,,,b,6353.0,0.3729679099593643
,,,,,,b,6354.0,0.3072948259414714
,,,,,,b,6355.0,0.3922325921603926
,,,,,,b,6356.0,0.3895643508714901
,,,,,,b,6357.0,0.3589154538384429
,,,,,,b,6358.0,0.3351019586573476
,,,,,,b,6359.0,0.3395766971017195
,,,,,,b,6360.0,0.3150964770933955
,,,,,,b,6361.0,0.3218796701718718
,,,,,,b,6362.0,0.2912351855402244
,,,,,,b,6363.0,0.3223737363494887
,,,,,,b,6364.0,0.3273043926458951
,,,,,,b,6365.0,0.3351110099909795
,,,,,,b,6366.0,0.3316738012245075
,,,,,,b,6367.0,0.289176025500216
,,,,,,b,6368.0,0.3403614460883712
,,,,,,b,6369.0,0.3735986186011715
,,,,,,b,6370.0,0.3459995766242336
,,,,,,b,6371.0,0.3108655802838749
,,,,,,b,6372.0,0.4338745502013834
,,,,,,b,6373.0,0.3825272356230704
,,,,,,b,6374.0,0.3356703612752221
,,,,,,b,6375.0,0.302365015687926
,,,,,,b,6376.0,0.3427321836004888
,,,,,,b,6377.0,0.3179598844178719
,,,,,,b,6378.0,0.3428457195045538
,,,,,,b,6379.0,0.3122776780592216
,,,,,,b,6380.0,0.3508293750605191
,,,,,,b,6381.0,0.3867689096111726
,,,,,,b,6382.0,0.4177951603226981
,,,,,,b,6383.0,0.349328011941806
,,,,,,b,6384.0,0.417748830265185
,,,,,,b,6385.0,0.2923070414724016
,,,,,,b,6386.0,0.363652522692893
,,,,,,b,6387.0,0.34424400867342
,,,,,,b,6388.0,0.3334814531350978
,,,,,,b,6389.0,0.294270405666742
,,,,,,b,6390.0,0.323072362209936
,,,,,,b,6391.0,0.3344591313679665
,,,,,,b,6392.0,0.3155082340782118
,,,,,,b,6393.0,0.3477993300996793
,,,,,,b,6394.0,0.4344621579952346
,,,,,,b,6395.0,0.360008483013186
,,,,,,b,6396.0,0.352323858935589
,,,,,,b,6397.0,0.3030427380943581
,,,,,,b,6398.0,0.3320432660043342
,,,,,,b,6399.0,0.3778610274731191
,,,,,,b,6400.0,0.4098011726917088
,,,,,,b,6401.0,0.4088290497256173
,,,,,,b,6402.0,0.3161971048177125
,,,,,,b,6403.0,0.4293223249244504
,,,,,,b,6404.0,0.3245633993132286
,,,,,,b,6405.0,0.3631824578920803
,,,,,,b,6406.0,0.306938197303872
,,,,,,b,6407.0,0.3845971884798622
,,,,,,b,6408.0,0.350133982978317
,,,,,,b,6409.0,0.3436091075319938
,,,,,,b,6410.0,0.3032214853019628
,,,,,,b,6411.0,0.3533201952708618
,,,,,,b,6412.0,0.4140115194548683
,,,,,,b,6413.0,0.4433907687753353
,,,,,,b,6414.0,0.2994231425502063
,,,,,,b,6415.0,0.3881776872585156
,,,,,,b,6416.0,0.4022403657964126
,,,,,,b,6417.0,0.3800489181034119
,,,,,,b,6418.0,0.3536815321730522
,,,,,,b,6419.0,0.3438220919341872
,,,,,,b,6420.0,0.3874516536540082
,,,,,,b,6421.0,0.3469446487560121
,,,,,,b,6422.0,0.4051673698252109
,,,,,,b,6423.0,0.4186225346527155
,,,,,,b,6424.0,0.2463140186991714
,,,,,,b,6425.0,0.3398699079029059
,,,,,,b,6426.0,0.3284917463697878
,,,,,,b,6427.0,0.3606588349238064
,,,,,,b,6428.0,0.3295013969969966
,,,,,,b,6429.0,0.3226269084309185
,,,,,,b,6430.0,0.3788307080141049
,,,,,,b,6431.0,0.2858972283860206
,,,,,,b,6432.0,0.3312993490966658
,,,,,,b,6433.0,0.4505451577607346
,,,,,,b,6434.0,0.3981773699534257
,,,,,,b,6435.0,0.3555623894680986
,,,,,,b,6436.0,0.3548363726657983
,,,,,,b,6437.0,0.4103318568167768
,,,,,,b,6438.0,0.3548107279229033
,,,,,,b,6439.0,0.4058679618949239
,,,,,,b,6440.0,0.3114055140940062
,,,,,,b,6441.0,0.335065625723657
,,,,,,b,6442.0,0.3178139369770405
,,,,,,b,6443.0,0.3774013727412555
,,,,,,b,6444.0,0.3760292618356851
,,,,,,b,6445.0,0.4134133425714683
,,,,,,b,6446.0,0.3604248730467825
,,,,,,b,6447.0,0.3307511283740081
,,,,,,b,6448.0,0.3987601546410748
,,,,,,b,6449.0,0.351586153751239
,,,,,,b,6450.0,0.3498455167944261
,,,,,,b,6451.0,0.3259611079764557
,,,,,,b,6452.0,0.358277402335561
,,,,,,b,6453.0,0.3111093041312829
,,,,,,b,6454.0,0.3549234288569911
,,,,,,b,6455.0,0.3770415717787627
,,,,,,b,6456.0,0.3736385443088617
,,,,,,b,6457.0,0.3641125791327946
,,,,,,b,6458.0,0.3722902246038826
,,,,,,b,6459.0,0.2784129335886294
,,,,,,b,6460.0,0.3380021269355069
,,,,,,b,6461.0,0.3343320363566811
,,,,,,b,6462.0,0.3424899230469269
,,,,,,b,6463.0,0.3063668437781004
,,,,,,b,6464.0,0.3809266978806613
,,,,,,b,6465.0,0.4029645400274546
,,,,,,b,6466.0,0.3216468330149262
,,,,,,b,6467.0,0.3128817865838944
,,,,,,b,6468.0,0.3490701928684765
,,,,,,b,6469.0,0.3056316772442713
,,,,,,b,6470.0,0.3506310495074425
,,,,,,b,6471.0,0.3605074782200241
,,,,,,b,6472.0,0.3762999134103149
,,,,,,b,6473.0,0.3873628021660917
,,,,,,b,6474.0,0.4204479169253234
,,,,,,b,6475.0,0.4064729004233309
,,,,,,b,6476.0,0.4292767516404874
,,,,,,b,6477.0,0.420553774268452
,,,,,,b,6478.0,0.3566227465869636
,,,,,,b,6479.0,0.359457670957755
,,,,,,b,6480.0,0.3428978356703891
,,,,,,b,6481.0,0.3205317946559685
,,,,,,b,6482.0,0.3287778735071738
,,,,,,b,6483.0,0.3714500676112413
,,,,,,b,6484.0,0.2779068899950467
,,,,,,b,6485.0,0.3105637908112046
,,,,,,b,6486.0,0.3289158289526837
,,,,,,b,6487.0,0.3053262157274496
,,,,,,b,6488.0,0.3843084522915738
,,,,,,b,6489.0,0.3834794675503374
,,,,,,b,6490.0,0.3300455929823136
,,,,,,b,6491.0,0.3482703871561914
,,,,,,b,6492.0,0.3184309843814601
,,,,,,b,6493.0,0.3324022959388264
,,,,,,b,6494.0,0.3864914589766246
,,,,,,b,6495.0,0.3867344008243276
,,,,,,b,6496.0,0.374186557555777
,,,,,,b,6497.0,0.3453298527067217
,,,,,,b,6498.0,0.3610115730470378
,,,,,,b,6499.0,0.3864513493023205
,,,,,,b,6500.0,0.3236574870590307
,,,,,,b,6501.0,0.3655113179293616
,,,,,,b,6502.0,0.3909692116345815
,,,,,,b,6503.0,0.4161166515422274
,,,,,,b,6504.0,0.4035448621339821
,,,,,,b,6505.0,0.3879606334512155
,,,,,,b,6506.0,0.3314433291216714
,,,,,,b,6507.0,0.3428447447267175
,,,,,,b,6508.0,0.3265151837098647
,,,,,,b,6509.0,0.373614157593515
,,,,,,b,6510.0,0.3555901693829866
,,,,,,b,6511.0,0.2594502504165703
,,,,,,b,6512.0,0.4157838230986868
,,,,,,b,6513.0,0.3996464658304575
,,,,,,b,6514.0,0.3161373281841459
,,,,,,b,6515.0,0.3834250329151931
,,,,,,b,6516.0,0.3791963261666962
,,,,,,b,6517.0,0.3939784457525714
,,,,,,b,6518.0,0.2711727019022878
,,,,,,b,6519.0,0.4011015027037166
,,,,,,b,6520.0,0.3819362147685758
,,,,,,b,6521.0,0.3686140760961178
,,,,,,b,6522.0,0.3467330432696309
,,,,,,b,6523.0,0.3731139667071486
,,,,,,b,6524.0,0.3217681157363472
,,,,,,b,6525.0,0.3956309147048031
,,,,,,b,6526.0,0.4141519340220601
,,,,,,b,6527.0,0.3269059918954418
,,,,,,b,6528.0,0.3958911314174074
,,,,,,b,6529.0,0.3626607089009286
,,,,,,b,6530.0,0.3680597817144515
,,,,,,b,6531.0,0.358841408348086
,,,,,,b,6532.0,0.3705730276986019
,,,,,,b,6533.0,0.3416897579763045
,,,,,,b,6534.0,0.35294060515493
,,,,,,b,6535.0,0.3741154116618217
,,,,,,b,6536.0,0.353634703746625
,,,,,,b,6537.0,0.3881378390797145
,,,,,,b,6538.0,0.3643135609217478
,,,,,,b,6539.0,0.4231582822447022
,,,,,,b,6540.0,0.3461952990825048
,,,,,,b,6541.0,0.3534283621204039
,,,,,,b,6542.0,0.2856268856045587
,,,,,,b,6543.0,0.426100812350366
,,,,,,b,6544.0,0.308599157635081
,,,,,,b,6545.0,0.3686772883694558
,,,,,,b,6546.0,0.3323165468501843
,,,,,,b,6547.0,0.3167091884646331
,,,,,,b,6548.0,0.3811830274889893
,,,,,,b,6549.0,0.2956993491253796
,,,,,,b,6550.0,0.3774544534948436
,,,,,,b,6551.0,0.3603371473985448
,,,,,,b,6552.0,0.4169864896847959
,,,,,,b,6553.0,0.4174057822725734
,,,,,,b,6554.0,0.2869663397851791
,,,,,,b,6555.0,0.3270996972016124
,,,,,,b,6556.0,0.3041241337286346
,,,,,,b,6557.0,0.3796874276283883
,,,,,,b,6558.0,0.4284155218990078
,,,,,,b,6559.0,0.3321034757662588
,,,,,,b,6560.0,0.3597852156711139
,,,,,,b,6561.0,0.311073762648447
,,,,,,b,6562.0,0.3264942175896195
,,,,,,b,6563.0,0.3115979512690994
,,,,,,b,6564.0,0.3531165137787742
,,,,,,b,6565.0,0.3454937372042508
,,,,,,b,6566.0,0.2656503468413893
,,,,,,b,6567.0,0.3187161261921045
,,,,,,b,6568.0,0.3605437076435058
,,,,,,b,6569.0,0.3276678163002926
,,,,,,b,6570.0,0.3452025383349246
,,,,,,b,6571.0,0.3799943185398149
,,,,,,b,6572.0,0.4655950699372897
,,,,,,b,6573.0,0.3004148192784042
,,,,,,b,6574.0,0.4006907004610132
,,,,,,b,6575.0,0.3310189912870696
,,,,,,b,6576.0,0.3627810820776527
,,,,,,b,6577.0,0.4250176592824584
,,,,,,b,6578.0,0.3051416023927431
,,,,,,b,6579.0,0.3360171861775352
,,,,,,b,6580.0,0.3387356684206724
,,,,,,b,6581.0,0.367706233967219
,,,,,,b,6582.0,0.3261145844167057
,,,,,,b,6583.0,0.3993306705197281
,,,,,,b,6584.0,0.3454233273642217
,,,,,,b,6585.0,0.3532247370205779
,,,,,,b,6586.0,0.3021203045444731
,,,,,,b,6587.0,0.2892433824323719
,,,,,,b,6588.0,0.3584232018923114
,,,,,,b,6589.0,0.3023043482787462
,,,,,,b,6590.0,0.3735695467958093
,,,,,,b,6591.0,0.3322763976923988
,,,,,,b,6592.0,0.3945245013591627
,,,,,,b,6593.0,0.2983829733409657
,,,,,,b,6594.0,0.3608551802171345
,,,,,,b,6595.0,0.364430404913505
,,,,,,b,6596.0,0.3701886321372556
,,,,,,b,6597.0,0.3149201813796374
,,,,,,b,6598.0,0.3996710693501311
,,,,,,b,6599.0,0.2966915504265341
,,,,,,b,6600.0,0.4006499723140848
,,,,,,b,6601.0,0.3084046798890982
,,,,,,b,6602.0,0.3000739144737814
,,,,,,b,6603.0,0.3490511885638723
,,,,,,b,6604.0,0.3841546786901482
,,,,,,b,6605.0,0.3164971624747617
,,,,,,b,6606.0,0.3996511970166634
,,,,,,b,6607.0,0.3084471403759758
,,,,,,b,6608.0,0.3441494566657042
,,,,,,b,6609.0,0.3398786389202439
,,,,,,b,6610.0,0.360248377725143
,,,,,,b,6611.0,0.300282306781658
,,,,,,b,6612.0,0.3453057910916497
,,,,,,b,6613.0,0.3624638384923204
,,,,,,b,6614.0,0.3418058325253441
,,,,,,b,6615.0,0.3466987247883124
,,,,,,b,6616.0,0.3100168930965274
,,,,,,b,6617.0,0.2840078529773748
,,,,,,b,6618.0,0.3070234745665803
,,,,,,b,6619.0,0.3657761453409534
,,,,,,b,6620.0,0.4202746441821388
,,,,,,b,6621.0,0.3749838960146441
,,,,,,b,6622.0,0.3874313810753906
,,,,,,b,6623.0,0.2801074794851321
,,,,,,b,6624.0,0.3400560011634037
,,,,,,b,6625.0,0.3562592891330172
,,,,,,b,6626.0,0.330766062894142
,,,,,,b,6627.0,0.3754014689377434
,,,,,,b,6628.0,0.3138674711610538
,,,,,,b,6629.0,0.346171119951121
,,,,,,b,6630.0,0.3268645773636462
,,,,,,b,6631.0,0.381324836440041
,,,,,,b,6632.0,0.3428904061579718
,,,,,,b,6633.0,0.3772947120361443
,,,,,,b,6634.0,0.3855724259460609
,,,,,,b,6635.0,0.4076082856129916
,,,,,,b,6636.0,0.2887155952904066
,,,,,,b,6637.0,0.3460240101125209
,,,,,,b,6638.0,0.3291198519314484
,,,,,,b,6639.0,0.281275824083508
,,,,,,b,6640.0,0.3834381219296712
,,,,,,b,6641.0,0.3631841890697611
,,,,,,b,6642.0,0.3566106993801243
,,,,,,b,6643.0,0.3798523926678618
,,,,,,b,6644.0,0.408476951045063
,,,,,,b,6645.0,0.3463897711129622
,,,,,,b,6646.0,0.3814146560173252
,,,,,,b,6647.0,0.3471615547501527
,,,,,,b,6648.0,0.3691743280538406
,,,,,,b,6649.0,0.3513000904229137
,,,,,,b,6650.0,0.3659010448394291
,,,,,,b,6651.0,0.3174648955097416
,,,,,,b,6652.0,0.4289181029283631
,,,,,,b,6653.0,0.3609757807998122
,,,,,,b,6654.0,0.3431691010935234
,,,,,,b,6655.0,0.3605074179198313
,,,,,,b,6656.0,0.356329166177642
,,,,,,b,6657.0,0.3911615043558512
,,,,,,b,6658.0,0.3227520079009665
,,,,,,b,6659.0,0.2984405980532738
,,,,,,b,6660.0,0.2986922232139686
,,,,,,b,6661.0,0.2911109458270773
,,,,,,b,6662.0,0.2946961533982959
,,,,,,b,6663.0,0.3884484415825708
,,,,,,b,6664.0,0.3051782928225663
,,,,,,b,6665.0,0.3265866591223716
,,,,,,b,6666.0,0.3966631875324715
,,,,,,b,6667.0,0.4281668761138752
,,,,,,b,6668.0,0.3690611631960743
,,,,,,b,6669.0,0.3430522342481632
,,,,,,b,6670.0,0.3256719142385798
,,,,,,b,6671.0,0.367553293499149
,,,,,,b,6672.0,0.3305052845352101
,,,,,,b,6673.0,0.3581039692773933
,,,,,,b,6674.0,0.3338039276537672
,,,,,,b,6675.0,0.3242061257595026
,,,,,,b,6676.0,0.3468525500378767
,,,,,,b,6677.0,0.3108055066928967
,,,,,,b,6678.0,0.3417332752775603
,,,,,,b,6679.0,0.3505135163246859
,,,,,,b,6680.0,0.3331839450333493
,,,,,,b,6681.0,0.2603268523843027
,,,,,,b,6682.0,0.3538765416920544
,,,,,,b,6683.0,0.3043866423643195
,,,,,,b,6684.0,0.3364803605742557
,,,,,,b,6685.0,0.3356059847777053
,,,,,,b,6686.0,0.3231190960560175
,,,,,,b,6687.0,0.3506478573056113
,,,,,,b,6688.0,0.3152620848266343
,,,,,,b,6689.0,0.3211933397036386
,,,,,,b,6690.0,0.3733213235600523
,,,,,,b,6691.0,0.4024951633493798
,,,,,,b,6692.0,0.3796444104844241
,,,,,,b,6693.0,0.3460103120664199
,,,,,,b,6694.0,0.3896657832173513
,,,,,,b,6695.0,0.4156824299146899
,,,,,,b,6696.0,0.3311052862390991
,,,,,,b,6697.0,0.3114489851059638
,,,,,,b,6698.0,0.3146252820896809
,,,,,,b,6699.0,0.3397100235688111
,,,,,,b,6700.0,0.3681045857405691
,,,,,,b,6701.0,0.3045631811574711
,,,,,,b,6702.0,0.4053339194246805
,,,,,,b,6703.0,0.3262725797168428
,,,,,,b,6704.0,0.3641666512293255
,,,,,,b,6705.0,0.3472457704763849
,,,,,,b,6706.0,0.3465452189635272
,,,,,,b,6707.0,0.3373610729874965
,,,,,,b,6708.0,0.3661437993509562
,,,,,,b,6709.0,0.3226527846874756
,,,,,,b,6710.0,0.3291942285461062
,,,,,,b,6711.0,0.3449921720739781
,,,,,,b,6712.0,0.3777013910686881
,,,,,,b,6713.0,0.3755298947619292
,,,,,,b,6714.0,0.3734760259003526
,,,,,,b,6715.0,0.3658058822894396
,,,,,,b,6716.0,0.335509352048343
,,,,,,b,6717.0,0.3470620539086817
,,,,,,b,6718.0,0.3214586591436665
,,,,,,b,6719.0,0.3148354433034122
,,,,,,b,6720.0,0.3091809095621607
,,,,,,b,6721.0,0.3487685314868072
,,,,,,b,6722.0,0.3905366081112853
,,,,,,b,6723.0,0.3288890902309762
,,,,,,b,6724.0,0.3456287444532386
,,,,,,b,6725.0,0.3242455340383046
,,,,,,b,6726.0,0.3162950198074234
,,,,,,b,6727.0,0.3583658415234509
,,,,,,b,6728.0,0.3440024615244335
,,,,,,b,6729.0,0.3289154563482261
,,,,,,b,6730.0,0.3333005778531306
,,,,,,b,6731.0,0.2941262655567831
,,,,,,b,6732.0,0.3367640768832882
,,,,,,b,6733.0,0.3970479509839046
,,,,,,b,6734.0,0.3327468826720787
,,,,,,b,6735.0,0.385964855051375
,,,,,,b,6736.0,0.3405359756168922
,,,,,,b,6737.0,0.3472753605672976
,,,,,,b,6738.0,0.3610779358123674
,,,,,,b,6739.0,0.3352136167764628
,,,,,,b,6740.0,0.3460088889273556
,,,,,,b,6741.0,0.2915044816147802
,,,,,,b,6742.0,0.322181751328789
,,,,,,b,6743.0,0.3350393409962264
,,,,,,b,6744.0,0.3774211770284523
,,,,,,b,6745.0,0.3653951945736393
,,,,,,b,6746.0,0.4168399769914548
,,,,,,b,6747.0,0.3330257376944239
,,,,,,b,6748.0,0.4078155679463848
,,,,,,b,6749.0,0.3713104471360489
,,,,,,b,6750.0,0.341069125080645
,,,,,,b,6751.0,0.3359540944961741
,,,,,,b,6752.0,0.3224017653617039
,,,,,,b,6753.0,0.3837114196388707
,,,,,,b,6754.0,0.3423226495374596
,,,,,,b,6755.0,0.344824398936923
,,,,,,b,6756.0,0.3548311170081542
,,,,,,b,6757.0,0.3272693324257916
,,,,,,b,6758.0,0.3170970340520087
,,,,,,b,6759.0,0.3343648430828958
,,,,,,b,6760.0,0.375785397053177
,,,,,,b,6761.0,0.3608649512710853
,,,,,,b,6762.0,0.3550845626960255
,,,,,,b,6763.0,0.3531499303348204
,,,,,,b,6764.0,0.311726751713985
,,,,,,b,6765.0,0.339966851533104
,,,,,,b,6766.0,0.3218306981732652
,,,,,,b,6767.0,0.3305834633887627
,,,,,,b,6768.0,0.3705306013417191
,,,,,,b,6769.0,0.3162297251821333
,,,,,,b,6770.0,0.3694269866311224
,,,,,,b,6771.0,0.389483297280301
,,,,,,b,6772.0,0.3884856112279502
,,,,,,b,6773.0,0.3836932035822835
,,,,,,b,6774.0,0.3069143252827877
,,,,,,b,6775.0,0.3691484286692543
,,,,,,b,6776.0,0.3191805767498064
,,,,,,b,6777.0,0.3225831791997859
,,,,,,b,6778.0,0.3699911978836212
,,,,,,b,6779.0,0.3383931499943946
,,,,,,b,6780.0,0.3485413421747347
,,,,,,b,6781.0,0.3106121690927583
,,,,,,b,6782.0,0.3560220924773332
,,,,,,b,6783.0,0.3061518426289273
,,,,,,b,6784.0,0.3688117497563241
,,,,,,b,6785.0,0.3211656574160035
,,,,,,b,6786.0,0.325367883210117
,,,,,,b,6787.0,0.3835147416595772
,,,,,,b,6788.0,0.3428078974852062
,,,,,,b,6789.0,0.3586832588875359
,,,,,,b,6790.0,0.3825045012827059
,,,,,,b,6791.0,0.3957219843153625
,,,,,,b,6792.0,0.3125516374135073
,,,,,,b,6793.0,0.3460772375658805
,,,,,,b,6794.0,0.3256749042792881
,,,,,,b,6795.0,0.3396283966533162
,,,,,,b,6796.0,0.454101214850144
,,,,,,b,6797.0,0.4082658711412232
,,,,,,b,6798.0,0.4081206565702961
,,,,,,b,6799.0,0.2725916732694253
,,,,,,b,6800.0,0.3345680690872132
,,,,,,b,6801.0,0.3213905958752288
,,,,,,b,6802.0,0.3595242434511565
,,,,,,b,6803.0,0.3173704051946413
,,,,,,b,6804.0,0.3536080943511885
,,,,,,b,6805.0,0.325474635759607
,,,,,,b,6806.0,0.3368440805971211
,,,,,,b,6807.0,0.3007687177879092
,,,,,,b,6808.0,0.2947868819052694
,,,,,,b,6809.0,0.3901821095070783
,,,,,,b,6810.0,0.2892003451886933
,,,,,,b,6811.0,0.3061810912441012
,,,,,,b,6812.0,0.3626389493523776
,,,,,,b,6813.0,0.3334562100365175
,,,,,,b,6814.0,0.3226262297566333
,,,,,,b,6815.0,0.4054265878652208
,,,,,,b,6816.0,0.4017659229979737
,,,,,,b,6817.0,0.3505515448787526
,,,,,,b,6818.0,0.3329504782580357
,,,,,,b,6819.0,0.3128937396039153
,,,,,,b,6820.0,0.3207451035986914
,,,,,,b,6821.0,0.378383787785804
,,,,,,b,6822.0,0.3847443998862285
,,,,,,b,6823.0,0.3235829501964087
,,,,,,b,6824.0,0.3299449439134641
,,,,,,b,6825.0,0.3626341789190919
,,,,,,b,6826.0,0.3492912334057765
,,,,,,b,6827.0,0.3429993151906627
,,,,,,b,6828.0,0.3589703872778127
,,,,,,b,6829.0,0.3595499025978252
,,,,,,b,6830.0,0.2950412425632791
,,,,,,b,6831.0,0.3994965665901193
,,,,,,b,6832.0,0.3422441187684391
,,,,,,b,6833.0,0.3281055953532159
,,,,,,b,6834.0,0.2987916502270522
,,,,,,b,6835.0,0.372873042712647
,,,,,,b,6836.0,0.3903858825573754
,,,,,,b,6837.0,0.37842849875513
,,,,,,b,6838.0,0.350032826040517
,,,,,,b,6839.0,0.3352724740569459
,,,,,,b,6840.0,0.3545856547641031
,,,,,,b,6841.0,0.3505899551740481
,,,,,,b,6842.0,0.3207181409314601
,,,,,,b,6843.0,0.4137718189007433
,,,,,,b,6844.0,0.3413846954202659
,,,,,,b,6845.0,0.4714325556093581
,,,,,,b,6846.0,0.3276391407687566
,,,,,,b,6847.0,0.2758625632707567
,,,,,,b,6848.0,0.4008226203523435
,,,,,,b,6849.0,0.320577708165688
,,,,,,b,6850.0,0.3691055305780604
,,,,,,b,6851.0,0.3914639856735959
,,,,,,b,6852.0,0.2889863583076089
,,,,,,b,6853.0,0.3084355019602358
,,,,,,b,6854.0,0.3526359934055021
,,,,,,b,6855.0,0.3341090681980772
,,,,,,b,6856.0,0.4848294493699074
,,,,,,b,6857.0,0.3918016615549935
,,,,,,b,6858.0,0.3332569841928108
,,,,,,b,6859.0,0.323173782871593
,,,,,,b,6860.0,0.4152206054159792
,,,,,,b,6861.0,0.3458686153584276
,,,,,,b,6862.0,0.3104375593509876
,,,,,,b,6863.0,0.3857772558243635
,,,,,,b,6864.0,0.2992922137011464
,,,,,,b,6865.0,0.2899375718380312
,,,,,,b,6866.0,0.3691667541937735
,,,,,,b,6867.0,0.3503565039161134
,,,,,,b,6868.0,0.3188904736190343
,,,,,,b,6869.0,0.3510308389509045
,,,,,,b,6870.0,0.2990933441554855
,,,,,,b,6871.0,0.3231884888819958
,,,,,,b,6872.0,0.4071511529610463
,,,,,,b,6873.0,0.3861086656369639
,,,,,,b,6874.0,0.3227652562652539
,,,,,,b,6875.0,0.4043183326751247
,,,,,,b,6876.0,0.3596069131739825
,,,,,,b,6877.0,0.2932514441123217
,,,,,,b,6878.0,0.357297740421207
,,,,,,b,6879.0,0.3305778067199463
,,,,,,b,6880.0,0.3624291928986682
,,,,,,b,6881.0,0.3763063911666746
,,,,,,b,6882.0,0.389947506883693
,,,,,,b,6883.0,0.3760172816557237
,,,,,,b,6884.0,0.2818728295626438
,,,,,,b,6885.0,0.3431814649198377
,,,,,,b,6886.0,0.3248863722323998
,,,,,,b,6887.0,0.3394240424093051
,,,,,,b,6888.0,0.3429049418896301
,,,,,,b,6889.0,0.3804829300876289
,,,,,,b,6890.0,0.3295482103563736
,,,,,,b,6891.0,0.2966822904555721
,,,,,,b,6892.0,0.378145351006387
,,,,,,b,6893.0,0.392688263834593
,,,,,,b,6894.0,0.3383448924458681
,,,,,,b,6895.0,0.3102924000827487
,,,,,,b,6896.0,0.378981599140459
,,,,,,b,6897.0,0.3778334334303128
,,,,,,b,6898.0,0.3578401176274752
,,,,,,b,6899.0,0.3422942670179152
,,,,,,b,6900.0,0.3505785958648948
,,,,,,b,6901.0,0.3547208953328367
,,,,,,b,6902.0,0.361054597719864
,,,,,,b,6903.0,0.2963038496632117
,,,,,,b,6904.0,0.3618256967473767
,,,,,,b,6905.0,0.4164186297366612
,,,,,,b,6906.0,0.2971744290865965
,,,,,,b,6907.0,0.2943378406562162
,,,,,,b,6908.0,0.3640134431507684
,,,,,,b,6909.0,0.4051657298933988
,,,,,,b,6910.0,0.3363806370219446
,,,,,,b,6911.0,0.3384259722151785
,,,,,,b,6912.0,0.3895212538923278
,,,,,,b,6913.0,0.3291019057565787
,,,,,,b,6914.0,0.3120646511329199
,,,,,,b,6915.0,0.4385131750789623
,,,,,,b,6916.0,0.3640998458265692
,,,,,,b,6917.0,0.2619810261984536
,,,,,,b,6918.0,0.3127895398272513
,,,,,,b,6919.0,0.3051193312400411
,,,,,,b,6920.0,0.3760812065018273
,,,,,,b,6921.0,0.3865685163077916
,,,,,,b,6922.0,0.3618404995575996
,,,,,,b,6923.0,0.350553649715156
,,,,,,b,6924.0,0.3134126573986453
,,,,,,b,6925.0,0.2860458497756317
,,,,,,b,6926.0,0.2911721251502266
,,,,,,b,6927.0,0.2649232858805419
,,,,,,b,6928.0,0.3048222264923668
,,,,,,b,6929.0,0.3036138393833538
,,,,,,b,6930.0,0.4168304436932977
,,,,,,b,6931.0,0.3640021485052904
,,,,,,b,6932.0,0.3417348948708421
,,,,,,b,6933.0,0.3416540372442278
,,,,,,b,6934.0,0.44255368906795
,,,,,,b,6935.0,0.3010962493449014
,,,,,,b,6936.0,0.363248092277769
,,,,,,b,6937.0,0.3371940816205439
,,,,,,b,6938.0,0.3798667467016758
,,,,,,b,6939.0,0.3725025999998603
,,,,,,b,6940.0,0.344637009037477
,,,,,,b,6941.0,0.3782061980783724
,,,,,,b,6942.0,0.304935175675769
,,,,,,b,6943.0,0.3335916910485279
,,,,,,b,6944.0,0.3212545534676247
,,,,,,b,6945.0,0.2872726638491114
,,,,,,b,6946.0,0.3257492709536564
,,,,,,b,6947.0,0.3658385869339904
,,,,,,b,6948.0,0.3225445357818035
,,,,,,b,6949.0,0.3525238058670883
,,,,,,b,6950.0,0.351793087338021
,,,,,,b,6951.0,0.267710867417529
,,,,,,b,6952.0,0.3398595363336198
,,,,,,b,6953.0,0.3466123013649356
,,,,,,b,6954.0,0.3655441666444274
,,,,,,b,6955.0,0.3574693774846338
,,,,,,b,6956.0,0.4230827596146755
,,,,,,b,6957.0,0.4018785332456356
,,,,,,b,6958.0,0.3594499823019355
,,,,,,b,6959.0,0.387288129756635
,,,,,,b,6960.0,0.3662273062208414
,,,,,,b,6961.0,0.3304972074651227
,,,,,,b,6962.0,0.3783238002462794
,,,,,,b,6963.0,0.4083942042536397
,,,,,,b,6964.0,0.3412802718029679
,,,,,,b,6965.0,0.331075829022831
,,,,,,b,6966.0,0.400147066392976
,,,,,,b,6967.0,0.3992676007358495
,,,,,,b,6968.0,0.3551443372357998
,,,,,,b,6969.0,0.3742799422486467
,,,,,,b,6970.0,0.2554865902779357
,,,,,,b,6971.0,0.2739222892369062
,,,,,,b,6972.0,0.3614201743250125
,,,,,,b,6973.0,0.375735805548901
,,,,,,b,6974.0,0.3309211103681213
,,,,,,b,6975.0,0.3326139329229187
,,,,,,b,6976.0,0.3935290650665095
,,,,,,b,6977.0,0.3185616338072954
,,,,,,b,6978.0,0.3514155351524652
,,,,,,b,6979.0,0.3181942035722729
,,,,,,b,6980.0,0.3096296372755835
,,,,,,b,6981.0,0.3643051564000372
,,,,,,b,6982.0,0.3558652164703781
,,,,,,b,6983.0,0.3595824541134811
,,,,,,b,6984.0,0.360415245794198
,,,,,,b,6985.0,0.3733437067889689
,,,,,,b,6986.0,0.3019319586124243
,,,,,,b,6987.0,0.4034631244084106
,,,,,,b,6988.0,0.4167735868644544
,,,,,,b,6989.0,0.4071928167382794
,,,,,,b,6990.0,0.3418511490638409
,,,,,,b,6991.0,0.3389765387116368
,,,,,,b,6992.0,0.359786664050143
,,,,,,b,6993.0,0.2722148365162349
,,,,,,b,6994.0,0.3361691963121584
,,,,,,b,6995.0,0.3169494109060835
,,,,,,b,6996.0,0.2998767992740401
,,,,,,b,6997.0,0.3465357558555086
,,,,,,b,6998.0,0.3735380126348007
,,,,,,b,6999.0,0.4014125102402253
,,,,,,b,7000.0,0.3197413679824494
,,,,,,b,7001.0,0.3794433135284549
,,,,,,b,7002.0,0.3308939987481789
,,,,,,b,7003.0,0.3178136334355312
,,,,,,b,7004.0,0.3113150579908907
,,,,,,b,7005.0,0.3772173934770322
,,,,,,b,7006.0,0.3833257366084872
,,,,,,b,7007.0,0.3052278758841096
,,,,,,b,7008.0,0.400183119961726
,,,,,,b,7009.0,0.2967878753321442
,,,,,,b,7010.0,0.3821622026295665
,,,,,,b,7011.0,0.3563999179151453
,,,,,,b,7012.0,0.331858216463766
,,,,,,b,7013.0,0.3586672818836622
,,,,,,b,7014.0,0.3763186204445023
,,,,,,b,7015.0,0.3732139720341929
,,,,,,b,7016.0,0.3222791020293454
,,,,,,b,7017.0,0.4393576284727496
,,,,,,b,7018.0,0.4402556041477519
,,,,,,b,7019.0,0.3113484664878121
,,,,,,b,7020.0,0.3804244958582901
,,,,,,b,7021.0,0.3231322844215922
,,,,,,b,7022.0,0.3956115715772497
,,,,,,b,7023.0,0.359956714914301
,,,,,,b,7024.0,0.3432748755353589
,,,,,,b,7025.0,0.3339072392733322
,,,,,,b,7026.0,0.3890885105544499
,,,,,,b,7027.0,0.334196805827017
,,,,,,b,7028.0,0.3634101867209041
,,,,,,b,7029.0,0.339386878367224
,,,,,,b,7030.0,0.3737399196381297
,,,,,,b,7031.0,0.3409040180120235
,,,,,,b,7032.0,0.3881534064488465
,,,,,,b,7033.0,0.3798918857396467
,,,,,,b,7034.0,0.4095629246203902
,,,,,,b,7035.0,0.3029897034947888
,,,,,,b,7036.0,0.3407209405315998
,,,,,,b,7037.0,0.3422689798436997
,,,,,,b,7038.0,0.3310495384108947
,,,,,,b,7039.0,0.3993184612688019
,,,,,,b,7040.0,0.3125493557654071
,,,,,,b,7041.0,0.3784809231148953
,,,,,,b,7042.0,0.3981815647270657
,,,,,,b,7043.0,0.405104854097063
,,,,,,b,7044.0,0.2767887470576697
,,,,,,b,7045.0,0.366357037596114
,,,,,,b,7046.0,0.338239330556128
,,,,,,b,7047.0,0.3410654210678512
,,,,,,b,7048.0,0.412580363256394
,,,,,,b,7049.0,0.3019938623431328
,,,,,,b,7050.0,0.3614607337190691
,,,,,,b,7051.0,0.3936738926734286
,,,,,,b,7052.0,0.3197259663892549
,,,,,,b,7053.0,0.404953123153021
,,,,,,b,7054.0,0.3505888283308618
,,,,,,b,7055.0,0.3800540261949119
,,,,,,b,7056.0,0.3444319382502421
,,,,,,b,7057.0,0.3174939196681454
,,,,,,b,7058.0,0.4067645400839454
,,,,,,b,7059.0,0.3627131545409048
,,,,,,b,7060.0,0.3106442709120793
,,,,,,b,7061.0,0.3729114712112644
,,,,,,b,7062.0,0.3553888928490827
,,,,,,b,7063.0,0.4403805511718976
,,,,,,b,7064.0,0.3379938280580328
,,,,,,b,7065.0,0.3278575388579949
,,,,,,b,7066.0,0.3275607149234618
,,,,,,b,7067.0,0.3999970851559467
,,,,,,b,7068.0,0.3684890450306359
,,,,,,b,7069.0,0.3826617283009876
,,,,,,b,7070.0,0.3291411645107116
,,,,,,b,7071.0,0.3752216101286283
,,,,,,b,7072.0,0.3412255226885801
,,,,,,b,7073.0,0.3286570722990256
,,,,,,b,7074.0,0.4176101184042511
,,,,,,b,7075.0,0.3060858699419819
,,,,,,b,7076.0,0.2963253532219019
,,,,,,b,7077.0,0.3113175793507006
,,,,,,b,7078.0,0.394645394259395
,,,,,,b,7079.0,0.3887168791629753
,,,,,,b,7080.0,0.3324909033644951
,,,,,,b,7081.0,0.3375380820676872
,,,,,,b,7082.0,0.3003358119801542
,,,,,,b,7083.0,0.299738874600461
,,,,,,b,7084.0,0.3047452824218273
,,,,,,b,7085.0,0.3923061345169549
,,,,,,b,7086.0,0.3933555708049132
,,,,,,b,7087.0,0.3409336713887634
,,,,,,b,7088.0,0.2853625428827024
,,,,,,b,7089.0,0.3668277697208806
,,,,,,b,7090.0,0.3260862476396968
,,,,,,b,7091.0,0.3517811561271031
,,,,,,b,7092.0,0.3677731460829427
,,,,,,b,7093.0,0.313773397578426
,,,,,,b,7094.0,0.3716584906509901
,,,,,,b,7095.0,0.3067332312097193
,,,,,,b,7096.0,0.3740848977210604
,,,,,,b,7097.0,0.3858711513082542
,,,,,,b,7098.0,0.2810501711320667
,,,,,,b,7099.0,0.3475167731700992
,,,,,,b,7100.0,0.3633802951873166
,,,,,,b,7101.0,0.3211952873753825
,,,,,,b,7102.0,0.3685087994882177
,,,,,,b,7103.0,0.3859197006666237
,,,,,,b,7104.0,0.3521890187080556
,,,,,,b,7105.0,0.3857616880590409
,,,,,,b,7106.0,0.3441000645412364
,,,,,,b,7107.0,0.3398113397117086
,,,,,,b,7108.0,0.355997560757773
,,,,,,b,7109.0,0.3569028229910023
,,,,,,b,7110.0,0.3992206303270755
,,,,,,b,7111.0,0.3493972734183677
,,,,,,b,7112.0,0.3648727877567923
,,,,,,b,7113.0,0.3816808106948812
,,,,,,b,7114.0,0.3804093214570265
,,,,,,b,7115.0,0.330125493678481
,,,,,,b,7116.0,0.3242505702794553
,,,,,,b,7117.0,0.3344952837515422
,,,,,,b,7118.0,0.3013275437462446
,,,,,,b,7119.0,0.3486168306251533
,,,,,,b,7120.0,0.3688940754007097
,,,,,,b,7121.0,0.3719405905829109
,,,,,,b,7122.0,0.3509866344657788
,,,,,,b,7123.0,0.4095382426780833
,,,,,,b,7124.0,0.2482354692863904
,,,,,,b,7125.0,0.3495644565007638
,,,,,,b,7126.0,0.3700525024574665
,,,,,,b,7127.0,0.3497807089388831
,,,,,,b,7128.0,0.3748591276815762
,,,,,,b,7129.0,0.2994800026919635
,,,,,,b,7130.0,0.3244941515141524
,,,,,,b,7131.0,0.4071824976351972
,,,,,,b,7132.0,0.450852860642057
,,,,,,b,7133.0,0.3499684266626746
,,,,,,b,7134.0,0.3572942266191807
,,,,,,b,7135.0,0.4104926381465379
,,,,,,b,7136.0,0.3820021607280832
,,,,,,b,7137.0,0.3484556006987831
,,,,,,b,7138.0,0.3160659496038138
,,,,,,b,7139.0,0.3339837350054879
,,,,,,b,7140.0,0.479535240650363
,,,,,,b,7141.0,0.3688764292677451
,,,,,,b,7142.0,0.333241919882298
,,,,,,b,7143.0,0.3114414794438689
,,,,,,b,7144.0,0.3665134827892751
,,,,,,b,7145.0,0.35691049517136
,,,,,,b,7146.0,0.3248834205057038
,,,,,,b,7147.0,0.343011879069846
,,,,,,b,7148.0,0.3644723443531656
,,,,,,b,7149.0,0.3199191338361347
,,,,,,b,7150.0,0.3192235054358052
,,,,,,b,7151.0,0.3632634052651324
,,,,,,b,7152.0,0.3526993480991645
,,,,,,b,7153.0,0.3435115275882707
,,,,,,b,7154.0,0.3528306269948564
,,,,,,b,7155.0,0.4155874440566545
,,,,,,b,7156.0,0.3163634004900033
,,,,,,b,7157.0,0.2814682510616926
,,,,,,b,7158.0,0.3004991198126885
,,,,,,b,7159.0,0.4151850326651476
,,,,,,b,7160.0,0.3587238453054033
,,,,,,b,7161.0,0.3779453501948646
,,,,,,b,7162.0,0.3310194463341545
,,,,,,b,7163.0,0.3774979521709838
,,,,,,b,7164.0,0.2809021682273407
,,,,,,b,7165.0,0.3748775229543195
,,,,,,b,7166.0,0.369918266287851
,,,,,,b,7167.0,0.3975505607809007
,,,,,,b,7168.0,0.3315041147775663
,,,,,,b,7169.0,0.3419130682843625
,,,,,,b,7170.0,0.3096827806644304
,,,,,,b,7171.0,0.4568547803521721
,,,,,,b,7172.0,0.3441591406131437
,,,,,,b,7173.0,0.3348298789337054
,,,,,,b,7174.0,0.3694876578521753
,,,,,,b,7175.0,0.3425931771964068
,,,,,,b,7176.0,0.4321701037275973
,,,,,,b,7177.0,0.3411749153576169
,,,,,,b,7178.0,0.3809521186227864
,,,,,,b,7179.0,0.3556735964897219
,,,,,,b,7180.0,0.347443605792487
,,,,,,b,7181.0,0.3353790869923796
,,,,,,b,7182.0,0.3640534824704553
,,,,,,b,7183.0,0.4554279233221279
,,,,,,b,7184.0,0.3649478829388322
,,,,,,b,7185.0,0.3568243701034137
,,,,,,b,7186.0,0.3687575143154329
,,,,,,b,7187.0,0.3978102573368454
,,,,,,b,7188.0,0.3690974826374429
,,,,,,b,7189.0,0.3493442342608821
,,,,,,b,7190.0,0.3172351039844057
,,,,,,b,7191.0,0.4307822698673984
,,,,,,b,7192.0,0.2822451723762893
,,,,,,b,7193.0,0.3613820052431049
,,,,,,b,7194.0,0.3612581610769019
,,,,,,b,7195.0,0.3354206098933305
,,,,,,b,7196.0,0.3792066592663943
,,,,,,b,7197.0,0.3661635226813966
,,,,,,b,7198.0,0.2890867917679975
,,,,,,b,7199.0,0.3236588590951319
,,,,,,b,7200.0,0.3604818855428577
,,,,,,b,7201.0,0.3816570629776423
,,,,,,b,7202.0,0.3711450628470363
,,,,,,b,7203.0,0.4318018934823153
,,,,,,b,7204.0,0.311114315815113
,,,,,,b,7205.0,0.3818851407150805
,,,,,,b,7206.0,0.3490377947141874
,,,,,,b,7207.0,0.3575775738232662
,,,,,,b,7208.0,0.3570649861682851
,,,,,,b,7209.0,0.3796226049935161
,,,,,,b,7210.0,0.3065964353108033
,,,,,,b,7211.0,0.3630015363431105
,,,,,,b,7212.0,0.3316589060575308
,,,,,,b,7213.0,0.307232544839787
,,,,,,b,7214.0,0.296781521097035
,,,,,,b,7215.0,0.2844962933762285
,,,,,,b,7216.0,0.2982206672815986
,,,,,,b,7217.0,0.3548294917621679
,,,,,,b,7218.0,0.3583942446086294
,,,,,,b,7219.0,0.3462667206169456
,,,,,,b,7220.0,0.3188191508345555
,,,,,,b,7221.0,0.3726467437263618
,,,,,,b,7222.0,0.3166246554643681
,,,,,,b,7223.0,0.4119139369862492
,,,,,,b,7224.0,0.3463149443613309
,,,,,,b,7225.0,0.3780926113135718
,,,,,,b,7226.0,0.3294827020223918
,,,,,,b,7227.0,0.3940166926471637
,,,,,,b,7228.0,0.4241472616723643
,,,,,,b,7229.0,0.3518444451476288
,,,,,,b,7230.0,0.3833880898755426
,,,,,,b,7231.0,0.3697759882522393
,,,,,,b,7232.0,0.3655358828355473
,,,,,,b,7233.0,0.3796231579363174
,,,,,,b,7234.0,0.3902773862888384
,,,,,,b,7235.0,0.3909621783209807
,,,,,,b,7236.0,0.3785520976306427
,,,,,,b,7237.0,0.3071713908070386
,,,,,,b,7238.0,0.4003646646176189
,,,,,,b,7239.0,0.3446396711766266
,,,,,,b,7240.0,0.3346021287892866
,,,,,,b,7241.0,0.3175296238555645
,,,,,,b,7242.0,0.37559719366604
,,,,,,b,7243.0,0.2976813126672488
,,,,,,b,7244.0,0.3322981158473523
,,,,,,b,7245.0,0.3159293361349236
,,,,,,b,7246.0,0.2952623155992904
,,,,,,b,7247.0,0.3681285556707685
,,,,,,b,7248.0,0.3788281172207299
,,,,,,b,7249.0,0.3231834843648777
,,,,,,b,7250.0,0.385027293731329
,,,,,,b,7251.0,0.3144154738121583
,,,,,,b,7252.0,0.3208546243706487
,,,,,,b,7253.0,0.3758595609270645
,,,,,,b,7254.0,0.3562643971904653
,,,,,,b,7255.0,0.3428877914341646
,,,,,,b,7256.0,0.3453983348053175
,,,,,,b,7257.0,0.3052781234133834
,,,,,,b,7258.0,0.4326896502263042
,,,,,,b,7259.0,0.3600729468246841
,,,,,,b,7260.0,0.346007016126888
,,,,,,b,7261.0,0.3340222880819201
,,,,,,b,7262.0,0.3535279566992297
,,,,,,b,7263.0,0.365666409567988
,,,,,,b,7264.0,0.3827596144702818
,,,,,,b,7265.0,0.3163184090286242
,,,,,,b,7266.0,0.3869494281170738
,,,,,,b,7267.0,0.3386315822627725
,,,,,,b,7268.0,0.3197254849033832
,,,,,,b,7269.0,0.3309832824953154
,,,,,,b,7270.0,0.3377064508093976
,,,,,,b,7271.0,0.3563407574649551
,,,,,,b,7272.0,0.3642112989289057
,,,,,,b,7273.0,0.4067952065139906
,,,,,,b,7274.0,0.3614021986469966
,,,,,,b,7275.0,0.3762614983670493
,,,,,,b,7276.0,0.3745412491252913
,,,,,,b,7277.0,0.3827209493992596
,,,,,,b,7278.0,0.3563373347622103
,,,,,,b,7279.0,0.3598460780139261
,,,,,,b,7280.0,0.3494268457635017
,,,,,,b,7281.0,0.2981504857771813
,,,,,,b,7282.0,0.3735361120865446
,,,,,,b,7283.0,0.3251994196790169
,,,,,,b,7284.0,0.3459062852377514
,,,,,,b,7285.0,0.3359416931858461
,,,,,,b,7286.0,0.4365159661681428
,,,,,,b,7287.0,0.3451644073099347
,,,,,,b,7288.0,0.3549123520498418
,,,,,,b,7289.0,0.4289184453466834
,,,,,,b,7290.0,0.3378057748452674
,,,,,,b,7291.0,0.3368757536200468
,,,,,,b,7292.0,0.3594583538729905
,,,,,,b,7293.0,0.3332393818577861
,,,,,,b,7294.0,0.316088703343059
,,,,,,b,7295.0,0.3602588133919253
,,,,,,b,7296.0,0.3815350239915682
,,,,,,b,7297.0,0.3969574398414721
,,,,,,b,7298.0,0.3465322394953549
,,,,,,b,7299.0,0.3018567930047764
,,,,,,b,7300.0,0.3737518886215296
,,,,,,b,7301.0,0.3437171882265901
,,,,,,b,7302.0,0.3323157033360351
,,,,,,b,7303.0,0.3600147370928246
,,,,,,b,7304.0,0.3392305244436131
,,,,,,b,7305.0,0.3411238220574
,,,,,,b,7306.0,0.2980918725406614
,,,,,,b,7307.0,0.3089007921863063
,,,,,,b,7308.0,0.3254973236852563
,,,,,,b,7309.0,0.3163765466147974
,,,,,,b,7310.0,0.3575468447469037
,,,,,,b,7311.0,0.3562668485932687
,,,,,,b,7312.0,0.3529838339888558
,,,,,,b,7313.0,0.3666006484540931
,,,,,,b,7314.0,0.3295822434980913
,,,,,,b,7315.0,0.4128060652977963
,,,,,,b,7316.0,0.2579099652967498
,,,,,,b,7317.0,0.343318952122321
,,,,,,b,7318.0,0.3505147665089438
,,,,,,b,7319.0,0.312265605379272
,,,,,,b,7320.0,0.3998811499308994
,,,,,,b,7321.0,0.2888425344030669
,,,,,,b,7322.0,0.3695437986255618
,,,,,,b,7323.0,0.3441769351406294
,,,,,,b,7324.0,0.4151852089941821
,,,,,,b,7325.0,0.3169826272453973
,,,,,,b,7326.0,0.3420066563845529
,,,,,,b,7327.0,0.3866720247415314
,,,,,,b,7328.0,0.3425179245865655
,,,,,,b,7329.0,0.2967873051762058
,,,,,,b,7330.0,0.3473059419070967
,,,,,,b,7331.0,0.3692063617048053
,,,,,,b,7332.0,0.366572218079698
,,,,,,b,7333.0,0.3331749832172352
,,,,,,b,7334.0,0.4182490316234126
,,,,,,b,7335.0,0.3207993494081016
,,,,,,b,7336.0,0.4382810027785981
,,,,,,b,7337.0,0.3613578166883329
,,,,,,b,7338.0,0.2917343047509835
,,,,,,b,7339.0,0.3356601290950642
,,,,,,b,7340.0,0.3589413633808656
,,,,,,b,7341.0,0.3607850329201865
,,,,,,b,7342.0,0.3823618823699548
,,,,,,b,7343.0,0.3566213588942002
,,,,,,b,7344.0,0.2990471426847456
,,,,,,b,7345.0,0.3671734409454061
,,,,,,b,7346.0,0.4049093519785778
,,,,,,b,7347.0,0.3718093980567891
,,,,,,b,7348.0,0.3593356918209882
,,,,,,b,7349.0,0.3544735029244541
,,,,,,b,7350.0,0.4019527894044801
,,,,,,b,7351.0,0.3706647219547756
,,,,,,b,7352.0,0.3346120823601879
,,,,,,b,7353.0,0.3722248711730374
,,,,,,b,7354.0,0.3434703955425831
,,,,,,b,7355.0,0.3178691099294259
,,,,,,b,7356.0,0.3958237859194047
,,,,,,b,7357.0,0.3345752210052808
,,,,,,b,7358.0,0.3221023562057414
,,,,,,b,7359.0,0.3250788581610937
,,,,,,b,7360.0,0.4076171260445447
,,,,,,b,7361.0,0.3612441354416007
,,,,,,b,7362.0,0.3120126666142826
,,,,,,b,7363.0,0.3613091007482722
,,,,,,b,7364.0,0.3189161038420751
,,,,,,b,7365.0,0.3075452311402999
,,,,,,b,7366.0,0.4160827880184312
,,,,,,b,7367.0,0.2910268081808982
,,,,,,b,7368.0,0.3648527306418456
,,,,,,b,7369.0,0.3146985149411927
,,,,,,b,7370.0,0.3676020972657028
,,,,,,b,7371.0,0.342298429562903
,,,,,,b,7372.0,0.4032884700691239
,,,,,,b,7373.0,0.3034716278424043
,,,,,,b,7374.0,0.3491684548030171
,,,,,,b,7375.0,0.3478254625215782
,,,,,,b,7376.0,0.3733264454924123
,,,,,,b,7377.0,0.4008656387730434
,,,,,,b,7378.0,0.3168007818398037
,,,,,,b,7379.0,0.340008062682406
,,,,,,b,7380.0,0.3912609370292244
,,,,,,b,7381.0,0.3449368328421625
,,,,,,b,7382.0,0.3442692286982414
,,,,,,b,7383.0,0.3211402717388902
,,,,,,b,7384.0,0.3626845102157583
,,,,,,b,7385.0,0.3074105131275866
,,,,,,b,7386.0,0.3826478655296932
,,,,,,b,7387.0,0.3977358973796479
,,,,,,b,7388.0,0.4107925028844597
,,,,,,b,7389.0,0.3837568741773411
,,,,,,b,7390.0,0.4588111638052634
,,,,,,b,7391.0,0.2994444673995495
,,,,,,b,7392.0,0.3307769861442895
,,,,,,b,7393.0,0.4083636690289678
,,,,,,b,7394.0,0.3394748788751793
,,,,,,b,7395.0,0.4108637492695206
,,,,,,b,7396.0,0.3520114096785911
,,,,,,b,7397.0,0.2807120802575014
,,,,,,b,7398.0,0.3127685301627712
,,,,,,b,7399.0,0.3486663099908851
,,,,,,b,7400.0,0.348123943015957
,,,,,,b,7401.0,0.2655029835075808
,,,,,,b,7402.0,0.3701619894540906
,,,,,,b,7403.0,0.354956473233496
,,,,,,b,7404.0,0.2924572807394856
,,,,,,b,7405.0,0.3322620198510817
,,,,,,b,7406.0,0.3254138193683089
,,,,,,b,7407.0,0.3877870766675584
,,,,,,b,7408.0,0.3660202047436502
,,,,,,b,7409.0,0.4376193186051562
,,,,,,b,7410.0,0.3972975496029658
,,,,,,b,7411.0,0.3763064474043194
,,,,,,b,7412.0,0.3506878657339363
,,,,,,b,7413.0,0.3314922029643496
,,,,,,b,7414.0,0.358328338643584
,,,,,,b,7415.0,0.4157796093997721
,,,,,,b,7416.0,0.4230037609893848
,,,,,,b,7417.0,0.3741381660971896
,,,,,,b,7418.0,0.4048968198799909
,,,,,,b,7419.0,0.3493308819528566
,,,,,,b,7420.0,0.2617236709314867
,,,,,,b,7421.0,0.3097641314267338
,,,,,,b,7422.0,0.3379163089110792
,,,,,,b,7423.0,0.4447729218057383
,,,,,,b,7424.0,0.3865545418478069
,,,,,,b,7425.0,0.4126107918586461
,,,,,,b,7426.0,0.3099500321424875
,,,,,,b,7427.0,0.347868641499137
,,,,,,b,7428.0,0.3580142580080925
,,,,,,b,7429.0,0.3607515466178084
,,,,,,b,7430.0,0.2909094222387018
,,,,,,b,7431.0,0.3574744986465532
,,,,,,b,7432.0,0.2622382174910251
,,,,,,b,7433.0,0.2844214237698326
,,,,,,b,7434.0,0.3062344619324939
,,,,,,b,7435.0,0.3807336079137
,,,,,,b,7436.0,0.3317022882199119
,,,,,,b,7437.0,0.3577409037850967
,,,,,,b,7438.0,0.302854595355269
,,,,,,b,7439.0,0.3326231758690787
,,,,,,b,7440.0,0.3874189853843677
,,,,,,b,7441.0,0.3251708996719245
,,,,,,b,7442.0,0.425588027067866
,,,,,,b,7443.0,0.2649040308375561
,,,,,,b,7444.0,0.3135928773711507
,,,,,,b,7445.0,0.3508242508280843
,,,,,,b,7446.0,0.3481072586510132
,,,,,,b,7447.0,0.3568460148503161
,,,,,,b,7448.0,0.3445403373085005
,,,,,,b,7449.0,0.3452587427461111
,,,,,,b,7450.0,0.3729346460064033
,,,,,,b,7451.0,0.3436280598075418
,,,,,,b,7452.0,0.3655729702663004
,,,,,,b,7453.0,0.285084919348447
,,,,,,b,7454.0,0.3615731150792354
,,,,,,b,7455.0,0.399355171680289
,,,,,,b,7456.0,0.319018284404768
,,,,,,b,7457.0,0.3448898107881617
,,,,,,b,7458.0,0.3326144161493478
,,,,,,b,7459.0,0.4124555344819614
,,,,,,b,7460.0,0.3958015803140493
,,,,,,b,7461.0,0.3036314428861284
,,,,,,b,7462.0,0.3369791440283443
,,,,,,b,7463.0,0.4030238882956443
,,,,,,b,7464.0,0.4120873318902331
,,,,,,b,7465.0,0.3616131658073418
,,,,,,b,7466.0,0.3522714336513068
,,,,,,b,7467.0,0.328674013863294
,,,,,,b,7468.0,0.3672249586212306
,,,,,,b,7469.0,0.3553932460700966
,,,,,,b,7470.0,0.3314779415047284
,,,,,,b,7471.0,0.3289616323682813
,,,,,,b,7472.0,0.3813394542659418
,,,,,,b,7473.0,0.3623037280203109
,,,,,,b,7474.0,0.3355833187050603
,,,,,,b,7475.0,0.2970966541404163
,,,,,,b,7476.0,0.3845595309976373
,,,,,,b,7477.0,0.3667300478218642
,,,,,,b,7478.0,0.39601950218261
,,,,,,b,7479.0,0.3719533264540993
,,,,,,b,7480.0,0.4187106707539967
,,,,,,b,7481.0,0.3730907903335425
,,,,,,b,7482.0,0.3109437726476631
,,,,,,b,7483.0,0.3331671928589697
,,,,,,b,7484.0,0.3189749404204902
,,,,,,b,7485.0,0.3468027831641596
,,,,,,b,7486.0,0.3221455225018994
,,,,,,b,7487.0,0.4097109168851784
,,,,,,b,7488.0,0.3721014550695218
,,,,,,b,7489.0,0.3179425076528126
,,,,,,b,7490.0,0.3566368560899504
,,,,,,b,7491.0,0.3407212297773898
,,,,,,b,7492.0,0.2926322863398365
,,,,,,b,7493.0,0.3101730967394207
,,,,,,b,7494.0,0.3625827577303258
,,,,,,b,7495.0,0.3409660383996016
,,,,,,b,7496.0,0.365662410892928
,,,,,,b,7497.0,0.363160181014754
,,,,,,b,7498.0,0.3482967533229399
,,,,,,b,7499.0,0.3686762161274961
,,,,,,b,7500.0,0.3430697166534604
,,,,,,b,7501.0,0.3496923506937208
,,,,,,b,7502.0,0.3369434962145083
,,,,,,b,7503.0,0.300703270329004
,,,,,,b,7504.0,0.3060426788277559
,,,,,,b,7505.0,0.4351979479224503
,,,,,,b,7506.0,0.3350201857915538
,,,,,,b,7507.0,0.3346124373292998
,,,,,,b,7508.0,0.3321345300040752
,,,,,,b,7509.0,0.2971282372269663
,,,,,,b,7510.0,0.3240466307428402
,,,,,,b,7511.0,0.3720608874312012
,,,,,,b,7512.0,0.3677373442865153
,,,,,,b,7513.0,0.3242782171099931
,,,,,,b,7514.0,0.380484792484876
,,,,,,b,7515.0,0.426755997643701
,,,,,,b,7516.0,0.3020148270256602
,,,,,,b,7517.0,0.3940519638465631
,,,,,,b,7518.0,0.3636528779350052
,,,,,,b,7519.0,0.2954157933866987
,,,,,,b,7520.0,0.3345721684741285
,,,,,,b,7521.0,0.2845041111184305
,,,,,,b,7522.0,0.3950703340797319
,,,,,,b,7523.0,0.3579745133890291
,,,,,,b,7524.0,0.3259542520272509
,,,,,,b,7525.0,0.2977916549848376
,,,,,,b,7526.0,0.2955301361548512
,,,,,,b,7527.0,0.3221823801493979
,,,,,,b,7528.0,0.3449678617841458
,,,,,,b,7529.0,0.3586218404529591
,,,,,,b,7530.0,0.3337532758639048
,,,,,,b,7531.0,0.3045682743275155
,,,,,,b,7532.0,0.30091841899424
,,,,,,b,7533.0,0.3429170688338194
,,,,,,b,7534.0,0.4190328389329938
,,,,,,b,7535.0,0.3580229831292931
,,,,,,b,7536.0,0.3607852229878836
,,,,,,b,7537.0,0.3439588261593407
,,,,,,b,7538.0,0.3864392549937361
,,,,,,b,7539.0,0.3792913923903898
,,,,,,b,7540.0,0.3372039762582806
,,,,,,b,7541.0,0.3942226338394006
,,,,,,b,7542.0,0.3293484011463587
,,,,,,b,7543.0,0.3736721152567677
,,,,,,b,7544.0,0.3585723261063203
,,,,,,b,7545.0,0.31459517753055
,,,,,,b,7546.0,0.374907901484288
,,,,,,b,7547.0,0.2984042667999245
,,,,,,b,7548.0,0.400204448961782
,,,,,,b,7549.0,0.3483809273212412
,,,,,,b,7550.0,0.3960824613829143
,,,,,,b,7551.0,0.3288912525409424
,,,,,,b,7552.0,0.3833614894595882
,,,,,,b,7553.0,0.3747811516981398
,,,,,,b,7554.0,0.3742198945393262
,,,,,,b,7555.0,0.3190857968833698
,,,,,,b,7556.0,0.3768700956926807
,,,,,,b,7557.0,0.3545460761087926
,,,,,,b,7558.0,0.3640597419908871
,,,,,,b,7559.0,0.3892254681086227
,,,,,,b,7560.0,0.3354849705263185
,,,,,,b,7561.0,0.3443127305524323
,,,,,,b,7562.0,0.3511690518832173
,,,,,,b,7563.0,0.3623302050208958
,,,,,,b,7564.0,0.3169676169287316
,,,,,,b,7565.0,0.3281800041047975
,,,,,,b,7566.0,0.3217863184439666
,,,,,,b,7567.0,0.3630494567252524
,,,,,,b,7568.0,0.39858239921405
,,,,,,b,7569.0,0.3367242050363921
,,,,,,b,7570.0,0.3774063823685347
,,,,,,b,7571.0,0.4349597403548992
,,,,,,b,7572.0,0.3437127820933332
,,,,,,b,7573.0,0.3062606618102768
,,,,,,b,7574.0,0.4054854770090994
,,,,,,b,7575.0,0.3135040673115847
,,,,,,b,7576.0,0.3755945190490592
,,,,,,b,7577.0,0.3267374115141992
,,,,,,b,7578.0,0.3868878312331851
,,,,,,b,7579.0,0.4197424544012369
,,,,,,b,7580.0,0.3010065269986599
,,,,,,b,7581.0,0.2968786844399731
,,,,,,b,7582.0,0.4405038542852826
,,,,,,b,7583.0,0.363291021896631
,,,,,,b,7584.0,0.3668508539646415
,,,,,,b,7585.0,0.3990784215941438
,,,,,,b,7586.0,0.4176956343642306
,,,,,,b,7587.0,0.3798884445570842
,,,,,,b,7588.0,0.4161882956034808
,,,,,,b,7589.0,0.3340519892273446
,,,,,,b,7590.0,0.3771700675619778
,,,,,,b,7591.0,0.2860402260445074
,,,,,,b,7592.0,0.2583555241016739
,,,,,,b,7593.0,0.318437374787976
,,,,,,b,7594.0,0.317850593903425
,,,,,,b,7595.0,0.3278094043765156
,,,,,,b,7596.0,0.3134503820082868
,,,,,,b,7597.0,0.4012881976883684
,,,,,,b,7598.0,0.3903424121751744
,,,,,,b,7599.0,0.3515872103985309
,,,,,,b,7600.0,0.3255149094803271
,,,,,,b,7601.0,0.3980298639990796
,,,,,,b,7602.0,0.365230166425194
,,,,,,b,7603.0,0.3649532645178128
,,,,,,b,7604.0,0.3223102764352714
,,,,,,b,7605.0,0.4162648692185642
,,,,,,b,7606.0,0.3961735600804985
,,,,,,b,7607.0,0.3554560806686071
,,,,,,b,7608.0,0.3193284464890062
,,,,,,b,7609.0,0.3601209931786004
,,,,,,b,7610.0,0.3618128257318718
,,,,,,b,7611.0,0.3891562735655216
,,,,,,b,7612.0,0.4451475712791648
,,,,,,b,7613.0,0.3342215181727486
,,,,,,b,7614.0,0.3430157208069189
,,,,,,b,7615.0,0.3298299408383824
,,,,,,b,7616.0,0.3820959196070266
,,,,,,b,7617.0,0.3665288076321467
,,,,,,b,7618.0,0.3284492344203329
,,,,,,b,7619.0,0.3452361087516045
,,,,,,b,7620.0,0.3233246162265839
,,,,,,b,7621.0,0.3180690957309768
,,,,,,b,7622.0,0.3150123317089033
,,,,,,b,7623.0,0.3081928205308522
,,,,,,b,7624.0,0.3272580446160691
,,,,,,b,7625.0,0.2858555945654961
,,,,,,b,7626.0,0.3235499305796958
,,,,,,b,7627.0,0.3039732470475602
,,,,,,b,7628.0,0.3885418202201069
,,,,,,b,7629.0,0.3902453244562949
,,,,,,b,7630.0,0.374309089690199
,,,,,,b,7631.0,0.2937992807406013
,,,,,,b,7632.0,0.4006916262424829
,,,,,,b,7633.0,0.2667784632202283
,,,,,,b,7634.0,0.4176260244797025
,,,,,,b,7635.0,0.3707360931807444
,,,,,,b,7636.0,0.4050427406726227
,,,,,,b,7637.0,0.3924793738323711
,,,,,,b,7638.0,0.3395302772287287
,,,,,,b,7639.0,0.3841351791936827
,,,,,,b,7640.0,0.3984626131558029
,,,,,,b,7641.0,0.2556901914615173
,,,,,,b,7642.0,0.3552642912949073
,,,,,,b,7643.0,0.3648327447066326
,,,,,,b,7644.0,0.3590766826627405
,,,,,,b,7645.0,0.4268504714202557
,,,,,,b,7646.0,0.3122000076108837
,,,,,,b,7647.0,0.3052648673513802
,,,,,,b,7648.0,0.365888803716595
,,,,,,b,7649.0,0.344292596981655
,,,,,,b,7650.0,0.3714709215660887
,,,,,,b,7651.0,0.3204401423064182
,,,,,,b,7652.0,0.3461433946670764
,,,,,,b,7653.0,0.3627152366819137
,,,,,,b,7654.0,0.363100833725273
,,,,,,b,7655.0,0.3334261517683612
,,,,,,b,7656.0,0.3694047754655041
,,,,,,b,7657.0,0.3686579513155337
,,,,,,b,7658.0,0.3272975686110579
,,,,,,b,7659.0,0.3663781038374956
,,,,,,b,7660.0,0.3554710800402625
,,,,,,b,7661.0,0.404127936088384
,,,,,,b,7662.0,0.3417211086220133
,,,,,,b,7663.0,0.3843267072143477
,,,,,,b,7664.0,0.37654294238384
,,,,,,b,7665.0,0.3516818385540796
,,,,,,b,7666.0,0.4009229469662094
,,,,,,b,7667.0,0.337444686686843
,,,,,,b,7668.0,0.3830157276432078
,,,,,,b,7669.0,0.332078326459019
,,,,,,b,7670.0,0.2692001319171493
,,,,,,b,7671.0,0.2974545433050144
,,,,,,b,7672.0,0.3150596849758407
,,,,,,b,7673.0,0.3819559245085377
,,,,,,b,7674.0,0.3503702144538567
,,,,,,b,7675.0,0.3390734406889004
,,,,,,b,7676.0,0.3756634348512513
,,,,,,b,7677.0,0.3309882448036676
,,,,,,b,7678.0,0.299556538365723
,,,,,,b,7679.0,0.34320708280163
,,,,,,b,7680.0,0.3354578469824449
,,,,,,b,7681.0,0.2959575981492488
,,,,,,b,7682.0,0.3405156935680087
,,,,,,b,7683.0,0.3154503463033427
,,,,,,b,7684.0,0.3411071979929803
,,,,,,b,7685.0,0.4043275382042237
,,,,,,b,7686.0,0.3837483755309665
,,,,,,b,7687.0,0.3557182459004857
,,,,,,b,7688.0,0.3143767654688703
,,,,,,b,7689.0,0.3159328853427472
,,,,,,b,7690.0,0.3809623469525296
,,,,,,b,7691.0,0.309943154705314
,,,,,,b,7692.0,0.36347337701923
,,,,,,b,7693.0,0.364602708494977
,,,,,,b,7694.0,0.35603417708516
,,,,,,b,7695.0,0.3257616877781606
,,,,,,b,7696.0,0.3161117230213568
,,,,,,b,7697.0,0.2789941950338543
,,,,,,b,7698.0,0.3670202447709401
,,,,,,b,7699.0,0.295203732967686
,,,,,,b,7700.0,0.364252152886575
,,,,,,b,7701.0,0.3229024102578197
,,,,,,b,7702.0,0.3703807877178779
,,,,,,b,7703.0,0.3856292191619133
,,,,,,b,7704.0,0.3767971414003592
,,,,,,b,7705.0,0.3164997250109702
,,,,,,b,7706.0,0.3722016141885014
,,,,,,b,7707.0,0.3782404485295934
,,,,,,b,7708.0,0.3793463732291147
,,,,,,b,7709.0,0.3490060741507501
,,,,,,b,7710.0,0.3244611855201542
,,,,,,b,7711.0,0.3612813868159561
,,,,,,b,7712.0,0.362270010295262
,,,,,,b,7713.0,0.3384407182563449
,,,,,,b,7714.0,0.3569073721102387
,,,,,,b,7715.0,0.3500616330823005
,,,,,,b,7716.0,0.3646369196673094
,,,,,,b,7717.0,0.3996144378965902
,,,,,,b,7718.0,0.3334096212191388
,,,,,,b,7719.0,0.3223423783168613
,,,,,,b,7720.0,0.3105867299749243
,,,,,,b,7721.0,0.3000377470884627
,,,,,,b,7722.0,0.2676787276796122
,,,,,,b,7723.0,0.4076877865769228
,,,,,,b,7724.0,0.304709950113462
,,,,,,b,7725.0,0.3517207800561572
,,,,,,b,7726.0,0.3611243245261786
,,,,,,b,7727.0,0.3402210590110903
,,,,,,b,7728.0,0.3127845310579564
,,,,,,b,7729.0,0.4020482112108521
,,,,,,b,7730.0,0.3288596264701136
,,,,,,b,7731.0,0.3597385795115508
,,,,,,b,7732.0,0.4105952024933006
,,,,,,b,7733.0,0.3399128288551294
,,,,,,b,7734.0,0.3347660869062876
,,,,,,b,7735.0,0.379646451888044
,,,,,,b,7736.0,0.3643570275847168
,,,,,,b,7737.0,0.3607024407937302
,,,,,,b,7738.0,0.3277095583500262
,,,,,,b,7739.0,0.3076452249415449
,,,,,,b,7740.0,0.335389735381038
,,,,,,b,7741.0,0.3477000918418129
,,,,,,b,7742.0,0.3981192055215601
,,,,,,b,7743.0,0.3567490967989406
,,,,,,b,7744.0,0.3566940257441509
,,,,,,b,7745.0,0.3713491493625165
,,,,,,b,7746.0,0.3989954634941273
,,,,,,b,7747.0,0.304102951268538
,,,,,,b,7748.0,0.3413124597847412
,,,,,,b,7749.0,0.370018830688656
,,,,,,b,7750.0,0.4105475723469478
,,,,,,b,7751.0,0.3449615295014085
,,,,,,b,7752.0,0.323667243197538
,,,,,,b,7753.0,0.3372648581484903
,,,,,,b,7754.0,0.3590363948972257
,,,,,,b,7755.0,0.3939917433214148
,,,,,,b,7756.0,0.3023527583301257
,,,,,,b,7757.0,0.3614662997618811
,,,,,,b,7758.0,0.3225829636787809
,,,,,,b,7759.0,0.3551915185537249
,,,,,,b,7760.0,0.3681664249583258
,,,,,,b,7761.0,0.3905524779511955
,,,,,,b,7762.0,0.377283534861589
,,,,,,b,7763.0,0.3793803604321777
,,,,,,b,7764.0,0.3547766565379864
,,,,,,b,7765.0,0.2976420099415193
,,,,,,b,7766.0,0.3372875185762751
,,,,,,b,7767.0,0.3435865285017012
,,,,,,b,7768.0,0.3290114028471134
,,,,,,b,7769.0,0.2963419648046659
,,,,,,b,7770.0,0.4086382715306018
,,,,,,b,7771.0,0.350286181954381
,,,,,,b,7772.0,0.363605219343293
,,,,,,b,7773.0,0.3567818800470723
,,,,,,b,7774.0,0.3553002348898966
,,,,,,b,7775.0,0.3709873273206789
,,,,,,b,7776.0,0.3370741693799264
,,,,,,b,7777.0,0.3342235230533839
,,,,,,b,7778.0,0.3749939412687921
,,,,,,b,7779.0,0.4138365264509578
,,,,,,b,7780.0,0.344816752658577
,,,,,,b,7781.0,0.3209807231359756
,,,,,,b,7782.0,0.3291977333918501
,,,,,,b,7783.0,0.3006573002348522
,,,,,,b,7784.0,0.3988835283601912
,,,,,,b,7785.0,0.4003199925898504
,,,,,,b,7786.0,0.3190412961291771
,,,,,,b,7787.0,0.4117771977044859
,,,,,,b,7788.0,0.2925696194687117
,,,,,,b,7789.0,0.3528351567934589
,,,,,,b,7790.0,0.2750812929262074
,,,,,,b,7791.0,0.3401722238254527
,,,,,,b,7792.0,0.3194217400227384
,,,,,,b,7793.0,0.3394063201185546
,,,,,,b,7794.0,0.3042109231067442
,,,,,,b,7795.0,0.3919798000513252
,,,,,,b,7796.0,0.3483390250731313
,,,,,,b,7797.0,0.3206022839093592
,,,,,,b,7798.0,0.3664796639901939
,,,,,,b,7799.0,0.3606381358494612
,,,,,,b,7800.0,0.3559012902561327
,,,,,,b,7801.0,0.3811207221030677
,,,,,,b,7802.0,0.3306253456888304
,,,,,,b,7803.0,0.3477395386745767
,,,,,,b,7804.0,0.3780598560198536
,,,,,,b,7805.0,0.3729158743400904
,,,,,,b,7806.0,0.3419491823048606
,,,,,,b,7807.0,0.3722582025831196
,,,,,,b,7808.0,0.3196465489455251
,,,,,,b,7809.0,0.3705986257857008
,,,,,,b,7810.0,0.3370896232457205
,,,,,,b,7811.0,0.3407470394301968
,,,,,,b,7812.0,0.3533051876114457
,,,,,,b,7813.0,0.3968573884638768
,,,,,,b,7814.0,0.322327873423637
,,,,,,b,7815.0,0.3361517773787184
,,,,,,b,7816.0,0.3747748930486887
,,,,,,b,7817.0,0.3660368336470063
,,,,,,b,7818.0,0.2894015047842178
,,,,,,b,7819.0,0.4180090104980252
,,,,,,b,7820.0,0.3146049364454502
,,,,,,b,7821.0,0.4087480996820583
,,,,,,b,7822.0,0.3072538071375836
,,,,,,b,7823.0,0.3371413716362976
,,,,,,b,7824.0,0.3955727701735085
,,,,,,b,7825.0,0.3603836878116753
,,,,,,b,7826.0,0.2917167351077649
,,,,,,b,7827.0,0.3153230595040486
,,,,,,b,7828.0,0.354308188794342
,,,,,,b,7829.0,0.3668748097994641
,,,,,,b,7830.0,0.3640136228049413
,,,,,,b,7831.0,0.3168151008388875
,,,,,,b,7832.0,0.2854237893682199
,,,,,,b,7833.0,0.3595512444184421
,,,,,,b,7834.0,0.3648501208998875
,,,,,,b,7835.0,0.2659037623162161
,,,,,,b,7836.0,0.3713650580141077
,,,,,,b,7837.0,0.4129866536120556
,,,,,,b,7838.0,0.3476177213918929
,,,,,,b,7839.0,0.371745190216302
,,,,,,b,7840.0,0.3282025751549215
,,,,,,b,7841.0,0.3070304777305055
,,,,,,b,7842.0,0.3642324473525713
,,,,,,b,7843.0,0.4021905868652551
,,,,,,b,7844.0,0.3385263071896114
,,,,,,b,7845.0,0.4260612625393944
,,,,,,b,7846.0,0.3478448265046272
,,,,,,b,7847.0,0.3796653465320574
,,,,,,b,7848.0,0.3742593631405961
,,,,,,b,7849.0,0.3642880173460967
,,,,,,b,7850.0,0.3253322300319934
,,,,,,b,7851.0,0.4363318239963738
,,,,,,b,7852.0,0.3267449905126578
,,,,,,b,7853.0,0.4099329331760963
,,,,,,b,7854.0,0.4021515384645249
,,,,,,b,7855.0,0.3405613314239017
,,,,,,b,7856.0,0.3049000344914727
,,,,,,b,7857.0,0.4207244602382518
,,,,,,b,7858.0,0.3806972119757592
,,,,,,b,7859.0,0.3319880932120487
,,,,,,b,7860.0,0.2904461204584923
,,,,,,b,7861.0,0.3549244119099142
,,,,,,b,7862.0,0.4013124823228784
,,,,,,b,7863.0,0.2617570584332691
,,,,,,b,7864.0,0.3658695034024397
,,,,,,b,7865.0,0.3009908159286887
,,,,,,b,7866.0,0.306528570217881
,,,,,,b,7867.0,0.323326343539779
,,,,,,b,7868.0,0.3638230154590847
,,,,,,b,7869.0,0.3784137278720978
,,,,,,b,7870.0,0.4372396614343863
,,,,,,b,7871.0,0.3203760239156645
,,,,,,b,7872.0,0.3650709545568489
,,,,,,b,7873.0,0.3501485390434604
,,,,,,b,7874.0,0.3673668208298943
,,,,,,b,7875.0,0.3140294056701544
,,,,,,b,7876.0,0.3920559170004329
,,,,,,b,7877.0,0.4359614063107773
,,,,,,b,7878.0,0.379556891797618
,,,,,,b,7879.0,0.3109307007416344
,,,,,,b,7880.0,0.3500117091903814
,,,,,,b,7881.0,0.3500498161836125
,,,,,,b,7882.0,0.3170107628954546
,,,,,,b,7883.0,0.3208742350519094
,,,,,,b,7884.0,0.34160925098573
,,,,,,b,7885.0,0.3655931825011285
,,,,,,b,7886.0,0.3625999567034448
,,,,,,b,7887.0,0.3679578149863101
,,,,,,b,7888.0,0.3032649456406466
,,,,,,b,7889.0,0.3595064702577857
,,,,,,b,7890.0,0.3444719977255186
,,,,,,b,7891.0,0.3548737778397215
,,,,,,b,7892.0,0.3683789728352633
,,,,,,b,7893.0,0.3913460273278484
,,,,,,b,7894.0,0.3311457548868626
,,,,,,b,7895.0,0.2972656976387684
,,,,,,b,7896.0,0.4162354767351099
,,,,,,b,7897.0,0.3577142658353942
,,,,,,b,7898.0,0.352391422177206
,,,,,,b,7899.0,0.3511442293357514
,,,,,,b,7900.0,0.3009476547814689
,,,,,,b,7901.0,0.3666971903207301
,,,,,,b,7902.0,0.3219841809344856
,,,,,,b,7903.0,0.3408047872791657
,,,,,,b,7904.0,0.3728127095300113
,,,,,,b,7905.0,0.3157810154111535
,,,,,,b,7906.0,0.3479453976164581
,,,,,,b,7907.0,0.2991558373600473
,,,,,,b,7908.0,0.3150613209010502
,,,,,,b,7909.0,0.3740858586905955
,,,,,,b,7910.0,0.3324520236921846
,,,,,,b,7911.0,0.3119637705760554
,,,,,,b,7912.0,0.3631172191456833
,,,,,,b,7913.0,0.3768058860429839
,,,,,,b,7914.0,0.2932198049603691
,,,,,,b,7915.0,0.3230442766993766
,,,,,,b,7916.0,0.3505068022913802
,,,,,,b,7917.0,0.337287525378672
,,,,,,b,7918.0,0.3057919105920446
,,,,,,b,7919.0,0.3713102722065136
,,,,,,b,7920.0,0.3612334483422126
,,,,,,b,7921.0,0.4004381442070848
,,,,,,b,7922.0,0.3274208628057673
,,,,,,b,7923.0,0.3066270479842727
,,,,,,b,7924.0,0.3255269051882328
,,,,,,b,7925.0,0.4123435980624279
,,,,,,b,7926.0,0.3768760237190514
,,,,,,b,7927.0,0.3303749007885841
,,,,,,b,7928.0,0.30295007297042
,,,,,,b,7929.0,0.3313769147463645
,,,,,,b,7930.0,0.33944253664697
,,,,,,b,7931.0,0.3938795637265322
,,,,,,b,7932.0,0.403745651825723
,,,,,,b,7933.0,0.3342848406407905
,,,,,,b,7934.0,0.3854980539785422
,,,,,,b,7935.0,0.3145685830064266
,,,,,,b,7936.0,0.4532294176926275
,,,,,,b,7937.0,0.3552949093795168
,,,,,,b,7938.0,0.3672818460843254
,,,,,,b,7939.0,0.3766599732201854
,,,,,,b,7940.0,0.3572938431272439
,,,,,,b,7941.0,0.3871366560114708
,,,,,,b,7942.0,0.3295849043023127
,,,,,,b,7943.0,0.3540412037199023
,,,,,,b,7944.0,0.3396725522333534
,,,,,,b,7945.0,0.2939555816954833
,,,,,,b,7946.0,0.3562842204847758
,,,,,,b,7947.0,0.396973457304389
,,,,,,b,7948.0,0.3412095945804374
,,,,,,b,7949.0,0.3438791561213965
,,,,,,b,7950.0,0.3248137916974114
,,,,,,b,7951.0,0.3684343735190483
,,,,,,b,7952.0,0.3739117257624129
,,,,,,b,7953.0,0.3172349019303633
,,,,,,b,7954.0,0.4413672268804793
,,,,,,b,7955.0,0.3431871649809919
,,,,,,b,7956.0,0.3482579020876746
,,,,,,b,7957.0,0.3998564358143519
,,,,,,b,7958.0,0.3244129011798087
,,,,,,b,7959.0,0.3857838107316569
,,,,,,b,7960.0,0.3789013195194362
,,,,,,b,7961.0,0.3950460096496142
,,,,,,b,7962.0,0.3392652596029348
,,,,,,b,7963.0,0.3522680468006913
,,,,,,b,7964.0,0.3232153194229532
,,,,,,b,7965.0,0.3636815086453278
,,,,,,b,7966.0,0.3349556711804289
,,,,,,b,7967.0,0.4218899841202908
,,,,,,b,7968.0,0.2793746375052128
,,,,,,b,7969.0,0.3130874832888226
,,,,,,b,7970.0,0.2956455328890226
,,,,,,b,7971.0,0.4436160780206193
,,,,,,b,7972.0,0.3237662436291519
,,,,,,b,7973.0,0.3805776401996286
,,,,,,b,7974.0,0.345494071319453
,,,,,,b,7975.0,0.3037675158968369
,,,,,,b,7976.0,0.337182115901109
,,,,,,b,7977.0,0.4041377662443421
,,,,,,b,7978.0,0.3924525981357165
,,,,,,b,7979.0,0.3623387437320366
,,,,,,b,7980.0,0.3361025541852496
,,,,,,b,7981.0,0.4500063574017017
,,,,,,b,7982.0,0.4541322681499791
,,,,,,b,7983.0,0.3154413479140086
,,,,,,b,7984.0,0.3743930426144897
,,,,,,b,7985.0,0.33953565317004
,,,,,,b,7986.0,0.3729699630144947
,,,,,,b,7987.0,0.3947262942624894
,,,,,,b,7988.0,0.3199416611471637
,,,,,,b,7989.0,0.3241469685236295
,,,,,,b,7990.0,0.3583950453925233
,,,,,,b,7991.0,0.3554738009971405
,,,,,,b,7992.0,0.3747597120560466
,,,,,,b,7993.0,0.3406375874591663
,,,,,,b,7994.0,0.3657455066603323
,,,,,,b,7995.0,0.315052315384885
,,,,,,b,7996.0,0.3365943139991874
,,,,,,b,7997.0,0.2995510917701627
,,,,,,b,7998.0,0.3762469798754773
,,,,,,b,7999.0,0.3709007444133818
,,,,,,b,8000.0,0.4189772632991109
,,,,,,b,8001.0,0.3446989119470647
,,,,,,b,8002.0,0.3454377813987634
,,,,,,b,8003.0,0.4049699002556708
,,,,,,b,8004.0,0.4248743519105162
,,,,,,b,8005.0,0.3634384600794678
,,,,,,b,8006.0,0.2756687702930867
,,,,,,b,8007.0,0.3957581791160627
,,,,,,b,8008.0,0.4172523392934533
,,,,,,b,8009.0,0.3594451790354527
,,,,,,b,8010.0,0.4025426284325757
,,,,,,b,8011.0,0.4000149501502759
,,,,,,b,8012.0,0.3508327251815455
,,,,,,b,8013.0,0.3294902352901334
,,,,,,b,8014.0,0.3790719732496366
,,,,,,b,8015.0,0.3118261090366068
,,,,,,b,8016.0,0.3430340871173274
,,,,,,b,8017.0,0.2950809605833444
,,,,,,b,8018.0,0.4057922530428022
,,,,,,b,8019.0,0.3672694783981889
,,,,,,b,8020.0,0.3563053532502929
,,,,,,b,8021.0,0.2717107949157404
,,,,,,b,8022.0,0.3728173234222889
,,,,,,b,8023.0,0.362125248760698
,,,,,,b,8024.0,0.2718174707883882
,,,,,,b,8025.0,0.3392414171276341
,,,,,,b,8026.0,0.3626976759390063
,,,,,,b,8027.0,0.3289759998468691
,,,,,,b,8028.0,0.2677241639615562
,,,,,,b,8029.0,0.3353207753067426
,,,,,,b,8030.0,0.3167559295011326
,,,,,,b,8031.0,0.2799090493775109
,,,,,,b,8032.0,0.2966993291000452
,,,,,,b,8033.0,0.321488088801698
,,,,,,b,8034.0,0.3577194687671259
,,,,,,b,8035.0,0.3455773404731084
,,,,,,b,8036.0,0.2870224548357467
,,,,,,b,8037.0,0.2844016514315752
,,,,,,b,8038.0,0.3130734949475799
,,,,,,b,8039.0,0.4273151002081605
,,,,,,b,8040.0,0.3997237249103911
,,,,,,b,8041.0,0.4090056157996788
,,,,,,b,8042.0,0.3440938100589639
,,,,,,b,8043.0,0.3352095649415196
,,,,,,b,8044.0,0.4454262197009573
,,,,,,b,8045.0,0.3260390869202814
,,,,,,b,8046.0,0.3309510386304328
,,,,,,b,8047.0,0.4166295911580673
,,,,,,b,8048.0,0.3147398968891033
,,,,,,b,8049.0,0.3618423719662487
,,,,,,b,8050.0,0.3180130864320571
,,,,,,b,8051.0,0.3100701283227614
,,,,,,b,8052.0,0.4000239671958754
,,,,,,b,8053.0,0.3825729058192246
,,,,,,b,8054.0,0.2742464303652001
,,,,,,b,8055.0,0.31801979737065
,,,,,,b,8056.0,0.3567949865054207
,,,,,,b,8057.0,0.3513681316236861
,,,,,,b,8058.0,0.3149922994934746
,,,,,,b,8059.0,0.3811866034841475
,,,,,,b,8060.0,0.347893172557927
,,,,,,b,8061.0,0.2962634685666812
,,,,,,b,8062.0,0.3278315250824803
,,,,,,b,8063.0,0.3764627992825762
,,,,,,b,8064.0,0.3844713862392446
,,,,,,b,8065.0,0.4118895873359465
,,,,,,b,8066.0,0.3497317621064204
,,,,,,b,8067.0,0.2838013970020854
,,,,,,b,8068.0,0.3842324789140834
,,,,,,b,8069.0,0.3231428172248254
,,,,,,b,8070.0,0.3497589914800056
,,,,,,b,8071.0,0.3812066131341218
,,,,,,b,8072.0,0.3560832270384479
,,,,,,b,8073.0,0.3350928323704196
,,,,,,b,8074.0,0.3067413130295335
,,,,,,b,8075.0,0.3111165861842244
,,,,,,b,8076.0,0.4122318279559196
,,,,,,b,8077.0,0.3645810544025676
,,,,,,b,8078.0,0.3979419300320761
,,,,,,b,8079.0,0.354588094959853
,,,,,,b,8080.0,0.3937037463666248
,,,,,,b,8081.0,0.3689158867639044
,,,,,,b,8082.0,0.4101641885617635
,,,,,,b,8083.0,0.3120759254127394
,,,,,,b,8084.0,0.4136935803084127
,,,,,,b,8085.0,0.3480617883847268
,,,,,,b,8086.0,0.3417027357984681
,,,,,,b,8087.0,0.3762923713934643
,,,,,,b,8088.0,0.3910935129734727
,,,,,,b,8089.0,0.3635508735715107
,,,,,,b,8090.0,0.3198665390392601
,,,,,,b,8091.0,0.4005930327065252
,,,,,,b,8092.0,0.3748452178712145
,,,,,,b,8093.0,0.3808917840426624
,,,,,,b,8094.0,0.3529153155130116
,,,,,,b,8095.0,0.3436875593774156
,,,,,,b,8096.0,0.3485590581762601
,,,,,,b,8097.0,0.4091078667817487
,,,,,,b,8098.0,0.3284334118411318
,,,,,,b,8099.0,0.3602548134278862
,,,,,,b,8100.0,0.3074641579457537
,,,,,,b,8101.0,0.3515340099395336
,,,,,,b,8102.0,0.3988805165507725
,,,,,,b,8103.0,0.4655655343643139
,,,,,,b,8104.0,0.3550457646202805
,,,,,,b,8105.0,0.3262337506318005
,,,,,,b,8106.0,0.3332179816888647
,,,,,,b,8107.0,0.3066458441086506
,,,,,,b,8108.0,0.3660453733307927
,,,,,,b,8109.0,0.3845645459295213
,,,,,,b,8110.0,0.4205302939035471
,,,,,,b,8111.0,0.35653296617512
,,,,,,b,8112.0,0.326618648661912
,,,,,,b,8113.0,0.3540244011204017
,,,,,,b,8114.0,0.3521702128096291
,,,,,,b,8115.0,0.3594466545174275
,,,,,,b,8116.0,0.4614518849958213
,,,,,,b,8117.0,0.3116990048083123
,,,,,,b,8118.0,0.3109672332277995
,,,,,,b,8119.0,0.3637043755871634
,,,,,,b,8120.0,0.3637952075732831
,,,,,,b,8121.0,0.3409699975968854
,,,,,,b,8122.0,0.3848573275395122
,,,,,,b,8123.0,0.3822324791170395
,,,,,,b,8124.0,0.3448282538496929
,,,,,,b,8125.0,0.3720817322062881
,,,,,,b,8126.0,0.3202529565117138
,,,,,,b,8127.0,0.3837741822100229
,,,,,,b,8128.0,0.3681144317482459
,,,,,,b,8129.0,0.3366442512210383
,,,,,,b,8130.0,0.4045825267068861
,,,,,,b,8131.0,0.3331659936339513
,,,,,,b,8132.0,0.3750681194139784
,,,,,,b,8133.0,0.4541200601652666
,,,,,,b,8134.0,0.3302375317893347
,,,,,,b,8135.0,0.3772772416010572
,,,,,,b,8136.0,0.3105133905048518
,,,,,,b,8137.0,0.3421969984077653
,,,,,,b,8138.0,0.3733738322849702
,,,,,,b,8139.0,0.3248811247949854
,,,,,,b,8140.0,0.3159671318351176
,,,,,,b,8141.0,0.3485145453298797
,,,,,,b,8142.0,0.3200255398541167
,,,,,,b,8143.0,0.321881518723758
,,,,,,b,8144.0,0.3857085592459004
,,,,,,b,8145.0,0.2947177579432223
,,,,,,b,8146.0,0.4186912682124579
,,,,,,b,8147.0,0.3202733576048802
,,,,,,b,8148.0,0.3173689816759264
,,,,,,b,8149.0,0.3468441685120007
,,,,,,b,8150.0,0.3869243061201493
,,,,,,b,8151.0,0.3624093349644282
,,,,,,b,8152.0,0.3066566727051776
,,,,,,b,8153.0,0.3099483105876963
,,,,,,b,8154.0,0.4192240220212162
,,,,,,b,8155.0,0.3739575585606847
,,,,,,b,8156.0,0.4341132790621755
,,,,,,b,8157.0,0.3698152176435689
,,,,,,b,8158.0,0.3214080781902799
,,,,,,b,8159.0,0.3179096576557505
,,,,,,b,8160.0,0.3513866206463971
,,,,,,b,8161.0,0.3214419459968116
,,,,,,b,8162.0,0.3814944489574188
,,,,,,b,8163.0,0.3297059264803414
,,,,,,b,8164.0,0.3722468240052516
,,,,,,b,8165.0,0.3553323077012482
,,,,,,b,8166.0,0.2892521269631385
,,,,,,b,8167.0,0.3501233635716678
,,,,,,b,8168.0,0.305312997792972
,,,,,,b,8169.0,0.3470486443888703
,,,,,,b,8170.0,0.3960696526490319
,,,,,,b,8171.0,0.3976343577302206
,,,,,,b,8172.0,0.3756984840124739
,,,,,,b,8173.0,0.3842352793094861
,,,,,,b,8174.0,0.2771724643046775
,,,,,,b,8175.0,0.3449494713535737
,,,,,,b,8176.0,0.3080092194884392
,,,,,,b,8177.0,0.3394807701001716
,,,,,,b,8178.0,0.3060945987683872
,,,,,,b,8179.0,0.3353019337965905
,,,,,,b,8180.0,0.306512082647167
,,,,,,b,8181.0,0.355753175551337
,,,,,,b,8182.0,0.3747720366645377
,,,,,,b,8183.0,0.3408006755205504
,,,,,,b,8184.0,0.3381387182914572
,,,,,,b,8185.0,0.4168967901351919
,,,,,,b,8186.0,0.3773289841001963
,,,,,,b,8187.0,0.3632978775048254
,,,,,,b,8188.0,0.4212841690995361
,,,,,,b,8189.0,0.3247807500945825
,,,,,,b,8190.0,0.2934454507407427
,,,,,,b,8191.0,0.368431859509418
,,,,,,b,8192.0,0.3100887677840145
,,,,,,b,8193.0,0.3561359578422967
,,,,,,b,8194.0,0.4051481247973312
,,,,,,b,8195.0,0.3695133075721415
,,,,,,b,8196.0,0.3242154918638533
,,,,,,b,8197.0,0.3041787955764676
,,,,,,b,8198.0,0.4200892111854908
,,,,,,b,8199.0,0.3345104618843337
,,,,,,b,8200.0,0.3966514854135243
,,,,,,b,8201.0,0.3869746428058991
,,,,,,b,8202.0,0.3090330213644008
,,,,,,b,8203.0,0.384086250008087
,,,,,,b,8204.0,0.4681237861682548
,,,,,,b,8205.0,0.3665049173890979
,,,,,,b,8206.0,0.3963823871750183
,,,,,,b,8207.0,0.3359890492859994
,,,,,,b,8208.0,0.3485022221865108
,,,,,,b,8209.0,0.2882531696511257
,,,,,,b,8210.0,0.3537634321915148
,,,,,,b,8211.0,0.3048893364441949
,,,,,,b,8212.0,0.365986553402867
,,,,,,b,8213.0,0.3490731636881277
,,,,,,b,8214.0,0.3453506329768023
,,,,,,b,8215.0,0.295207437246678
,,,,,,b,8216.0,0.2957414118553254
,,,,,,b,8217.0,0.3242884714751461
,,,,,,b,8218.0,0.3565252936788941
,,,,,,b,8219.0,0.4088762602821769
,,,,,,b,8220.0,0.2986464007377658
,,,,,,b,8221.0,0.3352297414468697
,,,,,,b,8222.0,0.3099321481355011
,,,,,,b,8223.0,0.3154173397478002
,,,,,,b,8224.0,0.3061470333452925
,,,,,,b,8225.0,0.3846158014370728
,,,,,,b,8226.0,0.3798064427054184
,,,,,,b,8227.0,0.3278718145331707
,,,,,,b,8228.0,0.2846812563880441
,,,,,,b,8229.0,0.3015203601350138
,,,,,,b,8230.0,0.4228499374605761
,,,,,,b,8231.0,0.3380624830539962
,,,,,,b,8232.0,0.351050657092141
,,,,,,b,8233.0,0.3325685787453247
,,,,,,b,8234.0,0.3026540417149701
,,,,,,b,8235.0,0.3746996235909332
,,,,,,b,8236.0,0.3855531942714001
,,,,,,b,8237.0,0.3223180163055299
,,,,,,b,8238.0,0.3280947908781049
,,,,,,b,8239.0,0.3670277505232411
,,,,,,b,8240.0,0.2983474370418668
,,,,,,b,8241.0,0.3202184477785113
,,,,,,b,8242.0,0.3939129359424416
,,,,,,b,8243.0,0.3903779431020133
,,,,,,b,8244.0,0.3637303956764204
,,,,,,b,8245.0,0.3804126581163873
,,,,,,b,8246.0,0.362439145010061
,,,,,,b,8247.0,0.377446545918616
,,,,,,b,8248.0,0.3263485559109802
,,,,,,b,8249.0,0.3004424986427843
,,,,,,b,8250.0,0.3133109414374604
,,,,,,b,8251.0,0.3510011270905844
,,,,,,b,8252.0,0.3285955528482414
,,,,,,b,8253.0,0.2981214590114223
,,,,,,b,8254.0,0.3020703509974511
,,,,,,b,8255.0,0.3746263991188661
,,,,,,b,8256.0,0.3689622982434475
,,,,,,b,8257.0,0.3891883298343068
,,,,,,b,8258.0,0.3415918276738332
,,,,,,b,8259.0,0.3563125777173495
,,,,,,b,8260.0,0.3247105542968675
,,,,,,b,8261.0,0.3854667599162384
,,,,,,b,8262.0,0.3608891853219633
,,,,,,b,8263.0,0.3778159270192391
,,,,,,b,8264.0,0.344889847316232
,,,,,,b,8265.0,0.3306218784155059
,,,,,,b,8266.0,0.3291889978065039
,,,,,,b,8267.0,0.4204434403060761
,,,,,,b,8268.0,0.3732215314628671
,,,,,,b,8269.0,0.3014267594239026
,,,,,,b,8270.0,0.3731166163444852
,,,,,,b,8271.0,0.3762417370753463
,,,,,,b,8272.0,0.2879046776336089
,,,,,,b,8273.0,0.3288658157800159
,,,,,,b,8274.0,0.2909786933312661
,,,,,,b,8275.0,0.3881710147625115
,,,,,,b,8276.0,0.4025013739911629
,,,,,,b,8277.0,0.3544972654765992
,,,,,,b,8278.0,0.3760167905840155
,,,,,,b,8279.0,0.3786521425087663
,,,,,,b,8280.0,0.2855875198606497
,,,,,,b,8281.0,0.3570093401360719
,,,,,,b,8282.0,0.399828651089448
,,,,,,b,8283.0,0.4064400184920655
,,,,,,b,8284.0,0.3586558331184615
,,,,,,b,8285.0,0.3314511219177087
,,,,,,b,8286.0,0.3561098553250392
,,,,,,b,8287.0,0.3496628882748407
,,,,,,b,8288.0,0.3485319422785107
,,,,,,b,8289.0,0.3598668459743637
,,,,,,b,8290.0,0.3592025592615684
,,,,,,b,8291.0,0.363702432183564
,,,,,,b,8292.0,0.3505374764672706
,,,,,,b,8293.0,0.3860984488261625
,,,,,,b,8294.0,0.3217146062823852
,,,,,,b,8295.0,0.3463568249487672
,,,,,,b,8296.0,0.3676252479632227
,,,,,,b,8297.0,0.3128914889761711
,,,,,,b,8298.0,0.3959427118114549
,,,,,,b,8299.0,0.3498755542757488
,,,,,,b,8300.0,0.4110109296275253
,,,,,,b,8301.0,0.3696943463033748
,,,,,,b,8302.0,0.2895700084311214
,,,,,,b,8303.0,0.3676846256951056
,,,,,,b,8304.0,0.3337111216789199
,,,,,,b,8305.0,0.3574002660918913
,,,,,,b,8306.0,0.343722562096167
,,,,,,b,8307.0,0.3777756342908347
,,,,,,b,8308.0,0.4050841030750929
,,,,,,b,8309.0,0.3575682924505838
,,,,,,b,8310.0,0.343025248018348
,,,,,,b,8311.0,0.3133916633548557
,,,,,,b,8312.0,0.3618089275870511
,,,,,,b,8313.0,0.3313995041379529
,,,,,,b,8314.0,0.3399363217795188
,,,,,,b,8315.0,0.3488837602757138
,,,,,,b,8316.0,0.3901560796057928
,,,,,,b,8317.0,0.3743882953213515
,,,,,,b,8318.0,0.2897784930425211
,,,,,,b,8319.0,0.3678244929003873
,,,,,,b,8320.0,0.3867192245774808
,,,,,,b,8321.0,0.3866710605848911
,,,,,,b,8322.0,0.3895387239103285
,,,,,,b,8323.0,0.3576287804680769
,,,,,,b,8324.0,0.4094672772761143
,,,,,,b,8325.0,0.4380876229468264
,,,,,,b,8326.0,0.3563878187930522
,,,,,,b,8327.0,0.3462190084793701
,,,,,,b,8328.0,0.4014926325892869
,,,,,,b,8329.0,0.3649024616983731
,,,,,,b,8330.0,0.3135081362765008
,,,,,,b,8331.0,0.3679418754025008
,,,,,,b,8332.0,0.4164653035194652
,,,,,,b,8333.0,0.3501087724825344
,,,,,,b,8334.0,0.3599917375241745
,,,,,,b,8335.0,0.3526952612626206
,,,,,,b,8336.0,0.3345035983754778
,,,,,,b,8337.0,0.2887097236565807
,,,,,,b,8338.0,0.381400915462768
,,,,,,b,8339.0,0.3683136998698124
,,,,,,b,8340.0,0.3135872095977352
,,,,,,b,8341.0,0.3517966271664159
,,,,,,b,8342.0,0.3589020940939242
,,,,,,b,8343.0,0.3475471473513707
,,,,,,b,8344.0,0.3817079627302404
,,,,,,b,8345.0,0.4110252387327384
,,,,,,b,8346.0,0.3517797939811782
,,,,,,b,8347.0,0.4066159777100639
,,,,,,b,8348.0,0.3420176387293754
,,,,,,b,8349.0,0.3403596188377862
,,,,,,b,8350.0,0.3567720583803169
,,,,,,b,8351.0,0.2876349107410911
,,,,,,b,8352.0,0.361848709005391
,,,,,,b,8353.0,0.3818897910722043
,,,,,,b,8354.0,0.3243353953824686
,,,,,,b,8355.0,0.3489958999933993
,,,,,,b,8356.0,0.3367883938114131
,,,,,,b,8357.0,0.4036334540209818
,,,,,,b,8358.0,0.3170119600679206
,,,,,,b,8359.0,0.3622133575615058
,,,,,,b,8360.0,0.3648899282367095
,,,,,,b,8361.0,0.343031326621928
,,,,,,b,8362.0,0.3317936480805978
,,,,,,b,8363.0,0.4081160680537135
,,,,,,b,8364.0,0.3691883263694047
,,,,,,b,8365.0,0.3362000095753319
,,,,,,b,8366.0,0.3017958255241422
,,,,,,b,8367.0,0.3891299555356551
,,,,,,b,8368.0,0.3881393753451045
,,,,,,b,8369.0,0.3709870032758724
,,,,,,b,8370.0,0.4210331740330266
,,,,,,b,8371.0,0.3191703644115744
,,,,,,b,8372.0,0.4117910927514008
,,,,,,b,8373.0,0.4041833093862883
,,,,,,b,8374.0,0.3673114896847309
,,,,,,b,8375.0,0.3791973264111563
,,,,,,b,8376.0,0.41602485878933
,,,,,,b,8377.0,0.3362095585173441
,,,,,,b,8378.0,0.3549497658988958
,,,,,,b,8379.0,0.320363437012821
,,,,,,b,8380.0,0.3087290514395167
,,,,,,b,8381.0,0.371072618271115
,,,,,,b,8382.0,0.3222079251791117
,,,,,,b,8383.0,0.3857301241799531
,,,,,,b,8384.0,0.3881702895843792
,,,,,,b,8385.0,0.2875681747242162
,,,,,,b,8386.0,0.3261167598743637
,,,,,,b,8387.0,0.3278143827080253
,,,,,,b,8388.0,0.3652340802162546
,,,,,,b,8389.0,0.3630146023020919
,,,,,,b,8390.0,0.3264305892401733
,,,,,,b,8391.0,0.3452300183326882
,,,,,,b,8392.0,0.3520340600696396
,,,,,,b,8393.0,0.2809621035238296
,,,,,,b,8394.0,0.3156985883993775
,,,,,,b,8395.0,0.3689810441178904
,,,,,,b,8396.0,0.3122835135456951
,,,,,,b,8397.0,0.3236889838264631
,,,,,,b,8398.0,0.3106240853227495
,,,,,,b,8399.0,0.3847396560340193
,,,,,,b,8400.0,0.2765751947648458
,,,,,,b,8401.0,0.3215780130912837
,,,,,,b,8402.0,0.3328989913100759
,,,,,,b,8403.0,0.3683512562865378
,,,,,,b,8404.0,0.3189553921142423
,,,,,,b,8405.0,0.3740958008769479
,,,,,,b,8406.0,0.4860457383945968
,,,,,,b,8407.0,0.3518213545177469
,,,,,,b,8408.0,0.3439560528768126
,,,,,,b,8409.0,0.3767832356471516
,,,,,,b,8410.0,0.2594654941258376
,,,,,,b,8411.0,0.3723582981829945
,,,,,,b,8412.0,0.3873327758007896
,,,,,,b,8413.0,0.3693324459680394
,,,,,,b,8414.0,0.3275530355409208
,,,,,,b,8415.0,0.3694058867020588
,,,,,,b,8416.0,0.353028455783003
,,,,,,b,8417.0,0.3184247689224317
,,,,,,b,8418.0,0.3529922008670785
,,,,,,b,8419.0,0.4812578682420718
,,,,,,b,8420.0,0.3776211685450272
,,,,,,b,8421.0,0.3260552451107266
,,,,,,b,8422.0,0.3095990722876962
,,,,,,b,8423.0,0.355143522541367
,,,,,,b,8424.0,0.3893249957215494
,,,,,,b,8425.0,0.3426836422718713
,,,,,,b,8426.0,0.2643735711720891
,,,,,,b,8427.0,0.3870685554953814
,,,,,,b,8428.0,0.3528995810187179
,,,,,,b,8429.0,0.3741639004343264
,,,,,,b,8430.0,0.4058812937133469
,,,,,,b,8431.0,0.2722082981551579
,,,,,,b,8432.0,0.362687635489292
,,,,,,b,8433.0,0.3473346160079567
,,,,,,b,8434.0,0.3813178368749952
,,,,,,b,8435.0,0.3470168872046648
,,,,,,b,8436.0,0.3044604133733166
,,,,,,b,8437.0,0.3655681860589026
,,,,,,b,8438.0,0.321454346786763
,,,,,,b,8439.0,0.3124988867030174
,,,,,,b,8440.0,0.3098338287347615
,,,,,,b,8441.0,0.3270855170764295
,,,,,,b,8442.0,0.3106305076965969
,,,,,,b,8443.0,0.2884041217182886
,,,,,,b,8444.0,0.3685764957639725
,,,,,,b,8445.0,0.3742866801232392
,,,,,,b,8446.0,0.3681579275894413
,,,,,,b,8447.0,0.3385386449973318
,,,,,,b,8448.0,0.3941881224683841
,,,,,,b,8449.0,0.3468027253170969
,,,,,,b,8450.0,0.3274480836605233
,,,,,,b,8451.0,0.3904311978668833
,,,,,,b,8452.0,0.3452771616581258
,,,,,,b,8453.0,0.3343795998110903
,,,,,,b,8454.0,0.3374030229316584
,,,,,,b,8455.0,0.3605332067440279
,,,,,,b,8456.0,0.3207532122569003
,,,,,,b,8457.0,0.3167778064682749
,,,,,,b,8458.0,0.4001250089298791
,,,,,,b,8459.0,0.3145582843440002
,,,,,,b,8460.0,0.3396119325090687
,,,,,,b,8461.0,0.3956719754480362
,,,,,,b,8462.0,0.3221006216332309
,,,,,,b,8463.0,0.3993920778798663
,,,,,,b,8464.0,0.3929837372380209
,,,,,,b,8465.0,0.4297282842951557
,,,,,,b,8466.0,0.3728546769192076
,,,,,,b,8467.0,0.3346670194542378
,,,,,,b,8468.0,0.3471930242279533
,,,,,,b,8469.0,0.4013780905142075
,,,,,,b,8470.0,0.3744842965091632
,,,,,,b,8471.0,0.3808086113032098
,,,,,,b,8472.0,0.353783795487423
,,,,,,b,8473.0,0.3253246674103582
,,,,,,b,8474.0,0.3467057904272606
,,,,,,b,8475.0,0.3355194341639631
,,,,,,b,8476.0,0.340125302158627
,,,,,,b,8477.0,0.4320695776037051
,,,,,,b,8478.0,0.3331355186314897
,,,,,,b,8479.0,0.3436106587917664
,,,,,,b,8480.0,0.4180208202109265
,,,,,,b,8481.0,0.3031122687819483
,,,,,,b,8482.0,0.3422966406324219
,,,,,,b,8483.0,0.339134357809721
,,,,,,b,8484.0,0.3412878532701255
,,,,,,b,8485.0,0.3406247961758701
,,,,,,b,8486.0,0.3585110866146941
,,,,,,b,8487.0,0.3153221766478178
,,,,,,b,8488.0,0.4033131600128063
,,,,,,b,8489.0,0.3315050520955021
,,,,,,b,8490.0,0.347216740528931
,,,,,,b,8491.0,0.3217675134211939
,,,,,,b,8492.0,0.3295324184681907
,,,,,,b,8493.0,0.4450334487134944
,,,,,,b,8494.0,0.3687740805095227
,,,,,,b,8495.0,0.3572446181801538
,,,,,,b,8496.0,0.3418337237550917
,,,,,,b,8497.0,0.399222423710051
,,,,,,b,8498.0,0.3711628583520507
,,,,,,b,8499.0,0.3441759082520521
,,,,,,b,8500.0,0.3426531579706808
,,,,,,b,8501.0,0.3844115508944292
,,,,,,b,8502.0,0.335776922477502
,,,,,,b,8503.0,0.3243302465579987
,,,,,,b,8504.0,0.336590407406049
,,,,,,b,8505.0,0.3340256752700914
,,,,,,b,8506.0,0.3248043246050582
,,,,,,b,8507.0,0.3443836926582899
,,,,,,b,8508.0,0.3146082135195804
,,,,,,b,8509.0,0.3625952129942091
,,,,,,b,8510.0,0.3150768968184767
,,,,,,b,8511.0,0.4134495450982074
,,,,,,b,8512.0,0.3362405494368552
,,,,,,b,8513.0,0.3752947583224331
,,,,,,b,8514.0,0.3538534159094264
,,,,,,b,8515.0,0.3932989297345335
,,,,,,b,8516.0,0.3292701133161433
,,,,,,b,8517.0,0.3682481498365941
,,,,,,b,8518.0,0.3686572113976227
,,,,,,b,8519.0,0.3530830090365136
,,,,,,b,8520.0,0.3247492830688512
,,,,,,b,8521.0,0.4087034668120606
,,,,,,b,8522.0,0.4177216298004582
,,,,,,b,8523.0,0.3332766526810093
,,,,,,b,8524.0,0.3435202235945453
,,,,,,b,8525.0,0.313011415421502
,,,,,,b,8526.0,0.355890013654581
,,,,,,b,8527.0,0.4032708842423895
,,,,,,b,8528.0,0.3938889055512486
,,,,,,b,8529.0,0.3031057582736967
,,,,,,b,8530.0,0.3476338734555071
,,,,,,b,8531.0,0.412651422774271
,,,,,,b,8532.0,0.3767148558770126
,,,,,,b,8533.0,0.4370752628452106
,,,,,,b,8534.0,0.3975857017401054
,,,,,,b,8535.0,0.3431121176911555
,,,,,,b,8536.0,0.3206519007207919
,,,,,,b,8537.0,0.3095657362651183
,,,,,,b,8538.0,0.3369417316412373
,,,,,,b,8539.0,0.3962830477396282
,,,,,,b,8540.0,0.3439188558506871
,,,,,,b,8541.0,0.2751042749565484
,,,,,,b,8542.0,0.2872442676467779
,,,,,,b,8543.0,0.4642210063392982
,,,,,,b,8544.0,0.3808324117361157
,,,,,,b,8545.0,0.348706261234629
,,,,,,b,8546.0,0.4546784745680186
,,,,,,b,8547.0,0.3826773277634752
,,,,,,b,8548.0,0.4323470079636582
,,,,,,b,8549.0,0.304326157728696
,,,,,,b,8550.0,0.3633540037994502
,,,,,,b,8551.0,0.3268339545466432
,,,,,,b,8552.0,0.3520294484228357
,,,,,,b,8553.0,0.2845250943992958
,,,,,,b,8554.0,0.3614585227584865
,,,,,,b,8555.0,0.326330523779498
,,,,,,b,8556.0,0.3235761278389644
,,,,,,b,8557.0,0.3027781491667567
,,,,,,b,8558.0,0.4250905205047703
,,,,,,b,8559.0,0.3547026054010933
,,,,,,b,8560.0,0.3640568426000699
,,,,,,b,8561.0,0.3738830567392011
,,,,,,b,8562.0,0.3826386557618493
,,,,,,b,8563.0,0.3228245429047116
,,,,,,b,8564.0,0.3959614466825227
,,,,,,b,8565.0,0.4053944745916813
,,,,,,b,8566.0,0.3242094018812906
,,,,,,b,8567.0,0.3917535885929788
,,,,,,b,8568.0,0.3185759611413674
,,,,,,b,8569.0,0.3905536101046052
,,,,,,b,8570.0,0.3174243546756399
,,,,,,b,8571.0,0.325280206252188
,,,,,,b,8572.0,0.3145054301857399
,,,,,,b,8573.0,0.3660873297832125
,,,,,,b,8574.0,0.3878843058536012
,,,,,,b,8575.0,0.3246447245010011
,,,,,,b,8576.0,0.3537428293779125
,,,,,,b,8577.0,0.3776158830939735
,,,,,,b,8578.0,0.3787921555520266
,,,,,,b,8579.0,0.3106886098017538
,,,,,,b,8580.0,0.3125115267715723
,,,,,,b,8581.0,0.2904763231907998
,,,,,,b,8582.0,0.3395177936191449
,,,,,,b,8583.0,0.323488452304443
,,,,,,b,8584.0,0.3895494768755698
,,,,,,b,8585.0,0.3167327841689031
,,,,,,b,8586.0,0.3585925319295593
,,,,,,b,8587.0,0.3002910846751732
,,,,,,b,8588.0,0.4155691684645908
,,,,,,b,8589.0,0.370906351453391
,,,,,,b,8590.0,0.4034013537262129
,,,,,,b,8591.0,0.3277968517861849
,,,,,,b,8592.0,0.4210451219170741
,,,,,,b,8593.0,0.2870056633817941
,,,,,,b,8594.0,0.340004371463241
,,,,,,b,8595.0,0.2854752618320368
,,,,,,b,8596.0,0.3069593259710816
,,,,,,b,8597.0,0.406314396705314
,,,,,,b,8598.0,0.3479626865168832
,,,,,,b,8599.0,0.2967421566203798
,,,,,,b,8600.0,0.3094892643933971
,,,,,,b,8601.0,0.3668196620376465
,,,,,,b,8602.0,0.3723602279113045
,,,,,,b,8603.0,0.345920580159949
,,,,,,b,8604.0,0.3682744794410655
,,,,,,b,8605.0,0.3483022981369408
,,,,,,b,8606.0,0.3139305737010343
,,,,,,b,8607.0,0.3467395259773802
,,,,,,b,8608.0,0.3162631268400235
,,,,,,b,8609.0,0.3465541604973468
,,,,,,b,8610.0,0.3319680778116001
,,,,,,b,8611.0,0.3796488891779148
,,,,,,b,8612.0,0.3645177597728817
,,,,,,b,8613.0,0.3526306047491609
,,,,,,b,8614.0,0.3498711272454278
,,,,,,b,8615.0,0.3302718546657619
,,,,,,b,8616.0,0.3289736536411065
,,,,,,b,8617.0,0.3751745674894504
,,,,,,b,8618.0,0.3001187060597328
,,,,,,b,8619.0,0.3657803746580392
,,,,,,b,8620.0,0.3784491895632693
,,,,,,b,8621.0,0.3088211309306228
,,,,,,b,8622.0,0.2802932807522862
,,,,,,b,8623.0,0.3122139171856268
,,,,,,b,8624.0,0.3414545522358816
,,,,,,b,8625.0,0.3917047769568738
,,,,,,b,8626.0,0.4007485322464705
,,,,,,b,8627.0,0.3194612083025703
,,,,,,b,8628.0,0.3434070835283607
,,,,,,b,8629.0,0.4183337754648613
,,,,,,b,8630.0,0.3477376895718933
,,,,,,b,8631.0,0.351861186020014
,,,,,,b,8632.0,0.4070674894381834
,,,,,,b,8633.0,0.4061120693577909
,,,,,,b,8634.0,0.3412980415810636
,,,,,,b,8635.0,0.3934764850280041
,,,,,,b,8636.0,0.3385516856159603
,,,,,,b,8637.0,0.2890544059416462
,,,,,,b,8638.0,0.3244565153774004
,,,,,,b,8639.0,0.3734179616051576
,,,,,,b,8640.0,0.3846095435514391
,,,,,,b,8641.0,0.3325699547998604
,,,,,,b,8642.0,0.4282012690781052
,,,,,,b,8643.0,0.3508210765257611
,,,,,,b,8644.0,0.2763120725283983
,,,,,,b,8645.0,0.3775410227766569
,,,,,,b,8646.0,0.3204227518001774
,,,,,,b,8647.0,0.3761957023353508
,,,,,,b,8648.0,0.2985355736836692
,,,,,,b,8649.0,0.415061848567861
,,,,,,b,8650.0,0.3654277066938922
,,,,,,b,8651.0,0.3442442918151269
,,,,,,b,8652.0,0.2863978963807083
,,,,,,b,8653.0,0.3996919738894244
,,,,,,b,8654.0,0.3413355521312291
,,,,,,b,8655.0,0.3497515107598841
,,,,,,b,8656.0,0.3474489312231181
,,,,,,b,8657.0,0.3817290537539519
,,,,,,b,8658.0,0.3351500468065289
,,,,,,b,8659.0,0.3026775991319903
,,,,,,b,8660.0,0.3942881250549579
,,,,,,b,8661.0,0.3682255927302194
,,,,,,b,8662.0,0.3529855949523579
,,,,,,b,8663.0,0.3246970630258725
,,,,,,b,8664.0,0.3431279365757791
,,,,,,b,8665.0,0.3511489886104941
,,,,,,b,8666.0,0.3607326443694396
,,,,,,b,8667.0,0.2870314625715391
,,,,,,b,8668.0,0.2994328235917995
,,,,,,b,8669.0,0.3992267847490014
,,,,,,b,8670.0,0.4044947363478197
,,,,,,b,8671.0,0.3315742488584039
,,,,,,b,8672.0,0.3227358591450273
,,,,,,b,8673.0,0.378185608763752
,,,,,,b,8674.0,0.2970254207415244
,,,,,,b,8675.0,0.3340501055711242
,,,,,,b,8676.0,0.3078813770492576
,,,,,,b,8677.0,0.3188330044716547
,,,,,,b,8678.0,0.334901853309252
,,,,,,b,8679.0,0.3585161647157182
,,,,,,b,8680.0,0.3708109052903827
,,,,,,b,8681.0,0.2768611917329258
,,,,,,b,8682.0,0.3449342558021722
,,,,,,b,8683.0,0.3238793108901254
,,,,,,b,8684.0,0.3573511850681994
,,,,,,b,8685.0,0.3657879461823743
,,,,,,b,8686.0,0.3067869847465427
,,,,,,b,8687.0,0.3632048423465597
,,,,,,b,8688.0,0.3738623299849881
,,,,,,b,8689.0,0.3115100926721057
,,,,,,b,8690.0,0.3788343164265222
,,,,,,b,8691.0,0.3360448090724528
,,,,,,b,8692.0,0.3908559727723628
,,,,,,b,8693.0,0.3522273173879147
,,,,,,b,8694.0,0.3683686284387892
,,,,,,b,8695.0,0.3109434859179272
,,,,,,b,8696.0,0.3897169157560665
,,,,,,b,8697.0,0.3653302061615187
,,,,,,b,8698.0,0.3328614303711426
,,,,,,b,8699.0,0.3016300713217408
,,,,,,b,8700.0,0.3047062655751924
,,,,,,b,8701.0,0.4746107357036373
,,,,,,b,8702.0,0.3130281982651843
,,,,,,b,8703.0,0.3718114419270226
,,,,,,b,8704.0,0.3750346608152819
,,,,,,b,8705.0,0.4323753800266385
,,,,,,b,8706.0,0.353243161267025
,,,,,,b,8707.0,0.3795250880482697
,,,,,,b,8708.0,0.3152364611226677
,,,,,,b,8709.0,0.4039075081335825
,,,,,,b,8710.0,0.3214038996644559
,,,,,,b,8711.0,0.3636887988545201
,,,,,,b,8712.0,0.3916329328481507
,,,,,,b,8713.0,0.3858005269971274
,,,,,,b,8714.0,0.3220422429938563
,,,,,,b,8715.0,0.4475755855120975
,,,,,,b,8716.0,0.4055848972664462
,,,,,,b,8717.0,0.3580532212880385
,,,,,,b,8718.0,0.3159832266944828
,,,,,,b,8719.0,0.3100687914421964
,,,,,,b,8720.0,0.2868092477133741
,,,,,,b,8721.0,0.358303938554831
,,,,,,b,8722.0,0.411206992378736
,,,,,,b,8723.0,0.311077115517766
,,,,,,b,8724.0,0.3163443438883462
,,,,,,b,8725.0,0.2988333167009283
,,,,,,b,8726.0,0.3784866082072455
,,,,,,b,8727.0,0.3661948888513957
,,,,,,b,8728.0,0.3695553751066933
,,,,,,b,8729.0,0.4193093773844021
,,,,,,b,8730.0,0.3067644202047948
,,,,,,b,8731.0,0.424203091506798
,,,,,,b,8732.0,0.3485367590043546
,,,,,,b,8733.0,0.4199269143744164
,,,,,,b,8734.0,0.2959188044863321
,,,,,,b,8735.0,0.3258637602616652
,,,,,,b,8736.0,0.3959101416196553
,,,,,,b,8737.0,0.380880694705211
,,,,,,b,8738.0,0.4023905600871851
,,,,,,b,8739.0,0.3648386990583203
,,,,,,b,8740.0,0.4224145001823314
,,,,,,b,8741.0,0.3130490637761505
,,,,,,b,8742.0,0.3195245091366381
,,,,,,b,8743.0,0.3381780490872175
,,,,,,b,8744.0,0.3268353338117498
,,,,,,b,8745.0,0.3566989992954319
,,,,,,b,8746.0,0.3934586353285736
,,,,,,b,8747.0,0.3229941796543976
,,,,,,b,8748.0,0.4660158998165413
,,,,,,b,8749.0,0.3743854678007707
,,,,,,b,8750.0,0.3316807755333131
,,,,,,b,8751.0,0.280377519873852
,,,,,,b,8752.0,0.3869486580988188
,,,,,,b,8753.0,0.3679815071417036
,,,,,,b,8754.0,0.3624874946699581
,,,,,,b,8755.0,0.3784383457127127
,,,,,,b,8756.0,0.3287711824040071
,,,,,,b,8757.0,0.3274781906001891
,,,,,,b,8758.0,0.3680276398516375
,,,,,,b,8759.0,0.3735855884872472
,,,,,,b,8760.0,0.4244605166798054
,,,,,,b,8761.0,0.3658268882284541
,,,,,,b,8762.0,0.4139026319150942
,,,,,,b,8763.0,0.3423455992815722
,,,,,,b,8764.0,0.2837114387232597
,,,,,,b,8765.0,0.3894314126252705
,,,,,,b,8766.0,0.417769570187259
,,,,,,b,8767.0,0.3577207831838911
,,,,,,b,8768.0,0.3234502257499727
,,,,,,b,8769.0,0.3654953317457305
,,,,,,b,8770.0,0.3417003424869342
,,,,,,b,8771.0,0.3319099168810142
,,,,,,b,8772.0,0.3453363304333976
,,,,,,b,8773.0,0.332023844794687
,,,,,,b,8774.0,0.3677600425842025
,,,,,,b,8775.0,0.3887464820466468
,,,,,,b,8776.0,0.3901880355553317
,,,,,,b,8777.0,0.3410873583839526
,,,,,,b,8778.0,0.3326082779612549
,,,,,,b,8779.0,0.339075811956437
,,,,,,b,8780.0,0.3603534408141722
,,,,,,b,8781.0,0.3283757311319415
,,,,,,b,8782.0,0.2882945351757544
,,,,,,b,8783.0,0.3503104764703604
,,,,,,b,8784.0,0.3878066842466685
,,,,,,b,8785.0,0.2647038751568034
,,,,,,b,8786.0,0.3634219232923823
,,,,,,b,8787.0,0.3945974670977508
,,,,,,b,8788.0,0.3541032866241314
,,,,,,b,8789.0,0.3206622454732004
,,,,,,b,8790.0,0.3166632809771368
,,,,,,b,8791.0,0.366441942647294
,,,,,,b,8792.0,0.3584018907381674
,,,,,,b,8793.0,0.358242252004127
,,,,,,b,8794.0,0.2915846041725283
,,,,,,b,8795.0,0.3435186859234727
,,,,,,b,8796.0,0.3451244197064289
,,,,,,b,8797.0,0.3705301947620256
,,,,,,b,8798.0,0.3356857523076031
,,,,,,b,8799.0,0.3787547058665059
,,,,,,b,8800.0,0.3169664780363153
,,,,,,b,8801.0,0.3123562932861796
,,,,,,b,8802.0,0.4066771667499949
,,,,,,b,8803.0,0.3889234403161872
,,,,,,b,8804.0,0.3036540503085261
,,,,,,b,8805.0,0.4187861027720578
,,,,,,b,8806.0,0.341883411648392
,,,,,,b,8807.0,0.3036364790947394
,,,,,,b,8808.0,0.4164258424577425
,,,,,,b,8809.0,0.3697406868018253
,,,,,,b,8810.0,0.4044342918701575
,,,,,,b,8811.0,0.399036232265924
,,,,,,b,8812.0,0.2600642599862537
,,,,,,b,8813.0,0.360696785897233
,,,,,,b,8814.0,0.3638620880768259
,,,,,,b,8815.0,0.2461818443533698
,,,,,,b,8816.0,0.3548861495752198
,,,,,,b,8817.0,0.3703304827521823
,,,,,,b,8818.0,0.3478746419384979
,,,,,,b,8819.0,0.396282627315883
,,,,,,b,8820.0,0.3794403285012198
,,,,,,b,8821.0,0.4372012392485698
,,,,,,b,8822.0,0.3298615855071229
,,,,,,b,8823.0,0.3290167901225245
,,,,,,b,8824.0,0.3039585734831793
,,,,,,b,8825.0,0.3359571220373407
,,,,,,b,8826.0,0.3142214488681363
,,,,,,b,8827.0,0.3288299300202801
,,,,,,b,8828.0,0.340235381008263
,,,,,,b,8829.0,0.3777481116118668
,,,,,,b,8830.0,0.3086742609502084
,,,,,,b,8831.0,0.3783920959883144
,,,,,,b,8832.0,0.3501842468629594
,,,,,,b,8833.0,0.3995660096724109
,,,,,,b,8834.0,0.3796474327372658
,,,,,,b,8835.0,0.3984334395933762
,,,,,,b,8836.0,0.3374588478346654
,,,,,,b,8837.0,0.3259304496931339
,,,,,,b,8838.0,0.3480775956867044
,,,,,,b,8839.0,0.3864233465013966
,,,,,,b,8840.0,0.3554720326759262
,,,,,,b,8841.0,0.3720343275657116
,,,,,,b,8842.0,0.3408719387659582
,,,,,,b,8843.0,0.3485525648343688
,,,,,,b,8844.0,0.3651635430014068
,,,,,,b,8845.0,0.3609106095615839
,,,,,,b,8846.0,0.3172883161143667
,,,,,,b,8847.0,0.3199435464901494
,,,,,,b,8848.0,0.3217961793138495
,,,,,,b,8849.0,0.3863628745252541
,,,,,,b,8850.0,0.3012792536629738
,,,,,,b,8851.0,0.3175201692083345
,,,,,,b,8852.0,0.3199570000999059
,,,,,,b,8853.0,0.3023485531016576
,,,,,,b,8854.0,0.382100460059847
,,,,,,b,8855.0,0.3992603062689914
,,,,,,b,8856.0,0.3460908264966633
,,,,,,b,8857.0,0.2959832405499174
,,,,,,b,8858.0,0.366568516097284
,,,,,,b,8859.0,0.2866673180075354
,,,,,,b,8860.0,0.3319865406857785
,,,,,,b,8861.0,0.320073950301142
,,,,,,b,8862.0,0.3712408796993038
,,,,,,b,8863.0,0.3881085018958954
,,,,,,b,8864.0,0.3622387937510081
,,,,,,b,8865.0,0.2948162427413803
,,,,,,b,8866.0,0.3975517286053356
,,,,,,b,8867.0,0.3314921872991796
,,,,,,b,8868.0,0.3488744047703012
,,,,,,b,8869.0,0.3136094276500918
,,,,,,b,8870.0,0.365535119687939
,,,,,,b,8871.0,0.3084640652954027
,,,,,,b,8872.0,0.3628654037051739
,,,,,,b,8873.0,0.344383964337303
,,,,,,b,8874.0,0.3838549409696603
,,,,,,b,8875.0,0.3982462697430984
,,,,,,b,8876.0,0.3196371141531995
,,,,,,b,8877.0,0.3861064630176742
,,,,,,b,8878.0,0.3352885640582799
,,,,,,b,8879.0,0.3875850167981403
,,,,,,b,8880.0,0.312221964335023
,,,,,,b,8881.0,0.3584589316295297
,,,,,,b,8882.0,0.3027811450393707
,,,,,,b,8883.0,0.356486787919815
,,,,,,b,8884.0,0.3285339124326665
,,,,,,b,8885.0,0.320674929165067
,,,,,,b,8886.0,0.4020012433726831
,,,,,,b,8887.0,0.3375072706527837
,,,,,,b,8888.0,0.3946202348829404
,,,,,,b,8889.0,0.3675833419464904
,,,,,,b,8890.0,0.272564769024449
,,,,,,b,8891.0,0.3159758897792941
,,,,,,b,8892.0,0.3986034136974958
,,,,,,b,8893.0,0.3654886307761962
,,,,,,b,8894.0,0.459140971131601
,,,,,,b,8895.0,0.3358320732938122
,,,,,,b,8896.0,0.3383529807297538
,,,,,,b,8897.0,0.4142297207205874
,,,,,,b,8898.0,0.4006508458421365
,,,,,,b,8899.0,0.3276427581404255
,,,,,,b,8900.0,0.2989464995718078
,,,,,,b,8901.0,0.3469270160976445
,,,,,,b,8902.0,0.3379285623105836
,,,,,,b,8903.0,0.3707887570407395
,,,,,,b,8904.0,0.3543067138879521
,,,,,,b,8905.0,0.3428481119190141
,,,,,,b,8906.0,0.3050183703872009
,,,,,,b,8907.0,0.3316449846092837
,,,,,,b,8908.0,0.3366350287560373
,,,,,,b,8909.0,0.435448698921558
,,,,,,b,8910.0,0.3824040948622111
,,,,,,b,8911.0,0.3290637132425931
,,,,,,b,8912.0,0.384128301271299
,,,,,,b,8913.0,0.450541833036179
,,,,,,b,8914.0,0.3490147338760088
,,,,,,b,8915.0,0.3024764576489693
,,,,,,b,8916.0,0.3724886499795672
,,,,,,b,8917.0,0.3434939258022678
,,,,,,b,8918.0,0.3795801979021247
,,,,,,b,8919.0,0.4104820761973995
,,,,,,b,8920.0,0.3458967218395692
,,,,,,b,8921.0,0.3457595239996522
,,,,,,b,8922.0,0.3379613732022979
,,,,,,b,8923.0,0.3503989896228372
,,,,,,b,8924.0,0.3860971812414577
,,,,,,b,8925.0,0.4192124557748937
,,,,,,b,8926.0,0.3142493397469996
,,,,,,b,8927.0,0.3734363540612984
,,,,,,b,8928.0,0.4088336082221322
,,,,,,b,8929.0,0.3602562156385192
,,,,,,b,8930.0,0.247835205088414
,,,,,,b,8931.0,0.2933179477196637
,,,,,,b,8932.0,0.3580441457704784
,,,,,,b,8933.0,0.3537777081640407
,,,,,,b,8934.0,0.3793510659708339
,,,,,,b,8935.0,0.4399093811800965
,,,,,,b,8936.0,0.3353159537342796
,,,,,,b,8937.0,0.2971847645879544
,,,,,,b,8938.0,0.4069608387305687
,,,,,,b,8939.0,0.3625620194890389
,,,,,,b,8940.0,0.3591435110421157
,,,,,,b,8941.0,0.3281847988025235
,,,,,,b,8942.0,0.3651179543546003
,,,,,,b,8943.0,0.3049262515046242
,,,,,,b,8944.0,0.2909501125716951
,,,,,,b,8945.0,0.4088824363524153
,,,,,,b,8946.0,0.3116703168328869
,,,,,,b,8947.0,0.3067802683120297
,,,,,,b,8948.0,0.3376498640274379
,,,,,,b,8949.0,0.3982809455625808
,,,,,,b,8950.0,0.3347469844742865
,,,,,,b,8951.0,0.3786423124539775
,,,,,,b,8952.0,0.3348049551414411
,,,,,,b,8953.0,0.3894274349429576
,,,,,,b,8954.0,0.2768352296482952
,,,,,,b,8955.0,0.3952967759797472
,,,,,,b,8956.0,0.3739775020591316
,,,,,,b,8957.0,0.4164205657251312
,,,,,,b,8958.0,0.4334981093414853
,,,,,,b,8959.0,0.358230140919773
,,,,,,b,8960.0,0.4051710505057131
,,,,,,b,8961.0,0.403310137846157
,,,,,,b,8962.0,0.3790407993426798
,,,,,,b,8963.0,0.3477279851103869
,,,,,,b,8964.0,0.3241836870339387
,,,,,,b,8965.0,0.3604855515070233
,,,,,,b,8966.0,0.3840594070667662
,,,,,,b,8967.0,0.352287975666091
,,,,,,b,8968.0,0.2902138479873071
,,,,,,b,8969.0,0.3434876070010371
,,,,,,b,8970.0,0.3233184991338129
,,,,,,b,8971.0,0.2947503369789053
,,,,,,b,8972.0,0.3294931220018253
,,,,,,b,8973.0,0.3592477821184974
,,,,,,b,8974.0,0.3714750569389871
,,,,,,b,8975.0,0.412073211879254
,,,,,,b,8976.0,0.337136820134547
,,,,,,b,8977.0,0.3528787170178322
,,,,,,b,8978.0,0.3449628955557928
,,,,,,b,8979.0,0.3855788029942451
,,,,,,b,8980.0,0.3153024182391677
,,,,,,b,8981.0,0.4010880241286716
,,,,,,b,8982.0,0.4105263876174319
,,,,,,b,8983.0,0.3544002746780386
,,,,,,b,8984.0,0.3919295709087858
,,,,,,b,8985.0,0.3107977806353403
,,,,,,b,8986.0,0.3418644705108371
,,,,,,b,8987.0,0.3673442429855971
,,,,,,b,8988.0,0.2703109570222572
,,,,,,b,8989.0,0.4340951190274023
,,,,,,b,8990.0,0.3098925625128603
,,,,,,b,8991.0,0.4016252723183662
,,,,,,b,8992.0,0.3856788986867201
,,,,,,b,8993.0,0.3373563273199149
,,,,,,b,8994.0,0.4548761762188995
,,,,,,b,8995.0,0.3892629792985764
,,,,,,b,8996.0,0.3630161316670581
,,,,,,b,8997.0,0.3396204171546104
,,,,,,b,8998.0,0.446330220246816
,,,,,,b,8999.0,0.2966650520306237
,,,,,,b,9000.0,0.3421820757494567
,,,,,,b,9001.0,0.3301555527729904
,,,,,,b,9002.0,0.3402111196979538
,,,,,,b,9003.0,0.3925018542175396
,,,,,,b,9004.0,0.375349081033133
,,,,,,b,9005.0,0.3382668916647926
,,,,,,b,9006.0,0.3424977741156105
,,,,,,b,9007.0,0.2767244740552348
,,,,,,b,9008.0,0.3869839426114714
,,,,,,b,9009.0,0.3434975010218699
,,,,,,b,9010.0,0.3560250194531655
,,,,,,b,9011.0,0.3380401696908222
,,,,,,b,9012.0,0.293805988978213
,,,,,,b,9013.0,0.3496760954285784
,,,,,,b,9014.0,0.3320858172272878
,,,,,,b,9015.0,0.373522219677624
,,,,,,b,9016.0,0.3550173347815675
,,,,,,b,9017.0,0.4268077962678571
,,,,,,b,9018.0,0.3342965384571199
,,,,,,b,9019.0,0.3296230903885284
,,,,,,b,9020.0,0.3669213863047207
,,,,,,b,9021.0,0.3011853967624951
,,,,,,b,9022.0,0.3794203292302409
,,,,,,b,9023.0,0.2644887449998934
,,,,,,b,9024.0,0.3974119522784285
,,,,,,b,9025.0,0.4160436329577721
,,,,,,b,9026.0,0.3788179838461447
,,,,,,b,9027.0,0.3134810377438763
,,,,,,b,9028.0,0.3513595547394885
,,,,,,b,9029.0,0.377838181852832
,,,,,,b,9030.0,0.3369288888287851
,,,,,,b,9031.0,0.365593536739361
,,,,,,b,9032.0,0.3419107710365039
,,,,,,b,9033.0,0.3665675736779219
,,,,,,b,9034.0,0.4139066366696169
,,,,,,b,9035.0,0.4138992044135019
,,,,,,b,9036.0,0.3147124924314934
,,,,,,b,9037.0,0.3186878741080883
,,,,,,b,9038.0,0.4597416399768019
,,,,,,b,9039.0,0.3248019458629754
,,,,,,b,9040.0,0.4194881048248278
,,,,,,b,9041.0,0.3740579169204983
,,,,,,b,9042.0,0.3768526290405125
,,,,,,b,9043.0,0.3175463957995097
,,,,,,b,9044.0,0.3437449109715342
,,,,,,b,9045.0,0.3563960629402793
,,,,,,b,9046.0,0.3949912983983505
,,,,,,b,9047.0,0.3491510288540196
,,,,,,b,9048.0,0.3283621160448846
,,,,,,b,9049.0,0.3798827065854073
,,,,,,b,9050.0,0.4454239214251467
,,,,,,b,9051.0,0.336964573827752
,,,,,,b,9052.0,0.3926891595931616
,,,,,,b,9053.0,0.3647015568328635
,,,,,,b,9054.0,0.3576888538586131
,,,,,,b,9055.0,0.3065064982098855
,,,,,,b,9056.0,0.3616203999623821
,,,,,,b,9057.0,0.3399832009592831
,,,,,,b,9058.0,0.3549875010737389
,,,,,,b,9059.0,0.3418949824320862
,,,,,,b,9060.0,0.4018342010445033
,,,,,,b,9061.0,0.4039975594394116
,,,,,,b,9062.0,0.3245275927285007
,,,,,,b,9063.0,0.2897465727286858
,,,,,,b,9064.0,0.3187832051190531
,,,,,,b,9065.0,0.3593723528720431
,,,,,,b,9066.0,0.2996729058409162
,,,,,,b,9067.0,0.4473229006933867
,,,,,,b,9068.0,0.3718164216207857
,,,,,,b,9069.0,0.3513672663553633
,,,,,,b,9070.0,0.2635422982679185
,,,,,,b,9071.0,0.3051213327943403
,,,,,,b,9072.0,0.386131498228492
,,,,,,b,9073.0,0.351421596014541
,,,,,,b,9074.0,0.32338237304943
,,,,,,b,9075.0,0.3287030638442498
,,,,,,b,9076.0,0.3611804537297618
,,,,,,b,9077.0,0.3664283901340508
,,,,,,b,9078.0,0.3474921545130027
,,,,,,b,9079.0,0.358184177723031
,,,,,,b,9080.0,0.428977636483618
,,,,,,b,9081.0,0.3620099420120728
,,,,,,b,9082.0,0.3016149044509406
,,,,,,b,9083.0,0.3600809626037073
,,,,,,b,9084.0,0.3726397942632307
,,,,,,b,9085.0,0.3199617046444611
,,,,,,b,9086.0,0.3685569708500269
,,,,,,b,9087.0,0.2996026216351892
,,,,,,b,9088.0,0.3984367373718274
,,,,,,b,9089.0,0.4008294434918573
,,,,,,b,9090.0,0.3927632237624561
,,,,,,b,9091.0,0.2855772250106203
,,,,,,b,9092.0,0.3526400127850277
,,,,,,b,9093.0,0.3802862974893894
,,,,,,b,9094.0,0.3454496498401749
,,,,,,b,9095.0,0.3547266149627339
,,,,,,b,9096.0,0.3607263747604472
,,,,,,b,9097.0,0.2844286957348352
,,,,,,b,9098.0,0.3542514079424874
,,,,,,b,9099.0,0.3656302734705945
,,,,,,b,9100.0,0.3194689565382016
,,,,,,b,9101.0,0.3647726304387073
,,,,,,b,9102.0,0.3268757137230227
,,,,,,b,9103.0,0.3428868808394547
,,,,,,b,9104.0,0.3051648611658155
,,,,,,b,9105.0,0.3389996150270993
,,,,,,b,9106.0,0.3237564896262834
,,,,,,b,9107.0,0.3127212019122733
,,,,,,b,9108.0,0.3704731359541449
,,,,,,b,9109.0,0.3694152963437807
,,,,,,b,9110.0,0.3316191085785456
,,,,,,b,9111.0,0.3325515141308051
,,,,,,b,9112.0,0.3399232359794104
,,,,,,b,9113.0,0.3570281276374505
,,,,,,b,9114.0,0.3444246750137525
,,,,,,b,9115.0,0.4181789055549743
,,,,,,b,9116.0,0.3140393145595719
,,,,,,b,9117.0,0.3048678314127087
,,,,,,b,9118.0,0.3021241897962801
,,,,,,b,9119.0,0.3742131573055247
,,,,,,b,9120.0,0.3702702291845074
,,,,,,b,9121.0,0.3322688344235649
,,,,,,b,9122.0,0.3530300008515876
,,,,,,b,9123.0,0.3329475930664607
,,,,,,b,9124.0,0.3378127071672958
,,,,,,b,9125.0,0.360503066848211
,,,,,,b,9126.0,0.3550017360280559
,,,,,,b,9127.0,0.440223726343421
,,,,,,b,9128.0,0.3261597932916471
,,,,,,b,9129.0,0.3523569086389484
,,,,,,b,9130.0,0.3751531387673719
,,,,,,b,9131.0,0.3972240619361487
,,,,,,b,9132.0,0.3261641097064949
,,,,,,b,9133.0,0.3478343290610755
,,,,,,b,9134.0,0.3487189238293977
,,,,,,b,9135.0,0.3074133892298305
,,,,,,b,9136.0,0.3616440907406182
,,,,,,b,9137.0,0.357348476607807
,,,,,,b,9138.0,0.3925502575282245
,,,,,,b,9139.0,0.3869698427897967
,,,,,,b,9140.0,0.3029278617491626
,,,,,,b,9141.0,0.3867135657788725
,,,,,,b,9142.0,0.3632630159364276
,,,,,,b,9143.0,0.3067489413695141
,,,,,,b,9144.0,0.3735362522032264
,,,,,,b,9145.0,0.344308043917148
,,,,,,b,9146.0,0.3545043357454251
,,,,,,b,9147.0,0.3406834059561259
,,,,,,b,9148.0,0.2975593190611598
,,,,,,b,9149.0,0.3189447298851005
,,,,,,b,9150.0,0.3888326198599654
,,,,,,b,9151.0,0.3820614025205708
,,,,,,b,9152.0,0.3791931487198012
,,,,,,b,9153.0,0.3695730297274142
,,,,,,b,9154.0,0.3542463971554004
,,,,,,b,9155.0,0.3065470758343425
,,,,,,b,9156.0,0.3409400720719264
,,,,,,b,9157.0,0.3583819550875593
,,,,,,b,9158.0,0.4256294172102812
,,,,,,b,9159.0,0.3284942749700423
,,,,,,b,9160.0,0.3441617998193105
,,,,,,b,9161.0,0.3426054402801695
,,,,,,b,9162.0,0.3319353407481191
,,,,,,b,9163.0,0.3756370587879818
,,,,,,b,9164.0,0.3568625723577119
,,,,,,b,9165.0,0.3119131284643122
,,,,,,b,9166.0,0.3179968336267791
,,,,,,b,9167.0,0.3656648581277384
,,,,,,b,9168.0,0.2889286275556184
,,,,,,b,9169.0,0.347320355057422
,,,,,,b,9170.0,0.3921790446375155
,,,,,,b,9171.0,0.3866351476643852
,,,,,,b,9172.0,0.3869421710271252
,,,,,,b,9173.0,0.2954568173740504
,,,,,,b,9174.0,0.3553055571618784
,,,,,,b,9175.0,0.4050096150996096
,,,,,,b,9176.0,0.357037864092514
,,,,,,b,9177.0,0.3527106914322608
,,,,,,b,9178.0,0.3293387460348991
,,,,,,b,9179.0,0.2817805491028347
,,,,,,b,9180.0,0.4062206299304551
,,,,,,b,9181.0,0.3274975737803571
,,,,,,b,9182.0,0.2977330908185376
,,,,,,b,9183.0,0.3433056287880416
,,,,,,b,9184.0,0.3071371462413017
,,,,,,b,9185.0,0.3989393816647819
,,,,,,b,9186.0,0.3875215078897049
,,,,,,b,9187.0,0.3834317619605456
,,,,,,b,9188.0,0.3859628296673607
,,,,,,b,9189.0,0.3395848604675566
,,,,,,b,9190.0,0.3268989696297248
,,,,,,b,9191.0,0.3045466524051048
,,,,,,b,9192.0,0.3541854584541761
,,,,,,b,9193.0,0.3787371326241282
,,,,,,b,9194.0,0.3161992525879027
,,,,,,b,9195.0,0.3274419560528692
,,,,,,b,9196.0,0.3266417296094754
,,,,,,b,9197.0,0.3261889290119697
,,,,,,b,9198.0,0.274279505107716
,,,,,,b,9199.0,0.3780805732312533
,,,,,,b,9200.0,0.2989216857074415
,,,,,,b,9201.0,0.3809558082955915
,,,,,,b,9202.0,0.3556084961639905
,,,,,,b,9203.0,0.3176624602170004
,,,,,,b,9204.0,0.3822907181705672
,,,,,,b,9205.0,0.3568428560355521
,,,,,,b,9206.0,0.3251853721557181
,,,,,,b,9207.0,0.3626211172607361
,,,,,,b,9208.0,0.3723869906040544
,,,,,,b,9209.0,0.3243539122218748
,,,,,,b,9210.0,0.4450016547166697
,,,,,,b,9211.0,0.2873738647464452
,,,,,,b,9212.0,0.3965833016061926
,,,,,,b,9213.0,0.3183572532397676
,,,,,,b,9214.0,0.3806275606172788
,,,,,,b,9215.0,0.3848330383710672
,,,,,,b,9216.0,0.2860068249948369
,,,,,,b,9217.0,0.3550310186829155
,,,,,,b,9218.0,0.3710533659361394
,,,,,,b,9219.0,0.3309043343826192
,,,,,,b,9220.0,0.3328675331853996
,,,,,,b,9221.0,0.3164811689561335
,,,,,,b,9222.0,0.3099382039795664
,,,,,,b,9223.0,0.326929234834405
,,,,,,b,9224.0,0.3061051242694201
,,,,,,b,9225.0,0.2836754793512877
,,,,,,b,9226.0,0.3332035622055564
,,,,,,b,9227.0,0.3125503295184968
,,,,,,b,9228.0,0.3527053231639212
,,,,,,b,9229.0,0.2876300328615246
,,,,,,b,9230.0,0.3506186087065974
,,,,,,b,9231.0,0.3511059051184131
,,,,,,b,9232.0,0.2881772699764546
,,,,,,b,9233.0,0.3169680368041025
,,,,,,b,9234.0,0.2830201161323851
,,,,,,b,9235.0,0.3603710960804203
,,,,,,b,9236.0,0.3450499166467966
,,,,,,b,9237.0,0.3713698989928655
,,,,,,b,9238.0,0.3337715720886787
,,,,,,b,9239.0,0.3734699999113258
,,,,,,b,9240.0,0.2826615737160902
,,,,,,b,9241.0,0.3436739509789333
,,,,,,b,9242.0,0.2968614668647125
,,,,,,b,9243.0,0.3859668991499081
,,,,,,b,9244.0,0.3251606360177641
,,,,,,b,9245.0,0.3083035813986652
,,,,,,b,9246.0,0.3428962132312185
,,,,,,b,9247.0,0.370589562803302
,,,,,,b,9248.0,0.3635894531395216
,,,,,,b,9249.0,0.3873440561372119
,,,,,,b,9250.0,0.4039143445864339
,,,,,,b,9251.0,0.2882037330927822
,,,,,,b,9252.0,0.3538233340853858
,,,,,,b,9253.0,0.3226752201772007
,,,,,,b,9254.0,0.3767471234103761
,,,,,,b,9255.0,0.3411629323577223
,,,,,,b,9256.0,0.3590521450327868
,,,,,,b,9257.0,0.2649342831438157
,,,,,,b,9258.0,0.4043302952280347
,,,,,,b,9259.0,0.422548688603924
,,,,,,b,9260.0,0.3102201241716953
,,,,,,b,9261.0,0.3928570261831932
,,,,,,b,9262.0,0.3724962612540583
,,,,,,b,9263.0,0.2802633276428365
,,,,,,b,9264.0,0.3527345676042541
,,,,,,b,9265.0,0.3790343466971735
,,,,,,b,9266.0,0.3200270635569415
,,,,,,b,9267.0,0.3435467869645396
,,,,,,b,9268.0,0.3350301072763195
,,,,,,b,9269.0,0.3048911240183454
,,,,,,b,9270.0,0.4026761967238137
,,,,,,b,9271.0,0.3097022795811726
,,,,,,b,9272.0,0.3597532678265804
,,,,,,b,9273.0,0.3759624324615069
,,,,,,b,9274.0,0.3457970115860207
,,,,,,b,9275.0,0.4369807842432105
,,,,,,b,9276.0,0.3027051510732463
,,,,,,b,9277.0,0.3209942906005234
,,,,,,b,9278.0,0.3148068432689896
,,,,,,b,9279.0,0.3785399277232364
,,,,,,b,9280.0,0.334758080923446
,,,,,,b,9281.0,0.2886533989089108
,,,,,,b,9282.0,0.3172702833847474
,,,,,,b,9283.0,0.3401617743774467
,,,,,,b,9284.0,0.3197337271365441
,,,,,,b,9285.0,0.3923510217783352
,,,,,,b,9286.0,0.3198860091516291
,,,,,,b,9287.0,0.4037744165963954
,,,,,,b,9288.0,0.4359308716243273
,,,,,,b,9289.0,0.320796351608609
,,,,,,b,9290.0,0.4143685051336132
,,,,,,b,9291.0,0.3568377591009231
,,,,,,b,9292.0,0.3173227579938151
,,,,,,b,9293.0,0.3249514300081153
,,,,,,b,9294.0,0.3642800693718007
,,,,,,b,9295.0,0.4287241405743942
,,,,,,b,9296.0,0.3174725927131128
,,,,,,b,9297.0,0.3746981455340465
,,,,,,b,9298.0,0.3540674978616618
,,,,,,b,9299.0,0.3736237067336159
,,,,,,b,9300.0,0.3087559126394481
,,,,,,b,9301.0,0.3732533005157261
,,,,,,b,9302.0,0.3385195462036718
,,,,,,b,9303.0,0.2822908587218649
,,,,,,b,9304.0,0.4842458832003768
,,,,,,b,9305.0,0.332387306385999
,,,,,,b,9306.0,0.3836427856013866
,,,,,,b,9307.0,0.427511289849801
,,,,,,b,9308.0,0.3583783419414015
,,,,,,b,9309.0,0.3264416295558017
,,,,,,b,9310.0,0.3385052476191843
,,,,,,b,9311.0,0.3428447161674004
,,,,,,b,9312.0,0.404108406650149
,,,,,,b,9313.0,0.3660416540746145
,,,,,,b,9314.0,0.408297155830069
,,,,,,b,9315.0,0.3725038665717699
,,,,,,b,9316.0,0.2841598792162987
,,,,,,b,9317.0,0.356928317753427
,,,,,,b,9318.0,0.383071685484774
,,,,,,b,9319.0,0.386954938944664
,,,,,,b,9320.0,0.3557491106195858
,,,,,,b,9321.0,0.3395423391685677
,,,,,,b,9322.0,0.3344144838626244
,,,,,,b,9323.0,0.3944635322184577
,,,,,,b,9324.0,0.4470797628579763
,,,,,,b,9325.0,0.3497563143180766
,,,,,,b,9326.0,0.3485327004495957
,,,,,,b,9327.0,0.3358967275548932
,,,,,,b,9328.0,0.3275011994718757
,,,,,,b,9329.0,0.281652050867359
,,,,,,b,9330.0,0.2820615264779098
,,,,,,b,9331.0,0.3461238809665041
,,,,,,b,9332.0,0.294662711030258
,,,,,,b,9333.0,0.3911964961044987
,,,,,,b,9334.0,0.2990200025682492
,,,,,,b,9335.0,0.3075583850972481
,,,,,,b,9336.0,0.3677097842054833
,,,,,,b,9337.0,0.3008017235460909
,,,,,,b,9338.0,0.3508069238272462
,,,,,,b,9339.0,0.3898991803729212
,,,,,,b,9340.0,0.3314198478159973
,,,,,,b,9341.0,0.3864280145004852
,,,,,,b,9342.0,0.2891166561536868
,,,,,,b,9343.0,0.3273972248342667
,,,,,,b,9344.0,0.3394306868604406
,,,,,,b,9345.0,0.3324728933444079
,,,,,,b,9346.0,0.3104832389969725
,,,,,,b,9347.0,0.2794636013064302
,,,,,,b,9348.0,0.3344146462271737
,,,,,,b,9349.0,0.3346659297165639
,,,,,,b,9350.0,0.3470110701140871
,,,,,,b,9351.0,0.3522502218966012
,,,,,,b,9352.0,0.3642656964881641
,,,,,,b,9353.0,0.3220045830211528
,,,,,,b,9354.0,0.3748121087782716
,,,,,,b,9355.0,0.3464035587225198
,,,,,,b,9356.0,0.3602623306516177
,,,,,,b,9357.0,0.3652653595984088
,,,,,,b,9358.0,0.3310117716681291
,,,,,,b,9359.0,0.3668587109070733
,,,,,,b,9360.0,0.3272348711399027
,,,,,,b,9361.0,0.3423596273867715
,,,,,,b,9362.0,0.3454546518309622
,,,,,,b,9363.0,0.3002865563186767
,,,,,,b,9364.0,0.376656776235253
,,,,,,b,9365.0,0.4192752904894208
,,,,,,b,9366.0,0.4037721758300692
,,,,,,b,9367.0,0.3808236244801359
,,,,,,b,9368.0,0.3616006163769234
,,,,,,b,9369.0,0.3788287880479211
,,,,,,b,9370.0,0.3108181509810337
,,,,,,b,9371.0,0.2893264066153933
,,,,,,b,9372.0,0.3357460641330183
,,,,,,b,9373.0,0.373595191854541
,,,,,,b,9374.0,0.3976168607828563
,,,,,,b,9375.0,0.3952251661031933
,,,,,,b,9376.0,0.3259502796677633
,,,,,,b,9377.0,0.3283876545318196
,,,,,,b,9378.0,0.3244608578042869
,,,,,,b,9379.0,0.3163233454091605
,,,,,,b,9380.0,0.3410921756874701
,,,,,,b,9381.0,0.3098856848891653
,,,,,,b,9382.0,0.2808398490665897
,,,,,,b,9383.0,0.3656996534414314
,,,,,,b,9384.0,0.3906926580754382
,,,,,,b,9385.0,0.3742033182605357
,,,,,,b,9386.0,0.3308917823524342
,,,,,,b,9387.0,0.2966770094478002
,,,,,,b,9388.0,0.3862036843744643
,,,,,,b,9389.0,0.2839085008535384
,,,,,,b,9390.0,0.3564680252283634
,,,,,,b,9391.0,0.3253375006503929
,,,,,,b,9392.0,0.3182690580760452
,,,,,,b,9393.0,0.3449225972134049
,,,,,,b,9394.0,0.3895139794778188
,,,,,,b,9395.0,0.350351845479214
,,,,,,b,9396.0,0.4094867073840134
,,,,,,b,9397.0,0.3458750303907747
,,,,,,b,9398.0,0.403412345373797
,,,,,,b,9399.0,0.4427270037487241
,,,,,,b,9400.0,0.3362605039295778
,,,,,,b,9401.0,0.3262624967042797
,,,,,,b,9402.0,0.3522467756357703
,,,,,,b,9403.0,0.3653574661517096
,,,,,,b,9404.0,0.4147704637081868
,,,,,,b,9405.0,0.3806722276313823
,,,,,,b,9406.0,0.3920421167791668
,,,,,,b,9407.0,0.4343469978131109
,,,,,,b,9408.0,0.3231731838093004
,,,,,,b,9409.0,0.3746693105810226
,,,,,,b,9410.0,0.3835286269384736
,,,,,,b,9411.0,0.3551465948680947
,,,,,,b,9412.0,0.2840274245470544
,,,,,,b,9413.0,0.417230864527105
,,,,,,b,9414.0,0.3436347729815825
,,,,,,b,9415.0,0.3108795860572204
,,,,,,b,9416.0,0.3597534221817735
,,,,,,b,9417.0,0.3382144008385004
,,,,,,b,9418.0,0.385933099116639
,,,,,,b,9419.0,0.355782702278439
,,,,,,b,9420.0,0.4097188139940351
,,,,,,b,9421.0,0.3765108929053937
,,,,,,b,9422.0,0.3399714091581716
,,,,,,b,9423.0,0.3926754600443107
,,,,,,b,9424.0,0.3559853724542159
,,,,,,b,9425.0,0.4115167595008686
,,,,,,b,9426.0,0.3380046552588549
,,,,,,b,9427.0,0.3317680477600002
,,,,,,b,9428.0,0.3984867741373059
,,,,,,b,9429.0,0.3588499364539954
,,,,,,b,9430.0,0.3589140237463222
,,,,,,b,9431.0,0.4189808805541215
,,,,,,b,9432.0,0.3550994734944694
,,,,,,b,9433.0,0.3498515361468177
,,,,,,b,9434.0,0.3406071196325313
,,,,,,b,9435.0,0.2943076094686856
,,,,,,b,9436.0,0.3332600411137645
,,,,,,b,9437.0,0.33032401643622
,,,,,,b,9438.0,0.2993255550723228
,,,,,,b,9439.0,0.3178425835484693
,,,,,,b,9440.0,0.3383089138548412
,,,,,,b,9441.0,0.3339940907205463
,,,,,,b,9442.0,0.3124960394690044
,,,,,,b,9443.0,0.3482786736248147
,,,,,,b,9444.0,0.3680475744492915
,,,,,,b,9445.0,0.3946442098322107
,,,,,,b,9446.0,0.3782019517194972
,,,,,,b,9447.0,0.3972742441877592
,,,,,,b,9448.0,0.3570119078199338
,,,,,,b,9449.0,0.3397924799789873
,,,,,,b,9450.0,0.3044226917872805
,,,,,,b,9451.0,0.2736775418381549
,,,,,,b,9452.0,0.3451702676201451
,,,,,,b,9453.0,0.3374721238021814
,,,,,,b,9454.0,0.3655561867008878
,,,,,,b,9455.0,0.4079268286762576
,,,,,,b,9456.0,0.3708014214807225
,,,,,,b,9457.0,0.3578757774031373
,,,,,,b,9458.0,0.379250182836468
,,,,,,b,9459.0,0.3168175133793678
,,,,,,b,9460.0,0.32901232530824
,,,,,,b,9461.0,0.3149482067684337
,,,,,,b,9462.0,0.3359777285166334
,,,,,,b,9463.0,0.3025281074660775
,,,,,,b,9464.0,0.3758181629758281
,,,,,,b,9465.0,0.3627255324249097
,,,,,,b,9466.0,0.3371867715841392
,,,,,,b,9467.0,0.2925850328254613
,,,,,,b,9468.0,0.3830721038514255
,,,,,,b,9469.0,0.4271060907183064
,,,,,,b,9470.0,0.3346997031269909
,,,,,,b,9471.0,0.3854740615603078
,,,,,,b,9472.0,0.3663536136189207
,,,,,,b,9473.0,0.3878235780507797
,,,,,,b,9474.0,0.3051450121541026
,,,,,,b,9475.0,0.3429034332838312
,,,,,,b,9476.0,0.3587794985566468
,,,,,,b,9477.0,0.3518652948760135
,,,,,,b,9478.0,0.3398444940039975
,,,,,,b,9479.0,0.2844190268194548
,,,,,,b,9480.0,0.3517350249073896
,,,,,,b,9481.0,0.3620611304506504
,,,,,,b,9482.0,0.3486221194884882
,,,,,,b,9483.0,0.298116634344117
,,,,,,b,9484.0,0.3846204329979477
,,,,,,b,9485.0,0.4486428669337821
,,,,,,b,9486.0,0.328432083197582
,,,,,,b,9487.0,0.3583916479801057
,,,,,,b,9488.0,0.3276589825124603
,,,,,,b,9489.0,0.2942963998620378
,,,,,,b,9490.0,0.3849502743649773
,,,,,,b,9491.0,0.3174828564712606
,,,,,,b,9492.0,0.3752037205971148
,,,,,,b,9493.0,0.3687222277329471
,,,,,,b,9494.0,0.3694502960188761
,,,,,,b,9495.0,0.373893048521221
,,,,,,b,9496.0,0.3974216585466705
,,,,,,b,9497.0,0.324956351981728
,,,,,,b,9498.0,0.3934291632187268
,,,,,,b,9499.0,0.2978714858930544
,,,,,,b,9500.0,0.3503453669074883
,,,,,,b,9501.0,0.3467217093864412
,,,,,,b,9502.0,0.3733987602900366
,,,,,,b,9503.0,0.384352462592159
,,,,,,b,9504.0,0.3497944846988785
,,,,,,b,9505.0,0.3075205373542018
,,,,,,b,9506.0,0.3435539335111182
,,,,,,b,9507.0,0.3250920916399313
,,,,,,b,9508.0,0.4039454582330384
,,,,,,b,9509.0,0.3631018083134498
,,,,,,b,9510.0,0.4303881244834326
,,,,,,b,9511.0,0.3849011702117284
,,,,,,b,9512.0,0.326669164018369
,,,,,,b,9513.0,0.3520893275846193
,,,,,,b,9514.0,0.3354782417877509
,,,,,,b,9515.0,0.3465285249112999
,,,,,,b,9516.0,0.3312316755174223
,,,,,,b,9517.0,0.3675153653681393
,,,,,,b,9518.0,0.3571399426212513
,,,,,,b,9519.0,0.3230056376755059
,,,,,,b,9520.0,0.3417637838372962
,,,,,,b,9521.0,0.4095350380928035
,,,,,,b,9522.0,0.4072688948745306
,,,,,,b,9523.0,0.2971437833438166
,,,,,,b,9524.0,0.3444998020392034
,,,,,,b,9525.0,0.4540168903610104
,,,,,,b,9526.0,0.3493709191692558
,,,,,,b,9527.0,0.4348448220142176
,,,,,,b,9528.0,0.4163622470898516
,,,,,,b,9529.0,0.3613083847499014
,,,,,,b,9530.0,0.3291818783589399
,,,,,,b,9531.0,0.3797206975744425
,,,,,,b,9532.0,0.4013473502040305
,,,,,,b,9533.0,0.4035482373553853
,,,,,,b,9534.0,0.3288968623988366
,,,,,,b,9535.0,0.3426216436917544
,,,,,,b,9536.0,0.4360893545440323
,,,,,,b,9537.0,0.3267116681696635
,,,,,,b,9538.0,0.3021094263064583
,,,,,,b,9539.0,0.3057940836021799
,,,,,,b,9540.0,0.3942249751595454
,,,,,,b,9541.0,0.2972827986964694
,,,,,,b,9542.0,0.4053612923838807
,,,,,,b,9543.0,0.3125696458948668
,,,,,,b,9544.0,0.2989671006181034
,,,,,,b,9545.0,0.3024141869415566
,,,,,,b,9546.0,0.2985059152901339
,,,,,,b,9547.0,0.3778792599946396
,,,,,,b,9548.0,0.3229173215997898
,,,,,,b,9549.0,0.3330290045284534
,,,,,,b,9550.0,0.3485814077845708
,,,,,,b,9551.0,0.3675247230001481
,,,,,,b,9552.0,0.3039705858958386
,,,,,,b,9553.0,0.3986717685247987
,,,,,,b,9554.0,0.4174724302339858
,,,,,,b,9555.0,0.3174983350519929
,,,,,,b,9556.0,0.3664893949774082
,,,,,,b,9557.0,0.3273715188878139
,,,,,,b,9558.0,0.3628447547364981
,,,,,,b,9559.0,0.3237147723078615
,,,,,,b,9560.0,0.3427960520109461
,,,,,,b,9561.0,0.4109459462383529
,,,,,,b,9562.0,0.3500082298614821
,,,,,,b,9563.0,0.3192439255119361
,,,,,,b,9564.0,0.3801484261723207
,,,,,,b,9565.0,0.3535651427822159
,,,,,,b,9566.0,0.3339748394212405
,,,,,,b,9567.0,0.3865685431854504
,,,,,,b,9568.0,0.303707247530963
,,,,,,b,9569.0,0.2686083692270928
,,,,,,b,9570.0,0.3034451335520485
,,,,,,b,9571.0,0.2836820475156743
,,,,,,b,9572.0,0.3206861167502119
,,,,,,b,9573.0,0.3481376761791148
,,,,,,b,9574.0,0.3289098575600553
,,,,,,b,9575.0,0.35163531101017
,,,,,,b,9576.0,0.3745606467993414
,,,,,,b,9577.0,0.2825175737928145
,,,,,,b,9578.0,0.3402785125075849
,,,,,,b,9579.0,0.3524493040310528
,,,,,,b,9580.0,0.304868997531027
,,,,,,b,9581.0,0.3276865052301216
,,,,,,b,9582.0,0.333361979695201
,,,,,,b,9583.0,0.3334031270834274
,,,,,,b,9584.0,0.3809700853643782
,,,,,,b,9585.0,0.3865611460234919
,,,,,,b,9586.0,0.3275979606782844
,,,,,,b,9587.0,0.3685916697680333
,,,,,,b,9588.0,0.3826594363961413
,,,,,,b,9589.0,0.3330781677517969
,,,,,,b,9590.0,0.4362693426180444
,,,,,,b,9591.0,0.4125409712477497
,,,,,,b,9592.0,0.3705818350433336
,,,,,,b,9593.0,0.3905317270698591
,,,,,,b,9594.0,0.3315320597510367
,,,,,,b,9595.0,0.335916123497376
,,,,,,b,9596.0,0.3448146769098699
,,,,,,b,9597.0,0.3871100993162915
,,,,,,b,9598.0,0.3380053942744703
,,,,,,b,9599.0,0.3218937439979878
,,,,,,b,9600.0,0.3674875244970739
,,,,,,b,9601.0,0.4265190163802144
,,,,,,b,9602.0,0.3274843414316879
,,,,,,b,9603.0,0.3226586871753754
,,,,,,b,9604.0,0.3672619336995182
,,,,,,b,9605.0,0.3777185501495603
,,,,,,b,9606.0,0.3551339256759167
,,,,,,b,9607.0,0.4530191402272709
,,,,,,b,9608.0,0.3298740418383681
,,,,,,b,9609.0,0.3350902955708674
,,,,,,b,9610.0,0.3675398029206311
,,,,,,b,9611.0,0.2941810668523099
,,,,,,b,9612.0,0.3508867097820967
,,,,,,b,9613.0,0.3136089597740135
,,,,,,b,9614.0,0.3046605034010841
,,,,,,b,9615.0,0.3113760974195538
,,,,,,b,9616.0,0.3242495324101382
,,,,,,b,9617.0,0.3086499644453488
,,,,,,b,9618.0,0.3235499057326088
,,,,,,b,9619.0,0.3678089286302253
,,,,,,b,9620.0,0.3322603139888391
,,,,,,b,9621.0,0.3882059833673374
,,,,,,b,9622.0,0.3537862105470459
,,,,,,b,9623.0,0.4033540589979099
,,,,,,b,9624.0,0.3717414806274806
,,,,,,b,9625.0,0.336829582933221
,,,,,,b,9626.0,0.3588768181434663
,,,,,,b,9627.0,0.3253802528428471
,,,,,,b,9628.0,0.2980635531597491
,,,,,,b,9629.0,0.316223615992623
,,,,,,b,9630.0,0.3352013589860334
,,,,,,b,9631.0,0.3215156529226779
,,,,,,b,9632.0,0.3622680829613678
,,,,,,b,9633.0,0.3537810682667279
,,,,,,b,9634.0,0.4326384073012046
,,,,,,b,9635.0,0.3441693848034832
,,,,,,b,9636.0,0.4009573890359705
,,,,,,b,9637.0,0.3382246425079853
,,,,,,b,9638.0,0.3691939457586635
,,,,,,b,9639.0,0.4364378325603826
,,,,,,b,9640.0,0.3919236266495938
,,,,,,b,9641.0,0.3579361804448218
,,,,,,b,9642.0,0.305149183670887
,,,,,,b,9643.0,0.2960211581023912
,,,,,,b,9644.0,0.348869998758341
,,,,,,b,9645.0,0.3693059044524136
,,,,,,b,9646.0,0.3313731278888454
,,,,,,b,9647.0,0.3459930843357695
,,,,,,b,9648.0,0.3743427779949759
,,,,,,b,9649.0,0.3436648838045495
,,,,,,b,9650.0,0.3679501061592254
,,,,,,b,9651.0,0.3888439458341439
,,,,,,b,9652.0,0.3119229472628237
,,,,,,b,9653.0,0.3810596339879581
,,,,,,b,9654.0,0.3592048703584258
,,,,,,b,9655.0,0.3723165514237876
,,,,,,b,9656.0,0.3277200451349107
,,,,,,b,9657.0,0.3507629986456311
,,,,,,b,9658.0,0.3693298818017152
,,,,,,b,9659.0,0.3649825052317377
,,,,,,b,9660.0,0.3676623531327712
,,,,,,b,9661.0,0.368836727550621
,,,,,,b,9662.0,0.3104598579971016
,,,,,,b,9663.0,0.359697866398462
,,,,,,b,9664.0,0.3004687843068692
,,,,,,b,9665.0,0.3322333133079702
,,,,,,b,9666.0,0.3244841493089052
,,,,,,b,9667.0,0.3288331832540847
,,,,,,b,9668.0,0.3673107201293684
,,,,,,b,9669.0,0.3460681739749942
,,,,,,b,9670.0,0.3393380860589352
,,,,,,b,9671.0,0.3292366563227995
,,,,,,b,9672.0,0.3408880841049084
,,,,,,b,9673.0,0.3351032602965276
,,,,,,b,9674.0,0.4285584634157038
,,,,,,b,9675.0,0.3404828983636263
,,,,,,b,9676.0,0.3707424010874645
,,,,,,b,9677.0,0.3734098222086608
,,,,,,b,9678.0,0.3522742010335471
,,,,,,b,9679.0,0.2973678822094912
,,,,,,b,9680.0,0.3566773865649657
,,,,,,b,9681.0,0.3183162385941678
,,,,,,b,9682.0,0.3974388544858538
,,,,,,b,9683.0,0.3576255620471502
,,,,,,b,9684.0,0.4342123403985582
,,,,,,b,9685.0,0.38451383597436
,,,,,,b,9686.0,0.3932761059330469
,,,,,,b,9687.0,0.3657004310026215
,,,,,,b,9688.0,0.3333395758594872
,,,,,,b,9689.0,0.4331847600041301
,,,,,,b,9690.0,0.3222736276444231
,,,,,,b,9691.0,0.3214530850338986
,,,,,,b,9692.0,0.3923101028002369
,,,,,,b,9693.0,0.3679498594848605
,,,,,,b,9694.0,0.3963592171571415
,,,,,,b,9695.0,0.2644658556353794
,,,,,,b,9696.0,0.4078620201700516
,,,,,,b,9697.0,0.3281704208995655
,,,,,,b,9698.0,0.4018903591176954
,,,,,,b,9699.0,0.3554957525402868
,,,,,,b,9700.0,0.3088852428253021
,,,,,,b,9701.0,0.3384934210177186
,,,,,,b,9702.0,0.3457930574091152
,,,,,,b,9703.0,0.3096870802378104
,,,,,,b,9704.0,0.3058762469415494
,,,,,,b,9705.0,0.3380655869366746
,,,,,,b,9706.0,0.3552556342595454
,,,,,,b,9707.0,0.3314386151508111
,,,,,,b,9708.0,0.3408146499152056
,,,,,,b,9709.0,0.2890726527344531
,,,,,,b,9710.0,0.2900815071344511
,,,,,,b,9711.0,0.2662338195384306
,,,,,,b,9712.0,0.4406091343778335
,,,,,,b,9713.0,0.3627084391937507
,,,,,,b,9714.0,0.3227634037497662
,,,,,,b,9715.0,0.3764436915452491
,,,,,,b,9716.0,0.3548561566408521
,,,,,,b,9717.0,0.4390105884623514
,,,,,,b,9718.0,0.3423593582139554
,,,,,,b,9719.0,0.3713909333840601
,,,,,,b,9720.0,0.4010718341372103
,,,,,,b,9721.0,0.399816512179977
,,,,,,b,9722.0,0.345093656296187
,,,,,,b,9723.0,0.3771050862188136
,,,,,,b,9724.0,0.4018082329313723
,,,,,,b,9725.0,0.361930782493661
,,,,,,b,9726.0,0.3284596282838143
,,,,,,b,9727.0,0.3100728933759233
,,,,,,b,9728.0,0.335210097577105
,,,,,,b,9729.0,0.304725836661349
,,,,,,b,9730.0,0.3942382208450703
,,,,,,b,9731.0,0.3241514266824299
,,,,,,b,9732.0,0.3878362190141633
,,,,,,b,9733.0,0.2929022170041468
,,,,,,b,9734.0,0.3737121691439076
,,,,,,b,9735.0,0.3655480895221945
,,,,,,b,9736.0,0.3480882610480558
,,,,,,b,9737.0,0.3549605031098313
,,,,,,b,9738.0,0.398413901912086
,,,,,,b,9739.0,0.3920988957715439
,,,,,,b,9740.0,0.3243137955400659
,,,,,,b,9741.0,0.3384569144071956
,,,,,,b,9742.0,0.3772311217799555
,,,,,,b,9743.0,0.3907561578421998
,,,,,,b,9744.0,0.3160936924875202
,,,,,,b,9745.0,0.3607760324501683
,,,,,,b,9746.0,0.3350910613425135
,,,,,,b,9747.0,0.3734274806028752
,,,,,,b,9748.0,0.3479886741291689
,,,,,,b,9749.0,0.4183642449956735
,,,,,,b,9750.0,0.2561286955336328
,,,,,,b,9751.0,0.297905686459702
,,,,,,b,9752.0,0.3579665041137465
,,,,,,b,9753.0,0.347029854202209
,,,,,,b,9754.0,0.2991169536811555
,,,,,,b,9755.0,0.3422578424499702
,,,,,,b,9756.0,0.3541008930229115
,,,,,,b,9757.0,0.330003332309599
,,,,,,b,9758.0,0.4029853660565274
,,,,,,b,9759.0,0.3485008878860691
,,,,,,b,9760.0,0.3740190082342818
,,,,,,b,9761.0,0.3997583691155393
,,,,,,b,9762.0,0.2744619222557238
,,,,,,b,9763.0,0.3245964041296321
,,,,,,b,9764.0,0.400252941758429
,,,,,,b,9765.0,0.3643069383836375
,,,,,,b,9766.0,0.3556868719057462
,,,,,,b,9767.0,0.3540095591667995
,,,,,,b,9768.0,0.354416245562096
,,,,,,b,9769.0,0.4021662913583497
,,,,,,b,9770.0,0.2957878302922601
,,,,,,b,9771.0,0.3520462967701485
,,,,,,b,9772.0,0.3579710147479509
,,,,,,b,9773.0,0.3414158591404113
,,,,,,b,9774.0,0.3356656844297196
,,,,,,b,9775.0,0.3772683201694149
,,,,,,b,9776.0,0.3493784435290714
,,,,,,b,9777.0,0.3581244363718103
,,,,,,b,9778.0,0.3753326987283243
,,,,,,b,9779.0,0.3704232660028226
,,,,,,b,9780.0,0.3851139926772724
,,,,,,b,9781.0,0.3990259173120534
,,,,,,b,9782.0,0.3186329043372806
,,,,,,b,9783.0,0.3594112319173588
,,,,,,b,9784.0,0.3581576987049493
,,,,,,b,9785.0,0.3301603924508551
,,,,,,b,9786.0,0.301589102785472
,,,,,,b,9787.0,0.3071705422630373
,,,,,,b,9788.0,0.3413300082388542
,,,,,,b,9789.0,0.315254434869936
,,,,,,b,9790.0,0.3395616677495945
,,,,,,b,9791.0,0.3185128353080895
,,,,,,b,9792.0,0.2776915368941175
,,,,,,b,9793.0,0.3369982114932979
,,,,,,b,9794.0,0.3683873614476414
,,,,,,b,9795.0,0.3681024612819277
,,,,,,b,9796.0,0.3893532751229016
,,,,,,b,9797.0,0.292327725268295
,,,,,,b,9798.0,0.3712748411665054
,,,,,,b,9799.0,0.3677530412397938
,,,,,,b,9800.0,0.4117064241897568
,,,,,,b,9801.0,0.3597563878068257
,,,,,,b,9802.0,0.3881570897590931
,,,,,,b,9803.0,0.4084945963909643
,,,,,,b,9804.0,0.2903956643397372
,,,,,,b,9805.0,0.2850598737653169
,,,,,,b,9806.0,0.3696235623702839
,,,,,,b,9807.0,0.4453460089627392
,,,,,,b,9808.0,0.3505711688562494
,,,,,,b,9809.0,0.4122883749040142
,,,,,,b,9810.0,0.3633755723264746
,,,,,,b,9811.0,0.3324558308174037
,,,,,,b,9812.0,0.3533898825113519
,,,,,,b,9813.0,0.4094599878456804
,,,,,,b,9814.0,0.3938183352602675
,,,,,,b,9815.0,0.3221801885317461
,,,,,,b,9816.0,0.3607553563335797
,,,,,,b,9817.0,0.3223994543071486
,,,,,,b,9818.0,0.3265723384535879
,,,,,,b,9819.0,0.3164084668986513
,,,,,,b,9820.0,0.3823051997890743
,,,,,,b,9821.0,0.3790565133151435
,,,,,,b,9822.0,0.2913231431499685
,,,,,,b,9823.0,0.3037697447782443
,,,,,,b,9824.0,0.4500560433472116
,,,,,,b,9825.0,0.3944161556473338
,,,,,,b,9826.0,0.3333798474708622
,,,,,,b,9827.0,0.3330405780350167
,,,,,,b,9828.0,0.3932858129932715
,,,,,,b,9829.0,0.3379096393974734
,,,,,,b,9830.0,0.321751731043514
,,,,,,b,9831.0,0.3396922461654013
,,,,,,b,9832.0,0.3096326592794329
,,,,,,b,9833.0,0.4102161070139889
,,,,,,b,9834.0,0.314435398451331
,,,,,,b,9835.0,0.3168716349053975
,,,,,,b,9836.0,0.39224666167582
,,,,,,b,9837.0,0.2510405401611142
,,,,,,b,9838.0,0.3680346500856721
,,,,,,b,9839.0,0.3294361879098542
,,,,,,b,9840.0,0.3265445827174225
,,,,,,b,9841.0,0.3372093970986514
,,,,,,b,9842.0,0.3735905773033514
,,,,,,b,9843.0,0.4624745084773201
,,,,,,b,9844.0,0.349835491838419
,,,,,,b,9845.0,0.3784469926620275
,,,,,,b,9846.0,0.3690426130912785
,,,,,,b,9847.0,0.3449318791291844
,,,,,,b,9848.0,0.3091112264135853
,,,,,,b,9849.0,0.3784732764342866
,,,,,,b,9850.0,0.3273041001056533
,,,,,,b,9851.0,0.3308492406765633
,,,,,,b,9852.0,0.3765484176927787
,,,,,,b,9853.0,0.3349302186464
,,,,,,b,9854.0,0.3308267267270239
,,,,,,b,9855.0,0.3546899350192265
,,,,,,b,9856.0,0.3654155620744292
,,,,,,b,9857.0,0.3550760610831731
,,,,,,b,9858.0,0.3554351896293353
,,,,,,b,9859.0,0.3826054792005484
,,,,,,b,9860.0,0.3471365495680345
,,,,,,b,9861.0,0.3379872394545322
,,,,,,b,9862.0,0.2971175971506512
,,,,,,b,9863.0,0.3697343339218597
,,,,,,b,9864.0,0.4398053495309115
,,,,,,b,9865.0,0.3770834173864203
,,,,,,b,9866.0,0.3444396382454275
,,,,,,b,9867.0,0.3552373638467077
,,,,,,b,9868.0,0.3546505977190288
,,,,,,b,9869.0,0.3487637657111149
,,,,,,b,9870.0,0.347971017666806
,,,,,,b,9871.0,0.2790704385892635
,,,,,,b,9872.0,0.3415816137490894
,,,,,,b,9873.0,0.3723189232768247
,,,,,,b,9874.0,0.373376152603428
,,,,,,b,9875.0,0.3722396149350917
,,,,,,b,9876.0,0.3029006396134828
,,,,,,b,9877.0,0.3640399480567047
,,,,,,b,9878.0,0.308262147680455
,,,,,,b,9879.0,0.3675521738769367
,,,,,,b,9880.0,0.3088913237673036
,,,,,,b,9881.0,0.3834629179809998
,,,,,,b,9882.0,0.338136352760169
,,,,,,b,9883.0,0.3269052339570772
,,,,,,b,9884.0,0.3399916225446828
,,,,,,b,9885.0,0.374425051311301
,,,,,,b,9886.0,0.4287390955031434
,,,,,,b,9887.0,0.3782506134867165
,,,,,,b,9888.0,0.4020217790089613
,,,,,,b,9889.0,0.3242206367313094
,,,,,,b,9890.0,0.3452604180588476
,,,,,,b,9891.0,0.3644875082855567
,,,,,,b,9892.0,0.3818289699359773
,,,,,,b,9893.0,0.335391611319551
,,,,,,b,9894.0,0.4017274317617332
,,,,,,b,9895.0,0.3553203680269279
,,,,,,b,9896.0,0.3414572923894647
,,,,,,b,9897.0,0.3388870761656246
,,,,,,b,9898.0,0.3367520595232616
,,,,,,b,9899.0,0.3233407951238982
,,,,,,b,9900.0,0.3505876525479747
,,,,,,b,9901.0,0.3446865472912415
,,,,,,b,9902.0,0.2649215278977181
,,,,,,b,9903.0,0.3811728685610971
,,,,,,b,9904.0,0.369901857670369
,,,,,,b,9905.0,0.377005991448561
,,,,,,b,9906.0,0.3220633518819102
,,,,,,b,9907.0,0.3062978738714395
,,,,,,b,9908.0,0.3645708894574349
,,,,,,b,9909.0,0.3738617791998777
,,,,,,b,9910.0,0.3666620402811178
,,,,,,b,9911.0,0.3675012307400882
,,,,,,b,9912.0,0.333582596874856
,,,,,,b,9913.0,0.3353033025946197
,,,,,,b,9914.0,0.3664435168419029
,,,,,,b,9915.0,0.2531002723674427
,,,,,,b,9916.0,0.3662935311411344
,,,,,,b,9917.0,0.350302518322128
,,,,,,b,9918.0,0.3759527509225333
,,,,,,b,9919.0,0.3326988785869957
,,,,,,b,9920.0,0.2972936522312333
,,,,,,b,9921.0,0.3619398453101223
,,,,,,b,9922.0,0.3462317258532015
,,,,,,b,9923.0,0.3413436266994565
,,,,,,b,9924.0,0.4149198567759073
,,,,,,b,9925.0,0.3452529129093471
,,,,,,b,9926.0,0.3131242087866899
,,,,,,b,9927.0,0.3907901010393022
,,,,,,b,9928.0,0.3542909187874885
,,,,,,b,9929.0,0.3891412771006175
,,,,,,b,9930.0,0.3462299840126719
,,,,,,b,9931.0,0.3598300023042746
,,,,,,b,9932.0,0.3233592334199429
,,,,,,b,9933.0,0.3697989581009588
,,,,,,b,9934.0,0.3186014211515782
,,,,,,b,9935.0,0.3598895998711269
,,,,,,b,9936.0,0.3213596098543272
,,,,,,b,9937.0,0.4217296541811235
,,,,,,b,9938.0,0.3814940364452481
,,,,,,b,9939.0,0.3499322937148772
,,,,,,b,9940.0,0.4430950922286154
,,,,,,b,9941.0,0.4115075946541839
,,,,,,b,9942.0,0.3579663457619153
,,,,,,b,9943.0,0.3397265401662417
,,,,,,b,9944.0,0.3779272481114377
,,,,,,b,9945.0,0.2844881150135969
,,,,,,b,9946.0,0.3303409777645409
,,,,,,b,9947.0,0.3594697388218364
,,,,,,b,9948.0,0.3797808102979214
,,,,,,b,9949.0,0.3478394956046191
,,,,,,b,9950.0,0.3128401813737169
,,,,,,b,9951.0,0.335925746501716
,,,,,,b,9952.0,0.3451171903223944
,,,,,,b,9953.0,0.3610330995955331
,,,,,,b,9954.0,0.3554404510056841
,,,,,,b,9955.0,0.3114602402167961
,,,,,,b,9956.0,0.3227338007496092
,,,,,,b,9957.0,0.4599622922970212
,,,,,,b,9958.0,0.3239014385537055
,,,,,,b,9959.0,0.3076813919279622
,,,,,,b,9960.0,0.4395102868546017
,,,,,,b,9961.0,0.3599467386780777
,,,,,,b,9962.0,0.3920835099574251
,,,,,,b,9963.0,0.3901177427782163
,,,,,,b,9964.0,0.2956735560072179
,,,,,,b,9965.0,0.3020078101617751
,,,,,,b,9966.0,0.3827675418145033
,,,,,,b,9967.0,0.3358555498238629
,,,,,,b,9968.0,0.3760179428392227
,,,,,,b,9969.0,0.3135173163442135
,,,,,,b,9970.0,0.286134927580846
,,,,,,b,9971.0,0.385005408973829
,,,,,,b,9972.0,0.3660506178589275
,,,,,,b,9973.0,0.3170744742856177
,,,,,,b,9974.0,0.3239285348977025
,,,,,,b,9975.0,0.400979209064713
,,,,,,b,9976.0,0.3749679344516403
,,,,,,b,9977.0,0.3641295735365459
,,,,,,b,9978.0,0.3876451212671248
,,,,,,b,9979.0,0.3683802907679694
,,,,,,b,9980.0,0.3252614424715996
,,,,,,b,9981.0,0.3399881970972451
,,,,,,b,9982.0,0.3437672473450885
,,,,,,b,9983.0,0.3181402756496574
,,,,,,b,9984.0,0.3783361343328617
,,,,,,b,9985.0,0.3938025993915617
,,,,,,b,9986.0,0.4189857130185155
,,,,,,b,9987.0,0.313179781441534
,,,,,,b,9988.0,0.2973951592430746
,,,,,,b,9989.0,0.4018109013795623
,,,,,,b,9990.0,0.3197601773819443
,,,,,,b,9991.0,0.3601220227109483
,,,,,,b,9992.0,0.3358632874910059
,,,,,,b,9993.0,0.3449361037288314
,,,,,,b,9994.0,0.3309418635821619
,,,,,,b,9995.0,0.389328085530769
,,,,,,b,9996.0,0.3453526749402247
,,,,,,b,9997.0,0.5105900870091524
,,,,,,b,9998.0,0.3082897952699466
,,,,,,b,9999.0,0.340276369666042
,,,,,,b,10000.0,0.3269611891625894
